CASE_ID,ACCIDENT_YEAR,PROC_DATE,JURIS,COLLISION_DATE,COLLISION_TIME,OFFICER_ID,REPORTING_DISTRICT,DAY_OF_WEEK,CHP_SHIFT,POPULATION,CNTY_CITY_LOC,SPECIAL_COND,BEAT_TYPE,CHP_BEAT_TYPE,CITY_DIVISION_LAPD,CHP_BEAT_CLASS,BEAT_NUMBER,PRIMARY_RD,SECONDARY_RD,DISTANCE,DIRECTION,INTERSECTION,WEATHER_1,WEATHER_2,STATE_HWY_IND,CALTRANS_COUNTY,CALTRANS_DISTRICT,STATE_ROUTE,ROUTE_SUFFIX,POSTMILE_PREFIX,POSTMILE,LOCATION_TYPE,RAMP_INTERSECTION,SIDE_OF_HWY,TOW_AWAY,COLLISION_SEVERITY,NUMBER_KILLED,NUMBER_INJURED,PARTY_COUNT,PRIMARY_COLL_FACTOR,PCF_CODE_OF_VIOL,PCF_VIOL_CATEGORY,PCF_VIOLATION,PCF_VIOL_SUBSECTION,HIT_AND_RUN,TYPE_OF_COLLISION,MVIW,PED_ACTION,ROAD_SURFACE,ROAD_COND_1,ROAD_COND_2,LIGHTING,CONTROL_DEVICE,CHP_ROAD_TYPE,PEDESTRIAN_ACCIDENT,BICYCLE_ACCIDENT,MOTORCYCLE_ACCIDENT,TRUCK_ACCIDENT,NOT_PRIVATE_PROPERTY,ALCOHOL_INVOLVED,STWD_VEHTYPE_AT_FAULT,CHP_VEHTYPE_AT_FAULT,COUNT_SEVERE_INJ,COUNT_VISIBLE_INJ,COUNT_COMPLAINT_PAIN,COUNT_PED_KILLED,COUNT_PED_INJURED,COUNT_BICYCLIST_KILLED,COUNT_BICYCLIST_INJURED,COUNT_MC_KILLED,COUNT_MC_INJURED,PRIMARY_RAMP,SECONDARY_RAMP,LATITUDE,LONGITUDE,COUNTY,CITY,POINT_X,POINT_Y
6292505,2015,2015-08-19,3004,2015-05-02,2200,P608,02,6,5,6,3004,0,0,0,NA,0,001,NEWPORT BL,E 16TH ST,0,NA,Y,A,-,N,NA,NA,55,NA,NA,NA,NA,NA,NA,Y,1,1,2,2,A,-,01,23152,A,N,D,C,A,A,H,-,C,A,0,NA,NA,NA,NA,Y,Y,A,01,0,0,2,0,0,0,0,0,0,-,-,33.63338,-117.92266,ORANGE,COSTA MESA,-117.92271059,33.6334013
6292539,2015,2015-09-02,9690,2015-05-10,1857,19279,NA,7,2,5,3017,0,2,S,NA,2,901,AVENIDA VAQUERO,CAMINO DE LAS MARES,255,W,N,A,-,N,NA,NA,NA,NA,NA,NA,NA,NA,NA,Y,1,1,0,1,A,-,08,22107,NA,N,F,A,A,A,H,-,C,D,0,NA,NA,Y,NA,Y,Y,C,02,0,0,0,0,0,0,0,1,0,-,-,33.45759,-117.6435,ORANGE,SAN CLEMENTE,-117.64384,33.45764
6292541,2015,2015-08-28,3024,2015-05-23,1129,342,P22,6,5,5,3024,0,0,0,NA,0,WEST,EAST DR,BOLSA AV,18,N,N,A,B,N,NA,NA,NA,NA,NA,NA,NA,NA,NA,Y,1,1,2,1,A,-,08,22101,D,N,E,I,A,A,H,-,A,A,0,NA,NA,NA,NA,Y,NA,A,01,2,0,0,0,0,0,0,0,0,-,-,NA,NA,ORANGE,WESTMINSTER,-118.00979,33.74454935
6292581,2015,2017-04-06,9690,2015-06-19,0335,15713,NA,5,3,9,3000,0,1,3,NA,1,074,RT 74,GATEWAY PL,3168,E,N,E,-,Y,ORA,12,74,-,-,3.26,H,-,W,N,1,1,0,2,A,-,11,21956,NA,N,G,B,E,A,H,-,D,D,0,Y,NA,NA,NA,Y,Y,N,60,0,0,0,1,0,0,0,0,0,-,-,33.52227,-117.60852,ORANGE,UNINCORPORATED,-117.60897318,33.52205225
6292906,2017,2017-09-28,3024,2017-02-20,0709,168,P40,1,5,5,3024,0,0,0,NA,0,EAST,BUSHARD ST,MCFADDEN AV,0,NA,Y,B,-,N,NA,NA,NA,NA,NA,NA,NA,NA,NA,Y,1,1,0,3,A,-,12,21453,A,N,B,C,A,B,H,-,A,A,0,NA,NA,NA,NA,Y,NA,A,01,0,0,0,0,0,0,0,0,0,-,-,NA,NA,ORANGE,WESTMINSTER,-117.96343006,33.73763002
6293016,2016,2017-12-11,3015,2016-08-14,1627,1017,28,7,5,6,3015,0,0,0,NA,0,751,SANTIAGO CANYON RD,RT 241,820,E,N,A,-,Y,NA,NA,NA,NA,NA,NA,NA,NA,NA,Y,1,1,1,3,A,-,05,21651,A,N,A,C,A,A,H,-,A,D,0,NA,NA,Y,NA,Y,Y,D,22,1,0,0,0,0,0,0,1,1,-,NO,33.46463,-117.44503,ORANGE,ORANGE,-117.746976,33.77889765
6293039,2017,2018-10-02,3019,2017-07-21,0733,2647,NA,5,5,7,3019,0,0,0,NA,0,NA,DYER RD,ORANGE AV,71,E,N,A,-,N,NA,NA,NA,NA,NA,NA,NA,NA,NA,Y,1,1,0,2,A,-,07,21658,A,N,D,C,A,A,H,-,A,D,0,NA,NA,Y,NA,Y,NA,D,22,0,0,0,0,0,0,0,1,0,-,-,33.70888,-117.866,ORANGE,SANTA ANA,-117.86562728,33.708707509999996
6316182,2014,2014-06-03,3014,2014-01-07,1735,1244,39,2,5,5,3014,0,0,0,NA,0,NA,JAMBOREE RD,FAIRCHILD,535,N,N,A,-,N,NA,NA,NA,NA,NA,NA,NA,NA,NA,Y,4,0,1,2,A,-,03,22350,NA,N,C,C,A,A,H,-,C,D,0,NA,NA,NA,NA,Y,NA,A,01,0,0,1,0,0,0,0,0,0,-,-,NA,NA,ORANGE,NEWPORT BEACH,-117.85881078,33.66160923
6316218,2014,2014-06-03,3004,2014-01-04,2111,549,09,6,5,6,3004,0,0,0,NA,0,012,VICTORIA ST,MAPLE ST,69,W,N,A,-,N,NA,NA,NA,NA,NA,NA,NA,NA,NA,Y,4,0,2,2,A,-,01,23152,A,N,C,C,A,A,H,-,C,A,0,NA,NA,NA,NA,Y,Y,A,01,0,0,2,0,0,0,0,0,0,-,-,33.65246,-117.92301,ORANGE,COSTA MESA,-117.9230262,33.65253
6328147,2014,2015-10-06,3014,2014-01-06,1328,1244,44,1,5,5,3014,0,0,0,NA,0,NA,RT 1,JASMINE AV,3,E,N,A,-,N,NA,NA,NA,NA,NA,NA,NA,NA,NA,N,3,0,1,1,A,-,08,22107,NA,N,E,I,A,A,H,-,A,D,0,NA,Y,NA,NA,Y,NA,L,04,0,1,0,0,0,0,1,0,0,-,-,NA,NA,ORANGE,NEWPORT BEACH,-117.87224,33.59759
6328343,2014,2014-06-02,3010,2014-01-02,1400,2061,318,4,5,6,3010,0,0,0,NA,0,005,EDWARDS,GARFIELD,57,W,N,A,-,N,NA,NA,NA,NA,NA,NA,NA,NA,NA,Y,3,0,3,3,C,-,18,NA,NA,N,C,C,A,A,H,-,A,D,0,NA,NA,NA,NA,Y,NA,-,-,0,1,2,0,0,0,0,0,0,-,-,NA,NA,ORANGE,HUNTINGTON BEACH,-118.01487,33.68652
6330679,2014,2014-06-17,3004,2014-01-14,1720,527,17,2,5,6,3004,0,0,0,NA,0,010,BAKER ST,MILBRO ST,210,E,N,A,-,N,NA,NA,NA,NA,NA,NA,NA,NA,NA,Y,4,0,2,3,A,-,03,22350,NA,N,C,C,A,A,H,-,A,D,0,NA,NA,NA,NA,Y,NA,D,22,0,0,2,0,0,0,0,0,0,-,-,33.68009,-117.89664,ORANGE,COSTA MESA,-117.89619203,33.68008467
6336850,2014,2016-06-07,3015,2014-01-03,1741,919,41E,5,5,6,3015,0,0,0,NA,0,712,W CHAPMAN,N RAMPART ST,18,E,N,A,-,Y,ORA,12,5,-,-,35.173,R,4,N,N,3,0,1,2,A,-,11,21950,B,N,G,B,B,A,H,-,C,A,0,Y,NA,NA,NA,Y,NA,N,60,0,1,0,0,1,0,0,0,0,-,-,NA,NA,ORANGE,ORANGE,-117.88950692,33.7915007
6337558,2014,2014-06-04,3001,2014-01-13,1503,1373,NA,1,5,7,3001,0,0,0,NA,0,0D2,WEST SANTA ANA BL,SOUTH MANCHESTER AV,0,NA,Y,A,-,N,NA,NA,NA,NA,NA,NA,NA,NA,NA,N,3,0,2,2,A,-,09,21801,A,N,D,C,A,A,H,-,A,A,0,NA,NA,NA,NA,Y,NA,A,08,0,1,1,0,0,0,0,0,0,-,-,NA,NA,ORANGE,ANAHEIM,-117.92803,33.82751011
6337578,2014,2014-06-04,3001,2014-01-08,0956,0368,NA,3,5,7,3001,0,0,0,NA,0,0D4,EAST SANTA ANA CANYON RD,FESTIVAL DR,384,W,N,A,-,N,NA,NA,NA,NA,NA,NA,NA,NA,NA,N,3,0,1,2,A,-,07,21658,A,M,B,G,A,A,H,-,A,D,0,NA,Y,NA,NA,Y,NA,A,08,0,1,0,0,0,0,1,0,0,-,-,NA,NA,ORANGE,ANAHEIM,-117.75372314,33.86828696
6340957,2014,2014-06-02,3009,2014-01-14,0847,3713,023,2,5,6,3009,0,0,0,NA,0,011,VALLEY VIEW ST,CHAPMAN AV,65,N,N,A,-,N,NA,NA,NA,NA,NA,NA,NA,NA,NA,Y,4,0,2,5,A,-,03,22350,NA,N,C,C,A,A,D,-,A,A,0,NA,NA,NA,NA,Y,NA,A,08,0,0,2,0,0,0,0,0,0,-,-,NA,NA,ORANGE,GARDEN GROVE,-118.02857,33.78856791
6341149,2014,2014-06-23,3004,2014-01-09,0801,1146,NA,4,5,6,3004,0,0,0,NA,0,NA,15TH ST,REDLANDS AV,60,E,N,A,-,N,NA,NA,NA,NA,NA,NA,NA,NA,NA,N,3,0,1,2,A,-,17,22517,NA,N,D,G,A,A,H,-,A,A,0,NA,Y,NA,NA,Y,NA,A,07,0,1,0,0,0,0,1,0,0,-,-,NA,NA,ORANGE,COSTA MESA,-117.91912984,33.62623379
6342448,2014,2016-02-25,9675,2014-01-16,0926,16748,NA,4,1,4,3002,0,1,3,NA,2,570,RT 57,BIRCH ST,100,S,N,A,-,Y,ORA,12,57,-,-,20.36,H,-,S,N,4,0,1,4,A,-,03,22350,NA,N,C,C,A,A,H,-,A,D,6,NA,NA,NA,NA,Y,NA,A,01,0,0,1,0,0,0,0,0,0,-,-,33.91757,-117.88104,ORANGE,BREA,-117.88127498,33.91753614
6344248,2014,2016-04-04,9670,2014-06-19,1439,17022,NA,4,2,4,3020,0,1,1,NA,2,045,RT 405,RT 22,870,N,N,A,-,Y,ORA,12,405,-,-,20.91,H,-,S,Y,4,0,1,2,A,-,03,22350,NA,N,C,C,A,A,H,-,A,D,1,NA,NA,NA,NA,Y,NA,A,01,0,0,1,0,0,0,0,0,0,-,-,33.77397,-118.04554,ORANGE,SEAL BEACH,-118.04519601,33.77465774
6345015,2014,2014-06-04,3019,2014-01-10,1753,2776,WE,5,5,7,3019,0,0,0,NA,0,001,HARBOR BL,1ST ST,361,N,N,B,-,N,NA,NA,NA,NA,NA,NA,NA,NA,NA,Y,4,0,1,2,A,-,07,21658,A,N,B,C,A,A,H,-,C,D,0,NA,NA,Y,NA,Y,NA,A,08,0,0,1,0,0,0,0,0,1,-,-,NA,NA,ORANGE,SANTA ANA,-117.92019,33.74613966
6345032,2014,2014-06-04,3019,2014-01-06,1920,2958,NE,1,5,7,3019,0,0,0,NA,0,002,TUSTIN AV,SANTA CLARA,0,NA,Y,A,-,N,NA,NA,NA,NA,NA,NA,NA,NA,NA,N,4,0,1,2,A,-,11,21456,B,N,G,B,B,A,H,-,C,A,0,Y,NA,NA,NA,Y,NA,N,60,0,0,1,0,1,0,0,0,0,-,-,NA,NA,ORANGE,SANTA ANA,-117.83576005,33.76715003
6345142,2014,2014-06-05,3004,2014-01-11,2002,549,33,6,5,6,3004,0,0,0,NA,0,005,BRISTOL ST,ANTON BL,0,NA,Y,A,-,N,NA,NA,NA,NA,NA,NA,NA,NA,NA,Y,4,0,1,2,A,-,12,21453,A,N,D,C,A,A,H,-,C,A,0,NA,NA,NA,NA,Y,NA,A,01,0,0,1,0,0,0,0,0,0,-,-,33.69012,-117.8854,ORANGE,COSTA MESA,-117.8856301,33.69022003
6346474,2014,2014-06-06,3016,2014-01-15,1945,12313154,18,3,5,5,3016,0,0,0,NA,0,002,CHAPMAN AV,PLACENTIA AV,32,E,N,A,-,N,NA,NA,NA,NA,NA,NA,NA,NA,NA,N,4,0,1,2,A,-,03,22350,NA,N,C,C,A,A,H,-,C,A,0,NA,NA,NA,NA,Y,NA,A,08,0,0,1,0,0,0,0,0,0,-,-,NA,NA,ORANGE,PLACENTIA,-117.87890759,33.87387002
6346476,2014,2014-06-04,3022,2014-01-24,2110,1077,NA,5,5,5,3022,0,0,0,NA,0,NA,TUSTIN RANCH RD,\WARNER AV,39,S,N,A,-,N,NA,NA,NA,NA,NA,NA,NA,NA,NA,Y,4,0,2,2,A,-,01,23152,A,N,C,C,A,A,H,-,C,A,0,NA,NA,NA,NA,Y,Y,A,01,0,0,2,0,0,0,0,0,0,-,-,33.70146,-117.82206,ORANGE,TUSTIN,-117.825591,33.700759
6352151,2014,2014-06-11,3001,2014-01-20,1439,1508,NA,1,5,7,3001,0,0,0,NA,0,0D1,W LINCOLN AV,S EMPIRE ST,0,NA,Y,A,-,N,NA,NA,NA,NA,NA,NA,NA,NA,NA,Y,3,0,2,2,A,-,09,21801,A,N,D,C,A,A,H,-,A,A,0,NA,NA,NA,NA,Y,NA,A,07,0,1,1,0,0,0,0,0,0,-,-,NA,NA,ORANGE,ANAHEIM,-117.95454001,33.83246008
6352163,2014,2014-06-05,3010,2014-01-10,2239,2061,264,5,5,6,3010,0,0,0,NA,0,006,WARNER AV,MAGNOLIA,559,W,N,A,-,N,NA,NA,NA,NA,NA,NA,NA,NA,NA,Y,4,0,1,1,A,-,08,22107,NA,N,A,I,A,A,H,-,C,D,0,NA,NA,NA,NA,Y,Y,A,01,0,0,1,0,0,0,0,0,0,-,-,NA,NA,ORANGE,HUNTINGTON BEACH,-117.97375365,33.71586381
6352176,2014,2014-06-05,3014,2014-01-06,1427,1374,39,1,5,5,3014,0,0,0,NA,0,NA,SAN JOAQUIN HILLS RD,SANTA ROSA DR,0,NA,Y,A,-,N,NA,NA,NA,NA,NA,NA,NA,NA,NA,Y,4,0,3,2,A,-,12,21453,A,N,D,C,A,A,H,-,A,A,0,NA,NA,NA,NA,Y,NA,A,01,0,0,3,0,0,0,0,0,0,-,-,NA,NA,ORANGE,NEWPORT BEACH,-117.87057012,33.61780011
6352280,2014,2016-03-07,9690,2014-01-10,1605,18432,NA,5,2,4,3018,0,1,1,NA,2,057,RT 5,JUNIPERO SERRA RD,2640,N,N,A,-,Y,ORA,12,5,-,-,11.43,H,-,S,N,4,0,1,2,A,-,03,22350,NA,F,C,C,A,A,H,-,A,D,1,NA,NA,NA,NA,Y,NA,A,01,0,0,1,0,0,0,0,0,0,-,-,33.54392,-117.67432,ORANGE,SAN JUAN CAPISTRANO,-117.6694516,33.52699512
6353536,2014,2014-06-16,3001,2014-01-03,1717,A2061,NA,5,5,7,3001,0,0,0,NA,0,D 1,MAGNOLIA AV,WOODLAND DR,170,S,N,A,-,N,NA,NA,NA,NA,NA,NA,NA,NA,NA,N,4,0,1,2,A,-,03,22350,NA,N,C,C,A,A,H,-,B,D,0,NA,NA,NA,NA,Y,NA,A,01,0,0,1,0,0,0,0,0,0,-,-,NA,NA,ORANGE,ANAHEIM,-117.97616068,33.84886397
6353590,2014,2014-06-05,3009,2014-01-02,0815,1940,52,4,5,6,3009,0,0,0,NA,0,011,ORANGEWOOD AV,WESTERN AV,0,NA,Y,A,-,N,NA,NA,NA,NA,NA,NA,NA,NA,NA,Y,4,0,1,2,A,-,09,21800,D,N,D,C,A,A,H,-,A,B,0,NA,NA,NA,NA,Y,NA,A,01,0,0,1,0,0,0,0,0,0,-,-,NA,NA,ORANGE,GARDEN GROVE,-118.00161009,33.79559006
6356474,2014,2014-06-06,3003,2014-01-02,1926,1134,40,4,5,5,3003,0,0,0,NA,0,NA,STANTON AV,WHITAKER ST,0,NA,Y,A,-,N,NA,NA,NA,NA,NA,NA,NA,NA,NA,N,2,0,1,2,A,-,12,21453,A,F,D,B,B,A,H,-,C,A,0,Y,NA,NA,NA,Y,NA,-,NA,1,0,0,0,1,0,0,0,0,-,-,NA,NA,ORANGE,BUENA PARK,-117.99382012,33.86627008
6356554,2014,2014-06-06,3024,2014-01-27,0746,153,P06,1,5,5,3024,0,0,0,NA,0,WEST,HOOVER ST,21ST ST,0,NA,Y,A,-,N,NA,NA,NA,NA,NA,NA,NA,NA,NA,N,4,0,1,2,A,-,08,22100,A,N,B,C,A,A,H,-,A,D,0,NA,NA,NA,NA,Y,NA,A,07,0,0,1,0,0,0,0,0,0,-,-,NA,NA,ORANGE,WESTMINSTER,-117.99846008,33.76282012
6356645,2014,2014-06-05,3007,2014-01-08,1053,272,45,3,5,5,3007,0,0,0,NA,0,54M,BROOKHURST ST,WARNER AV,0,NA,Y,A,-,N,NA,NA,NA,NA,NA,NA,NA,NA,NA,N,4,0,1,3,A,-,03,22350,NA,N,C,C,A,A,H,-,A,A,0,NA,NA,NA,NA,Y,NA,A,01,0,0,1,0,0,0,0,0,0,-,-,NA,NA,ORANGE,FOUNTAIN VALLEY,-117.95459008,33.71634004
6359214,2014,2014-06-20,3015,2014-02-03,1816,1326,47W,1,5,6,3015,0,0,0,NA,0,323,E LINCOLN AV,N GLASSELL ST,528,E,N,A,-,N,NA,NA,NA,NA,NA,NA,NA,NA,NA,Y,4,0,3,2,A,-,05,21460,C,N,D,C,A,A,H,-,C,D,0,NA,NA,NA,NA,Y,NA,D,22,0,0,3,0,0,0,0,0,0,-,-,NA,NA,ORANGE,ORANGE,-117.85072933,33.83584862
6359471,2014,2014-06-10,3008,2014-01-02,0651,1459,NA,4,5,6,3008,0,0,0,NA,0,001,COMMONWEALTH AV,ORCHARD AV,0,NA,Y,A,-,N,NA,NA,NA,NA,NA,NA,NA,NA,NA,N,4,0,1,2,A,-,10,21950,A,N,G,B,D,A,H,-,B,D,0,Y,NA,NA,Y,Y,NA,F,26,0,0,1,0,1,0,0,0,0,-,-,NA,NA,ORANGE,FULLERTON,-117.94739005,33.87018005
6369809,2014,2015-01-26,3010,2014-01-17,2117,1176,156,5,5,6,3010,0,0,0,NA,0,008,HEIL,BOLSA CHICA,25,E,N,A,-,N,NA,NA,NA,NA,NA,NA,NA,NA,NA,Y,4,0,2,2,A,-,01,23152,A,N,D,C,A,A,H,-,C,A,0,NA,NA,NA,NA,Y,Y,A,01,0,0,2,0,0,0,0,0,0,-,-,NA,NA,ORANGE,HUNTINGTON BEACH,-118.04149797,33.72258
6370026,2014,2014-06-13,3004,2014-02-01,1410,542,32,6,5,6,3004,0,0,0,NA,0,015,AVE OF THE ARTS,ANTON BL,0,NA,Y,A,-,N,NA,NA,NA,NA,NA,NA,NA,NA,NA,Y,4,0,1,2,A,-,09,21801,A,N,B,C,A,A,H,-,A,A,0,NA,NA,NA,NA,Y,NA,A,01,0,0,1,0,0,0,0,0,0,-,-,33.6902,-117.881,ORANGE,COSTA MESA,-117.88106,33.69021
6370127,2014,2016-02-25,3011,2014-01-23,0953,31241,73,4,5,4,3011,0,0,0,NA,0,001,RT 133,RT 73,0,NA,Y,A,-,Y,ORA,12,133,-,R,4.173,I,5,N,N,4,0,1,2,A,-,09,21453,B,N,D,C,A,A,H,-,A,A,0,NA,NA,NA,NA,Y,NA,A,01,0,0,1,0,0,0,0,0,0,-,-,NA,NA,ORANGE,LAGUNA BEACH,-117.75980227,33.59350297
6371532,2014,2014-06-04,3008,2014-01-15,2034,1265,NA,3,5,6,3008,0,0,0,NA,0,2-3,STATE COLLEGE BL,CHAPMAN AV,5,N,N,A,-,N,NA,NA,NA,NA,NA,NA,NA,NA,NA,N,4,0,1,2,A,-,10,21950,A,N,G,B,B,A,H,-,C,A,0,Y,NA,NA,NA,Y,NA,A,01,0,0,1,0,1,0,0,0,0,-,-,33.52272,-117.53227,ORANGE,FULLERTON,-117.88962,33.87422371
6372305,2014,2015-11-17,3004,2014-01-30,1517,462,21,4,5,6,3004,0,0,0,NA,0,008,FAIRVIEW RD,RT 405,20,N,N,B,-,Y,ORA,12,405,-,-,10.933,R,4,N,N,4,0,1,2,A,-,03,22350,NA,N,C,C,A,A,H,-,A,A,0,NA,NA,NA,NA,Y,NA,A,01,0,0,1,0,0,0,0,0,0,-,SF,33.68769,-117.90761,ORANGE,COSTA MESA,-117.91032177,33.68808323
6372486,2014,2014-06-12,3016,2014-02-04,1230,1185,12,2,5,5,3016,0,0,0,NA,0,00I,VALENCIA AV,PALM DR,21,N,N,A,-,N,NA,NA,NA,NA,NA,NA,NA,NA,NA,Y,4,0,1,2,A,-,03,22350,NA,N,C,C,A,A,H,-,C,A,0,NA,NA,NA,NA,Y,NA,D,22,0,0,1,0,0,0,0,0,0,-,-,NA,NA,ORANGE,PLACENTIA,-117.8548,33.88586757
6373113,2014,2014-06-11,3000,2014-02-06,1850,895,92166,4,5,5,3040,0,0,0,NA,0,340,LA PAZ,AVE BREVE,10,N,N,C,-,N,NA,NA,NA,NA,NA,NA,NA,NA,NA,N,3,0,1,2,A,-,10,21950,A,N,G,B,B,B,H,-,C,A,0,Y,NA,NA,Y,Y,NA,F,26,0,1,0,0,1,0,0,0,0,-,-,NA,NA,ORANGE,LAGUNA NIGUEL,-117.70760963,33.56712741
6376664,2014,2016-03-09,3001,2014-02-02,0205,415,NA,7,5,7,3001,0,0,0,NA,0,D-3,DISNEY WY,RT 5,0,NA,Y,A,-,Y,ORA,12,5,-,-,36.772,R,4,S,Y,3,0,3,2,A,-,01,23152,A,N,D,C,A,A,H,-,C,A,0,NA,NA,NA,NA,Y,Y,A,01,0,1,2,0,0,0,0,0,0,-,SO,NA,NA,ORANGE,ANAHEIM,-117.9082241,33.80828162
6377807,2014,2014-06-10,3022,2014-01-13,1723,989,NA,1,5,5,3022,0,0,0,NA,0,002,TUSTIN VILLAGE WY,ALLIANCE AV,0,NA,Y,A,-,N,NA,NA,NA,NA,NA,NA,NA,NA,NA,N,4,0,1,2,A,-,09,21802,A,N,D,G,A,A,H,-,B,A,0,NA,Y,NA,NA,Y,NA,A,01,0,0,1,0,0,0,1,0,0,-,-,33.73655,-117.83588,ORANGE,TUSTIN,-117.83588002,33.7365901
6378274,2014,2014-06-09,3010,2014-01-08,1925,1155,433,3,5,6,3010,0,0,0,NA,0,003,DEEPVIEW,NEWLAND,0,NA,Y,B,-,N,NA,NA,NA,NA,NA,NA,NA,NA,NA,Y,4,0,1,2,A,-,09,21802,A,N,D,C,A,A,H,-,C,A,0,NA,NA,NA,NA,Y,NA,A,01,0,0,1,0,0,0,0,0,0,-,-,NA,NA,ORANGE,HUNTINGTON BEACH,-117.9799501,33.67549008
6379246,2014,2014-06-17,3019,2014-02-04,1746,2771,NA,2,5,7,3019,0,0,0,NA,0,NA,1ST ST,FAIRVIEW ST,0,NA,Y,B,-,N,NA,NA,NA,NA,NA,NA,NA,NA,NA,N,4,0,1,2,A,-,03,22350,NA,N,C,C,A,A,H,-,C,D,0,NA,NA,NA,NA,Y,NA,A,01,0,0,1,0,0,0,0,0,0,-,-,NA,NA,ORANGE,SANTA ANA,-117.90535003,33.7452801
6382111,2014,2014-06-18,3001,2014-02-10,1029,1544,NA,1,5,7,3001,0,0,0,NA,0,0D2,EUCLID ST,CRESCENT AV,445,W,N,A,-,N,NA,NA,NA,NA,NA,NA,NA,NA,NA,Y,4,0,3,2,A,-,-,NA,NA,N,C,C,A,A,H,-,A,A,0,NA,NA,NA,NA,Y,NA,A,01,0,0,3,0,0,0,0,0,0,-,-,NA,NA,ORANGE,ANAHEIM,-117.9416,33.8398
6384858,2014,2014-06-17,3015,2014-02-13,1501,1240,97,4,5,6,3015,0,0,0,NA,0,728 M,N SANTIAGO BL,TAFT AV,35,E,N,A,-,N,NA,NA,NA,NA,NA,NA,NA,NA,NA,N,4,0,1,2,A,-,03,22350,NA,N,C,C,A,A,H,-,A,A,0,NA,NA,NA,Y,Y,NA,F,26,0,0,1,0,0,0,0,0,0,-,-,NA,NA,ORANGE,ORANGE,-117.82322759,33.8175959
6385862,2014,2016-01-19,9690,2014-01-15,1315,014919,NA,3,1,4,3045,0,1,1,NA,2,055,RT 5,EL TORO RD,1049,S,N,A,-,Y,ORA,12,5,-,-,18.49,H,-,S,Y,3,0,1,2,C,-,18,NA,NA,N,B,C,A,A,H,-,A,D,1,NA,NA,NA,NA,Y,NA,-,-,0,1,0,0,0,0,0,0,0,-,-,33.61332,-117.70564,ORANGE,LAGUNA HILLS,-117.70521663,33.612433
6386638,2014,2016-03-04,9670,2014-02-13,0746,17086,NA,4,1,6,3010,0,1,1,NA,2,041,RT 405,EDINGER AV,1000,S,N,A,-,Y,ORA,12,405,-,-,16.09,H,-,S,Y,4,0,1,3,A,-,07,21658,A,F,B,C,A,A,H,-,A,D,1,NA,NA,NA,NA,Y,NA,-,99,0,0,1,0,0,0,0,0,0,-,-,33.72407,-117.97736,ORANGE,HUNTINGTON BEACH,-117.98347062,33.72844708
6387055,2014,2015-11-10,3012,2014-02-10,0418,612,26,1,5,5,3012,0,0,0,NA,0,0NE,LA HABRA BL,HARBOR BL,0,NA,Y,A,-,N,NA,NA,NA,NA,NA,NA,NA,NA,NA,N,3,0,1,2,A,-,11,21456,B,N,G,B,B,A,H,-,C,A,0,Y,NA,NA,NA,Y,NA,N,60,0,1,0,0,1,0,0,0,0,-,-,NA,NA,ORANGE,LA HABRA,-117.93305003,33.93188005
6387111,2014,2014-06-18,3022,2014-02-04,1340,1142,NA,2,5,5,3022,0,0,0,NA,0,NA,JAMBOREE RD,WEST DR,43,S,N,A,-,N,NA,NA,NA,NA,NA,NA,NA,NA,NA,Y,4,0,1,4,A,-,03,22350,NA,N,C,C,A,A,H,-,A,A,0,NA,NA,NA,NA,Y,NA,A,01,0,0,1,0,0,0,0,0,0,-,-,33.7069,-117.7912,ORANGE,TUSTIN,-117.79116291,33.72368131
6387321,2014,2014-06-11,3003,2014-01-27,1851,1072,90,1,5,5,3003,0,0,0,NA,0,003,STANTON AV,GOLDENROD CIR,0,NA,Y,A,-,N,NA,NA,NA,NA,NA,NA,NA,NA,NA,N,4,0,1,2,A,-,-,NA,NA,N,G,B,C,A,H,-,C,D,0,Y,NA,NA,NA,Y,NA,A,01,0,0,1,0,1,0,0,0,0,-,-,NA,NA,ORANGE,BUENA PARK,-117.99365003,33.84857006
6388704,2014,2014-06-05,3015,2014-01-31,1202,919,15,5,5,6,3015,0,0,0,NA,0,712M,ORANGEWOOD AV,ECKHOFF,0,NA,Y,A,-,N,NA,NA,NA,NA,NA,NA,NA,NA,NA,Y,4,0,1,2,A,-,12,21453,A,N,D,C,A,A,H,-,A,A,0,NA,NA,NA,NA,Y,NA,A,01,0,0,1,0,0,0,0,0,0,-,-,NA,NA,ORANGE,ORANGE,-117.87374,33.79579004
6389264,2014,2014-06-19,3019,2014-02-04,0613,2630,SE,2,5,7,3019,0,0,0,NA,0,003,DYER RD,ORANGE AV,0,NA,Y,A,-,N,NA,NA,NA,NA,NA,NA,NA,NA,NA,N,3,0,1,2,A,-,08,22107,NA,M,D,G,A,A,H,-,B,A,0,NA,Y,NA,NA,Y,NA,L,04,0,1,0,0,0,0,1,0,0,-,-,NA,NA,ORANGE,SANTA ANA,-117.86586012,33.7087001
6389397,2014,2014-07-03,3000,2014-02-07,0825,3893,892D4,5,5,5,3028,0,0,0,NA,0,751,MARGUERITE PKWY,VISTA DEL LAGO,60,N,N,B,C,N,NA,NA,NA,NA,NA,NA,NA,NA,NA,N,4,0,1,2,A,-,03,22350,NA,N,C,C,A,B,H,-,A,A,0,NA,NA,NA,NA,Y,NA,A,01,0,0,1,0,0,0,0,0,0,-,-,NA,NA,ORANGE,MISSION VIEJO,-117.64757675,33.63401261
6393169,2014,2014-06-10,3004,2014-01-23,1041,462,16,4,5,6,3004,0,0,0,NA,0,008,FAIRVIEW RD,FAIR DR,0,NA,Y,A,-,N,NA,NA,NA,NA,NA,NA,NA,NA,NA,Y,4,0,1,2,A,-,12,21453,A,N,D,C,A,A,H,-,A,A,0,NA,NA,NA,NA,Y,NA,A,01,0,0,1,0,0,0,0,0,0,-,-,33.66388,-117.90772,ORANGE,COSTA MESA,-117.90774,33.66382001
6393248,2014,2014-06-13,3020,2014-01-01,0231,178,NA,3,5,4,3020,0,0,0,NA,0,ROVER,SEAL BEACH BL,WESTMINSTER AV,140,S,N,A,-,N,NA,NA,NA,NA,NA,NA,NA,NA,NA,Y,3,0,2,1,A,-,01,23152,A,N,E,J,A,A,H,-,C,D,0,NA,NA,NA,NA,Y,Y,A,NA,0,2,0,0,0,0,0,0,0,-,-,NA,NA,ORANGE,SEAL BEACH,-118.07810329,33.7592206
6393445,2014,2016-03-04,3007,2014-02-20,1249,272,66,4,5,5,3007,0,0,0,NA,0,54M,ELLIS AV,RT 405,58,W,N,A,-,Y,ORA,12,405,-,-,12.554,R,4,S,Y,4,0,1,2,A,-,09,21453,C,N,A,C,A,A,H,-,A,A,0,NA,NA,Y,NA,Y,NA,A,01,0,0,1,0,0,0,0,0,1,-,SO,NA,NA,ORANGE,FOUNTAIN VALLEY,-117.93630555,33.69601198