CASE_ID,ACCIDENT_YEAR,PROC_DATE,JURIS,COLLISION_DATE,COLLISION_TIME,OFFICER_ID,REPORTING_DISTRICT,DAY_OF_WEEK,CHP_SHIFT,POPULATION,CNTY_CITY_LOC,SPECIAL_COND,BEAT_TYPE,CHP_BEAT_TYPE,CITY_DIVISION_LAPD,CHP_BEAT_CLASS,BEAT_NUMBER,PRIMARY_RD,SECONDARY_RD,DISTANCE,DIRECTION,INTERSECTION,WEATHER_1,WEATHER_2,STATE_HWY_IND,CALTRANS_COUNTY,CALTRANS_DISTRICT,STATE_ROUTE,ROUTE_SUFFIX,POSTMILE_PREFIX,POSTMILE,LOCATION_TYPE,RAMP_INTERSECTION,SIDE_OF_HWY,TOW_AWAY,COLLISION_SEVERITY,NUMBER_KILLED,NUMBER_INJURED,PARTY_COUNT,PRIMARY_COLL_FACTOR,PCF_CODE_OF_VIOL,PCF_VIOL_CATEGORY,PCF_VIOLATION,PCF_VIOL_SUBSECTION,HIT_AND_RUN,TYPE_OF_COLLISION,MVIW,PED_ACTION,ROAD_SURFACE,ROAD_COND_1,ROAD_COND_2,LIGHTING,CONTROL_DEVICE,CHP_ROAD_TYPE,PEDESTRIAN_ACCIDENT,BICYCLE_ACCIDENT,MOTORCYCLE_ACCIDENT,TRUCK_ACCIDENT,NOT_PRIVATE_PROPERTY,ALCOHOL_INVOLVED,STWD_VEHTYPE_AT_FAULT,CHP_VEHTYPE_AT_FAULT,COUNT_SEVERE_INJ,COUNT_VISIBLE_INJ,COUNT_COMPLAINT_PAIN,COUNT_PED_KILLED,COUNT_PED_INJURED,COUNT_BICYCLIST_KILLED,COUNT_BICYCLIST_INJURED,COUNT_MC_KILLED,COUNT_MC_INJURED,PRIMARY_RAMP,SECONDARY_RAMP,LATITUDE,LONGITUDE,COUNTY,CITY,POINT_X,POINT_Y
6905586,2015,2017-01-18,9670,2015-06-24,1310,14751,NA,3,1,7,3001,0,1,3,NA,2,094,RT 91,RT 5,15,E,N,A,-,Y,ORA,12,91,-,R,3.77,H,-,E,Y,3,0,1,1,A,-,08,22107,NA,N,E,I,A,A,H,-,A,D,1,NA,NA,NA,NA,Y,NA,A,08,0,1,0,0,0,0,0,0,0,-,-,33.85656,-117.97936,ORANGE,ANAHEIM,-117.97802113,33.85681185
6908289,2015,2015-05-11,3009,2015-04-12,1529,4035,135,7,5,6,3009,0,0,0,NA,0,023,HARBOR BL,FLAGSTONE AV,0,NA,Y,A,-,N,NA,NA,NA,NA,NA,NA,NA,NA,NA,Y,4,0,2,2,A,-,03,22350,NA,N,C,C,A,A,H,-,-,D,0,NA,NA,NA,NA,Y,Y,A,01,0,0,2,0,0,0,0,0,0,-,-,NA,NA,ORANGE,GARDEN GROVE,-117.92047009,33.77027011
6909203,2015,2015-05-14,3001,2015-04-28,1206,1670,NA,2,5,7,3001,0,0,0,NA,0,0D2,NORTH STATE COLLEGE BL,EAST ROMNEYA DR,5,S,N,A,-,N,NA,NA,NA,NA,NA,NA,NA,NA,NA,Y,4,0,1,2,A,-,12,21453,A,N,E,I,A,A,H,-,A,A,0,NA,Y,NA,NA,Y,NA,L,04,0,0,1,0,0,0,0,0,0,-,-,NA,NA,ORANGE,ANAHEIM,-117.88934,33.85085629
6909375,2015,2015-05-20,3024,2015-04-10,1049,146,P11,5,5,5,3024,0,0,0,NA,0,WEST,HOOVER ST,21ST ST,56,N,N,A,-,N,NA,NA,NA,NA,NA,NA,NA,NA,NA,Y,4,0,1,3,A,-,03,22350,NA,N,C,C,A,A,H,-,A,A,0,NA,NA,NA,NA,Y,NA,A,01,0,0,1,0,0,0,0,0,0,-,-,NA,NA,ORANGE,WESTMINSTER,-117.99846084,33.76297354
6909694,2015,2016-10-28,9690,2015-03-06,2148,012632,NA,5,2,4,3018,0,1,1,NA,2,057,RT 5,RT 74,150,N,N,A,-,Y,ORA,12,5,-,-,9.63,H,-,S,Y,4,0,1,1,A,-,08,22107,NA,N,E,I,A,A,H,-,C,D,1,NA,NA,NA,NA,Y,NA,A,07,0,0,1,0,0,0,0,0,0,-,-,33.50638,-117.65882,ORANGE,SAN JUAN CAPISTRANO,-117.65866831,33.50276941
6910114,2015,2016-12-10,9670,2015-04-19,1412,16793,NA,7,2,6,3009,0,1,3,NA,2,024,RT 22,GARDEN GROVE BL,944,W,N,A,-,Y,ORA,12,22,-,R,8.73,H,-,E,Y,4,0,1,2,A,-,03,22350,NA,N,C,D,A,A,H,-,A,D,1,NA,NA,NA,NA,Y,NA,A,01,0,0,1,0,0,0,0,0,0,-,-,33.77322,-117.90674,ORANGE,GARDEN GROVE,-117.90671982,33.77343882
6912485,2015,2015-05-12,3001,2015-04-28,1655,1740,NA,2,5,7,3001,0,0,0,NA,0,0D1,W LINCOLN ST,W WESTCHESTER,400,E,N,A,-,N,NA,NA,NA,NA,NA,NA,NA,NA,NA,Y,4,0,4,4,A,-,03,22350,NA,N,C,C,A,A,H,-,A,D,0,NA,NA,NA,NA,Y,NA,A,01,0,0,4,0,0,0,0,0,0,-,-,NA,NA,ORANGE,ANAHEIM,-118.00410585,33.8320239
6912797,2015,2015-05-14,3008,2015-04-22,1857,1342,NA,3,5,6,3008,0,0,0,NA,0,Z 3,CHAPMAN AV,STATE COLLEGE BL,200,E,N,A,-,N,NA,NA,NA,NA,NA,NA,NA,NA,NA,Y,3,0,4,2,A,-,08,21460,5,N,D,C,A,A,H,-,A,D,0,NA,NA,NA,NA,Y,NA,D,22,0,1,3,0,0,0,0,0,0,-,-,33.87421,-117.88961,ORANGE,FULLERTON,-117.88896694,33.87416
6913729,2015,2015-05-22,3007,2015-04-16,1339,270,47,4,5,5,3007,0,0,0,NA,0,270M,SLATER AV,MT HERRMANN ST,0,NA,Y,A,-,N,NA,NA,NA,NA,NA,NA,NA,NA,NA,Y,4,0,1,2,A,-,09,21801,A,N,D,C,A,A,H,-,A,A,0,NA,NA,NA,NA,Y,NA,A,01,0,0,1,0,0,0,0,0,0,-,-,NA,NA,ORANGE,FOUNTAIN VALLEY,-117.93250009,33.70916005
6914672,2015,2015-05-21,3019,2015-04-27,1325,2528,SC,1,5,7,3019,0,0,0,NA,0,004,MACARTHUR BL,BEAR ST,25,W,N,A,-,N,NA,NA,NA,NA,NA,NA,NA,NA,NA,N,4,0,1,2,A,-,03,22350,NA,N,C,C,A,A,H,-,A,A,0,NA,NA,NA,NA,Y,NA,A,07,0,0,1,0,0,0,0,0,0,-,-,NA,NA,ORANGE,SANTA ANA,-117.892352,33.70010942
6914881,2015,2016-11-09,3010,2015-04-24,0750,0197,NA,5,5,6,3010,0,0,0,NA,0,008,RT 1,17TH ST,118,N,N,A,-,Y,ORA,12,1,-,-,30.71,H,-,S,Y,3,0,2,3,A,-,09,21801,A,N,D,C,A,A,H,-,A,D,0,NA,NA,NA,NA,Y,NA,A,07,0,1,1,0,0,0,0,0,0,-,-,NA,NA,ORANGE,HUNTINGTON BEACH,-118.07305576,33.72001973
6916215,2015,2016-12-13,3024,2015-04-29,0735,312,P24,3,5,5,3024,0,0,0,NA,0,WEST,RT 39,MADISON AV,36,S,N,A,-,Y,ORA,12,39,-,-,6.86,H,-,S,Y,3,0,1,2,A,-,07,21658,A,N,H,A,A,A,H,-,A,D,0,NA,NA,Y,NA,Y,NA,-,99,0,1,0,0,0,0,0,0,0,-,-,NA,NA,ORANGE,WESTMINSTER,-117.98965917,33.74794896
6918098,2015,2016-11-04,9675,2015-05-07,1225,18005,NA,4,1,7,3019,0,1,1,NA,2,502,RT 5,MAIN ST,500,S,N,B,-,Y,ORA,12,5,-,-,33.02,H,-,N,Y,4,0,1,3,A,-,03,22350,NA,M,C,C,A,A,H,-,A,D,1,NA,NA,NA,NA,Y,NA,A,01,0,0,1,0,0,0,0,0,0,-,-,33.76706,-117.86668,ORANGE,SANTA ANA,-117.86669797,33.76690472
6918417,2015,2016-11-08,9675,2015-05-04,1600,20582,NA,1,2,7,3001,0,1,3,NA,2,571,RT 57,LINCOLN AV,1000,N,N,A,-,Y,ORA,12,57,-,-,15.11,H,-,S,Y,4,0,1,2,A,-,07,21658,A,N,B,C,A,A,H,-,A,D,6,NA,NA,NA,NA,Y,NA,A,01,0,0,1,0,0,0,0,0,0,-,-,33.84091,-117.87644,ORANGE,ANAHEIM,-117.87621145,33.84266559
6918470,2015,2016-11-15,9675,2015-05-04,0905,15670,NA,1,1,6,3026,0,1,1,NA,2,504,RT 5,ALTON PKWY,1000,S,N,B,-,Y,ORA,12,5,-,-,22.02,H,-,N,Y,4,0,1,3,A,-,03,22350,NA,N,C,C,A,A,H,-,A,D,1,NA,NA,NA,NA,Y,NA,A,01,0,0,1,0,0,0,0,0,0,-,-,33.65429,-117.74238,ORANGE,IRVINE,-117.74186841,33.65337622
6918577,2015,2016-12-14,9675,2015-04-30,1755,20594,NA,4,2,7,3019,0,1,1,NA,2,502,RT 5,RT 22,2000,S,N,A,-,Y,ORA,12,5,-,-,33.7,H,-,N,Y,4,0,1,2,A,-,03,22350,NA,N,C,C,A,A,H,-,B,D,1,NA,NA,NA,NA,Y,NA,A,01,0,0,1,0,0,0,0,0,0,-,-,33.77526,-117.87276,ORANGE,SANTA ANA,-117.87294289,33.77519056
6918630,2015,2015-05-20,3026,2015-04-30,1933,8929,NA,4,5,6,3026,0,0,0,NA,0,00U,MICHELSON DR,BASCOM,0,NA,Y,A,-,N,NA,NA,NA,NA,NA,NA,NA,NA,NA,Y,4,0,1,2,A,-,09,21801,A,N,D,C,A,A,H,-,B,D,0,NA,NA,NA,NA,Y,NA,A,01,0,0,1,0,0,0,0,0,0,-,-,NA,NA,ORANGE,IRVINE,-117.82463001,33.66453002
6919257,2015,2017-01-18,9675,2015-07-20,1715,17993,NA,1,2,7,3001,0,1,3,NA,2,094,RT 91,IMPERIAL HWY,1255,W,N,A,-,Y,ORA,12,91,-,R,11.24,H,-,E,Y,3,0,3,3,A,-,03,22350,NA,N,C,C,A,A,H,-,A,B,1,NA,NA,NA,NA,Y,NA,A,07,0,2,1,0,0,0,0,0,0,-,-,33.85398,-117.79772,ORANGE,ANAHEIM,-117.7956558,33.85417662
6919287,2015,2017-01-24,9675,2015-09-12,0231,20650,NA,6,3,7,3001,0,1,3,NA,2,571,RT 57,BALL RD,1600,S,N,A,-,Y,ORA,12,57,-,-,13.11,H,-,N,Y,4,0,1,2,A,-,03,22350,NA,N,B,C,A,A,H,-,D,D,6,NA,NA,NA,NA,Y,NA,A,07,0,0,1,0,0,0,0,0,0,-,-,33.8158,-117.87674,ORANGE,ANAHEIM,-117.87744429,33.81378137
6919770,2015,2015-06-15,3001,2015-05-02,1152,A1555,NA,6,5,7,3001,0,0,0,NA,0,0D2,EAST ORANGETHORPE AV,N RAYMOND AV,488,W,N,A,-,N,NA,NA,NA,NA,NA,NA,NA,NA,NA,Y,4,0,2,3,A,-,03,22350,NA,N,C,C,A,A,H,-,A,D,0,NA,NA,NA,NA,Y,NA,A,01,0,0,2,0,0,0,0,0,0,-,-,NA,NA,ORANGE,ANAHEIM,-117.90837338,33.85955908
6922179,2015,2015-06-12,3024,2015-05-02,1309,186,P11,6,5,5,3024,0,0,0,NA,0,WEST,GOLDENWEST ST,WESTMINSTER BL,216,N,N,A,-,N,NA,NA,NA,NA,NA,NA,NA,NA,NA,N,4,0,1,2,A,-,03,22350,NA,N,C,C,A,A,H,-,A,A,0,NA,NA,NA,NA,Y,NA,A,01,0,0,1,0,0,0,0,0,0,-,-,NA,NA,ORANGE,WESTMINSTER,-118.00717,33.75973224
6922216,2015,2016-11-29,9670,2015-05-06,0317,20994,NA,3,3,3,3013,0,1,1,NA,2,061,RT 605,RT 405,1225,N,N,B,-,Y,ORA,12,605,-,R,0.296,R,2,S,Y,4,0,1,1,A,-,01,23152,A,N,E,I,A,A,H,-,C,D,1,NA,NA,NA,NA,Y,Y,A,01,0,0,1,0,0,0,0,0,0,TO,-,33.78717,-118.0909,ORANGE,LOS ALAMITOS,-118.0897956,33.78830353
6922248,2015,2015-06-16,3001,2015-05-01,2150,2165,NA,5,5,7,3001,0,0,0,NA,0,0D1,SOUTH MAGNOLIA AV,W STONYBROOK DR,351,N,N,A,-,N,NA,NA,NA,NA,NA,NA,NA,NA,NA,Y,3,0,1,2,A,-,08,22107,NA,N,G,E,A,A,H,-,C,D,0,NA,NA,NA,NA,Y,NA,A,01,0,1,0,0,0,0,0,0,0,-,-,NA,NA,ORANGE,ANAHEIM,-117.97589371,33.82255214
6925956,2015,2015-06-03,3001,2015-05-12,0937,A0387,NA,2,5,7,3001,0,0,0,NA,0,D-2,EAST LA PALMA AV,N OLIVE ST,34,W,N,B,-,N,NA,NA,NA,NA,NA,NA,NA,NA,NA,N,4,0,1,2,A,-,07,21658,A,N,D,C,A,A,H,-,A,A,0,NA,NA,NA,NA,Y,NA,A,01,0,0,1,0,0,0,0,0,0,-,-,NA,NA,ORANGE,ANAHEIM,-117.91382169,33.84726804
6926070,2015,2016-06-20,3008,2015-05-01,1836,1364,NA,5,5,6,3008,0,0,0,NA,0,0Z1,HUGHES DR,MAXWELL ST,0,NA,Y,A,-,N,NA,NA,NA,NA,NA,NA,NA,NA,NA,Y,3,0,4,2,A,-,09,21801,A,N,D,C,A,A,H,-,A,D,0,NA,NA,NA,NA,Y,NA,A,01,0,1,3,0,0,0,0,0,0,-,-,NA,NA,ORANGE,FULLERTON,-117.96462013,33.88258011
6926676,2015,2015-05-27,3010,2015-04-29,1409,2110,445,3,5,6,3010,0,0,0,NA,0,003,ADAMS AV,BUSHARD ST,235,W,N,A,-,N,NA,NA,NA,NA,NA,NA,NA,NA,NA,Y,3,0,2,3,A,-,03,22350,NA,N,C,C,A,A,H,-,A,A,0,NA,NA,NA,NA,Y,NA,A,01,0,1,1,0,0,0,0,0,0,-,-,NA,NA,ORANGE,HUNTINGTON BEACH,-117.9636905,33.67252
6926687,2015,2015-05-27,3010,2015-04-27,2500,2116,432,1,5,6,3010,0,0,0,NA,0,005,YORKTOWN,ENGLAND,0,NA,Y,A,-,N,NA,NA,NA,NA,NA,NA,NA,NA,NA,N,4,0,1,2,A,-,05,21650,1,N,D,G,A,A,H,-,A,D,0,NA,Y,NA,NA,Y,NA,L,04,0,0,1,0,0,0,1,0,0,-,-,NA,NA,ORANGE,HUNTINGTON BEACH,-117.99199008,33.67942008
6927421,2015,2016-11-09,3010,2015-05-03,1533,1225,348,7,5,6,3010,0,0,0,NA,0,004,RT 1,15TH,95,N,N,A,-,Y,ORA,12,1,-,-,25.42,H,-,S,Y,4,0,1,2,A,-,07,21658,A,N,C,C,A,A,H,-,A,D,0,NA,NA,Y,NA,Y,NA,A,01,0,0,1,0,0,0,0,0,1,-,-,NA,NA,ORANGE,HUNTINGTON BEACH,-118.01123633,33.6637824
6927441,2015,2016-11-19,9675,2015-05-12,1330,18539,NA,2,1,5,3022,0,1,3,NA,2,553,RT 55,MCFADDEN ST,1200,N,N,A,-,Y,ORA,12,55,-,-,10.21,H,-,S,Y,4,0,1,2,A,-,03,22350,NA,N,C,C,A,A,H,-,A,D,6,NA,NA,NA,NA,Y,NA,A,01,0,0,1,0,0,0,0,0,0,-,-,33.73674,-117.83404,ORANGE,TUSTIN,-117.83399209,33.73720484
6927889,2015,2016-11-09,3010,2015-05-03,1625,1109,461,7,5,6,3010,0,0,0,NA,0,004,RT 1,MAIN ST,103,E,N,A,-,Y,ORA,12,1,-,-,24.74,H,-,N,Y,4,0,1,3,A,-,21,22106,NA,N,C,C,A,A,H,-,A,A,0,NA,NA,NA,NA,Y,NA,A,01,0,0,1,0,0,0,0,0,0,-,-,NA,NA,ORANGE,HUNTINGTON BEACH,-118.00215475,33.65731995
6927893,2015,2016-12-14,3010,2015-05-02,1632,1109,252,6,5,6,3010,0,0,0,NA,0,007,RT 39,ALHAMBRA,154,N,N,A,-,Y,ORA,12,39,-,-,5.19,H,-,S,Y,3,0,1,1,A,-,03,22350,NA,N,F,A,A,A,H,-,A,D,0,NA,NA,Y,NA,Y,NA,C,02,0,1,0,0,0,0,0,0,1,-,-,NA,NA,ORANGE,HUNTINGTON BEACH,-117.98934092,33.72375312
6927897,2015,2015-06-04,3010,2015-05-11,1501,1176,422,1,5,6,3010,0,0,0,NA,0,005,DELAWARE,DEL WY,21,S,N,A,-,N,NA,NA,NA,NA,NA,NA,NA,NA,NA,Y,4,0,1,2,A,-,09,21801,A,N,D,C,A,A,H,-,A,D,0,NA,NA,NA,NA,Y,NA,A,01,0,0,1,0,0,0,0,0,0,-,-,NA,NA,ORANGE,HUNTINGTON BEACH,-117.99419151,33.68096454
6928277,2015,2015-06-17,3001,2015-05-18,1739,1373,NA,1,5,7,3001,0,0,0,NA,0,0D2,EAST LA PALMA AV,N PAULINE ST,0,NA,Y,A,-,N,NA,NA,NA,NA,NA,NA,NA,NA,NA,Y,3,0,3,4,A,-,03,22350,NA,N,C,C,A,A,H,-,A,D,0,NA,NA,NA,NA,Y,NA,A,01,0,1,2,0,0,0,0,0,0,-,-,NA,NA,ORANGE,ANAHEIM,-117.91102006,33.84728004
6928464,2015,2015-06-10,3016,2015-05-01,2051,1251,8,5,5,5,3016,0,0,0,NA,0,001,YORBA LINDA BL,KRAEMER BL,12,E,N,A,-,N,NA,NA,NA,NA,NA,NA,NA,NA,NA,N,4,0,1,2,D,-,00,NA,NA,N,C,C,A,A,H,-,C,A,0,NA,NA,NA,NA,Y,NA,-,-,0,0,1,0,0,0,0,0,0,-,-,NA,NA,ORANGE,PLACENTIA,-117.86350094,33.8878546
6928650,2015,2015-06-16,3001,2015-05-14,0816,A0591,NA,4,5,7,3001,0,0,0,NA,0,0D2,E SYCAMORE AV,N HAWTHORNE ST,0,NA,Y,B,-,N,NA,NA,NA,NA,NA,NA,NA,NA,NA,NA,3,0,1,2,A,-,08,22100,B,N,-,G,A,A,H,-,A,D,0,NA,Y,NA,NA,Y,Y,L,04,0,1,0,0,0,0,1,0,0,-,-,NA,NA,ORANGE,ANAHEIM,-117.90023002,33.84334008
6928668,2015,2015-06-16,3019,2015-05-14,1243,2630,WE,4,5,7,3019,0,0,0,NA,0,001,5TH ST,HAWLEY ST,200,E,N,B,C,N,NA,NA,NA,NA,NA,NA,NA,NA,NA,N,4,0,2,2,A,-,09,21804,A,N,D,C,A,B,H,-,A,A,0,NA,NA,NA,NA,Y,NA,A,01,0,0,2,0,0,0,0,0,0,-,-,NA,NA,ORANGE,SANTA ANA,-117.89837382,33.74871313
6928766,2015,2015-06-18,3024,2015-05-15,1327,373,P47,5,5,5,3024,0,0,0,NA,0,EAST,MCFADDEN AV,BEACH BL,9,W,N,A,-,N,NA,NA,NA,NA,NA,NA,NA,NA,NA,N,4,0,1,2,A,-,03,22350,NA,N,C,C,A,A,H,-,A,A,0,NA,NA,NA,NA,Y,NA,A,07,0,0,1,0,0,0,0,0,0,-,-,NA,NA,ORANGE,WESTMINSTER,-117.98953954,33.73748
6928782,2015,2016-11-29,9670,2015-05-15,1748,20809,NA,5,2,4,3020,0,1,1,NA,2,045,RT 405,SEAL BEACH BL,5000,S,N,A,-,Y,ORA,12,405,-,-,21.7,H,-,S,Y,4,0,4,3,A,-,03,22350,NA,N,C,C,A,A,H,-,A,D,1,NA,NA,NA,NA,Y,NA,A,08,0,0,4,0,0,0,0,0,0,-,-,NA,NA,ORANGE,SEAL BEACH,-118.05883333,33.77425153
6929408,2015,2015-06-03,3008,2015-04-27,0455,1429,NA,1,5,6,3008,0,0,0,NA,0,Z 1,EUCLID ST,ORANGETHORPE AV,0,NA,Y,A,-,N,NA,NA,NA,NA,NA,NA,NA,NA,NA,N,3,0,2,2,A,-,09,21801,A,N,D,C,A,A,H,-,C,A,0,NA,NA,NA,NA,Y,NA,A,01,0,1,1,0,0,0,0,0,0,-,-,NA,NA,ORANGE,FULLERTON,-117.94183006,33.85935002
6929763,2015,2016-11-19,9675,2015-05-14,1325,18714,NA,4,1,7,3019,0,1,3,NA,2,552,RT 55,MACARTHUR BL,1000,N,N,C,-,Y,ORA,12,55,-,R,7.19,H,-,N,N,4,0,1,2,A,-,03,22350,NA,N,C,C,A,B,H,-,A,D,6,NA,NA,NA,NA,Y,NA,A,01,0,0,1,0,0,0,0,0,0,-,-,33.70362,-117.85649,ORANGE,SANTA ANA,-117.85928415,33.70092736
6929893,2015,2016-12-13,3010,2015-05-07,0907,0147,293,4,5,6,3010,0,0,0,NA,0,005,RT 39,TALBERT,37,S,N,A,-,Y,ORA,12,39,-,-,3.6,H,-,N,Y,3,0,1,2,A,-,03,22350,NA,N,C,C,A,A,H,-,A,A,0,NA,NA,NA,NA,Y,NA,A,01,0,1,0,0,0,0,0,0,0,-,-,NA,NA,ORANGE,HUNTINGTON BEACH,-117.98905406,33.7007514
6929897,2015,2016-12-13,3010,2015-05-10,0809,1096,242,7,5,6,3010,0,0,0,NA,0,009,RT 39,CENTER,34,N,N,A,-,Y,ORA,12,39,-,-,5.673,H,-,S,N,4,0,1,2,A,-,03,22350,NA,N,C,C,A,A,H,-,A,A,0,NA,NA,NA,NA,Y,NA,A,07,0,0,1,0,0,0,0,0,0,-,-,NA,NA,ORANGE,HUNTINGTON BEACH,-117.98944327,33.73071097
6932535,2015,2016-11-09,3020,2015-04-22,0811,191,NA,3,5,4,3020,0,0,0,NA,0,NA,PACIFIC COAST HWY,SEAL BEACH BL,145,E,N,B,-,Y,ORA,12,1,-,-,3.69,H,-,N,Y,3,0,1,2,A,-,03,22350,NA,N,C,C,A,A,H,-,A,A,0,NA,NA,NA,NA,Y,NA,A,NA,0,1,0,0,0,0,0,0,0,-,-,NA,NA,ORANGE,SEAL BEACH,-117.71991682,33.48045295
6932539,2015,2016-11-09,3020,2015-04-18,2132,363,NA,6,5,4,3020,0,0,0,NA,0,007,PACIFIC COAST HWY,ANDERSON ST,335,W,N,A,-,Y,ORA,12,1,-,-,31.17,H,-,N,NA,3,0,1,2,A,-,09,21804,A,N,D,C,A,A,H,-,C,D,0,NA,NA,Y,NA,Y,NA,C,NA,0,1,0,0,0,0,0,0,1,-,-,NA,NA,ORANGE,SEAL BEACH,-118.07875176,33.72492171
6932622,2015,2015-05-28,3010,2015-04-29,0958,0147,437,3,5,6,3010,0,0,0,NA,0,003,BROOKHURST,YORKTOWN,0,NA,Y,A,-,N,NA,NA,NA,NA,NA,NA,NA,NA,NA,Y,3,0,2,3,A,-,12,21453,A,N,D,C,A,A,H,-,A,A,0,NA,NA,NA,NA,Y,NA,A,01,0,1,1,0,0,0,0,0,0,-,-,NA,NA,ORANGE,HUNTINGTON BEACH,-117.9540401,33.67962003
6933955,2015,2015-06-17,3019,2015-05-15,1705,2679,SC,5,5,7,3019,0,0,0,NA,0,004,SHELTON,MCFADDEN,3,N,N,A,-,N,NA,NA,NA,NA,NA,NA,NA,NA,NA,N,4,0,1,2,A,-,10,21950,A,N,G,B,B,A,H,-,A,A,0,Y,NA,NA,NA,Y,NA,D,22,0,0,1,0,1,0,0,0,0,-,-,NA,NA,ORANGE,SANTA ANA,-117.88078,33.73447823
6935138,2015,2016-11-08,9675,2015-06-24,1820,18733,NA,3,2,5,3016,0,1,3,NA,2,571,RT 57,RT 91,1000,N,N,A,-,Y,ORA,12,57,-,-,15.72,H,-,S,Y,4,0,1,2,A,-,03,22350,NA,N,C,C,A,A,H,-,A,D,6,NA,NA,NA,NA,Y,NA,A,01,0,0,1,0,0,0,0,0,0,-,-,33.85332,-117.87588,ORANGE,PLACENTIA,-117.87586527,33.85150701
6935170,2015,2017-01-18,9675,2015-06-25,1910,015208,NA,4,2,7,3001,0,1,3,NA,2,194,RT 91,WEIR CANYON RD,200,W,N,A,-,Y,ORA,12,91,-,R,14.39,H,-,E,Y,3,0,1,3,A,-,07,21658,A,N,C,C,A,A,H,-,A,D,1,NA,NA,NA,NA,Y,NA,A,07,0,1,0,0,0,0,0,0,0,-,-,33.87104,-117.74107,ORANGE,ANAHEIM,-117.74546902,33.870137
6935246,2015,2015-07-13,3026,2015-06-16,1331,7094,NA,2,5,6,3026,0,0,0,NA,0,00P,ALTON PKWY,MERIDIAN,0,NA,Y,A,-,N,NA,NA,NA,NA,NA,NA,NA,NA,NA,Y,3,0,1,2,A,-,09,21453,C,N,D,C,A,A,D,-,A,A,0,NA,NA,NA,NA,Y,NA,A,01,0,1,0,0,0,0,0,0,0,-,-,NA,NA,ORANGE,IRVINE,-117.75255014,33.65538001
6935273,2015,2016-11-29,3026,2015-06-20,1211,8929,NA,6,5,6,3026,0,0,0,NA,0,00P,IRVINE BL,RT 261,0,NA,Y,A,-,Y,ORA,12,261,-,-,1.803,R,4,N,Y,4,0,5,2,A,-,00,21543,C,N,D,C,A,A,H,-,A,A,0,NA,NA,NA,NA,Y,NA,A,07,0,0,5,0,0,0,0,0,0,-,NO,NA,NA,ORANGE,IRVINE,-117.77709612,33.72822106
6936868,2015,2015-06-04,3026,2015-05-18,1632,7094,NA,1,5,6,3026,0,0,0,NA,0,00P,CULVER DR,TRABUCO RD,80,N,N,B,-,N,NA,NA,NA,NA,NA,NA,NA,NA,NA,Y,3,0,1,2,D,-,00,NA,NA,N,B,C,A,A,H,-,A,A,0,NA,NA,Y,NA,Y,NA,-,-,0,1,0,0,0,0,0,0,1,-,-,NA,NA,ORANGE,IRVINE,-117.78137917,33.71109645
6936872,2015,2015-06-04,3026,2015-05-13,1415,7094,NA,3,5,6,3026,0,0,0,NA,0,00C,MAIN ST,SAN MATEO,27,E,N,A,-,N,NA,NA,NA,NA,NA,NA,NA,NA,NA,Y,3,0,3,2,A,-,03,22350,NA,N,C,C,A,A,H,-,A,A,0,NA,NA,NA,NA,Y,NA,A,07,0,2,1,0,0,0,0,0,0,-,-,NA,NA,ORANGE,IRVINE,-117.82608198,33.67761498
6938259,2015,2015-09-23,3015,2015-08-25,1239,1364,16W,2,5,6,3015,0,0,0,NA,0,NA,E WALNUT AV,N GRAND ST,13,E,N,A,-,N,NA,NA,NA,NA,NA,NA,NA,NA,NA,N,3,0,1,2,A,-,10,21950,A,N,G,B,B,A,H,-,A,B,0,Y,NA,NA,NA,Y,NA,A,01,0,1,0,0,1,0,0,0,0,-,-,NA,NA,ORANGE,ORANGE,-117.85089732,33.79507038
6939949,2015,2015-06-12,3009,2015-05-10,0818,2621,154,7,5,6,3009,0,0,0,NA,0,2-2,HASTER ST,LAMPSON AV,24,N,N,A,-,N,NA,NA,NA,NA,NA,NA,NA,NA,NA,Y,4,0,2,4,A,-,12,21453,A,N,D,C,A,A,H,-,A,A,0,NA,NA,NA,NA,Y,NA,A,01,0,0,2,0,0,0,0,0,0,-,-,NA,NA,ORANGE,GARDEN GROVE,-117.90619,33.7817458
6939950,2015,2015-06-03,3009,2015-05-10,1956,3831,096,7,5,6,3009,0,0,0,NA,0,1-3,WESTMINSTER BL,BUSHARD ST,0,NA,Y,A,-,N,NA,NA,NA,NA,NA,NA,NA,NA,NA,Y,4,0,2,2,A,-,09,21801,A,N,A,C,A,A,H,-,C,A,0,NA,NA,NA,NA,Y,NA,A,01,0,0,2,0,0,0,0,0,0,-,-,NA,NA,ORANGE,GARDEN GROVE,-117.96363004,33.75948006
6940800,2015,2015-07-17,3001,2015-06-27,0521,2131,NA,6,5,7,3001,0,0,0,NA,0,0D3,N EUCLID ST,W LINCOLN AV,36,N,N,A,-,N,NA,NA,NA,NA,NA,NA,NA,NA,NA,Y,4,0,2,2,A,-,03,22350,NA,M,C,C,A,A,H,-,B,A,0,NA,NA,NA,NA,Y,NA,A,01,0,0,2,0,0,0,0,0,0,-,-,NA,NA,ORANGE,ANAHEIM,-117.94148,33.8326887
6941224,2015,2016-11-19,9670,2015-05-17,1610,19348,NA,7,2,6,3010,0,1,1,NA,2,042,RT 405,BEACH BL,150,S,N,A,-,Y,ORA,12,405,-,-,22.386,R,1,N,Y,4,0,4,2,A,-,03,22350,NA,N,C,C,A,A,H,-,A,D,1,NA,NA,NA,NA,Y,NA,A,07,0,0,4,0,0,0,0,0,0,TO,-,33.73173,-117.98759,ORANGE,HUNTINGTON BEACH,-118.07042577,33.77446747
6941430,2015,2015-06-30,3001,2015-05-18,1737,1508,NA,1,5,7,3001,0,0,0,NA,0,0D1,DALE AV,BALL RD,121,N,N,A,-,N,NA,NA,NA,NA,NA,NA,NA,NA,NA,N,3,0,1,2,A,-,09,21801,A,N,D,C,A,A,H,-,A,D,0,NA,NA,Y,NA,Y,NA,A,01,0,1,0,0,0,0,0,0,1,-,-,NA,NA,ORANGE,ANAHEIM,-117.98455595,33.81785172