CASE_ID,ACCIDENT_YEAR,PROC_DATE,JURIS,COLLISION_DATE,COLLISION_TIME,OFFICER_ID,REPORTING_DISTRICT,DAY_OF_WEEK,CHP_SHIFT,POPULATION,CNTY_CITY_LOC,SPECIAL_COND,BEAT_TYPE,CHP_BEAT_TYPE,CITY_DIVISION_LAPD,CHP_BEAT_CLASS,BEAT_NUMBER,PRIMARY_RD,SECONDARY_RD,DISTANCE,DIRECTION,INTERSECTION,WEATHER_1,WEATHER_2,STATE_HWY_IND,CALTRANS_COUNTY,CALTRANS_DISTRICT,STATE_ROUTE,ROUTE_SUFFIX,POSTMILE_PREFIX,POSTMILE,LOCATION_TYPE,RAMP_INTERSECTION,SIDE_OF_HWY,TOW_AWAY,COLLISION_SEVERITY,NUMBER_KILLED,NUMBER_INJURED,PARTY_COUNT,PRIMARY_COLL_FACTOR,PCF_CODE_OF_VIOL,PCF_VIOL_CATEGORY,PCF_VIOLATION,PCF_VIOL_SUBSECTION,HIT_AND_RUN,TYPE_OF_COLLISION,MVIW,PED_ACTION,ROAD_SURFACE,ROAD_COND_1,ROAD_COND_2,LIGHTING,CONTROL_DEVICE,CHP_ROAD_TYPE,PEDESTRIAN_ACCIDENT,BICYCLE_ACCIDENT,MOTORCYCLE_ACCIDENT,TRUCK_ACCIDENT,NOT_PRIVATE_PROPERTY,ALCOHOL_INVOLVED,STWD_VEHTYPE_AT_FAULT,CHP_VEHTYPE_AT_FAULT,COUNT_SEVERE_INJ,COUNT_VISIBLE_INJ,COUNT_COMPLAINT_PAIN,COUNT_PED_KILLED,COUNT_PED_INJURED,COUNT_BICYCLIST_KILLED,COUNT_BICYCLIST_INJURED,COUNT_MC_KILLED,COUNT_MC_INJURED,PRIMARY_RAMP,SECONDARY_RAMP,LATITUDE,LONGITUDE,COUNTY,CITY,POINT_X,POINT_Y
6941840,2015,2015-06-11,3002,2015-04-16,1124,9211,740C4,4,5,5,3025,0,0,0,NA,0,002,YORBA LINDA BL,AVOCADO AV,10,W,N,A,-,N,NA,NA,NA,NA,NA,NA,NA,NA,NA,N,4,0,1,2,A,-,03,22350,NA,N,C,C,A,A,H,-,A,A,0,NA,NA,NA,NA,Y,NA,A,08,0,0,1,0,0,0,0,0,0,-,-,NA,NA,ORANGE,YORBA LINDA,-117.80716265,33.88822319
6942757,2015,2016-06-18,3002,2015-04-27,0740,9195,739J3,1,5,5,3025,0,0,0,NA,0,001,IMPERIAL HWY,PROSPECT,862,E,N,A,-,N,NA,NA,NA,NA,NA,NA,NA,NA,NA,Y,3,0,2,2,A,-,03,22350,NA,N,C,C,A,A,H,-,A,D,0,NA,NA,NA,NA,Y,NA,A,07,0,1,1,0,0,0,0,0,0,-,-,NA,NA,ORANGE,YORBA LINDA,-117.83509095,33.90109518
6944675,2015,2015-06-23,3000,2015-05-02,1023,2785,921H1,6,5,4,3045,0,0,0,NA,0,784,HON AV,ALICIA PKWY,331,W,N,A,-,N,NA,NA,NA,NA,NA,NA,NA,NA,NA,Y,3,0,1,2,A,-,09,21804,A,N,D,C,A,A,A,-,A,D,0,NA,NA,NA,NA,Y,NA,A,01,0,1,0,0,0,0,0,0,0,-,-,NA,NA,ORANGE,LAGUNA HILLS,-117.69237497,33.60215923
6944742,2015,2015-06-22,9670,2015-05-23,1630,17951,NA,6,2,9,3000,0,3,5,NA,2,005,NEWLAND ST,WASHINGTON AV,0,NA,Y,A,-,N,NA,NA,NA,NA,NA,NA,NA,NA,NA,Y,3,0,1,2,A,-,09,21802,A,N,D,C,A,A,H,-,A,A,0,NA,NA,Y,NA,Y,NA,A,01,0,1,0,0,0,0,0,0,1,-,-,33.74658,-117.98088,ORANGE,UNINCORPORATED,-117.98088008,33.74660005
6946528,2015,2016-06-20,3001,2015-06-05,1605,0368,NA,5,5,7,3001,0,0,0,NA,0,0D4,S GLASSELL ST,E FRONTERA ST,192,S,N,A,-,N,NA,NA,NA,NA,NA,NA,NA,NA,NA,Y,4,0,1,2,A,-,08,22102,NA,M,-,C,A,A,H,-,A,D,0,NA,NA,NA,Y,Y,NA,F,26,0,0,1,0,0,0,0,0,0,-,-,NA,NA,ORANGE,ANAHEIM,-117.8542212,33.84582792
6946675,2015,2015-06-17,3015,2015-05-22,1137,1386,47W,5,5,6,3015,0,0,0,NA,0,711,N GLASSELL ST,RIVERBEND,0,NA,Y,B,-,N,NA,NA,NA,NA,NA,NA,NA,NA,NA,N,4,0,1,1,A,-,-,NA,NA,N,E,I,A,A,H,-,A,D,0,NA,NA,NA,NA,Y,NA,I,11,0,0,1,0,0,0,0,0,0,-,-,NA,NA,ORANGE,ORANGE,-117.85231013,33.84043011
6946900,2015,2015-06-16,3001,2015-05-21,2109,415,NA,4,5,7,3001,0,0,0,NA,0,0D2,EAST ST,KENWOOD AV,0,NA,Y,B,-,N,NA,NA,NA,NA,NA,NA,NA,NA,NA,Y,4,0,3,3,A,-,09,21801,A,N,D,C,A,A,H,-,C,D,0,NA,NA,NA,NA,Y,NA,D,22,0,0,3,0,0,0,0,0,0,-,-,NA,NA,ORANGE,ANAHEIM,-117.90671001,33.85181004
6946989,2015,2016-11-19,9670,2015-05-27,0631,18887,NA,3,1,6,3010,0,1,1,NA,2,043,RT 405,GOLDEN WEST ST,1000,S,N,B,-,Y,ORA,12,405,-,-,17.75,H,-,S,Y,3,0,1,2,A,-,03,22350,NA,N,C,C,A,A,H,-,A,D,1,NA,NA,Y,NA,Y,NA,C,02,0,1,0,0,0,0,0,0,1,-,-,33.73764,-117.99667,ORANGE,HUNTINGTON BEACH,-118.00488212,33.74456484
6948004,2015,2016-12-22,9670,2015-05-01,0613,13102,NA,5,1,7,3001,0,1,1,NA,2,502,RT 5,EUCLID ST,2324,N,N,B,-,Y,ORA,12,5,-,-,39.95,H,-,N,Y,2,0,1,1,A,-,08,22107,NA,N,E,I,A,A,H,-,B,D,6,NA,NA,NA,Y,Y,NA,F,26,1,0,0,0,0,0,0,0,0,-,-,33.83968,-117.9482,ORANGE,ANAHEIM,-117.94779962,33.83932301
6948594,2015,2015-06-24,3002,2015-05-15,1927,1631,526X,5,5,4,3002,0,0,0,NA,0,013,BREA BL,IMPERIAL HWY,285,N,N,A,B,N,NA,NA,NA,NA,NA,NA,NA,NA,NA,N,4,0,1,3,A,-,03,22350,NA,N,C,C,A,A,H,-,B,A,0,NA,NA,NA,NA,Y,NA,A,01,0,0,1,0,0,0,0,0,0,-,-,NA,NA,ORANGE,BREA,-117.90008272,33.91736497
6948598,2015,2015-06-23,3002,2015-05-23,0644,1598,431X,6,5,4,3002,0,0,0,NA,0,012,LAMBERT RD,SUNFLOWER ST,92,W,N,B,-,N,NA,NA,NA,NA,NA,NA,NA,NA,NA,Y,3,0,1,1,A,-,08,22107,NA,N,E,I,A,A,H,-,A,A,0,NA,NA,NA,NA,Y,NA,A,01,0,1,0,0,0,0,0,0,0,-,-,NA,NA,ORANGE,BREA,-117.8579695,33.92307526
6948971,2015,2015-07-16,3000,2015-05-28,0920,8737,922D3,4,5,5,3028,0,0,0,NA,0,751,OSO PKWY,PACIFIC HILLS,560,E,N,B,-,N,NA,NA,NA,NA,NA,NA,NA,NA,NA,Y,4,0,1,2,A,-,03,22350,NA,F,C,C,A,A,H,-,A,A,0,NA,NA,NA,NA,Y,NA,D,22,0,0,1,0,0,0,0,0,0,-,-,NA,NA,ORANGE,MISSION VIEJO,-117.65297885,33.5858588
6949140,2015,2015-07-02,3003,2015-05-01,2140,601,53,5,5,5,3003,0,0,0,NA,0,004,ORANGETHORPE AV,VALLEY VIEW ST,184,E,N,A,-,N,NA,NA,NA,NA,NA,NA,NA,NA,NA,Y,4,0,1,3,A,-,09,21804,A,N,D,C,A,A,H,-,C,D,0,NA,NA,NA,Y,Y,NA,-,NA,0,0,1,0,0,0,0,0,0,-,-,33.8586,-118.0279,ORANGE,BUENA PARK,-118.02889328,33.85874
6949751,2015,2015-06-30,3001,2015-05-13,1827,1373,NA,3,5,7,3001,0,0,0,NA,0,0D2,EAST LA PALMA AV,NORTH EAST ST,779,W,N,A,-,N,NA,NA,NA,NA,NA,NA,NA,NA,NA,N,3,0,1,2,A,-,00,21760,C,N,B,G,A,A,H,-,A,D,0,NA,Y,NA,NA,Y,NA,A,08,0,1,0,0,0,0,1,0,0,-,-,NA,NA,ORANGE,ANAHEIM,-117.90825953,33.84728871
6950152,2015,2015-06-17,3001,2015-05-19,1747,1740,NA,2,5,7,3001,0,0,0,NA,0,0D1,WEST ORANGE AV,S DANBROOK DR,180,W,N,A,-,N,NA,NA,NA,NA,NA,NA,NA,NA,NA,Y,3,0,4,4,A,-,03,22350,NA,N,C,C,A,A,H,-,A,D,0,NA,NA,NA,NA,Y,NA,A,07,0,3,1,0,0,0,0,0,0,-,-,NA,NA,ORANGE,ANAHEIM,-118.00885132,33.82458708
6950199,2015,2016-11-05,9675,2015-05-31,1110,18005,NA,7,1,6,3026,0,1,1,NA,2,046,RT 405,CULVER DR,60,S,N,A,-,Y,ORA,12,405,-,-,5.61,H,-,S,Y,4,0,1,1,A,-,01,23152,E,N,E,I,A,A,H,-,A,D,6,NA,NA,NA,NA,Y,NA,A,07,0,0,1,0,0,0,0,0,0,-,-,33.66937,-117.82247,ORANGE,IRVINE,-117.82274723,33.66932388
6950810,2015,2015-07-16,3001,2015-05-31,1935,731,D3,7,5,7,3001,0,0,0,NA,0,00H,SOUTH HARBOR BL,W DISNEY WY,210,S,N,A,-,N,NA,NA,NA,NA,NA,NA,NA,NA,NA,Y,4,0,1,2,A,-,03,22350,NA,N,C,C,A,A,H,-,A,A,0,NA,NA,NA,NA,Y,NA,A,01,0,0,1,0,0,0,0,0,0,-,-,NA,NA,ORANGE,ANAHEIM,-117.91523553,33.80644429
6951376,2015,2015-06-19,3000,2015-05-08,1505,3358,972E2,5,5,4,3018,0,0,0,NA,0,731,LA NOVIA,VIA CAPRI,404,E,N,A,-,N,NA,NA,NA,NA,NA,NA,NA,NA,NA,Y,4,0,1,1,A,-,08,22107,NA,N,E,I,A,A,H,-,A,D,0,NA,NA,NA,NA,Y,NA,A,01,0,0,1,0,0,0,0,0,0,-,-,NA,NA,ORANGE,SAN JUAN CAPISTRANO,-117.65206435,33.48942131
6951439,2015,2015-06-19,3000,2015-05-05,1420,5301,893C2,2,5,4,3048,0,0,0,NA,0,766,SANTA MARGARITA PKWY,AVENIDA DE LOS FUNDADORES,280,E,N,A,-,N,NA,NA,NA,NA,NA,NA,NA,NA,NA,N,4,0,1,2,A,-,03,22350,NA,N,C,C,A,A,H,-,A,A,0,NA,NA,NA,NA,Y,NA,A,01,0,0,1,0,0,0,0,0,0,-,-,NA,NA,ORANGE,RANCHO SANTA MARGARITA,-117.58515253,33.6487908
6954210,2015,2016-11-29,9670,2015-06-19,1530,13123,NA,5,2,4,3020,0,1,1,NA,2,045,RT 405,SAN GABRIEL RIVER,100,S,N,A,-,Y,ORA,12,405,-,-,24.16,H,-,S,N,4,0,2,2,A,-,03,22350,NA,N,C,C,A,A,H,-,A,D,1,NA,NA,NA,NA,Y,NA,A,07,0,0,2,0,0,0,0,0,0,-,-,33.7849,-118.0932,ORANGE,SEAL BEACH,-118.09297987,33.78563989
6954237,2015,2017-01-18,9670,2015-06-16,1644,20809,NA,2,2,5,3003,0,1,3,NA,2,092,RT 91,BEACH BL,1200,W,N,A,-,Y,ORA,12,91,-,R,2.16,H,-,E,Y,4,0,1,2,A,-,03,22350,NA,M,C,C,A,A,H,-,A,D,1,NA,NA,NA,NA,Y,NA,-,99,0,0,1,0,0,0,0,0,0,-,-,33.85574,-118.00118,ORANGE,BUENA PARK,-118.00592792,33.85593258
6954905,2015,2015-07-01,3008,2015-04-24,1201,1468,22,5,5,6,3008,0,0,0,NA,0,NA,HARBOR BL,HOUSTON AV,35,N,N,B,-,N,NA,NA,NA,NA,NA,NA,NA,NA,NA,Y,4,0,1,3,A,-,03,22350,NA,N,B,C,A,B,H,-,A,A,0,NA,NA,NA,NA,Y,NA,A,01,0,0,1,0,0,0,0,0,0,-,-,NA,NA,ORANGE,FULLERTON,-117.92435,33.85551595
6955439,2015,2016-11-19,9675,2015-05-27,0750,015011,NA,3,1,6,3004,0,1,3,NA,2,553,RT 55,RT 73,900,N,N,B,-,Y,ORA,12,55,-,R,4.92,H,-,N,Y,3,0,1,2,A,-,07,21658,A,N,B,C,A,A,H,-,A,D,1,NA,NA,Y,NA,Y,NA,A,07,0,1,0,0,0,0,0,0,1,-,-,33.67504,-117.88409,ORANGE,COSTA MESA,-117.88393972,33.67520073
6956262,2015,2015-06-23,3008,2015-05-28,1901,1117,NA,4,5,6,3008,0,0,0,NA,0,0Z2,SKYLINE DR,LONGVIEW DR,0,NA,Y,A,-,N,NA,NA,NA,NA,NA,NA,NA,NA,NA,N,4,0,1,2,A,-,09,21802,A,N,D,G,A,A,H,-,A,D,0,NA,Y,NA,NA,Y,NA,D,22,0,0,1,0,0,0,1,0,0,-,-,NA,NA,ORANGE,FULLERTON,-117.91535012,33.88584006
6956778,2015,2015-10-16,3009,2015-05-29,1138,3700,134,5,5,6,3009,0,0,0,NA,0,NA,WEST ST,GARDEN GROVE BL,30,N,N,A,-,N,NA,NA,NA,NA,NA,NA,NA,NA,NA,N,4,0,2,2,A,-,09,21801,A,N,D,C,A,A,H,-,A,A,0,NA,NA,NA,NA,Y,NA,A,01,0,0,2,0,0,0,0,0,0,-,-,NA,NA,ORANGE,GARDEN GROVE,-117.92350316,33.77451205
6958136,2015,2015-06-23,3015,2015-05-26,1645,1352,51,2,5,6,3015,0,0,0,NA,0,0W3,N MAIN ST,MAPLE AV,125,N,N,A,-,N,NA,NA,NA,NA,NA,NA,NA,NA,NA,N,2,0,1,2,A,-,08,22107,NA,N,D,G,A,A,H,-,A,-,0,NA,Y,NA,NA,Y,NA,L,04,1,0,0,0,0,0,1,0,0,-,-,NA,NA,ORANGE,ORANGE,-117.86655,33.79002268
6960081,2015,2015-07-02,3004,2015-06-11,1759,P535,88,4,5,6,3004,0,0,0,NA,0,008,ARLINGTON DR,FAIRVIEW RD,0,NA,Y,A,-,N,NA,NA,NA,NA,NA,NA,NA,NA,NA,N,4,0,1,2,A,-,12,21453,A,N,D,C,A,A,H,-,A,A,0,NA,NA,NA,NA,Y,NA,A,01,0,0,1,0,0,0,0,0,0,-,-,33.669,-117.9075,ORANGE,COSTA MESA,-117.90780013,33.66882009
6960105,2015,2015-07-02,3007,2015-06-09,1221,250,37,2,5,5,3007,0,0,0,NA,0,002,WARNER,EUCLID,327,E,N,A,-,N,NA,NA,NA,NA,NA,NA,NA,NA,NA,N,4,0,1,2,A,-,05,21650,1,N,D,G,A,A,H,-,A,D,0,NA,Y,NA,NA,Y,NA,L,04,0,0,1,0,0,0,1,0,0,-,-,NA,NA,ORANGE,FOUNTAIN VALLEY,-117.93614735,33.71647
6960412,2015,2015-06-29,3001,2015-05-29,1720,0368,NA,5,5,7,3001,0,0,0,NA,0,0D1,LINCOLN,N CRESCENT WY,179,E,N,A,-,N,NA,NA,NA,NA,NA,NA,NA,NA,NA,N,3,0,1,2,B,-,22,NA,NA,N,-,G,A,A,H,-,A,D,0,NA,Y,NA,NA,Y,NA,L,04,0,1,0,0,0,0,1,0,0,-,-,NA,NA,ORANGE,ANAHEIM,-117.94670194,33.83257
6962342,2015,2015-07-01,9675,2015-06-03,1050,14497,NA,3,1,9,3000,0,3,5,NA,2,001,LINCOLN AV,ORANGE OLIVE RD,0,NA,Y,A,-,N,NA,NA,NA,NA,NA,NA,NA,NA,NA,Y,3,0,1,2,A,-,03,22350,NA,N,C,C,A,A,H,-,A,A,0,NA,NA,NA,NA,Y,NA,A,01,0,1,0,0,0,0,0,0,0,-,-,33.83624,-117.8465,ORANGE,UNINCORPORATED,-117.84629003,33.83619008
6962515,2015,2015-07-13,9675,2015-06-07,1330,020738,NA,7,1,9,3000,0,3,5,NA,2,001,BREA BL,TONNER CANYON RD,0,NA,Y,A,-,N,NA,NA,NA,NA,NA,NA,NA,NA,NA,Y,3,0,3,2,A,-,09,21802,A,N,D,C,A,A,H,-,A,A,0,NA,NA,NA,NA,Y,NA,A,01,0,1,2,0,0,0,0,0,0,-,-,33.94072,-117.87809,ORANGE,UNINCORPORATED,-117.878682,33.940776
6962949,2015,2016-12-10,9670,2015-06-08,1450,16199,NA,1,2,6,3009,0,1,3,NA,2,024,RT 22,GARDEN GROVE BL,1056,E,N,A,-,Y,ORA,12,22,-,R,9.09,H,-,E,N,4,0,2,2,A,-,07,21658,A,N,C,C,A,A,H,-,A,D,1,NA,NA,NA,Y,Y,NA,A,01,0,0,2,0,0,0,0,0,0,-,-,33.77524,-117.90278,ORANGE,GARDEN GROVE,-117.9013649,33.77621261
6964465,2015,2016-11-29,9670,2015-06-01,1220,12956,NA,1,1,5,3007,0,1,1,NA,2,040,RT 405,SANTA ANA RIVER,200,S,N,A,-,Y,ORA,12,405,-,-,12.38,H,-,N,Y,3,0,1,2,A,-,03,22350,NA,N,C,C,A,A,H,-,A,D,0,NA,NA,NA,NA,Y,NA,A,01,0,1,0,0,0,0,0,0,0,-,-,33.69583,-117.9351,ORANGE,FOUNTAIN VALLEY,-117.93360755,33.69520155
6965409,2015,2015-07-13,3000,2015-06-04,1837,5013,892A1,4,5,5,3050,0,0,0,NA,0,760,CANADA RD,BIRENDRA,837,W,N,A,-,N,NA,NA,NA,NA,NA,NA,NA,NA,NA,N,2,0,1,2,A,-,08,22107,NA,N,H,G,A,A,H,-,A,D,0,NA,Y,NA,NA,Y,NA,L,04,1,0,0,0,0,0,1,0,0,-,-,NA,NA,ORANGE,LAKE FOREST,-117.67708171,33.65597991
6965413,2015,2015-07-13,3000,2015-06-04,1838,5013,892A1,4,5,5,3050,0,0,0,NA,0,760,CANADA RD,BIRENDRA,0,W,N,A,-,N,NA,NA,NA,NA,NA,NA,NA,NA,NA,N,3,0,2,2,A,-,03,22350,NA,N,H,G,A,A,H,-,A,D,0,NA,Y,NA,NA,Y,NA,L,04,0,2,0,0,0,0,2,0,0,-,-,NA,NA,ORANGE,LAKE FOREST,-117.67536004,33.65776011
6965819,2015,2015-07-13,3010,2015-06-13,1358,1226,292,6,5,6,3010,0,0,0,NA,0,005,GOTHARD ST,ELLIS AV,0,NA,Y,A,-,N,NA,NA,NA,NA,NA,NA,NA,NA,NA,Y,4,0,4,2,A,-,12,21453,A,N,A,C,A,A,H,-,A,A,0,NA,NA,NA,NA,Y,NA,A,01,0,0,4,0,0,0,0,0,0,-,-,NA,NA,ORANGE,HUNTINGTON BEACH,-117.99978002,33.69384001
6966611,2015,2015-07-07,3016,2015-06-16,1015,1241,19,2,5,5,3016,0,0,0,NA,0,002,PLACENTIA AV,FENDER AV,0,NA,Y,A,-,N,NA,NA,NA,NA,NA,NA,NA,NA,NA,Y,4,0,2,2,A,-,09,21801,A,N,D,C,A,A,H,-,A,A,0,NA,NA,NA,NA,Y,NA,D,22,0,0,2,0,0,0,0,0,0,-,-,NA,NA,ORANGE,PLACENTIA,-117.88066005,33.86816008
6966651,2015,2016-12-14,9690,2015-04-09,2217,20623,NA,4,3,5,3028,0,1,1,NA,2,056,RT 5,CROWN VALLEY PKWY,2112,N,N,A,-,Y,ORA,12,5,-,-,14.18,H,-,S,Y,3,0,1,2,A,-,01,23152,A,N,C,C,A,A,H,-,D,D,1,NA,NA,NA,NA,Y,Y,A,01,0,1,0,0,0,0,0,0,0,-,-,33.56366,-117.67289,ORANGE,MISSION VIEJO,-117.67257336,33.56502642
6966652,2015,2016-11-09,9690,2015-04-24,1700,20125,NA,5,2,9,3000,0,1,3,NA,2,011,RT 1,EL MORRO CYN RD,50,N,N,B,-,Y,ORA,12,1,-,-,11.9,H,-,S,Y,3,0,1,3,A,-,03,22350,NA,N,C,C,A,A,H,-,A,A,0,NA,NA,NA,NA,Y,NA,A,01,0,1,0,0,0,0,0,0,0,-,-,33.96468,-117.82669,ORANGE,UNINCORPORATED,-117.82176943,33.56066977
6966671,2014,2015-06-26,9690,2014-04-24,1410,19361,NA,4,2,4,3018,0,1,1,NA,2,057,RT 5,RT 74,3168,N,N,B,-,Y,NA,NA,5,NA,NA,NA,NA,NA,NA,N,4,0,1,2,A,-,03,22350,NA,N,C,C,A,A,D,-,A,D,0,NA,NA,NA,NA,Y,NA,A,01,0,0,1,0,0,0,0,0,0,-,-,33.51019,-117.66163,ORANGE,SAN JUAN CAPISTRANO,-117.66149901,33.51024426
6966717,2015,2015-07-07,3015,2015-06-06,1512,919,184,6,5,6,3015,0,0,0,NA,0,712M,EAST CHAPMAN AV,TRAILS END LN,391,W,N,A,-,N,NA,NA,NA,NA,NA,NA,NA,NA,NA,Y,4,0,1,2,C,-,18,NA,NA,N,E,J,A,A,H,-,A,D,0,NA,NA,NA,NA,Y,NA,-,-,0,0,1,0,0,0,0,0,0,-,-,NA,NA,ORANGE,ORANGE,-117.76834378,33.79412337
6967026,2015,2015-07-07,3000,2015-05-07,2342,7734,892A6,4,5,5,3028,0,0,0,NA,0,755,ALICIA PKY,JERONIMO RD,0,NA,Y,B,-,N,NA,NA,NA,NA,NA,NA,NA,NA,NA,Y,4,0,1,2,A,-,12,21453,A,N,D,C,A,B,H,-,C,A,0,NA,NA,NA,Y,Y,NA,A,01,0,0,1,0,0,0,0,0,0,-,-,NA,NA,ORANGE,MISSION VIEJO,-117.67836006,33.61516004
6967334,2015,2015-06-30,3012,2015-06-09,1912,288,15,2,5,5,3012,0,0,0,NA,0,0NW,IDAHO ST,HIGHLANDER AV,0,NA,Y,B,C,N,NA,NA,NA,NA,NA,NA,NA,NA,NA,Y,3,0,2,2,A,-,09,21802,A,N,D,C,A,B,H,-,-,A,0,NA,NA,NA,NA,Y,NA,A,01,0,1,1,0,0,0,0,0,0,-,-,NA,NA,ORANGE,LA HABRA,-117.95920005,33.93548011
6968785,2015,2015-07-13,3012,2015-06-12,1633,288,25,5,5,5,3012,0,0,0,NA,0,0NE,LOIS ST,ROSE AV,0,NA,Y,A,-,N,NA,NA,NA,NA,NA,NA,NA,NA,NA,Y,4,0,2,2,A,-,09,21800,A,N,D,C,A,A,H,-,A,D,0,NA,NA,NA,NA,Y,NA,A,01,0,0,2,0,0,0,0,0,0,-,-,NA,NA,ORANGE,LA HABRA,-117.9478201,33.93595007
6968979,2015,2015-07-13,3001,2015-06-13,0852,1555,NA,6,5,7,3001,0,0,0,NA,0,021,EUCLID ST,GLEN ST,74,N,N,B,-,N,NA,NA,NA,NA,NA,NA,NA,NA,NA,N,3,0,2,2,A,-,03,22350,NA,N,C,C,A,A,H,-,A,D,0,NA,NA,NA,NA,Y,NA,A,07,0,1,1,0,0,0,0,0,0,-,-,NA,NA,ORANGE,ANAHEIM,-117.94167369,33.84840286
6971949,2015,2016-12-14,9690,2015-05-23,1350,18479,NA,6,1,5,3028,0,1,1,NA,2,056,RT 5,OSO PKWY,1500,S,N,A,-,Y,ORA,12,5,-,-,14.94,H,-,S,N,4,0,1,4,A,-,03,22350,NA,N,C,C,A,A,H,-,A,D,1,NA,NA,NA,NA,Y,NA,A,07,0,0,1,0,0,0,0,0,0,-,-,33.5487,-117.67239,ORANGE,MISSION VIEJO,-117.67197083,33.57608665
6971970,2015,2016-12-08,9690,2015-05-25,1137,16128,NA,1,1,5,3017,0,1,1,NA,2,059,RT 5,AVENIDA PICO,750,S,N,B,-,Y,ORA,12,5,-,-,3.2,H,-,N,N,4,0,2,2,D,-,00,NA,NA,N,B,C,A,A,H,-,A,D,1,NA,NA,Y,NA,Y,NA,-,-,0,0,2,0,0,0,0,0,2,-,-,33.43684,-117.61885,ORANGE,SAN CLEMENTE,-117.61946155,33.43727443
6971983,2015,2016-11-19,9690,2015-05-10,0948,018646,NA,7,1,5,3017,0,1,1,NA,2,059,RT 5,AVENIDA PICO,700,N,N,A,-,Y,ORA,12,5,-,-,3.52,H,-,N,Y,3,0,2,3,A,-,03,22350,NA,N,C,C,A,A,D,-,A,D,1,NA,NA,NA,NA,Y,NA,A,08,0,1,1,0,0,0,0,0,0,-,-,33.43995,-117.62399,ORANGE,SAN CLEMENTE,-117.62387712,33.43985032
6972824,2015,2016-12-12,9675,2015-06-21,2020,19979,NA,7,2,7,3001,0,1,3,NA,2,095,RT 91,WEIR CANYON,500,E,N,A,-,Y,ORA,12,91,-,R,13.55,H,-,E,N,4,0,1,2,A,-,03,22350,NA,N,C,C,A,A,H,-,C,D,1,NA,NA,NA,NA,Y,NA,A,01,0,0,1,0,0,0,0,0,0,-,-,33.86865,-117.72954,ORANGE,ANAHEIM,-117.75961244,33.86843128
6972852,2015,2016-11-19,9675,2015-06-16,0925,15914,NA,2,1,5,3022,0,1,3,NA,2,551,RT 55,1ST ST,50,N,N,A,-,Y,ORA,12,55,-,-,10.79,H,-,S,Y,4,0,3,3,A,-,03,22350,NA,N,C,C,A,A,H,-,A,D,6,NA,NA,NA,NA,Y,NA,A,01,0,0,3,0,0,0,0,0,0,-,-,33.74554,-117.83348,ORANGE,TUSTIN,-117.83324285,33.7455546
6974409,2015,2015-07-08,3001,2015-06-18,0902,A1158,NA,4,5,7,3001,0,0,0,NA,0,0D2,BROADWAY,WEST ST,0,NA,Y,A,-,N,NA,NA,NA,NA,NA,NA,NA,NA,NA,Y,4,0,1,2,A,-,12,21453,A,N,D,C,A,A,H,-,A,A,0,NA,NA,NA,NA,Y,NA,A,08,0,0,1,0,0,0,0,0,0,-,-,NA,NA,ORANGE,ANAHEIM,-117.92637003,33.83030006
6975842,2015,2017-01-18,9675,2015-06-18,1728,19407,NA,4,2,7,3001,0,1,3,NA,2,194,RT 91,COAL CANYON RD,1200,E,N,A,-,Y,ORA,12,91,-,R,18.2,H,-,E,Y,4,0,1,4,A,-,03,22350,NA,N,E,J,A,A,C,-,A,D,1,NA,NA,NA,NA,Y,NA,A,01,0,0,1,0,0,0,0,0,0,-,-,33.87025,-117.66967,ORANGE,ANAHEIM,-117.68322304,33.87024083
6975869,2015,2016-11-03,9675,2015-06-24,1615,17192,NA,3,2,9,3000,0,1,1,NA,2,405,RT 405,RED HILL AV,200,N,N,A,-,Y,ORA,12,405,-,-,8.48,H,-,N,N,3,0,1,2,A,-,03,22350,NA,N,C,C,A,A,H,-,A,D,6,NA,NA,NA,NA,Y,NA,A,01,0,1,0,0,0,0,0,0,0,-,-,33.68721,-117.87402,ORANGE,UNINCORPORATED,-117.86772079,33.68718147
6976565,2015,2015-07-13,3010,2015-06-20,1117,1109,241,6,5,6,3010,0,0,0,NA,0,009,GOLDENWEST,EDINGER,333,N,N,A,-,N,NA,NA,NA,NA,NA,NA,NA,NA,NA,Y,4,0,1,2,A,-,03,22350,NA,N,C,C,A,A,H,-,A,D,0,NA,NA,NA,NA,Y,NA,A,01,0,0,1,0,0,0,0,0,0,-,-,NA,NA,ORANGE,HUNTINGTON BEACH,-118.00679,33.73101279
6978164,2015,2016-11-19,9670,2015-06-23,0825,12956,NA,2,1,5,3024,0,1,1,NA,2,041,RT 405,HEIL AV,200,N,N,A,-,Y,ORA,12,405,-,-,15.51,H,-,S,Y,3,0,1,2,A,-,07,21658,A,N,B,C,A,A,H,-,A,D,1,NA,NA,Y,NA,Y,NA,A,01,0,1,0,0,0,0,0,0,1,-,-,33.72337,-117.97616,ORANGE,WESTMINSTER,-117.97577912,33.72302383
6978381,2015,2015-07-15,3010,2015-06-15,0207,2116,455,1,5,6,3010,0,0,0,NA,0,002,ATLANTA,BEACHWOOD,388,E,N,B,-,N,NA,NA,NA,NA,NA,NA,NA,NA,NA,N,3,0,1,1,A,-,08,22107,NA,N,F,J,A,A,H,-,A,D,0,NA,Y,NA,NA,Y,Y,L,04,0,1,0,0,0,0,1,0,0,-,-,NA,NA,ORANGE,HUNTINGTON BEACH,-117.96692801,33.65776
6978389,2015,2016-11-09,3010,2015-06-06,2016,2116,496,6,5,6,3010,0,0,0,NA,0,002,RT 1,BROOKHURST,0,NA,Y,A,-,Y,ORA,12,1,-,-,22.09,I,5,S,Y,4,0,3,2,A,-,12,21453,A,N,A,C,A,-,H,-,C,A,0,NA,NA,NA,NA,Y,NA,A,07,0,0,3,0,0,0,0,0,0,-,-,NA,NA,ORANGE,HUNTINGTON BEACH,-117.96416156,33.63520646
6978916,2015,2015-07-10,3004,2015-06-11,0832,P573,32,4,5,6,3004,0,0,0,NA,0,015,AVENUE OF THE ARTS,ANTON BL,10,S,N,B,-,N,NA,NA,NA,NA,NA,NA,NA,NA,NA,N,3,0,1,2,A,-,09,21453,B,N,D,G,A,A,H,-,A,A,0,NA,Y,NA,NA,Y,NA,A,07,0,1,0,0,0,0,1,0,0,-,-,NA,NA,ORANGE,COSTA MESA,-117.880964,33.690139