CASE_ID,ACCIDENT_YEAR,PROC_DATE,JURIS,COLLISION_DATE,COLLISION_TIME,OFFICER_ID,REPORTING_DISTRICT,DAY_OF_WEEK,CHP_SHIFT,POPULATION,CNTY_CITY_LOC,SPECIAL_COND,BEAT_TYPE,CHP_BEAT_TYPE,CITY_DIVISION_LAPD,CHP_BEAT_CLASS,BEAT_NUMBER,PRIMARY_RD,SECONDARY_RD,DISTANCE,DIRECTION,INTERSECTION,WEATHER_1,WEATHER_2,STATE_HWY_IND,CALTRANS_COUNTY,CALTRANS_DISTRICT,STATE_ROUTE,ROUTE_SUFFIX,POSTMILE_PREFIX,POSTMILE,LOCATION_TYPE,RAMP_INTERSECTION,SIDE_OF_HWY,TOW_AWAY,COLLISION_SEVERITY,NUMBER_KILLED,NUMBER_INJURED,PARTY_COUNT,PRIMARY_COLL_FACTOR,PCF_CODE_OF_VIOL,PCF_VIOL_CATEGORY,PCF_VIOLATION,PCF_VIOL_SUBSECTION,HIT_AND_RUN,TYPE_OF_COLLISION,MVIW,PED_ACTION,ROAD_SURFACE,ROAD_COND_1,ROAD_COND_2,LIGHTING,CONTROL_DEVICE,CHP_ROAD_TYPE,PEDESTRIAN_ACCIDENT,BICYCLE_ACCIDENT,MOTORCYCLE_ACCIDENT,TRUCK_ACCIDENT,NOT_PRIVATE_PROPERTY,ALCOHOL_INVOLVED,STWD_VEHTYPE_AT_FAULT,CHP_VEHTYPE_AT_FAULT,COUNT_SEVERE_INJ,COUNT_VISIBLE_INJ,COUNT_COMPLAINT_PAIN,COUNT_PED_KILLED,COUNT_PED_INJURED,COUNT_BICYCLIST_KILLED,COUNT_BICYCLIST_INJURED,COUNT_MC_KILLED,COUNT_MC_INJURED,PRIMARY_RAMP,SECONDARY_RAMP,LATITUDE,LONGITUDE,COUNTY,CITY,POINT_X,POINT_Y
7191142,2016,2016-02-23,3001,2016-02-07,0100,415,NA,7,5,7,3001,0,0,0,NA,0,0D2,EAST SANTA ANA ST,S BOND ST,0,NA,Y,A,-,N,NA,NA,NA,NA,NA,NA,NA,NA,NA,Y,3,0,2,2,A,-,12,22450,A,N,B,C,A,A,H,-,C,A,0,NA,NA,NA,NA,Y,NA,A,08,0,2,0,0,0,0,0,0,0,-,-,NA,NA,ORANGE,ANAHEIM,-117.89660006,33.83477001
7191146,2016,2016-02-23,3001,2016-02-09,0807,0300,NA,2,5,7,3001,0,0,0,NA,0,0D2,NORTH STATE COLLEGE BL,EAST LA PALMA AV,18,S,N,A,-,N,NA,NA,NA,NA,NA,NA,NA,NA,NA,N,3,0,1,2,A,-,10,21950,A,N,G,B,B,A,H,-,A,A,0,Y,NA,NA,NA,Y,NA,A,01,0,1,0,0,1,0,0,0,0,-,-,NA,NA,ORANGE,ANAHEIM,-117.88929964,33.84721065
7191302,2016,2016-03-25,3010,2016-02-07,2205,1226,464,7,5,6,3010,0,0,0,NA,0,002,ATLANTA,NEWLAND,0,NA,Y,A,-,N,NA,NA,NA,NA,NA,NA,NA,NA,NA,Y,3,0,4,2,A,-,12,21453,A,N,D,C,A,A,H,-,C,A,0,NA,NA,NA,NA,Y,NA,-,-,0,1,3,0,0,0,0,0,0,-,-,NA,NA,ORANGE,HUNTINGTON BEACH,-117.97974006,33.65768008
7191670,2016,2016-03-01,3000,2016-01-23,2140,2849,862C7,6,5,5,3050,0,0,0,NA,0,762,CRANBROOKE DR,EASTRIDGE DR,129,E,N,B,-,N,NA,NA,NA,NA,NA,NA,NA,NA,NA,Y,3,0,1,2,A,-,08,22107,NA,N,B,E,A,A,H,-,C,D,0,NA,NA,NA,NA,Y,NA,A,07,0,1,0,0,0,0,0,0,0,-,-,NA,NA,ORANGE,LAKE FOREST,-117.65504036,33.65823386
7191681,2016,2016-02-29,3000,2016-01-22,1935,2742,992J4,5,5,5,3017,0,0,0,NA,0,778,AVENIDA DE LA ESTRELLA,AVENIDA CABRILLO,54,S,N,A,-,N,NA,NA,NA,NA,NA,NA,NA,NA,NA,N,3,0,1,3,A,-,09,21804,A,N,F,C,A,A,H,-,C,D,0,NA,NA,Y,NA,Y,NA,A,07,0,1,0,0,0,0,0,0,1,-,-,NA,NA,ORANGE,SAN CLEMENTE,-117.61263156,33.42830322
7191688,2016,2016-02-29,3011,2016-02-09,2115,31188,35,2,5,4,3011,0,0,0,NA,0,001,FOREST AV,OCEAN AV,0,NA,Y,A,-,N,NA,NA,NA,NA,NA,NA,NA,NA,NA,Y,2,0,1,2,A,-,10,21950,A,N,G,B,D,A,G,-,E,D,0,Y,NA,NA,NA,Y,NA,A,01,1,0,0,0,1,0,0,0,0,-,-,NA,NA,ORANGE,LAGUNA BEACH,-117.78170012,33.54584003
7191755,2016,2016-02-29,3000,2016-02-12,0855,1644,891D6,5,5,4,3045,0,0,0,NA,0,6M47,RIDGE ROUTE,MOULTON PKWY,0,NA,Y,A,-,N,NA,NA,NA,NA,NA,NA,NA,NA,NA,Y,2,0,1,1,A,-,03,22350,NA,N,A,I,A,A,H,-,A,D,0,NA,NA,NA,NA,Y,NA,A,01,1,0,0,0,0,0,0,0,0,-,-,NA,NA,ORANGE,LAGUNA HILLS,-117.73142003,33.62104004
7191850,2016,2017-02-16,3010,2016-01-23,0523,1203,472,6,5,6,3010,0,0,0,NA,0,002,RT 1,RT 39,0,NA,Y,A,-,Y,ORA,12,1,-,-,23.739,I,5,N,Y,3,0,2,2,A,-,12,22450,A,N,A,C,A,A,H,-,C,A,0,NA,NA,NA,NA,Y,NA,A,01,0,1,1,0,0,0,0,0,0,-,-,NA,NA,ORANGE,HUNTINGTON BEACH,-117.98821272,33.64865144
7192548,2016,2016-02-24,3015,2016-02-16,1514,919,13N,2,5,6,3015,0,0,0,NA,0,712,E ALMOND AV,S ORANGE ST,0,NA,Y,A,-,N,NA,NA,NA,NA,NA,NA,NA,NA,NA,N,4,0,1,2,A,-,09,21802,A,N,D,C,A,A,H,-,A,A,0,NA,NA,NA,NA,Y,NA,A,01,0,0,1,0,0,0,0,0,0,-,-,NA,NA,ORANGE,ORANGE,-117.85202013,33.78605002
7192561,2016,2016-02-23,3026,2016-01-27,1750,555,4,3,5,6,3026,0,0,0,NA,0,00C,JEFFREY RD,WALNUT AV,38,S,N,A,-,N,NA,NA,NA,NA,NA,NA,NA,NA,NA,Y,3,0,2,2,D,-,00,NA,NA,N,D,C,A,A,H,-,C,A,0,NA,NA,NA,NA,Y,NA,-,-,0,1,1,0,0,0,0,0,0,-,-,NA,NA,ORANGE,IRVINE,-117.76993204,33.6885016
7192789,2016,2016-02-24,3009,2016-02-09,0924,3739,85,2,5,6,3009,0,0,0,NA,0,1-3,MAGNOLIA ST,CENTRAL AV,83,N,N,A,-,N,NA,NA,NA,NA,NA,NA,NA,NA,NA,Y,4,0,2,3,A,-,03,22350,NA,N,C,E,A,A,H,-,A,D,0,NA,NA,NA,NA,Y,NA,A,01,0,0,2,0,0,0,0,0,0,-,-,NA,NA,ORANGE,GARDEN GROVE,-117.97247,33.77082756
7193159,2016,2016-03-04,3004,2016-02-11,0157,P422,11,4,5,6,3004,0,0,0,NA,0,NA,HARBOR BL,19TH ST,30,S,N,A,-,N,NA,NA,NA,NA,NA,NA,NA,NA,NA,N,4,0,1,1,A,-,01,23152,A,N,E,I,A,A,H,-,C,A,0,NA,NA,NA,NA,Y,Y,A,01,0,0,1,0,0,0,0,0,0,-,-,33.6429,-117.9187,ORANGE,COSTA MESA,-117.91897,33.64340775
7193287,2016,2016-03-10,3014,2016-02-04,1424,1046,RD36,4,5,5,3014,0,0,0,NA,0,0A3,JAMBOREE RD,UNIVERSITY DR,460,S,N,A,-,N,NA,NA,NA,NA,NA,NA,NA,NA,NA,Y,4,0,1,3,A,-,03,22350,NA,N,C,C,A,A,H,-,A,D,0,NA,NA,NA,NA,Y,NA,A,07,0,0,1,0,0,0,0,0,0,-,-,33.6459,-117.8669,ORANGE,NEWPORT BEACH,-117.86690637,33.64587769
7194184,2016,2016-03-11,3019,2016-02-05,0839,2460,SE,5,5,7,3019,0,0,0,NA,0,003,GRAND AV,SAINT GERTRUDE PL,0,NA,Y,A,-,N,NA,NA,NA,NA,NA,NA,NA,NA,NA,Y,4,0,3,3,A,-,09,21804,A,N,A,C,A,A,H,-,A,A,0,NA,NA,NA,NA,Y,NA,A,01,0,0,3,0,0,0,0,0,0,-,-,33.71951,-117.8505,ORANGE,SANTA ANA,-117.85056009,33.71955011
7194551,2016,2016-03-04,3019,2016-02-16,0714,1561,SE,2,5,7,3019,0,0,0,NA,0,003,GRAND AV,HOTEL TER DR,241,S,N,A,-,N,NA,NA,NA,NA,NA,NA,NA,NA,NA,Y,4,0,1,2,A,-,07,21658,A,N,B,C,A,A,H,-,A,D,0,NA,NA,NA,NA,Y,NA,K,45,0,0,1,0,0,0,0,0,0,-,-,33.71219,-117.85073,ORANGE,SANTA ANA,-117.85061456,33.71158936
7194559,2016,2016-03-03,3019,2016-02-11,0254,3316,56,4,5,7,3019,0,0,0,NA,0,002,MCFADDEN AV,SPRUCE ST,265,W,N,A,-,N,NA,NA,NA,NA,NA,NA,NA,NA,NA,Y,4,0,1,4,A,-,08,22107,NA,N,C,E,A,A,H,-,C,D,0,NA,NA,NA,NA,Y,NA,A,01,0,0,1,0,0,0,0,0,0,-,-,NA,NA,ORANGE,SANTA ANA,-117.89084953,33.73448259
7195664,2016,2016-02-29,3002,2016-01-28,1415,1643,428Y,4,5,4,3002,0,0,0,NA,0,013,BIRCH ST,BREA MALL RD,0,NA,Y,A,-,N,NA,NA,NA,NA,NA,NA,NA,NA,NA,Y,3,0,2,2,D,-,00,NA,NA,N,D,C,A,A,H,-,A,A,0,NA,NA,NA,NA,Y,NA,-,-,0,1,1,0,0,0,0,0,0,-,-,NA,NA,ORANGE,BREA,-117.88631,33.91784
7197309,2016,2016-03-02,3013,2016-02-04,1605,194,NA,4,5,3,3013,0,0,0,NA,0,00N,CERRITOS AV,CHESTNUT ST,0,NA,Y,A,-,N,NA,NA,NA,NA,NA,NA,NA,NA,NA,Y,4,0,2,2,A,-,08,22101,D,N,D,C,A,A,H,-,A,-,0,NA,NA,Y,NA,Y,NA,C,02,0,0,2,0,0,0,0,0,2,-,-,NA,NA,ORANGE,LOS ALAMITOS,-118.07314005,33.81038011
7197844,2016,2016-03-11,3019,2016-02-18,1836,3325,SC,4,5,7,3019,0,0,0,NA,0,003,FAIRVIEW AV,16TH ST,200,S,N,A,-,N,NA,NA,NA,NA,NA,NA,NA,NA,NA,N,4,0,1,3,A,-,03,22350,NA,N,C,C,A,A,H,-,C,D,0,NA,NA,NA,NA,Y,NA,A,07,0,0,1,0,0,0,0,0,0,-,-,NA,NA,ORANGE,SANTA ANA,-117.90284488,33.75774176
7197879,2016,2016-03-11,3019,2016-02-20,1645,2774,SC,6,5,7,3019,0,0,0,NA,0,004,WARNER,PACIFIC,0,NA,Y,A,-,N,NA,NA,NA,NA,NA,NA,NA,NA,NA,Y,4,0,1,2,A,-,12,21453,A,N,A,C,A,A,H,-,A,A,0,NA,NA,NA,NA,Y,NA,A,07,0,0,1,0,0,0,0,0,0,-,-,NA,NA,ORANGE,SANTA ANA,-117.88794013,33.71629008
7197889,2016,2017-02-16,3003,2016-02-14,0519,1159,NA,7,5,5,3003,0,0,0,NA,0,001,BEACH BL,RT 5,0,NA,Y,A,-,Y,ORA,12,5,-,-,43.642,R,4,S,Y,4,0,1,2,A,-,12,21453,A,N,D,C,A,A,H,-,C,A,0,NA,NA,NA,NA,Y,NA,A,01,0,0,1,0,0,0,0,0,0,-,SF,33.51579,-117.5952,ORANGE,BUENA PARK,-118.001273,33.86779239
7197913,2016,2016-03-11,3019,2016-02-22,1847,3151,WE,1,5,7,3019,0,0,0,NA,0,001,MCFADDEN AV,NEWHOPE ST,0,NA,Y,A,-,N,NA,NA,NA,NA,NA,NA,NA,NA,NA,Y,3,0,2,2,A,-,09,21801,A,N,D,C,A,A,H,-,C,A,0,NA,NA,NA,NA,Y,NA,D,22,0,1,1,0,0,0,0,0,0,-,-,33.73823,-117.92898,ORANGE,SANTA ANA,-117.92865003,33.73823012
7198951,2016,2016-03-21,3026,2016-02-19,1350,444,NA,5,5,6,3026,0,0,0,NA,0,00C,IRVINE CENTER DR,ORANGETREE,0,NA,Y,A,-,N,NA,NA,NA,NA,NA,NA,NA,NA,NA,Y,4,0,2,2,A,-,12,21453,A,N,D,C,A,-,H,-,A,A,0,NA,NA,NA,NA,Y,NA,A,01,0,0,2,0,0,0,0,0,0,-,-,NA,NA,ORANGE,IRVINE,-117.77216002,33.67484011
7199718,2015,2016-06-28,3008,2015-11-20,1732,1344,NA,5,5,6,3008,0,0,0,NA,0,0Z1,ORANGETHORPE AV,PECKHAM ST,104,W,N,A,-,N,NA,NA,NA,NA,NA,NA,NA,NA,NA,Y,1,1,0,3,A,-,11,21954,A,N,G,B,D,A,H,-,C,D,0,Y,NA,NA,NA,Y,NA,N,60,0,0,0,1,0,0,0,0,0,-,-,NA,NA,ORANGE,FULLERTON,-117.97107177,33.85913928
7199930,2017,2019-04-08,3003,2017-01-10,1736,652,NA,2,5,5,3003,0,0,0,NA,0,NA,WESTERN AV,10TH ST,147,N,N,B,-,N,NA,NA,NA,NA,NA,NA,NA,NA,NA,Y,1,1,0,2,A,-,11,21954,A,N,G,B,D,B,H,-,C,D,0,Y,NA,NA,NA,Y,NA,N,60,0,0,0,1,0,0,0,0,0,-,-,33.51501,-118.0008,ORANGE,BUENA PARK,-118.0025387,33.86388298
7200634,2016,2016-03-11,9675,2016-01-31,1730,21233,44N,7,2,6,3015,0,3,5,NA,2,002,CHAPMAN AV,CRAWFORD CANYON RD,0,NA,Y,C,-,N,NA,NA,NA,NA,NA,NA,NA,NA,NA,Y,4,0,1,2,A,-,12,21453,A,N,D,C,A,B,H,-,B,A,0,NA,NA,NA,NA,Y,NA,A,01,0,0,1,0,0,0,0,0,0,-,-,33.78764,-117.79588,ORANGE,ORANGE,-117.79582011,33.78771009
7201516,2016,2016-03-17,3000,2016-02-12,2024,8804,821F6,5,5,4,3049,0,0,0,NA,0,481,HEATHER RIDGE RD,PACIFIC PARK DR,1,S,N,A,-,N,NA,NA,NA,NA,NA,NA,NA,NA,NA,N,3,0,1,2,D,-,00,NA,NA,N,D,G,A,A,H,-,C,A,0,NA,Y,NA,NA,Y,NA,-,-,0,1,0,0,0,0,1,0,0,-,-,NA,NA,ORANGE,ALISO VIEJO,-117.71153142,33.56986753
7201611,2016,2016-03-05,3000,2016-01-09,1815,5013,862B4,6,5,5,3050,0,0,0,NA,0,762,PORTOLA PKWY,MARKET PL,0,NA,Y,A,-,N,NA,NA,NA,NA,NA,NA,NA,NA,NA,NA,4,0,3,2,A,-,09,21453,C,N,D,C,A,A,H,-,C,A,0,NA,NA,NA,NA,Y,NA,A,01,0,0,3,0,0,0,0,0,0,-,-,NA,NA,ORANGE,LAKE FOREST,-117.66492005,33.6805101
7201628,2016,2016-03-05,3007,2016-01-30,1638,273,52,6,5,5,3007,0,0,0,NA,0,001,MAGNOLIA,SWORDFISH,108,S,N,A,-,N,NA,NA,NA,NA,NA,NA,NA,NA,NA,Y,4,0,1,2,A,-,03,22350,NA,N,C,C,A,A,H,-,C,A,0,NA,NA,NA,NA,Y,NA,A,01,0,0,1,0,0,0,0,0,0,-,-,NA,NA,ORANGE,FOUNTAIN VALLEY,-117.97176178,33.70235397
7201750,2016,2016-03-05,3019,2016-01-26,2051,3346,WE,2,5,7,3019,0,0,0,NA,0,001,MCFADDEN AV,MOHAWK DR,5,S,N,A,-,N,NA,NA,NA,NA,NA,NA,NA,NA,NA,Y,4,0,2,1,A,-,08,22107,NA,N,E,J,A,A,H,-,C,D,0,NA,NA,NA,NA,Y,NA,A,01,0,0,2,0,0,0,0,0,0,-,-,NA,NA,ORANGE,SANTA ANA,-117.9099846,33.73477527
7203833,2016,2016-03-30,3001,2016-02-26,1223,A1158,NA,5,5,7,3001,0,0,0,NA,0,0D1,MAGNOLIA AV,WOODLAND DR,0,NA,Y,A,-,N,NA,NA,NA,NA,NA,NA,NA,NA,NA,Y,3,0,2,3,A,-,12,21453,A,N,D,C,A,A,H,-,A,A,0,NA,NA,NA,NA,Y,NA,A,01,0,2,0,0,0,0,0,0,0,-,-,NA,NA,ORANGE,ANAHEIM,-117.97617005,33.84933007
7206089,2016,2017-02-16,3011,2016-03-07,2054,31226,43,1,5,4,3011,0,0,0,NA,0,002,S COAST HWY,CRESS ST,5,S,N,C,-,Y,ORA,12,1,-,-,8.501,I,5,S,N,4,0,1,2,A,-,10,21950,A,N,G,B,B,B,H,-,C,A,0,Y,NA,NA,NA,Y,NA,A,01,0,0,1,0,1,0,0,0,0,-,-,NA,NA,ORANGE,LAGUNA BEACH,-117.77573457,33.53246169
7206812,2016,2016-03-22,3003,2016-02-22,1612,601,86,1,5,5,3003,0,0,0,NA,0,004,WESTERN AV,LA PALMA AV,0,NA,Y,A,-,N,NA,NA,NA,NA,NA,NA,NA,NA,NA,Y,4,0,2,2,A,-,12,21453,A,N,D,C,A,A,H,-,A,A,0,NA,NA,NA,NA,Y,NA,A,01,0,0,2,0,0,0,0,0,0,-,-,NA,NA,ORANGE,BUENA PARK,-118.00238008,33.84663003
7207973,2016,2016-03-21,3019,2016-02-17,1320,2528,SE,3,5,7,3019,0,0,0,NA,0,003,MAIN ST,STEVENS AV,152,N,N,B,-,N,NA,NA,NA,NA,NA,NA,NA,NA,NA,Y,3,0,2,2,A,-,09,21804,A,N,D,C,A,A,H,-,A,D,0,NA,NA,NA,NA,Y,NA,A,01,0,1,1,0,0,0,0,0,0,-,-,33.69481,-117.86825,ORANGE,SANTA ANA,-117.868183,33.69549646
7210001,2016,2016-03-23,3015,2016-02-24,1747,1386,44S,3,5,6,3015,0,0,0,NA,0,711,HEWES ST,PHILO ST,0,NA,Y,A,-,N,NA,NA,NA,NA,NA,NA,NA,NA,NA,N,3,0,1,2,A,-,09,21802,A,N,G,G,A,A,H,-,C,D,0,NA,Y,NA,NA,Y,NA,L,04,0,1,0,0,0,0,1,0,0,-,-,NA,NA,ORANGE,ORANGE,-117.80572004,33.78452007
7210046,2016,2016-03-23,3008,2016-02-28,1204,1479,NA,7,5,6,3008,0,0,0,NA,0,0Z2,HARBOR BL,LA ENTRADA PL,0,NA,Y,A,-,N,NA,NA,NA,NA,NA,NA,NA,NA,NA,Y,3,0,1,2,A,-,09,21801,A,N,D,C,A,A,H,-,A,D,0,NA,NA,NA,NA,Y,NA,-,NA,0,1,0,0,0,0,0,0,0,-,-,NA,NA,ORANGE,FULLERTON,-117.93020012,33.90674008
7210278,2016,2017-02-18,3000,2016-02-25,2107,7840,797J3,4,5,4,3021,0,0,0,NA,0,024,BEACH BL,KATELLA AV,1087,S,N,A,-,Y,ORA,12,39,-,-,10.45,H,-,S,Y,4,0,1,2,A,-,03,22350,NA,F,C,C,A,A,H,-,C,D,0,NA,NA,NA,NA,Y,NA,D,22,0,0,1,0,0,0,0,0,0,-,-,NA,NA,ORANGE,STANTON,-117.99321037,33.79960957
7210703,2016,2016-03-29,3008,2016-03-02,1521,1117,NA,3,5,6,3008,0,0,0,NA,0,00Z,BASTANCHURY RD,HARBOR BL,100,E,N,A,-,N,NA,NA,NA,NA,NA,NA,NA,NA,NA,N,4,0,1,3,A,-,03,22350,NA,N,C,C,A,A,H,-,A,D,0,NA,NA,NA,NA,Y,NA,A,08,0,0,1,0,0,0,0,0,0,-,-,NA,NA,ORANGE,FULLERTON,-117.9289,33.89562
7213523,2016,2017-02-16,3010,2016-02-15,1348,1226,461,1,5,6,3010,0,0,0,NA,0,004,RT 1,18TH ST,75,N,N,A,-,Y,ORA,12,1,-,-,25.6,H,-,S,Y,3,0,1,2,A,-,06,21750,A,N,D,C,A,A,H,-,A,D,0,NA,NA,Y,NA,Y,NA,C,02,0,1,0,0,0,0,0,0,1,-,-,NA,NA,ORANGE,HUNTINGTON BEACH,-118.01356288,33.66544915
7213531,2016,2017-02-18,3010,2016-02-27,1559,1059,292,6,5,6,3010,0,0,0,NA,0,005,RT 39,BEACHPOINT,69,S,N,A,-,Y,ORA,12,39,-,-,3.25,H,-,S,N,3,0,1,2,A,-,05,21650,NA,N,D,G,A,A,H,-,A,D,0,NA,Y,NA,NA,Y,NA,L,04,0,1,0,0,0,0,1,0,0,-,-,NA,NA,ORANGE,HUNTINGTON BEACH,-117.98902475,33.69564971
7213552,2016,2016-08-26,3000,2016-02-20,0055,4601,971-J,6,5,4,3029,0,0,0,NA,0,638,PACIFIC COAST HWY,DANA POINT HARBOR DR,0,NA,Y,A,-,N,NA,NA,NA,NA,NA,NA,NA,NA,NA,N,3,0,1,2,A,-,17,21451,A,N,D,G,A,A,H,-,C,A,0,NA,Y,NA,NA,Y,NA,A,01,0,1,0,0,0,0,1,0,0,-,-,NA,NA,ORANGE,DANA POINT,-117.68753011,33.46508002
8001588,2016,2016-04-05,3010,2016-03-20,0207,2116,452,7,5,6,3010,0,0,0,NA,0,002,HUNTINGTON,ATLANTA,90,N,N,A,-,N,NA,NA,NA,NA,NA,NA,NA,NA,NA,N,3,0,1,1,A,-,01,23152,A,N,F,I,A,A,H,-,C,D,0,NA,NA,NA,NA,Y,Y,-,NA,0,1,0,0,0,0,0,0,0,-,-,NA,NA,ORANGE,HUNTINGTON BEACH,-117.99496284,33.65788675
8002158,2016,2016-03-29,3001,2016-03-04,0759,1622,NA,5,5,7,3001,0,0,0,NA,0,0D2,HARBOR BL,WEST LINCOLN AV,0,NA,Y,A,-,N,NA,NA,NA,NA,NA,NA,NA,NA,NA,Y,3,0,3,4,A,-,09,21801,A,N,D,C,A,A,H,-,A,A,0,NA,NA,NA,NA,Y,NA,A,07,0,2,1,0,0,0,0,0,0,-,-,NA,NA,ORANGE,ANAHEIM,-117.91962007,33.83418002
8004650,2016,2017-02-16,3001,2016-03-09,2117,A1825,NA,3,5,7,3001,0,0,0,NA,0,0D4,N GLASSELL ST,RT 91,50,N,N,B,-,Y,ORA,12,91,-,-,7.191,R,4,E,Y,4,0,2,2,A,-,07,21658,A,N,D,C,A,A,H,-,C,A,0,NA,NA,NA,NA,Y,NA,A,01,0,0,2,0,0,0,0,0,0,-,EF,NA,NA,ORANGE,ANAHEIM,-117.85819389,33.84715764
8005462,2016,2016-04-01,3019,2016-03-02,1512,3151,NE,3,5,7,3019,0,0,0,NA,0,002,CIVIC CENTER DR,ROSS ST,0,NA,Y,A,-,N,NA,NA,NA,NA,NA,NA,NA,NA,NA,Y,4,0,1,2,A,-,17,21451,A,N,D,C,A,A,H,-,A,A,0,NA,NA,NA,NA,Y,NA,A,01,0,0,1,0,0,0,0,0,0,-,-,33.75148,-117.87216,ORANGE,SANTA ANA,-117.87249011,33.7515501
8006106,2016,2017-02-18,3010,2016-03-10,1603,1208,262,4,5,6,3010,0,0,0,NA,0,007,RT 39,HEIL AV,0,NA,Y,A,-,Y,ORA,12,39,-,-,5.141,I,5,S,Y,4,0,1,2,A,-,03,22350,NA,N,C,C,A,A,H,-,A,A,0,NA,NA,NA,NA,Y,NA,D,22,0,0,1,0,0,0,0,0,0,-,-,NA,NA,ORANGE,HUNTINGTON BEACH,-117.98933231,33.72303245
8006720,2016,2016-04-05,3001,2016-03-19,1819,1877,NA,6,5,7,3001,0,0,0,NA,0,0D1,SOUTH BROOKHURST ST,CRESTWOOD LN,6,W,N,A,-,N,NA,NA,NA,NA,NA,NA,NA,NA,NA,N,4,0,1,2,D,-,00,NA,NA,N,G,B,D,B,H,-,A,D,0,Y,NA,NA,NA,Y,NA,-,-,0,0,1,0,1,0,0,0,0,-,-,NA,NA,ORANGE,ANAHEIM,-117.95889,33.80633
8007007,2016,2016-04-08,3024,2016-03-16,1503,329,;-23,3,5,5,3024,0,0,0,NA,0,WEST,BOLSA AV,GOLDENWEST ST,0,NA,Y,A,-,N,NA,NA,NA,NA,NA,NA,NA,NA,NA,Y,4,0,3,2,A,-,08,22100,A,N,D,C,A,A,H,-,A,A,0,NA,NA,NA,NA,Y,NA,A,01,0,0,3,0,0,0,0,0,0,-,-,NA,NA,ORANGE,WESTMINSTER,-118.00699013,33.74449007
8007012,2016,2016-04-08,3009,2016-03-31,0753,3305,WJC,4,5,6,3009,0,0,0,NA,0,1-2,ORANGEWOOD AV,MAGNOLIA ST,175,E,N,A,-,N,NA,NA,NA,NA,NA,NA,NA,NA,NA,N,4,0,1,2,A,-,11,21954,A,N,G,B,D,A,H,-,A,A,0,Y,NA,NA,NA,Y,NA,N,60,0,0,1,0,1,0,0,0,0,-,-,NA,NA,ORANGE,GARDEN GROVE,-117.97498535,33.79576553
8007574,2016,2016-04-05,3001,2016-03-21,1656,A1252,NA,1,5,7,3001,0,0,0,NA,0,0D1,LINCOLN AV,WESTCHESTER DR,231,W,N,A,-,N,NA,NA,NA,NA,NA,NA,NA,NA,NA,N,4,0,1,3,A,-,03,22350,NA,N,C,C,A,A,H,-,A,D,0,NA,NA,NA,NA,Y,NA,A,07,0,0,1,0,0,0,0,0,0,-,-,NA,NA,ORANGE,ANAHEIM,-118.00617889,33.83201291
8007594,2016,2016-04-05,3001,2016-03-24,1015,41555,NA,4,5,7,3001,0,0,0,NA,0,0D1,WEST BROADWAY,SOUTH BROOKHURST ST,0,NA,Y,A,-,N,NA,NA,NA,NA,NA,NA,NA,NA,NA,Y,4,0,1,1,A,-,01,23152,E,N,E,I,A,A,H,-,A,A,0,NA,NA,NA,NA,Y,NA,A,01,0,0,1,0,0,0,0,0,0,-,-,NA,NA,ORANGE,ANAHEIM,-117.95895013,33.82889011
8007905,2016,2016-04-06,3015,2016-02-25,1733,1421,27E,4,5,6,3015,0,0,0,NA,0,00W,BATAVIA,ALMOND,0,NA,Y,A,-,N,NA,NA,NA,NA,NA,NA,NA,NA,NA,N,4,0,1,2,D,-,00,NA,NA,N,D,C,A,A,H,-,B,D,0,NA,NA,NA,NA,Y,NA,-,-,0,0,1,0,0,0,0,0,0,-,-,NA,NA,ORANGE,ORANGE,-117.86185013,33.78605007
8009139,2016,2016-04-05,3015,2016-03-01,0958,1364,77N,2,5,6,3015,0,0,0,NA,0,002,NORTH TUSTIN ST,E HEIM AV,500,S,N,A,-,N,NA,NA,NA,NA,NA,NA,NA,NA,NA,Y,4,0,3,2,A,-,09,21804,A,N,D,C,A,A,H,-,A,D,0,NA,NA,NA,NA,Y,NA,A,01,0,0,3,0,0,0,0,0,0,-,-,NA,NA,ORANGE,ORANGE,-117.83617,33.82882948
8009667,2016,2017-02-16,3014,2016-03-26,2028,1079,RD41,6,5,5,3014,0,0,0,NA,0,0A3,RT 1,PROMONTORY POINT,344,W,N,A,-,Y,ORA,12,1,-,-,17.62,H,-,S,Y,4,0,1,2,A,-,03,22350,NA,N,C,C,A,A,H,-,C,A,0,NA,NA,Y,NA,Y,NA,A,07,0,0,1,0,0,0,0,0,1,-,-,33.6136,-117.8951,ORANGE,NEWPORT BEACH,-117.8937386,33.61316296
8010214,2016,2016-04-12,3008,2016-03-22,2132,1307,Z1,2,5,6,3008,0,0,0,NA,0,NA,MALVERN AV,GILBERT AV,0,NA,Y,A,-,N,NA,NA,NA,NA,NA,NA,NA,NA,NA,Y,3,0,3,2,A,-,12,21453,A,N,A,C,A,A,H,-,C,A,0,NA,NA,NA,NA,Y,NA,A,07,0,1,2,0,0,0,0,0,0,-,-,NA,NA,ORANGE,FULLERTON,-117.96731009,33.87792005
8010894,2016,2016-04-11,3010,2016-03-12,1136,1176,412,6,5,6,3010,0,0,0,NA,0,005,FLORIDA,PALIN,639,N,N,A,-,N,NA,NA,NA,NA,NA,NA,NA,NA,NA,N,3,0,1,3,A,-,00,21760,B,N,H,G,A,A,H,-,A,D,0,NA,Y,NA,NA,Y,NA,E,22,0,1,0,0,0,0,1,0,0,-,-,NA,NA,ORANGE,HUNTINGTON BEACH,-117.99106727,33.69090187
8010986,2016,2016-04-07,3008,2016-03-16,1036,1117,NA,3,5,6,3008,0,0,0,NA,0,0Z2,HARBOR BL,ORANGETHORPE AV,0,NA,Y,A,-,N,NA,NA,NA,NA,NA,NA,NA,NA,NA,N,4,0,1,2,A,-,03,22350,NA,N,C,C,A,A,H,-,A,A,0,NA,NA,NA,NA,Y,NA,A,01,0,0,1,0,0,0,0,0,0,-,-,NA,NA,ORANGE,FULLERTON,-117.92437009,33.85950007
8011006,2016,2016-04-07,3008,2016-03-15,0847,1158,NA,2,5,6,3008,0,0,0,NA,0,001,GILBERT,RAYMER,0,NA,Y,A,-,N,NA,NA,NA,NA,NA,NA,NA,NA,NA,Y,4,0,1,2,A,-,09,21801,A,N,D,C,A,A,H,-,A,A,0,NA,NA,NA,NA,Y,NA,A,07,0,0,1,0,0,0,0,0,0,-,-,NA,NA,ORANGE,FULLERTON,-117.96838002,33.87370005