CASE_ID,ACCIDENT_YEAR,PROC_DATE,JURIS,COLLISION_DATE,COLLISION_TIME,OFFICER_ID,REPORTING_DISTRICT,DAY_OF_WEEK,CHP_SHIFT,POPULATION,CNTY_CITY_LOC,SPECIAL_COND,BEAT_TYPE,CHP_BEAT_TYPE,CITY_DIVISION_LAPD,CHP_BEAT_CLASS,BEAT_NUMBER,PRIMARY_RD,SECONDARY_RD,DISTANCE,DIRECTION,INTERSECTION,WEATHER_1,WEATHER_2,STATE_HWY_IND,CALTRANS_COUNTY,CALTRANS_DISTRICT,STATE_ROUTE,ROUTE_SUFFIX,POSTMILE_PREFIX,POSTMILE,LOCATION_TYPE,RAMP_INTERSECTION,SIDE_OF_HWY,TOW_AWAY,COLLISION_SEVERITY,NUMBER_KILLED,NUMBER_INJURED,PARTY_COUNT,PRIMARY_COLL_FACTOR,PCF_CODE_OF_VIOL,PCF_VIOL_CATEGORY,PCF_VIOLATION,PCF_VIOL_SUBSECTION,HIT_AND_RUN,TYPE_OF_COLLISION,MVIW,PED_ACTION,ROAD_SURFACE,ROAD_COND_1,ROAD_COND_2,LIGHTING,CONTROL_DEVICE,CHP_ROAD_TYPE,PEDESTRIAN_ACCIDENT,BICYCLE_ACCIDENT,MOTORCYCLE_ACCIDENT,TRUCK_ACCIDENT,NOT_PRIVATE_PROPERTY,ALCOHOL_INVOLVED,STWD_VEHTYPE_AT_FAULT,CHP_VEHTYPE_AT_FAULT,COUNT_SEVERE_INJ,COUNT_VISIBLE_INJ,COUNT_COMPLAINT_PAIN,COUNT_PED_KILLED,COUNT_PED_INJURED,COUNT_BICYCLIST_KILLED,COUNT_BICYCLIST_INJURED,COUNT_MC_KILLED,COUNT_MC_INJURED,PRIMARY_RAMP,SECONDARY_RAMP,LATITUDE,LONGITUDE,COUNTY,CITY,POINT_X,POINT_Y
8037810,2016,2016-05-11,3019,2016-04-27,1738,3425,NA,3,5,7,3019,0,0,0,NA,0,NA,FLOWER ST,RIVERSIDE ST,0,NA,Y,A,-,N,NA,NA,NA,NA,NA,NA,NA,NA,NA,Y,4,0,1,2,A,-,01,23152,A,M,A,C,A,A,H,-,A,D,0,NA,NA,NA,NA,Y,Y,A,01,0,0,1,0,0,0,0,0,0,-,-,NA,NA,ORANGE,SANTA ANA,-117.87610009,33.77002007
8038130,2016,2016-05-13,3000,2016-04-16,1849,8553,797J4,6,5,4,3021,0,0,0,NA,0,024,CHAPMAN AV,BEACH BL,772,E,N,A,-,N,NA,NA,NA,NA,NA,NA,NA,NA,NA,N,4,0,2,3,A,-,10,21950,A,N,G,B,C,A,H,-,A,A,0,Y,NA,NA,NA,Y,NA,A,01,0,0,2,0,2,0,0,0,0,-,-,NA,NA,ORANGE,STANTON,-117.9905254,33.78839
8038577,2016,2016-08-29,3008,2016-04-11,1728,1429,NA,1,5,6,3008,0,0,0,NA,0,Z-2,LEMON ST,VALENCIA DR,0,NA,Y,A,-,N,NA,NA,NA,NA,NA,NA,NA,NA,NA,N,4,0,1,2,A,-,09,21801,A,N,D,C,A,A,H,-,A,A,0,NA,NA,NA,NA,Y,NA,A,01,0,0,1,0,0,0,0,0,0,-,-,NA,NA,ORANGE,FULLERTON,-117.91989005,33.86621008
8038967,2016,2016-05-17,3015,2016-05-02,1543,1364,36S,1,5,6,3015,0,0,0,NA,0,002,TUSTIN ST,QUINCY AV,494,S,N,A,-,N,NA,NA,NA,NA,NA,NA,NA,NA,NA,N,3,0,1,2,A,-,09,21804,A,N,D,G,A,A,H,-,A,D,0,NA,Y,NA,NA,Y,NA,A,01,0,1,0,0,0,0,1,0,0,-,-,NA,NA,ORANGE,ORANGE,-117.83566482,33.80414597
8038989,2016,2016-05-18,3015,2016-05-05,1445,1171,44N,4,5,6,3015,0,0,0,NA,0,232,EAST CHAPMAN AV,N RANCHO SANTIAGO BL,0,NA,Y,B,-,N,NA,NA,NA,NA,NA,NA,NA,NA,NA,Y,4,0,2,2,A,-,12,21453,A,N,D,C,A,A,H,-,A,A,0,NA,NA,NA,NA,Y,NA,D,22,0,0,2,0,0,0,0,0,0,-,-,NA,NA,ORANGE,ORANGE,-117.80133011,33.78772009
8039148,2016,2016-05-19,3019,2016-04-26,0807,2460,SC,2,5,7,3019,0,0,0,NA,0,004,EDINGER AV,SULLIVAN ST,310,W,N,A,-,N,NA,NA,NA,NA,NA,NA,NA,NA,NA,Y,4,0,2,2,A,-,07,21658,A,N,D,C,A,A,H,-,A,D,0,NA,NA,NA,NA,Y,NA,A,01,0,0,2,0,0,0,0,0,0,-,-,33.72722,-117.90253,ORANGE,SANTA ANA,-117.90356713,33.7273
8040404,2016,2016-05-16,3000,2016-05-01,0755,7169,NA,7,5,5,3040,0,0,0,NA,0,951J1,RANCHO NIGUEL,RANCHO NIGUEL RD,0,NA,Y,A,-,N,NA,NA,NA,NA,NA,NA,NA,NA,NA,Y,4,0,1,2,A,-,12,21453,A,N,D,C,A,A,H,-,A,A,0,NA,NA,NA,NA,Y,NA,A,01,0,0,1,0,0,0,0,0,0,-,-,NA,NA,ORANGE,LAGUNA NIGUEL,-117.70325008,33.54700011
8040723,2016,2016-05-19,3009,2016-04-27,0810,4330,114,3,5,6,3009,0,0,0,NA,0,021,EUCLID ST,ACACIA PKWY,0,NA,Y,A,-,N,NA,NA,NA,NA,NA,NA,NA,NA,NA,N,4,0,1,2,A,-,12,21453,A,N,D,C,A,A,H,-,A,A,0,NA,NA,NA,NA,Y,NA,A,08,0,0,1,0,0,0,0,0,0,-,-,NA,NA,ORANGE,GARDEN GROVE,-117.93804002,33.7760701
8041578,2016,2016-05-27,3015,2016-04-29,1217,1098,037E,5,5,6,3015,0,0,0,NA,0,731,GLASSELL ST,W LINCOLN AV,146,S,N,A,-,N,NA,NA,NA,NA,NA,NA,NA,NA,NA,Y,3,0,1,2,A,-,05,21650,NA,N,A,C,A,A,H,-,A,D,0,NA,NA,NA,NA,Y,NA,D,22,0,1,0,0,0,0,0,0,0,-,-,NA,NA,ORANGE,ORANGE,-117.85236242,33.83521503
8042114,2016,2016-06-01,3014,2016-05-06,0019,1465,RD34,5,5,5,3014,0,0,0,NA,0,0A3,BIRCH ST,MACARTHUR BL,23,W,N,B,-,N,NA,NA,NA,NA,NA,NA,NA,NA,NA,N,2,0,1,1,A,-,01,23152,A,N,E,I,A,A,H,-,C,A,0,NA,NA,NA,NA,Y,Y,A,07,1,0,0,0,0,0,0,0,0,-,-,33.6693,-117.8648,ORANGE,NEWPORT BEACH,-117.86463524,33.66920582
8042151,2016,2016-06-01,3014,2016-05-08,0258,1488,RD34,7,5,5,3014,0,0,0,NA,0,0A3,JAMBOREE RD,MACARTHUR BL,0,NA,Y,A,-,N,NA,NA,NA,NA,NA,NA,NA,NA,NA,Y,4,0,2,2,A,-,12,21453,A,N,D,C,A,A,H,-,A,A,0,NA,NA,NA,NA,Y,NA,A,01,0,0,2,0,0,0,0,0,0,-,-,33.6577,-117.8626,ORANGE,NEWPORT BEACH,-117.86278009,33.65736006
8042962,2016,2016-05-18,3001,2016-05-08,1146,A2272,NA,7,5,7,3001,0,0,0,NA,0,0D1,EAST LA PALMA AV,NORTH KRAEMER BL,528,E,N,B,-,N,NA,NA,NA,NA,NA,NA,NA,NA,NA,N,3,0,1,2,A,-,09,21804,A,N,D,C,A,A,H,-,A,D,0,NA,NA,NA,NA,Y,NA,A,01,0,1,0,0,0,0,0,0,0,-,-,NA,NA,ORANGE,ANAHEIM,-117.8556485,33.85156631
8043252,2016,2016-05-20,3011,2016-04-26,1853,30973,55,2,5,4,3011,0,0,0,NA,0,003,SUMMIT DR,KATELLA AV,528,S,N,A,-,N,NA,NA,NA,NA,NA,NA,NA,NA,NA,Y,3,0,1,1,A,-,03,22350,NA,N,F,A,A,A,H,-,A,D,0,NA,NA,Y,NA,Y,NA,C,02,0,1,0,0,0,0,0,0,1,-,-,NA,NA,ORANGE,LAGUNA BEACH,-117.7611253,33.53231141
8045095,2016,2016-05-19,3019,2016-05-03,1843,3195,5C,2,5,7,3019,0,0,0,NA,0,004,MACARTHUR,GREENVILLE,0,NA,Y,A,-,N,NA,NA,NA,NA,NA,NA,NA,NA,NA,Y,4,0,2,2,D,-,00,NA,NA,N,D,C,A,A,H,-,C,A,0,NA,NA,NA,NA,Y,NA,-,-,0,0,2,0,0,0,0,0,0,-,-,NA,NA,ORANGE,SANTA ANA,-117.90406011,33.7000201
8045523,2016,2016-05-26,3026,2016-05-02,1437,468,C,1,5,6,3026,0,0,0,NA,0,00C,CHAPARRAL,THE MALL,12,E,N,A,-,N,NA,NA,NA,NA,NA,NA,NA,NA,NA,N,4,0,1,2,A,-,03,22350,NA,N,D,G,A,A,H,-,A,-,0,NA,Y,NA,NA,Y,NA,A,08,0,0,1,0,0,0,1,0,0,-,-,NA,NA,ORANGE,IRVINE,-117.79339008,33.70745863
8046578,2016,2016-05-26,3004,2016-05-09,1900,P638,88,1,5,6,3004,0,0,0,NA,0,015,NEWPORT BL,MESA,0,NA,Y,A,-,N,NA,NA,55,NA,NA,NA,NA,NA,NA,Y,4,0,2,2,A,-,08,22100,B,N,B,C,A,A,H,-,B,A,0,NA,NA,NA,NA,Y,NA,A,01,0,0,2,0,0,0,0,0,0,-,-,33.6663,-117.89523,ORANGE,COSTA MESA,-117.89485007,33.66590577
8046582,2016,2016-05-26,3004,2016-05-04,0840,P541,31,3,5,6,3004,0,0,0,NA,0,014,REDHILL,CLINTON,0,NA,Y,B,-,N,NA,NA,NA,NA,NA,NA,NA,NA,NA,N,3,0,1,2,A,-,09,21802,A,N,A,C,A,A,H,-,A,A,0,NA,NA,NA,NA,Y,NA,A,01,0,1,0,0,0,0,0,0,0,-,-,33.66841,-117.88009,ORANGE,COSTA MESA,-117.88023002,33.66847002
8046980,2016,2016-05-18,3008,2016-03-18,2214,1497,Z3,5,5,6,3008,0,0,0,NA,0,NA,YORBA LINDA BL,BRADFORD AV,0,NA,Y,A,-,N,NA,NA,NA,NA,NA,NA,NA,NA,NA,N,4,0,2,2,D,-,00,NA,NA,N,D,C,A,A,H,-,C,A,0,NA,NA,NA,NA,Y,NA,-,-,0,0,2,0,0,0,0,0,0,-,-,NA,NA,ORANGE,FULLERTON,-117.86584014,33.88798002
8047069,2016,2016-05-23,3008,2016-04-15,0708,1431,NA,5,5,6,3008,0,0,0,NA,0,0Z3,ACACIA AV,COMMONWEALTH AV,0,NA,Y,A,-,N,NA,NA,NA,NA,NA,NA,NA,NA,NA,N,4,0,2,4,A,-,09,21801,NA,N,-,C,A,-,H,-,A,A,0,NA,NA,NA,NA,Y,NA,A,01,0,0,2,0,0,0,0,0,0,-,-,NA,NA,ORANGE,FULLERTON,-117.89826009,33.87053008
8047613,2016,2016-05-24,3001,2016-05-14,1209,00647,D4,6,5,7,3001,0,0,0,NA,0,041,EAST ORANGETHORPE AV,N BUBACH ST,0,NA,Y,A,-,N,NA,NA,NA,NA,NA,NA,NA,NA,NA,Y,3,0,3,2,A,-,09,21801,A,N,D,C,A,A,D,E,A,D,0,NA,NA,NA,NA,Y,NA,A,07,0,1,2,0,0,0,0,0,0,-,-,NA,NA,ORANGE,ANAHEIM,-117.81744012,33.86659008
8048524,2016,2016-06-07,3000,2016-05-17,1510,1920,862A6,2,5,5,3050,0,0,0,NA,0,765,DIMENSION DR,ENTERPRISE WY,0,NA,Y,A,-,N,NA,NA,NA,NA,NA,NA,NA,NA,NA,Y,4,0,1,4,A,-,12,21453,A,N,D,C,A,A,H,-,A,A,0,NA,NA,NA,NA,Y,NA,A,01,0,0,1,0,0,0,0,0,0,-,-,NA,NA,ORANGE,LAKE FOREST,-117.67562012,33.6664401
8048532,2016,2016-06-06,3001,2016-05-21,1424,415,NA,6,5,7,3001,0,0,0,NA,0,0D2,N CHERRY WY,EAST ROMNEYA DR,338,S,N,A,-,N,NA,NA,NA,NA,NA,NA,NA,NA,NA,N,3,0,1,2,A,-,09,21801,A,N,F,A,A,A,H,-,A,D,0,NA,NA,Y,NA,Y,NA,A,01,0,1,0,0,0,0,0,0,1,-,-,NA,NA,ORANGE,ANAHEIM,-117.93543827,33.84981339
8048810,2016,2016-05-31,3009,2016-04-30,2244,3931,135,6,5,6,3009,0,0,0,NA,0,021,WEST ST,GARDEN GROVE BL,0,NA,Y,A,-,N,NA,NA,NA,NA,NA,NA,NA,NA,NA,N,4,0,1,2,A,-,03,22350,NA,M,-,C,A,A,H,-,C,A,0,NA,NA,NA,NA,Y,Y,A,01,0,0,1,0,0,0,0,0,0,-,-,NA,NA,ORANGE,GARDEN GROVE,-117.92351013,33.77443009
8049177,2016,2016-05-31,3001,2016-05-18,1522,2187,NA,3,5,7,3001,0,0,0,NA,0,0D4,S RIO VISTA ST,LINCOLN AV,347,S,N,A,-,N,NA,NA,NA,NA,NA,NA,NA,NA,NA,N,4,0,1,2,B,-,22,NA,NA,M,D,G,A,A,H,-,A,D,0,NA,Y,NA,NA,Y,NA,L,04,0,0,1,0,0,0,1,0,0,-,-,NA,NA,ORANGE,ANAHEIM,-117.87164829,33.83613885
8049211,2016,2016-06-03,3001,2016-05-19,1544,2115,NA,4,5,7,3001,0,0,0,NA,0,D 4,NORTH TUSTIN AV,EAST MIRA LOMA AV,787,N,N,A,-,N,NA,NA,NA,NA,NA,NA,NA,NA,NA,Y,3,0,4,4,A,-,03,22350,A,N,C,C,A,A,H,-,A,A,0,NA,NA,NA,NA,Y,NA,D,22,0,1,3,0,0,0,0,0,0,-,-,NA,NA,ORANGE,ANAHEIM,-117.84230844,33.8646929
8049328,2016,2016-06-01,3001,2016-05-21,2035,2115,NA,6,5,7,3001,0,0,0,NA,0,003,SOUTH HARBOR BL,WEST KATELLA AV,55,S,N,A,-,N,NA,NA,NA,NA,NA,NA,NA,NA,NA,N,4,0,1,2,A,-,03,22350,NA,N,C,C,A,A,H,-,C,A,0,NA,NA,NA,NA,Y,NA,A,08,0,0,1,0,0,0,0,0,0,-,-,NA,NA,ORANGE,ANAHEIM,-117.91541,33.80326921
8051097,2016,2016-06-01,3012,2016-05-22,0714,202,26,7,5,5,3012,0,0,0,NA,0,N E,HARBOR,STEARNS,0,NA,Y,A,-,N,NA,NA,NA,NA,NA,NA,NA,NA,NA,Y,4,0,2,2,A,-,03,22350,NA,N,C,C,A,A,H,-,A,A,0,NA,NA,NA,NA,Y,NA,-,NA,0,0,2,0,0,0,0,0,0,-,-,NA,NA,ORANGE,LA HABRA,-117.93305009,33.93370001
8051368,2016,2016-06-03,3024,2016-05-02,1235,409,P12,1,5,5,3024,0,0,0,NA,0,WEST,WESTMINSTER BL,PACIFIC AV,0,NA,Y,A,-,N,NA,NA,NA,NA,NA,NA,NA,NA,NA,Y,3,0,1,2,A,-,09,21802,A,N,D,C,A,A,H,-,A,D,0,NA,NA,NA,NA,Y,NA,A,01,0,1,0,0,0,0,0,0,0,-,-,NA,NA,ORANGE,WESTMINSTER,-117.99193005,33.75925002
8051516,2016,2016-06-08,3019,2016-05-22,0106,3324,WE,7,5,7,3019,0,0,0,NA,0,003,BRISTOL,SANTA CLARA,200,S,N,A,-,N,NA,NA,NA,NA,NA,NA,NA,NA,NA,Y,3,0,5,2,A,-,08,22107,NA,N,A,C,A,A,H,-,C,A,0,NA,NA,NA,NA,Y,NA,A,01,0,2,3,0,0,0,0,0,0,-,-,NA,NA,ORANGE,SANTA ANA,-117.88492904,33.76625176
8051545,2016,2016-06-09,3019,2016-05-19,1421,3151,SE,4,5,7,3019,0,0,0,NA,0,003,GRAND AV,1ST ST,210,S,N,A,-,N,NA,NA,NA,NA,NA,NA,NA,NA,NA,N,4,0,1,2,A,-,03,22350,NA,N,C,C,A,A,H,-,A,D,0,NA,NA,NA,NA,Y,NA,A,01,0,0,1,0,0,0,0,0,0,-,-,33.74547,-117.85211,ORANGE,SANTA ANA,-117.85184,33.74548
8051609,2016,2017-02-16,3003,2016-04-23,0412,1164,NA,6,5,5,3003,0,0,0,NA,0,NA,BEACH BL,LA PALMA AV,0,NA,Y,A,-,Y,ORA,12,39,-,-,14.269,I,5,N,Y,4,0,1,2,A,-,03,22350,NA,N,C,C,A,A,H,-,C,D,0,NA,NA,NA,NA,Y,NA,-,NA,0,0,1,0,0,0,0,0,0,-,-,33.8463,-117.9977,ORANGE,BUENA PARK,-117.99791423,33.85446067
8051623,2016,2016-06-03,3026,2016-05-18,1622,6352,NA,3,5,6,3026,0,0,0,NA,0,00C,CULVER DR,SAN LEANDRO,342,N,N,A,-,N,NA,NA,NA,NA,NA,NA,NA,NA,NA,Y,3,0,1,2,A,-,03,22350,NA,N,C,C,A,A,H,-,A,A,0,NA,NA,NA,NA,Y,NA,A,01,0,1,0,0,0,0,0,0,0,-,-,NA,NA,ORANGE,IRVINE,-117.81831618,33.67409604
8051694,2016,2016-06-06,3019,2016-05-04,1200,2630,NE,3,5,7,3019,0,0,0,NA,0,002,TUSTIN AV,17TH ST,630,S,N,A,-,N,NA,NA,NA,NA,NA,NA,NA,NA,NA,N,4,0,1,1,A,-,03,22350,NA,N,B,J,A,A,H,-,A,A,0,NA,NA,Y,NA,Y,NA,C,02,0,0,1,0,0,0,0,0,1,-,-,33.75966,-117.83426,ORANGE,SANTA ANA,-117.83433826,33.75808308
8051758,2016,2016-06-03,3019,2016-05-14,0200,3317,SC,6,5,7,3019,0,0,0,NA,0,003,HARBOR BL,GARRY AV,90,N,N,A,-,N,NA,NA,NA,NA,NA,NA,NA,NA,NA,N,4,0,1,1,A,-,08,22107,NA,N,E,I,A,A,H,-,C,D,0,NA,NA,NA,NA,Y,NA,A,01,0,0,1,0,0,0,0,0,0,-,-,NA,NA,ORANGE,SANTA ANA,-117.91969457,33.70585671
8053614,2016,2017-02-13,3024,2016-04-12,1700,286,NA,2,5,5,3024,0,0,0,NA,0,WEST,BEACH BL,BOLSA AV,165,N,N,A,-,Y,ORA,12,39,-,-,6.67,H,-,S,N,3,0,1,2,A,-,07,21658,A,N,F,C,A,A,H,-,A,D,0,NA,NA,Y,NA,Y,NA,A,01,0,1,0,0,0,0,0,0,1,-,-,NA,NA,ORANGE,WESTMINSTER,-117.98962765,33.74517534
8053776,2016,2016-06-06,3010,2016-05-20,1454,1176,291,5,5,6,3010,0,0,0,NA,0,005,GOTHARD,ELLIS,37,N,N,B,-,N,NA,NA,NA,NA,NA,NA,NA,NA,NA,N,4,0,1,2,A,-,03,22350,NA,N,C,C,A,A,H,-,A,A,0,NA,NA,NA,NA,Y,NA,A,07,0,0,1,0,0,0,0,0,0,-,-,NA,NA,ORANGE,HUNTINGTON BEACH,-117.99977631,33.6939414
8054225,2016,2016-06-09,3019,2016-05-17,2155,3342,WE,2,5,7,3019,0,0,0,NA,0,002,5TH ST,RAITT ST,0,NA,Y,A,-,N,NA,NA,NA,NA,NA,NA,NA,NA,NA,Y,3,0,4,2,A,-,12,21453,A,N,D,C,A,A,H,-,C,A,0,NA,NA,NA,NA,Y,NA,A,07,0,2,2,0,0,0,0,0,0,-,-,NA,NA,ORANGE,SANTA ANA,-117.89316013,33.7487601
8054765,2016,2016-07-07,3010,2016-06-15,0853,164,241,3,5,6,3010,0,0,0,NA,0,009,MCFADDEN,GOTHARD,297,W,N,B,-,N,NA,NA,NA,NA,NA,NA,NA,NA,NA,N,4,0,1,2,A,-,03,22350,NA,N,C,C,A,A,H,-,A,A,0,NA,NA,NA,NA,Y,NA,A,07,0,0,1,0,0,0,0,0,0,-,-,NA,NA,ORANGE,HUNTINGTON BEACH,-118.00017447,33.73741783
8055193,2016,2016-06-01,3022,2016-05-13,1552,1237,NORTH,5,5,5,3022,0,0,0,NA,0,NA,EL CAMINO REAL,ORANGE ST,834,E,N,A,-,N,NA,NA,NA,NA,NA,NA,NA,NA,NA,N,4,0,1,2,A,-,05,21650,1,N,D,G,A,A,H,-,A,D,0,NA,Y,NA,NA,Y,NA,L,04,0,0,1,0,0,0,1,0,0,-,-,33.7369,-117.82058,ORANGE,TUSTIN,-117.8181577,33.73580009
8056131,2016,2016-06-08,3007,2016-05-06,2207,295,35,5,5,5,3007,0,0,0,NA,0,001,BROOKHURST,WARNER,0,NA,Y,A,-,N,NA,NA,NA,NA,NA,NA,NA,NA,NA,N,4,0,1,2,A,-,12,21453,A,N,-,C,A,A,H,-,C,A,0,NA,NA,NA,NA,Y,NA,A,01,0,0,1,0,0,0,0,0,0,-,-,NA,NA,ORANGE,FOUNTAIN VALLEY,-117.95459008,33.71634004
8056283,2016,2016-06-11,3015,2016-05-19,0920,1098,16,4,5,6,3015,0,0,0,NA,0,731M,MAIN ST,LA VETA AV,172,N,N,A,-,N,NA,NA,NA,NA,NA,NA,NA,NA,NA,Y,4,0,1,3,A,-,01,23152,A,N,C,C,A,A,H,-,A,D,0,NA,NA,NA,NA,Y,Y,D,22,0,0,1,0,0,0,0,0,0,-,-,NA,NA,ORANGE,ORANGE,-117.86737326,33.78078149
8056355,2016,2016-06-13,3015,2016-05-18,0834,1533,55W,3,5,6,3015,0,0,0,NA,0,221,EAST KATELLA AV,N QSHAFFER ST,561,E,N,A,-,N,NA,NA,NA,NA,NA,NA,NA,NA,NA,Y,3,0,2,2,A,-,09,21804,A,N,D,C,A,A,H,-,A,D,0,NA,NA,NA,NA,Y,NA,A,01,0,1,1,0,0,0,0,0,0,-,-,NA,NA,ORANGE,ORANGE,-117.846914,33.80913
8057151,2016,2016-06-15,3009,2016-05-27,1327,4149,74,5,5,6,3009,0,0,0,NA,0,1-1,GARDEN GROVE BL,MAGNOLIA ST,0,NA,Y,A,-,N,NA,NA,NA,NA,NA,NA,NA,NA,NA,N,4,0,3,2,A,-,12,21453,A,N,D,C,A,A,H,-,A,A,0,NA,NA,NA,NA,Y,NA,A,01,0,0,3,0,0,0,0,0,0,-,-,NA,NA,ORANGE,GARDEN GROVE,-117.97531,33.77399001
8057412,2016,2016-06-28,3001,2016-05-30,1248,1658,D3,1,5,7,3001,0,0,0,NA,0,032,ORANGEWOOD AV,MANCHESTER AV,0,NA,Y,A,-,N,NA,NA,NA,NA,NA,NA,NA,NA,NA,Y,4,0,1,2,A,-,12,21453,A,N,D,C,A,A,H,-,A,A,0,NA,NA,NA,NA,Y,NA,A,01,0,0,1,0,0,0,0,0,0,-,-,NA,NA,ORANGE,ANAHEIM,-117.89590008,33.7962301
8057414,2016,2016-06-15,3001,2016-05-31,2052,1410,NA,2,5,7,3001,0,0,0,NA,0,0D4,EAST LA PALMA AV,N OCEAN CIR,0,NA,Y,A,-,N,NA,NA,NA,NA,NA,NA,NA,NA,NA,Y,3,0,3,2,A,-,09,21801,A,N,A,C,A,A,H,-,C,A,0,NA,NA,NA,NA,Y,NA,A,01,0,1,2,0,0,0,0,0,0,-,-,NA,NA,ORANGE,ANAHEIM,-117.84903009,33.85320005
8057969,2016,2016-07-21,3001,2016-07-11,2020,406,NA,1,5,7,3001,0,0,0,NA,0,0D2,EAST LINCOLN AV,SOUTH SUNKIST ST,0,NA,Y,A,-,N,NA,NA,NA,NA,NA,NA,NA,NA,NA,Y,3,0,7,2,A,-,12,21453,A,N,D,C,A,A,H,-,C,A,0,NA,NA,NA,NA,Y,NA,A,01,0,2,5,0,0,0,0,0,0,-,-,NA,NA,ORANGE,ANAHEIM,-117.88049003,33.83855011
8058982,2016,2016-09-02,3000,2016-05-23,1240,9609,971H6,1,5,4,3029,0,0,0,NA,0,1240,PACIFIC COAST HWY,GOLDEN LANTERN,45,S,N,A,-,N,NA,NA,NA,NA,NA,NA,NA,NA,NA,Y,4,0,3,2,A,-,04,21703,NA,N,C,C,A,A,H,-,A,A,0,NA,NA,NA,NA,Y,NA,A,01,0,0,3,0,0,0,0,0,0,-,-,NA,NA,ORANGE,DANA POINT,-117.69829346,33.46720247
8062261,2016,2016-07-08,3001,2016-06-19,2056,A1252,NA,7,5,7,3001,0,0,0,NA,0,0D1,NORTH MAGNOLIA AV,W GLENCREST AV,55,N,N,A,-,N,NA,NA,NA,NA,NA,NA,NA,NA,NA,Y,3,0,3,3,A,-,03,22350,NA,N,C,C,A,A,H,-,C,A,0,NA,NA,NA,NA,Y,NA,A,01,0,1,2,0,0,0,0,0,0,-,-,NA,NA,ORANGE,ANAHEIM,-117.97608,33.84043079
8062336,2016,2016-07-05,3001,2016-06-23,0218,A1466,D2,4,5,7,3001,0,0,0,NA,0,NA,NORTH HARBOR BL,WEST ROMNEYA DR,0,NA,Y,A,-,N,NA,NA,NA,NA,NA,NA,NA,NA,NA,Y,3,0,1,1,A,-,01,23152,A,N,A,E,A,A,H,-,A,A,0,NA,NA,NA,NA,Y,Y,A,01,0,1,0,0,0,0,0,0,0,-,-,NA,NA,ORANGE,ANAHEIM,-117.92420009,33.85079007
8062344,2016,2016-07-05,3001,2016-06-22,0951,A2269,03,3,5,7,3001,0,0,0,NA,0,D-3,KATELLA AV,DISNEYLAND DR,178,E,N,A,-,N,NA,NA,NA,NA,NA,NA,NA,NA,NA,Y,2,0,1,2,A,-,03,22350,NA,N,C,C,A,A,H,-,A,D,0,NA,NA,Y,NA,Y,NA,C,02,1,0,0,0,0,0,0,0,1,-,-,NA,NA,ORANGE,ANAHEIM,-117.92349546,33.8034138
8063344,2017,2017-02-28,3009,2017-01-18,2010,4552,123,3,5,6,3009,0,0,0,NA,0,2-1,9TH ST,LAMPSON AV,700,N,N,A,-,N,NA,NA,NA,NA,NA,NA,NA,NA,NA,N,3,0,1,2,A,-,03,22350,NA,N,C,E,A,A,H,-,C,D,0,NA,Y,NA,NA,Y,NA,L,04,0,1,0,0,0,0,1,0,0,-,-,NA,NA,ORANGE,GARDEN GROVE,-117.93240221,33.7834288
8063683,2016,2016-06-17,3002,2016-05-18,0735,3893,704B4,3,5,5,3025,0,0,0,NA,0,001,YORBA LINDA BL,EUREKA AV,0,NA,Y,A,-,N,NA,NA,NA,NA,NA,NA,NA,NA,NA,Y,3,0,3,3,A,-,09,21453,C,N,D,C,A,A,H,-,A,A,0,NA,NA,NA,NA,Y,NA,A,01,0,1,2,0,0,0,0,0,0,-,-,NA,NA,ORANGE,YORBA LINDA,-117.82010008,33.88842008
8064356,2016,2016-06-21,3000,2016-06-10,1700,1056,922C2,5,5,5,3028,0,0,0,NA,0,051,MARGUERITE PKWY,LA PAZ RD,553,N,N,A,-,N,NA,NA,NA,NA,NA,NA,NA,NA,NA,Y,3,0,1,1,A,-,04,21703,NA,N,F,A,A,A,H,-,A,A,0,NA,NA,Y,NA,Y,NA,C,02,0,1,0,0,0,0,0,0,1,-,-,33.59738,-117.65522,ORANGE,MISSION VIEJO,-117.6576071,33.5982758
8064384,2016,2016-06-21,3016,2016-06-01,1123,1241,12,3,5,5,3016,0,0,0,NA,0,001,BASTANCHURY RD,VALENCIA AV,0,NA,Y,B,-,N,NA,NA,NA,NA,NA,NA,NA,NA,NA,Y,3,0,2,3,A,-,12,21453,A,N,D,C,A,A,H,-,A,A,0,NA,NA,NA,NA,Y,NA,A,01,0,1,1,0,0,0,0,0,0,-,-,33.8965,-117.85503,ORANGE,PLACENTIA,-117.85494008,33.89664009
8064509,2016,2016-06-21,3008,2016-05-26,2042,1116,Z2,4,5,6,3008,0,0,0,NA,0,NA,LEMON ST,COMMONWEALTH AV,111,S,N,A,-,N,NA,NA,NA,NA,NA,NA,NA,NA,NA,N,4,0,1,2,A,-,03,22350,NA,M,C,C,A,A,H,-,C,A,0,NA,NA,NA,NA,Y,NA,A,01,0,0,1,0,0,0,0,0,0,-,-,NA,NA,ORANGE,FULLERTON,-117.91982,33.87039
8065291,2016,2017-02-22,3010,2016-06-02,1846,251,283,4,5,6,3010,0,0,0,NA,0,006,RT 39,NEWMAN,297,N,N,A,-,Y,ORA,12,39,-,-,3.94,H,-,N,Y,2,0,1,1,A,-,08,22107,NA,N,F,G,A,A,H,-,A,D,0,NA,Y,NA,NA,Y,NA,L,04,1,0,0,0,0,0,1,0,0,-,-,NA,NA,ORANGE,HUNTINGTON BEACH,-117.98912356,33.70572276
8065320,2016,2016-06-20,3019,2016-06-02,1210,3410,NE,4,5,7,3019,0,0,0,NA,0,001,5TH ST,HUYLARS LN,160,E,N,A,-,N,NA,NA,NA,NA,NA,NA,NA,NA,NA,N,4,0,1,3,A,-,03,22350,NA,N,C,C,A,A,H,-,A,D,0,NA,NA,NA,NA,Y,NA,A,01,0,0,1,0,0,0,0,0,0,-,-,33.74882,-117.92575,ORANGE,SANTA ANA,-117.92514489,33.74885
8065550,2016,2016-07-08,3008,2016-05-27,1423,1470,NA,5,5,6,3008,0,0,0,NA,0,0Z1,VALENCIA AV,OLIN ST,0,NA,Y,A,-,N,NA,NA,NA,NA,NA,NA,NA,NA,NA,Y,4,0,2,2,A,-,01,23152,E,M,D,C,A,A,H,-,A,D,0,NA,NA,NA,NA,Y,NA,A,07,0,0,2,0,0,0,0,0,0,-,-,NA,NA,ORANGE,FULLERTON,-117.9785301,33.86636009