CASE_ID,ACCIDENT_YEAR,PROC_DATE,JURIS,COLLISION_DATE,COLLISION_TIME,OFFICER_ID,REPORTING_DISTRICT,DAY_OF_WEEK,CHP_SHIFT,POPULATION,CNTY_CITY_LOC,SPECIAL_COND,BEAT_TYPE,CHP_BEAT_TYPE,CITY_DIVISION_LAPD,CHP_BEAT_CLASS,BEAT_NUMBER,PRIMARY_RD,SECONDARY_RD,DISTANCE,DIRECTION,INTERSECTION,WEATHER_1,WEATHER_2,STATE_HWY_IND,CALTRANS_COUNTY,CALTRANS_DISTRICT,STATE_ROUTE,ROUTE_SUFFIX,POSTMILE_PREFIX,POSTMILE,LOCATION_TYPE,RAMP_INTERSECTION,SIDE_OF_HWY,TOW_AWAY,COLLISION_SEVERITY,NUMBER_KILLED,NUMBER_INJURED,PARTY_COUNT,PRIMARY_COLL_FACTOR,PCF_CODE_OF_VIOL,PCF_VIOL_CATEGORY,PCF_VIOLATION,PCF_VIOL_SUBSECTION,HIT_AND_RUN,TYPE_OF_COLLISION,MVIW,PED_ACTION,ROAD_SURFACE,ROAD_COND_1,ROAD_COND_2,LIGHTING,CONTROL_DEVICE,CHP_ROAD_TYPE,PEDESTRIAN_ACCIDENT,BICYCLE_ACCIDENT,MOTORCYCLE_ACCIDENT,TRUCK_ACCIDENT,NOT_PRIVATE_PROPERTY,ALCOHOL_INVOLVED,STWD_VEHTYPE_AT_FAULT,CHP_VEHTYPE_AT_FAULT,COUNT_SEVERE_INJ,COUNT_VISIBLE_INJ,COUNT_COMPLAINT_PAIN,COUNT_PED_KILLED,COUNT_PED_INJURED,COUNT_BICYCLIST_KILLED,COUNT_BICYCLIST_INJURED,COUNT_MC_KILLED,COUNT_MC_INJURED,PRIMARY_RAMP,SECONDARY_RAMP,LATITUDE,LONGITUDE,COUNTY,CITY,POINT_X,POINT_Y
8066038,2016,2016-06-21,3014,2016-06-13,1236,1346,RD34,1,5,5,3014,0,0,0,NA,0,0A3,BRISTOL ST S,IRVINE AV,0,NA,Y,A,-,N,NA,NA,NA,NA,NA,NA,NA,NA,NA,N,4,0,1,2,D,-,00,NA,NA,N,D,C,A,A,H,-,A,A,0,NA,NA,NA,NA,Y,NA,-,-,0,0,1,0,0,0,0,0,0,-,-,33.662,-117.8755,ORANGE,NEWPORT BEACH,-117.87545011,33.66193001
8068923,2016,2016-06-28,3007,2016-06-13,2032,289,34,1,5,5,3007,0,0,0,NA,0,001,BUSHARD,MARIPOSA,0,NA,Y,A,-,N,NA,NA,NA,NA,NA,NA,NA,NA,NA,N,3,0,1,2,A,-,09,21801,A,N,D,C,A,A,H,-,C,A,0,NA,NA,NA,NA,Y,NA,A,01,0,1,0,0,0,0,0,0,0,-,-,NA,NA,ORANGE,FOUNTAIN VALLEY,-117.96317006,33.71835004
8068987,2016,2016-06-29,3001,2016-06-18,0823,A1252,NA,6,5,7,3001,0,0,0,NA,0,0D1,W LINCOLN AV,WILSHIRE AV,31,E,N,A,-,N,NA,NA,NA,NA,NA,NA,NA,NA,NA,Y,4,0,1,2,A,-,07,21658,A,N,B,C,A,A,H,-,A,A,0,NA,NA,NA,NA,Y,NA,D,22,0,0,1,0,0,0,0,0,0,-,-,NA,NA,ORANGE,ANAHEIM,-117.93009824,33.83270339
8069147,2016,2016-06-29,3010,2016-06-09,0616,1145,422,4,5,6,3010,0,0,0,NA,0,005,GARFIELD,MAIN,11,E,N,B,-,N,NA,NA,NA,NA,NA,NA,NA,NA,NA,Y,3,0,1,1,A,-,08,22107,NA,N,E,I,A,A,H,-,A,A,0,NA,NA,NA,NA,Y,NA,A,07,0,1,0,0,0,0,0,0,0,-,-,NA,NA,ORANGE,HUNTINGTON BEACH,-117.99791399,33.6865681
8069508,2016,2016-06-28,3026,2016-06-12,0952,417,2,7,5,6,3026,0,0,0,NA,0,00U,SKY PARK CIRCLE,SKY PARK NORTH,565,E,N,B,-,N,NA,NA,NA,NA,NA,NA,NA,NA,NA,N,3,0,2,3,A,-,09,21801,A,N,H,A,A,A,H,-,A,D,0,NA,Y,NA,NA,Y,NA,A,01,0,2,0,0,0,0,2,0,0,-,-,NA,NA,ORANGE,IRVINE,-117.85656717,33.69114482
8070199,2016,2016-06-28,3026,2016-06-09,1705,6352,NA,4,5,6,3026,0,0,0,NA,0,00U,SANDBURG WY,CULVER DR,37,E,N,A,-,N,NA,NA,NA,NA,NA,NA,NA,NA,NA,N,2,0,2,3,A,-,10,21950,A,N,G,B,B,A,H,-,A,A,0,Y,NA,NA,NA,Y,NA,A,01,1,1,0,0,2,0,0,0,0,-,-,NA,NA,ORANGE,IRVINE,-117.82741878,33.66217633
8070442,2016,2016-06-30,3024,2016-06-16,1429,329,P 35,4,5,5,3024,0,0,0,NA,0,EAST,BISHOP PL,SWALLOW LN,0,NA,Y,A,-,N,NA,NA,NA,NA,NA,NA,NA,NA,NA,N,3,0,1,2,A,-,09,21802,A,N,D,G,A,A,H,-,A,D,0,NA,Y,NA,NA,Y,NA,A,01,0,1,0,0,0,0,1,0,0,-,-,NA,NA,ORANGE,WESTMINSTER,-117.96070001,33.74128004
8070594,2016,2016-06-28,3015,2016-06-09,0537,1500,32W,4,5,6,3015,0,0,0,NA,0,112,N MAIN ST,W MAPLE AV,0,NA,Y,B,-,N,NA,NA,NA,NA,NA,NA,NA,NA,NA,Y,2,0,2,2,A,-,09,21802,A,N,D,C,A,A,H,-,B,A,0,NA,NA,Y,NA,Y,NA,A,01,1,0,1,0,0,0,0,0,2,-,-,NA,NA,ORANGE,ORANGE,-117.86655005,33.78968002
8073912,2016,2016-08-09,3019,2016-07-25,2219,3445,SE,1,5,7,3019,0,0,0,NA,0,003,MCFADDEN,HICKORY,0,NA,Y,A,-,N,NA,NA,NA,NA,NA,NA,NA,NA,NA,N,3,0,1,2,A,-,08,22107,NA,M,D,C,A,A,H,-,C,D,0,NA,NA,Y,NA,Y,NA,-,99,0,1,0,0,0,0,0,0,1,-,-,NA,NA,ORANGE,SANTA ANA,-117.86057009,33.73357011
8074922,2016,2017-02-22,3022,2016-06-23,1805,1081,NA,4,5,5,3022,0,0,0,NA,0,NA,RED HILL AV,RT 5,0,NA,Y,A,-,Y,ORA,12,5,-,R,28.976,R,4,N,Y,3,0,2,2,A,-,12,21453,A,N,D,C,A,A,H,-,A,A,0,NA,NA,NA,NA,Y,NA,A,01,0,1,1,0,0,0,0,0,0,-,NF,NA,NA,ORANGE,TUSTIN,-117.81356117,33.73241022
8075579,2016,2016-07-11,3019,2016-06-09,2231,3317,SE,4,5,7,3019,0,0,0,NA,0,001,BROADWAY,CUBBON ST,0,NA,Y,A,-,N,NA,NA,NA,NA,NA,NA,NA,NA,NA,N,4,0,1,2,A,-,10,21950,A,F,G,B,B,A,H,-,C,A,0,Y,NA,NA,NA,Y,NA,-,99,0,0,1,0,1,0,0,0,0,-,-,33.73573,-117.86976,ORANGE,SANTA ANA,-117.86981013,33.73578007
8075587,2016,2016-07-11,3019,2016-06-03,2348,3397,WE,5,5,7,3019,0,0,0,NA,0,001,EDINGER AV,CORTA DR,22,S,N,A,-,N,NA,NA,NA,NA,NA,NA,NA,NA,NA,N,4,0,1,2,A,-,08,22107,NA,N,D,C,A,A,H,-,D,D,0,NA,NA,Y,NA,Y,NA,A,01,0,0,1,0,0,0,0,0,1,-,-,33.73097,-117.93379,ORANGE,SANTA ANA,-117.9334,33.73096
8075641,2016,2016-07-12,3001,2016-06-26,1402,1288,NA,7,5,7,3001,0,0,0,NA,0,0D2,E WILHELMINA ST,N CLAUDINA ST,0,NA,Y,A,-,N,NA,NA,NA,NA,NA,NA,NA,NA,NA,N,3,0,2,2,A,-,12,22450,A,N,D,C,A,A,H,-,A,D,0,NA,NA,NA,NA,Y,NA,A,01,0,2,0,0,0,0,0,0,0,-,-,NA,NA,ORANGE,ANAHEIM,-117.9147801,33.84231012
8075649,2016,2016-07-12,3001,2016-06-28,1509,A1825,NA,2,5,7,3001,0,0,0,NA,0,0D2,N EUCLID ST,WEST CRESCENT AV,38,S,N,B,-,N,NA,NA,NA,NA,NA,NA,NA,NA,NA,N,4,0,3,2,A,-,08,22100,A,N,D,C,A,A,H,-,A,A,0,NA,NA,NA,NA,Y,NA,A,08,0,0,3,0,0,0,0,0,0,-,-,NA,NA,ORANGE,ANAHEIM,-117.94159855,33.83969583
8076596,2016,2016-07-07,3008,2016-06-21,1751,1429,NA,2,5,6,3008,0,0,0,NA,0,0Z2,BREA BL,LONGVIEW DR,0,NA,Y,A,-,N,NA,NA,NA,NA,NA,NA,NA,NA,NA,Y,3,0,2,2,A,-,09,21801,A,N,D,C,A,A,H,-,A,D,0,NA,NA,NA,NA,Y,NA,A,01,0,1,1,0,0,0,0,0,0,-,-,NA,NA,ORANGE,FULLERTON,-117.91864007,33.88857009
8077030,2016,2016-07-14,3019,2016-06-20,1457,3151,WE,1,5,7,3019,0,0,0,NA,0,001,NEWHOPE ST,KENT AV S,0,NA,Y,A,-,N,NA,NA,NA,NA,NA,NA,NA,NA,NA,Y,3,0,2,2,A,-,12,21453,A,N,D,C,A,A,H,-,A,A,0,NA,NA,NA,NA,Y,NA,A,01,0,2,0,0,0,0,0,0,0,-,-,33.73439,-117.92899,ORANGE,SANTA ANA,-117.92863006,33.73498006
8077855,2016,2016-07-12,3000,2016-06-05,2103,5036,892A6,7,5,5,3028,0,0,0,NA,0,754,ALICIA PKWY,JERONIMO RD,0,NA,Y,A,-,N,NA,NA,NA,NA,NA,NA,NA,NA,NA,Y,4,0,1,2,A,-,12,21453,A,N,D,C,A,A,H,-,C,A,0,NA,NA,NA,NA,Y,NA,A,01,0,0,1,0,0,0,0,0,0,-,-,NA,NA,ORANGE,MISSION VIEJO,-117.67836006,33.61516004
8078071,2016,2016-07-14,3024,2016-06-24,1719,419,P18,5,5,5,3024,0,0,0,NA,0,WEST,MAGNOLIA ST,HEIL AV,1000,S,N,A,-,N,NA,NA,NA,NA,NA,NA,NA,NA,NA,Y,4,0,1,4,A,-,03,22350,NA,F,C,C,A,A,H,-,A,D,0,NA,NA,NA,NA,Y,NA,A,01,0,0,1,0,0,0,0,0,0,-,-,NA,NA,ORANGE,WESTMINSTER,-117.97188682,33.72033477
8079018,2016,2016-07-13,3024,2016-06-22,2147,195,P38,3,5,5,3024,0,0,0,NA,0,EAST,MAGNOLIA ST,MCFADDEN AV,75,S,N,A,-,N,NA,NA,NA,NA,NA,NA,NA,NA,NA,Y,4,0,1,2,A,-,01,23152,A,N,C,C,A,A,H,-,C,D,0,NA,NA,NA,NA,Y,Y,A,01,0,0,1,0,0,0,0,0,0,-,-,NA,NA,ORANGE,WESTMINSTER,-117.97215766,33.73736438
8080410,2016,2016-08-01,3001,2016-07-18,1803,A2247,D2,1,5,7,3001,0,0,0,NA,0,NA,W LINCOLN AV,SOUTH MANCHESTER AV,0,NA,Y,A,-,N,NA,NA,NA,NA,NA,NA,NA,NA,NA,Y,4,0,1,2,D,-,00,NA,NA,N,-,C,A,A,H,-,A,A,0,NA,NA,NA,NA,Y,NA,-,-,0,0,1,0,0,0,0,0,0,-,-,NA,NA,ORANGE,ANAHEIM,-117.93577,33.8326801
8080962,2016,2016-08-03,3010,2016-07-22,1019,1225,427,5,5,6,3010,0,0,0,NA,0,003,BROOKHURST,GARFIELD,400,S,N,A,-,N,NA,NA,NA,NA,NA,NA,NA,NA,NA,N,4,0,2,2,A,-,03,22350,NA,N,C,C,A,A,H,-,A,A,0,NA,NA,NA,NA,Y,NA,A,01,0,0,2,0,0,0,0,0,0,-,-,NA,NA,ORANGE,HUNTINGTON BEACH,-117.9541338,33.6857834
8081033,2016,2016-08-03,3010,2016-07-24,1004,2084,NA,7,5,6,3010,0,0,0,NA,0,NA,TALBERT,GOTHARD,0,NA,Y,A,-,N,NA,NA,NA,NA,NA,NA,NA,NA,NA,Y,4,0,2,2,A,-,09,21801,A,N,D,C,A,A,H,-,A,A,0,NA,NA,NA,NA,Y,NA,A,08,0,0,2,0,0,0,0,0,0,-,-,NA,NA,ORANGE,HUNTINGTON BEACH,-117.99988008,33.70111009
8081034,2016,2016-08-30,3002,2016-07-19,0837,1463,631M,2,5,4,3002,0,0,0,NA,0,014,KRAEMER BL,IMPERIAL HWY,530,N,N,A,-,N,NA,NA,NA,NA,NA,NA,NA,NA,NA,N,4,0,1,2,A,-,03,22350,NA,N,C,C,A,A,H,-,A,A,0,NA,NA,NA,NA,Y,NA,A,07,0,0,1,0,0,0,0,0,0,-,-,NA,NA,ORANGE,BREA,-117.86375714,33.91258272
8081561,2016,2016-07-08,3014,2016-06-21,1303,1146,RD24,2,5,5,3014,0,0,0,NA,0,0A2,SUPERIOR AV,PLACENTIA AV,393,S,N,A,-,N,NA,NA,NA,NA,NA,NA,NA,NA,NA,N,3,0,1,2,A,-,05,21650,1,N,H,G,A,A,H,-,A,D,0,NA,Y,NA,NA,Y,NA,L,04,0,1,0,0,0,0,1,0,0,-,-,33.6272,-117.9327,ORANGE,NEWPORT BEACH,-117.93259053,33.62709947
8081569,2016,2016-09-02,3014,2016-06-26,2034,1410,RD66,7,5,5,3014,0,0,0,NA,0,0A4,RT 1,PELICAN POINT DR,336,E,N,A,-,N,NA,NA,NA,NA,NA,NA,NA,NA,NA,N,4,0,1,2,A,-,03,22350,NA,N,C,C,A,A,H,-,C,A,0,NA,NA,NA,NA,Y,NA,A,01,0,0,1,0,0,0,0,0,0,-,-,33.5865,-117.8538,ORANGE,NEWPORT BEACH,-117.854206,33.586673
8081778,2016,2016-09-07,3010,2016-07-04,1626,1211,329,1,5,6,3010,0,0,0,NA,0,004,GOLDEN WEST ST,SUMMIT,665,S,N,A,-,N,NA,NA,NA,NA,NA,NA,NA,NA,NA,Y,3,0,1,2,A,-,09,21801,A,N,H,C,A,A,H,-,A,D,0,NA,NA,Y,NA,Y,NA,D,22,0,1,0,0,0,0,0,0,1,-,-,NA,NA,ORANGE,HUNTINGTON BEACH,-118.00618,33.68125695
8081849,2016,2016-07-18,3010,2016-07-05,1110,1234,444,2,5,6,3010,0,0,0,NA,0,003,INDIANAPOLIS,MAGNOLIA,0,NA,Y,A,-,N,NA,NA,NA,NA,NA,NA,NA,NA,NA,Y,3,0,3,2,A,-,12,21453,A,N,-,C,A,A,H,-,A,A,0,NA,NA,NA,NA,Y,NA,A,07,0,1,2,0,0,0,0,0,0,-,-,NA,NA,ORANGE,HUNTINGTON BEACH,-117.97113,33.66497005
8081901,2016,2016-07-19,3002,2016-06-21,0831,1638,426X,2,5,4,3002,0,0,0,NA,0,013,BREA BL,ASH ST,60,N,N,A,-,N,NA,NA,NA,NA,NA,NA,NA,NA,NA,Y,4,0,1,1,A,-,08,22107,NA,N,E,I,A,A,H,-,A,A,0,NA,NA,NA,NA,Y,NA,A,01,0,0,1,0,0,0,0,0,0,-,-,NA,NA,ORANGE,BREA,-117.8985518,33.92003102
8083449,2016,2016-07-19,3008,2016-06-25,1729,1441,NA,6,5,6,3008,0,0,0,NA,0,0Z3,PLACENTIA AV,YORBA LINDA BL,0,NA,Y,A,-,N,NA,NA,NA,NA,NA,NA,NA,NA,NA,Y,4,0,1,2,A,-,09,21801,A,N,A,C,A,-,H,-,A,D,0,NA,NA,NA,NA,Y,NA,A,01,0,0,1,0,0,0,0,0,0,-,-,NA,NA,ORANGE,FULLERTON,-117.87455001,33.88902001
8083996,2016,2016-07-19,3020,2016-05-09,0624,431,NA,1,5,4,3020,0,0,0,NA,0,NORTH,SEAL BEACH BL,OLD RANCH PKY,82,N,N,B,-,N,NA,NA,NA,NA,NA,NA,NA,NA,NA,N,3,0,1,2,A,-,03,22350,NA,N,C,C,A,A,H,-,A,A,0,NA,NA,NA,NA,Y,NA,A,NA,0,1,0,0,0,0,0,0,0,-,-,NA,NA,ORANGE,SEAL BEACH,-118.07348423,33.77602199
8084647,2016,2016-07-25,3003,2016-07-04,2224,665,23,1,5,5,3003,0,0,0,NA,0,008,CRESCENT AV,PIERCE DR,94,E,N,A,-,N,NA,NA,NA,NA,NA,NA,NA,NA,NA,Y,4,0,1,2,A,-,08,22107,NA,N,A,C,A,A,H,-,C,D,0,NA,NA,NA,NA,Y,Y,D,22,0,0,1,0,0,0,0,0,0,-,-,33.505,-118.037,ORANGE,BUENA PARK,-118.00597114,33.83928
8085503,2016,2016-08-15,3015,2016-06-13,1548,1538,55E,1,5,6,3015,0,0,0,NA,0,002,KATELLA AV,N CAMBRIDGE ST,164,E,N,A,-,N,NA,NA,NA,NA,NA,NA,NA,NA,NA,Y,4,0,1,2,A,-,03,22350,NA,N,C,C,A,A,H,-,A,A,0,NA,NA,NA,Y,Y,NA,F,26,0,0,1,0,0,0,0,0,0,-,-,NA,NA,ORANGE,ORANGE,-117.84386143,33.80914
8085808,2016,2016-07-22,3010,2016-07-09,2201,1226,436,6,5,6,3010,0,0,0,NA,0,003,YORKTOWN,BUSHARD,0,NA,Y,A,-,N,NA,NA,NA,NA,NA,NA,NA,NA,NA,Y,3,0,4,2,A,-,09,21801,A,N,D,C,A,A,H,-,C,A,0,NA,NA,NA,NA,Y,NA,A,01,0,2,2,0,0,0,0,0,0,-,-,NA,NA,ORANGE,HUNTINGTON BEACH,-117.96263013,33.6795601
8085812,2016,2016-07-22,3010,2016-07-08,2116,1109,272,5,5,6,3010,0,0,0,NA,0,006,WARNER,ASH LN,0,NA,Y,A,-,N,NA,NA,NA,NA,NA,NA,NA,NA,NA,Y,4,0,4,2,A,-,09,21801,A,N,A,C,A,A,H,-,C,A,0,NA,NA,NA,NA,Y,NA,D,22,0,0,4,0,0,0,0,0,0,-,-,NA,NA,ORANGE,HUNTINGTON BEACH,-117.99208013,33.71567009
8086372,2016,2017-02-28,3008,2016-07-02,1059,1297,NA,6,5,6,3008,0,0,0,NA,0,0Z3,CHAPMAN AV,RT 57,0,NA,Y,A,-,Y,ORA,12,57,-,-,17.181,R,4,S,Y,4,0,1,2,A,-,12,21453,A,N,D,C,A,A,H,-,A,A,0,NA,NA,NA,NA,Y,NA,-,-,0,0,1,0,0,0,0,0,0,-,SF,NA,NA,ORANGE,FULLERTON,-117.88053156,33.87211556
8087362,2016,2016-07-19,3001,2016-07-01,1500,0945,NA,5,5,7,3001,0,0,0,NA,0,0D1,WESTERN AV,CABOT DR,145,S,N,A,-,N,NA,NA,NA,NA,NA,NA,NA,NA,NA,Y,4,0,1,2,A,-,09,21804,A,N,D,C,A,A,H,-,A,D,0,NA,NA,NA,NA,Y,NA,D,22,0,0,1,0,0,0,0,0,0,-,-,NA,NA,ORANGE,ANAHEIM,-118.00222261,33.83024255
8087439,2016,2016-08-29,3001,2016-06-25,1349,2231,NA,6,5,7,3001,0,0,0,NA,0,0D2,W LINCOLN AV,S CITRON ST,138,W,N,A,-,N,NA,NA,NA,NA,NA,NA,NA,NA,NA,N,3,0,1,2,B,-,22,NA,NA,N,D,G,A,A,H,-,A,D,0,NA,Y,NA,NA,Y,NA,L,04,0,1,0,0,0,0,1,0,0,-,-,NA,NA,ORANGE,ANAHEIM,-117.92375743,33.83323064
8087492,2016,2016-07-25,3001,2016-07-02,0908,41555,NA,6,5,7,3001,0,0,0,NA,0,0D1,BROOKHURST ST,CRESCENT AV,131,N,N,A,-,N,NA,NA,NA,NA,NA,NA,NA,NA,NA,N,3,0,3,2,A,-,03,22350,NA,N,C,C,A,A,H,-,A,D,0,NA,NA,NA,NA,Y,NA,D,22,0,1,2,0,0,0,0,0,0,-,-,NA,NA,ORANGE,ANAHEIM,-117.95905665,33.84017912
8087822,2016,2016-07-26,3019,2016-06-24,0830,2630,SC,5,5,7,3019,0,0,0,NA,0,004,SEGERSTROM AV,SPRUCE ST,0,NA,Y,A,-,N,NA,NA,NA,NA,NA,NA,NA,NA,NA,Y,4,0,2,2,A,-,09,21802,A,N,D,C,A,A,H,-,A,A,0,NA,NA,Y,NA,Y,NA,A,07,0,0,2,0,0,0,0,0,1,-,-,33.70746,-117.88863,ORANGE,SANTA ANA,-117.88882007,33.70740012
8087897,2016,2016-08-29,3019,2016-06-21,1040,2630,WE,2,5,7,3019,0,0,0,NA,0,001,HARBOR BL,KENT AV,100,S,N,A,-,N,NA,NA,NA,NA,NA,NA,NA,NA,NA,Y,4,0,3,3,A,-,03,22350,NA,N,C,C,A,A,H,-,A,A,0,NA,NA,NA,NA,Y,NA,A,01,0,0,3,0,0,0,0,0,0,-,-,33.7349,-117.9198,ORANGE,SANTA ANA,-117.92003513,33.73436587
8089428,2016,2016-09-23,3000,2016-08-23,2044,8804,891D5,2,5,4,3045,0,0,0,NA,0,282,LAKE FOREST DR,RESEARCH DR,0,NA,Y,A,-,N,NA,NA,NA,NA,NA,NA,NA,NA,NA,Y,4,0,1,2,A,-,12,21453,A,N,D,C,A,A,H,-,C,A,0,NA,NA,NA,NA,Y,NA,-,-,0,0,1,0,0,0,0,0,0,-,-,NA,NA,ORANGE,LAGUNA HILLS,-117.72687011,33.62917004
8090227,2016,2016-08-26,3000,2016-07-04,2315,921,921G3,1,5,4,3045,0,0,0,NA,0,18 445,ALICIA PKWY,WILKES PL,0,NA,Y,A,-,N,NA,NA,NA,NA,NA,NA,NA,NA,NA,Y,4,0,3,2,D,-,00,NA,NA,N,A,C,A,A,H,-,C,A,0,NA,NA,NA,NA,Y,NA,-,-,0,0,3,0,0,0,0,0,0,-,-,NA,NA,ORANGE,LAGUNA HILLS,-117.69575005,33.5959601
8090967,2016,2016-07-28,3000,2016-05-30,1438,8913,993A3,1,5,5,3017,0,0,0,NA,0,172,AVENIDA PRESIDIO,CALLE DORADO,216,N,N,A,-,N,NA,NA,NA,NA,NA,NA,NA,NA,NA,Y,3,0,1,2,A,-,08,22107,NA,N,C,E,A,A,H,-,A,D,0,NA,NA,NA,NA,Y,NA,A,01,0,1,0,0,0,0,0,0,0,-,-,NA,NA,ORANGE,SAN CLEMENTE,-117.60809392,33.43926146
8091180,2016,2016-07-28,3010,2016-07-14,0958,1122,466,4,5,6,3010,0,0,0,NA,0,NA,HAMILTON,SPYGLASS,184,E,N,A,-,N,NA,NA,NA,NA,NA,NA,NA,NA,NA,Y,4,0,1,2,A,-,08,22107,NA,N,D,C,A,A,H,-,A,D,0,NA,NA,NA,NA,Y,NA,A,01,0,0,1,0,0,0,0,0,0,-,-,NA,NA,ORANGE,HUNTINGTON BEACH,-117.95989692,33.65056033
8091784,2016,2016-08-01,3012,2016-07-09,1308,604,15,6,5,5,3012,0,0,0,NA,0,001,LA HABRA BL,LEORA ST,0,NA,Y,A,-,N,NA,NA,NA,NA,NA,NA,NA,NA,NA,N,4,0,2,2,A,-,09,21802,A,M,D,C,A,A,H,-,A,A,0,NA,NA,NA,NA,Y,NA,A,01,0,0,2,0,0,0,0,0,0,-,-,NA,NA,ORANGE,LA HABRA,-117.95210003,33.93186009
8091792,2016,2016-08-01,3012,2016-07-11,1935,634,46,1,5,5,3012,0,0,0,NA,0,004,CYPRESS ST,CYPRESS ST  1100,52,E,N,A,-,N,NA,NA,NA,NA,NA,NA,NA,NA,NA,N,4,0,1,2,D,-,00,NA,NA,N,D,G,A,A,H,-,B,D,0,NA,Y,NA,NA,Y,NA,-,-,0,0,1,0,0,0,1,0,0,-,-,NA,NA,ORANGE,LA HABRA,NA,NA
8093071,2016,2016-07-29,3024,2016-07-05,0111,149,P29,2,5,5,3024,0,0,0,NA,0,EAST,BROOKHURST ST,HAZARD AV,0,NA,Y,A,-,N,NA,NA,NA,NA,NA,NA,NA,NA,NA,Y,3,0,2,2,A,-,12,21453,A,N,D,C,A,A,H,-,C,B,0,NA,NA,NA,NA,Y,Y,D,22,0,1,1,0,0,0,0,0,0,-,-,NA,NA,ORANGE,WESTMINSTER,-117.95500014,33.75226004
8093557,2016,2016-08-01,3007,2016-07-10,1236,250,44,7,5,5,3007,0,0,0,NA,0,001,BROOKHURST,LA ALAMEDA,0,NA,Y,A,-,N,NA,NA,NA,NA,NA,NA,NA,NA,NA,Y,4,0,1,2,A,-,12,21453,A,N,D,C,A,A,H,-,A,A,0,NA,NA,NA,NA,Y,NA,A,07,0,0,1,0,0,0,0,0,0,-,-,NA,NA,ORANGE,FOUNTAIN VALLEY,-117.95454005,33.71262004
8094000,2016,2016-11-07,3015,2016-07-17,0312,1503,16E,7,5,6,3015,0,0,0,NA,0,111,E EVERETT PL,N LINCOLN ST,287,W,N,A,-,N,NA,NA,NA,NA,NA,NA,NA,NA,NA,Y,3,0,1,1,A,-,01,23152,A,N,E,J,A,A,H,-,D,D,0,NA,NA,NA,NA,Y,Y,A,01,0,1,0,0,0,0,0,0,0,-,-,NA,NA,ORANGE,ORANGE,-117.83880232,33.79827881
8094005,2016,2016-07-26,3000,2016-06-18,0800,1056,922E2,6,5,5,3028,0,0,0,NA,0,051,PARREMO,BACCARA DR,450,W,N,A,-,N,NA,NA,NA,NA,NA,NA,NA,NA,NA,Y,3,0,1,2,A,-,08,22107,NA,N,A,E,A,A,H,-,A,D,0,NA,NA,NA,NA,Y,NA,A,01,0,1,0,0,0,0,0,0,0,-,-,33.59584,-117.64703,ORANGE,MISSION VIEJO,-117.64685522,33.59601949
8094759,2016,2016-08-02,3019,2016-07-24,0440,3342,SE,7,5,7,3019,0,0,0,NA,0,003,WARNER AV,HATHAWAY ST,100,W,N,A,-,N,NA,NA,NA,NA,NA,NA,NA,NA,NA,Y,3,0,1,1,A,-,08,22107,NA,N,-,I,A,A,H,-,C,D,0,NA,NA,NA,NA,Y,Y,A,01,0,1,0,0,0,0,0,0,0,-,-,33.71595,-117.85356,ORANGE,SANTA ANA,-117.85385803,33.71595966
8095110,2016,2016-08-04,3009,2016-07-24,1108,4435,71,7,5,6,3009,0,0,0,NA,0,1    2,MAGNOLIA ST,POINSETTIA LN,90,N,N,A,-,N,NA,NA,NA,NA,NA,NA,NA,NA,NA,Y,3,0,1,2,A,-,09,21804,A,N,D,C,A,A,H,-,A,D,0,NA,NA,Y,NA,Y,NA,A,01,0,1,0,0,0,0,0,0,1,-,-,NA,NA,ORANGE,GARDEN GROVE,-117.97564,33.80218676
8095687,2016,2016-08-03,3000,2016-05-31,1900,8999,892J4,2,5,4,3048,0,0,0,NA,0,3A66,ANTONIO PKWY,AVENIDA EMPRESA,43,N,N,B,-,N,NA,NA,NA,NA,NA,NA,NA,NA,NA,Y,3,0,1,1,A,-,01,23152,A,N,E,I,A,A,H,-,A,A,0,NA,NA,NA,NA,Y,Y,A,01,0,1,0,0,0,0,0,0,0,-,-,NA,NA,ORANGE,RANCHO SANTA MARGARITA,-117.60409339,33.62816526
8095895,2016,2016-08-05,3026,2016-07-05,1152,4991,NA,2,5,6,3026,0,0,0,NA,0,00C,IRVINE CENTER DR,ANTIVO,171,N,N,A,-,N,NA,NA,NA,NA,NA,NA,NA,NA,NA,Y,2,0,1,2,A,-,07,21658,A,N,B,C,A,A,H,-,A,A,0,NA,NA,Y,NA,Y,NA,A,07,1,0,0,0,0,0,0,0,1,-,-,NA,NA,ORANGE,IRVINE,-117.74511889,33.64474125
8095903,2016,2017-02-28,3012,2016-07-21,0846,586,13,4,5,5,3012,0,0,0,NA,0,001,WHITTIER BL,KOOPMANS WY,217,W,N,A,-,Y,ORA,12,72,-,-,11.68,H,-,N,N,3,0,1,2,A,-,03,22350,NA,N,C,G,A,A,H,-,A,D,0,NA,Y,NA,NA,Y,NA,L,04,0,1,0,0,0,0,1,0,0,-,-,NA,NA,ORANGE,LA HABRA,-117.97241992,33.93988649
8095906,2016,2016-08-04,3012,2016-07-23,2150,615,15,6,5,5,3012,0,0,0,NA,0,001,N MARIAN ST,HEATHER AV,207,S,N,A,-,N,NA,NA,NA,NA,NA,NA,NA,NA,NA,N,4,0,1,2,A,-,08,22107,NA,N,B,B,E,A,H,-,D,D,0,Y,NA,NA,NA,Y,NA,A,07,0,0,1,0,1,0,0,0,0,-,-,NA,NA,ORANGE,LA HABRA,-117.95746482,33.9334725
8097225,2016,2016-08-15,3019,2016-08-03,2135,3317,WE,3,5,7,3019,0,0,0,NA,0,003,17TH ST,FREEMAN ST,0,NA,Y,A,-,N,NA,NA,NA,NA,NA,NA,NA,NA,NA,Y,4,0,1,2,A,-,09,21802,A,N,D,C,A,A,H,-,C,D,0,NA,NA,NA,NA,Y,NA,A,01,0,0,1,0,0,0,0,0,0,-,-,33.75996,-117.87934,ORANGE,SANTA ANA,-117.87923004,33.75998009
8097409,2016,2016-08-18,3024,2016-07-22,1646,175,P21,5,5,5,3024,0,0,0,NA,0,EAST,HAZARD AV,MAGNOLIA ST,85,E,N,A,-,N,NA,NA,NA,NA,NA,NA,NA,NA,NA,Y,4,0,4,4,A,-,03,22350,NA,N,C,C,A,A,H,-,A,A,0,NA,NA,NA,NA,Y,NA,A,01,0,0,4,0,0,0,0,0,0,-,-,NA,NA,ORANGE,WESTMINSTER,-117.97206104,33.75215328