CASE_ID,ACCIDENT_YEAR,PROC_DATE,JURIS,COLLISION_DATE,COLLISION_TIME,OFFICER_ID,REPORTING_DISTRICT,DAY_OF_WEEK,CHP_SHIFT,POPULATION,CNTY_CITY_LOC,SPECIAL_COND,BEAT_TYPE,CHP_BEAT_TYPE,CITY_DIVISION_LAPD,CHP_BEAT_CLASS,BEAT_NUMBER,PRIMARY_RD,SECONDARY_RD,DISTANCE,DIRECTION,INTERSECTION,WEATHER_1,WEATHER_2,STATE_HWY_IND,CALTRANS_COUNTY,CALTRANS_DISTRICT,STATE_ROUTE,ROUTE_SUFFIX,POSTMILE_PREFIX,POSTMILE,LOCATION_TYPE,RAMP_INTERSECTION,SIDE_OF_HWY,TOW_AWAY,COLLISION_SEVERITY,NUMBER_KILLED,NUMBER_INJURED,PARTY_COUNT,PRIMARY_COLL_FACTOR,PCF_CODE_OF_VIOL,PCF_VIOL_CATEGORY,PCF_VIOLATION,PCF_VIOL_SUBSECTION,HIT_AND_RUN,TYPE_OF_COLLISION,MVIW,PED_ACTION,ROAD_SURFACE,ROAD_COND_1,ROAD_COND_2,LIGHTING,CONTROL_DEVICE,CHP_ROAD_TYPE,PEDESTRIAN_ACCIDENT,BICYCLE_ACCIDENT,MOTORCYCLE_ACCIDENT,TRUCK_ACCIDENT,NOT_PRIVATE_PROPERTY,ALCOHOL_INVOLVED,STWD_VEHTYPE_AT_FAULT,CHP_VEHTYPE_AT_FAULT,COUNT_SEVERE_INJ,COUNT_VISIBLE_INJ,COUNT_COMPLAINT_PAIN,COUNT_PED_KILLED,COUNT_PED_INJURED,COUNT_BICYCLIST_KILLED,COUNT_BICYCLIST_INJURED,COUNT_MC_KILLED,COUNT_MC_INJURED,PRIMARY_RAMP,SECONDARY_RAMP,LATITUDE,LONGITUDE,COUNTY,CITY,POINT_X,POINT_Y
8123067,2016,2016-09-16,3008,2016-07-24,1202,1470,NA,7,5,6,3008,0,0,0,NA,0,0Z2,HARBOR BL,ORANGETHORPE AV,0,NA,Y,A,-,N,NA,NA,NA,NA,NA,NA,NA,NA,NA,Y,4,0,3,3,A,-,12,21453,A,N,D,C,A,A,H,-,A,A,0,NA,NA,NA,NA,Y,NA,A,01,0,0,3,0,0,0,0,0,0,-,-,NA,NA,ORANGE,FULLERTON,-117.92437009,33.85950007
81234530,2020,2020-05-06,3014,2020-04-25,0934,1462,RD66,6,5,5,3014,0,0,0,NA,0,A4,VISTA RIDGE RD,TROVARE DR,11,E,N,A,-,N,NA,NA,NA,NA,NA,NA,NA,NA,NA,N,3,0,1,2,A,-,09,21801,NA,N,H,G,A,A,H,-,A,D,0,NA,Y,NA,NA,Y,NA,D,22,0,1,0,0,0,0,1,0,0,-,-,33.36909866333008,-117.49420166015624,ORANGE,NEWPORT BEACH,-117.82822418212892,33.60249710083008
8123487,2016,2016-09-19,3000,2016-07-19,1640,5612,797J2,2,5,4,3021,0,0,0,NA,0,021,PACIFIC ST,BEACH BL,0,NA,Y,A,-,N,NA,NA,NA,NA,NA,NA,NA,NA,NA,N,4,0,1,2,A,-,05,21650,1,N,D,G,A,A,H,-,A,A,0,NA,Y,NA,NA,Y,NA,L,04,0,0,1,0,0,0,1,0,0,-,-,NA,NA,ORANGE,STANTON,-117.99328007,33.80668003
81237968,2020,2020-05-14,3014,2020-04-28,2301,979,RD36,2,5,5,3014,0,0,0,NA,0,A3,JAMBOREE RD,BAYVIEW WAY,278,S,N,B,-,N,NA,NA,NA,NA,NA,NA,NA,NA,NA,N,3,0,1,1,A,-,03,22350,NA,N,H,I,A,A,G,-,C,D,0,NA,NA,NA,NA,Y,NA,M,91,0,1,0,0,0,0,0,0,0,-,-,NA,NA,ORANGE,NEWPORT BEACH,-117.86686706542967,33.65214538574219
81238059,2020,2020-05-15,3024,2020-04-13,1427,497,P-04,1,5,5,3024,0,0,0,NA,0,WEST,GOLDENWEST STREET,GARDEN GROVE BOULEVARD,0,NA,Y,B,-,N,NA,NA,NA,NA,NA,NA,NA,NA,NA,Y,2,0,1,4,A,-,01,23152,A,N,D,C,A,A,H,-,A,A,0,NA,NA,NA,NA,Y,Y,A,01,1,0,0,0,0,0,0,0,0,-,-,33.773258209228516,-118.00968933105467,ORANGE,WESTMINSTER,-118.00742,33.77369
81240574,2020,2020-05-21,3024,2020-04-11,1219,468,P-22,6,5,5,3024,0,0,0,NA,0,WEST,BOLSA AVENUE,WEST DRIVE,0,NA,Y,A,-,N,NA,NA,NA,NA,NA,NA,NA,NA,NA,Y,3,0,2,2,A,-,12,21453,A,N,D,C,A,A,H,-,A,A,0,NA,NA,NA,NA,Y,NA,A,01,0,1,1,0,0,0,0,0,0,-,-,33.74409103393555,-118.01622772216795,ORANGE,WESTMINSTER,-118.01341247558594,33.744510650634766
81241520,2020,2020-05-22,3014,2020-04-24,2020,1503,RD15,5,5,5,3014,0,0,0,NA,0,A1,SR-55 (NEWPORT BLVD),VIA LIDO,22,N,N,A,-,Y,NA,NA,55,NA,NA,NA,NA,NA,NA,Y,2,0,1,2,A,-,08,22107,NA,N,D,C,A,A,H,-,C,A,0,NA,NA,Y,NA,Y,NA,C,02,1,0,0,0,0,0,0,0,1,-,-,33.61880111694336,-117.93009948730467,ORANGE,NEWPORT BEACH,-117.93010711669922,33.61880111694336
81245187,2020,2020-05-29,3014,2020-05-22,1618,1253,RD25,5,5,5,3014,0,0,0,NA,0,A2,SR-1 (W. COAST HWY),TUSTIN AVE,150,E,N,A,-,Y,NA,NA,1,NA,NA,NA,NA,NA,NA,Y,3,0,1,2,A,-,03,22350,NA,N,C,C,A,A,H,-,A,A,0,NA,NA,NA,NA,Y,NA,A,01,0,1,0,0,0,0,0,0,0,-,-,33.61949920654297,-117.92240142822266,ORANGE,NEWPORT BEACH,-117.9223861694336,33.61952590942383
81245890,2020,2020-06-01,3024,2020-04-29,1544,159,P-03,3,5,5,3024,0,0,0,NA,0,WEST,CHEYENNE DRIVE,NAVAJO ROAD,500,N,N,B,-,N,NA,NA,NA,NA,NA,NA,NA,NA,NA,N,3,0,1,2,-,-,-,NA,NA,N,D,G,A,A,H,-,A,D,0,NA,Y,NA,NA,Y,NA,-,-,0,1,0,0,0,0,1,0,0,-,-,33.766448974609375,-118.01973724365234,ORANGE,WESTMINSTER,-118.02088928222656,33.767578125
81251536,2020,2020-06-15,3024,2020-05-07,1436,329,P-38,4,5,5,3024,0,0,0,NA,0,EAST,MAGNOLIA STREET,EDINGER AVENUE,0,NA,Y,A,-,N,NA,NA,NA,NA,NA,NA,NA,NA,NA,Y,4,0,2,2,A,-,12,21453,A,N,A,C,A,A,H,-,A,A,0,NA,NA,NA,NA,Y,NA,A,07,0,0,2,0,0,0,0,0,0,-,-,33.73017883300781,-117.97200012207033,ORANGE,WESTMINSTER,-117.97207641601563,33.73031997680664
8126012,2016,2017-02-28,3002,2016-08-16,2330,1661,528Z,2,5,4,3002,0,0,0,NA,0,014,IMPERIAL HWY,RT 57,50,N,N,A,-,Y,ORA,12,90,-,S,5.545,I,5,W,Y,4,0,1,2,A,-,12,21453,A,N,D,C,A,A,H,-,C,A,0,NA,NA,NA,NA,Y,NA,-,-,0,0,1,0,0,0,0,0,0,-,-,NA,NA,ORANGE,BREA,-117.88190675,33.9108161
81264475,2020,2020-07-07,3014,2020-07-03,0019,1253,RD25,5,5,5,3014,0,0,0,NA,0,A2,SR-1 (W. COAST HWY),HOAG DR,250,W,N,A,-,Y,NA,NA,1,NA,NA,NA,NA,NA,NA,Y,2,0,3,2,A,-,01,23152,NA,N,B,C,A,A,H,-,C,D,0,NA,NA,NA,NA,Y,Y,A,01,1,2,0,0,0,0,0,0,0,-,-,33.62179946899414,-117.93419647216795,ORANGE,NEWPORT BEACH,-117.93418884277344,33.62186813354492
81265685,2020,2020-07-09,3024,2020-05-22,1842,426,P-13,5,5,5,3024,0,0,0,NA,0,EAST,NEWLAND STREET,LOMAY AVENUE,45,S,N,A,-,N,NA,NA,NA,NA,NA,NA,NA,NA,NA,Y,4,0,2,3,A,-,01,23152,A,F,C,C,A,A,H,-,A,D,0,NA,NA,NA,NA,Y,Y,A,01,0,0,2,0,0,0,0,0,0,-,-,33.760009765625,-117.98108673095705,ORANGE,WESTMINSTER,-117.98105621337892,33.76022720336914
81269336,2020,2020-07-16,3024,2020-06-08,1129,468,P-13,1,5,5,3024,0,0,0,NA,0,EAST,BEACH BOULEVARD (SR 39),21ST STREET,0,NA,Y,A,-,Y,NA,NA,39,NA,NA,NA,NA,NA,NA,Y,4,0,1,2,A,-,09,21802,A,N,D,C,A,A,H,-,A,D,0,NA,NA,NA,NA,Y,NA,A,01,0,0,1,0,0,0,0,0,0,-,-,33.76266860961914,-117.98961639404295,ORANGE,WESTMINSTER,-117.98957824707033,33.762672424316406
81269635,2020,2020-07-16,3014,2020-07-07,1418,1146,RD34,2,5,5,3014,0,0,0,NA,0,A3,BIRCH ST,DOVE ST,0,NA,Y,A,-,N,NA,NA,NA,NA,NA,NA,NA,NA,NA,Y,4,0,2,2,A,-,12,21453,A,N,D,C,A,A,H,-,A,A,0,NA,NA,NA,NA,Y,NA,A,01,0,0,2,0,0,0,0,0,0,-,-,33.66619873046875,-117.8678970336914,ORANGE,NEWPORT BEACH,-117.86820220947266,33.66632843017578
8127984,2016,2016-09-28,3014,2016-09-04,1407,1395,RD39,7,5,5,3014,0,0,0,NA,0,0A3,NEWPORT CENTER DR E,ANACAPA DR,0,NA,Y,A,-,N,NA,NA,NA,NA,NA,NA,NA,NA,NA,N,3,0,2,2,A,-,17,21451,A,N,D,C,A,A,H,-,A,A,0,NA,NA,NA,NA,Y,NA,A,01,0,1,1,0,0,0,0,0,0,-,-,33.6125,-117.875,ORANGE,NEWPORT BEACH,-117.87512004,33.61254012
8127988,2016,2016-10-03,3014,2016-09-11,1345,1395,RD24,7,5,5,3014,0,0,0,NA,0,0A2,SUPERIOR AV,NICE LN,395,S,N,A,-,N,NA,NA,NA,NA,NA,NA,NA,NA,NA,Y,2,0,1,1,A,-,03,22350,NA,N,E,I,A,A,H,-,A,D,0,NA,NA,Y,NA,Y,NA,C,02,1,0,0,0,0,0,0,0,1,-,-,33.6239,-117.9355,ORANGE,NEWPORT BEACH,-117.93585093,33.62390476
8128124,2016,2016-09-28,3026,2016-09-15,1713,6352,NA,4,5,6,3026,0,0,0,NA,0,00U,UNIVERSITY DR,RIDGELINE DR,387,E,N,A,-,N,NA,NA,NA,NA,NA,NA,NA,NA,NA,Y,3,0,2,2,A,-,04,21703,NA,N,C,C,A,A,H,-,A,A,0,NA,NA,NA,NA,Y,NA,A,01,0,1,1,0,0,0,0,0,0,-,-,NA,NA,ORANGE,IRVINE,-117.80616529,33.658278
81282295,2020,2020-08-07,3014,2020-08-02,1416,1418,RD26,7,5,5,3014,0,0,0,NA,0,NA,SR-1 (W COAST HWY),DOVER DR,820,W,N,A,-,Y,NA,NA,1,NA,NA,NA,NA,NA,NA,Y,4,0,2,3,A,-,03,22350,NA,N,C,C,A,A,H,-,A,D,0,NA,NA,NA,NA,Y,NA,A,01,0,0,2,0,0,0,0,0,0,-,-,33.61589813232422,-117.91000366210938,ORANGE,NEWPORT BEACH,-117.91000366210938,33.615970611572266
8128481,2016,2016-09-26,3007,2016-09-14,2212,230,44,3,5,5,3007,0,0,0,NA,0,001,BROOKHURST ST,LA HACIENDA,0,NA,Y,A,-,N,NA,NA,NA,NA,NA,NA,NA,NA,NA,Y,4,0,2,2,A,-,09,21801,A,N,-,C,A,A,H,-,C,A,0,NA,NA,NA,NA,Y,NA,A,07,0,0,2,0,0,0,0,0,0,-,-,NA,NA,ORANGE,FOUNTAIN VALLEY,-117.95457004,33.71427011
8128525,2016,2016-09-26,3007,2016-09-05,2055,244,45,1,5,5,3007,0,0,0,NA,0,001,BROOKHURST,LA HACIENDA,0,NA,Y,A,-,N,NA,NA,NA,NA,NA,NA,NA,NA,NA,Y,4,0,1,2,A,-,12,21453,A,N,D,C,A,A,H,-,C,A,0,NA,NA,NA,NA,Y,NA,A,07,0,0,1,0,0,0,0,0,0,-,-,NA,NA,ORANGE,FOUNTAIN VALLEY,-117.95457004,33.71427011
81290888,2020,2020-08-24,3024,2020-07-14,0903,329,P-04,2,5,5,3024,0,0,0,NA,0,WEST,EDWARDS STREET,TILLAMOOK AVENUE,49,S,N,A,-,N,NA,NA,NA,NA,NA,NA,NA,NA,NA,Y,4,0,1,2,A,-,07,21658,A,N,D,C,A,A,H,-,A,D,0,NA,NA,NA,NA,Y,NA,A,01,0,0,1,0,0,0,0,0,0,-,-,33.7675895690918,-118.0156478881836,ORANGE,WESTMINSTER,-118.0159912109375,33.76738739013672
81291221,2020,2020-08-24,3014,2020-08-07,1716,1508,RD37,5,5,5,3014,0,0,0,NA,0,A3,BACK BAY DR,SAN JOAQUIN HILLS RD,4615,N,N,A,-,N,NA,NA,NA,NA,NA,NA,NA,NA,NA,N,2,0,1,1,A,-,03,22350,NA,N,H,A,A,A,H,-,A,D,0,NA,Y,NA,NA,Y,NA,L,04,1,0,0,0,0,0,1,0,0,-,-,33.63779830932617,-117.8865966796875,ORANGE,NEWPORT BEACH,-117.88677215576172,33.63605880737305
8129796,2016,2016-09-22,3002,2016-09-06,1530,1545,124X,2,5,4,3002,0,0,0,NA,0,011,LA CANADA DR,NORTHWOOD AV,13,S,N,A,-,N,NA,NA,NA,NA,NA,NA,NA,NA,NA,Y,4,0,1,1,A,-,08,22107,NA,N,E,I,A,A,H,-,A,D,0,NA,NA,NA,NA,Y,NA,A,01,0,0,1,0,0,0,0,0,0,-,-,NA,NA,ORANGE,BREA,-117.91892,33.94285
81301931,2020,2020-09-10,3024,2020-08-01,1354,498,P-35,6,5,5,3024,0,0,0,NA,0,EAST,MCFADDEN AVENUE,DALEWOOD LANE,20,W,N,A,-,N,NA,NA,NA,NA,NA,NA,NA,NA,NA,N,4,0,1,2,A,-,07,21658,A,N,B,C,A,A,H,-,A,D,0,NA,NA,NA,NA,Y,NA,A,01,0,0,1,0,0,0,0,0,0,-,-,33.73772048950195,-117.95823669433594,ORANGE,WESTMINSTER,-117.95831298828124,33.737648010253906
81306828,2020,2020-09-18,3024,2020-08-17,1216,435,P-03,1,5,5,3024,0,0,0,NA,0,WEST,SPRINGDALE STREET,CYNTHIA DRIVE,610,E,N,A,-,N,NA,NA,NA,NA,NA,NA,NA,NA,NA,Y,4,0,1,2,A,-,01,23152,F,N,D,C,A,A,H,-,A,D,0,NA,NA,NA,NA,Y,NA,A,01,0,0,1,0,0,0,0,0,0,-,-,33.771888732910156,-118.02423858642578,ORANGE,WESTMINSTER,-118.02262878417967,33.772613525390625
8130943,2016,2016-09-27,3015,2016-08-19,0715,1453,117N,5,5,6,3015,0,0,0,NA,0,223,N SANTIAGO BL,E MEATS AV,265,S,N,A,-,N,NA,NA,NA,NA,NA,NA,NA,NA,NA,N,4,0,1,2,A,-,03,22350,NA,N,C,C,A,A,H,-,A,A,0,NA,NA,NA,NA,Y,NA,A,01,0,0,1,0,0,0,0,0,0,-,-,NA,NA,ORANGE,ORANGE,-117.82545651,33.82243633
81312581,2020,2020-09-28,3010,2020-09-05,1644,1015,442,6,5,6,3010,0,0,0,NA,0,003,HUNTINGTON ST,KNOXVILLE AVE,57,N,N,A,-,N,NA,NA,NA,NA,NA,NA,NA,NA,NA,N,3,0,1,2,A,-,01,21200,5,N,H,G,A,A,H,-,A,D,0,NA,Y,NA,NA,Y,Y,L,04,0,1,0,0,0,0,1,0,0,-,-,33.66648864746094,-117.99510192871094,ORANGE,HUNTINGTON BEACH,-117.99508666992188,33.66682815551758
81320557,2020,2020-10-09,3024,2020-09-05,1054,473,P-20,6,5,5,3024,0,0,0,NA,0,EAST,WESTMINSTER BOULEVARD,NEWLAND STREET,0,NA,Y,A,-,N,NA,NA,NA,NA,NA,NA,NA,NA,NA,Y,4,0,2,2,A,-,12,21453,A,N,D,C,A,A,H,-,A,A,0,NA,NA,NA,NA,Y,NA,A,07,0,0,2,0,0,0,0,0,0,-,-,33.75944900512695,-117.9807586669922,ORANGE,WESTMINSTER,-117.98104858398438,33.75933837890625
8132277,2016,2016-10-04,3007,2016-09-23,1717,296,54,5,5,5,3007,0,0,0,NA,0,003,BUSHARD,TALBERT,0,NA,Y,A,-,N,NA,NA,NA,NA,NA,NA,NA,NA,NA,Y,3,0,2,2,A,-,09,21801,B,N,A,C,A,-,H,-,A,A,0,NA,NA,NA,NA,Y,NA,A,07,0,1,1,0,0,0,0,0,0,-,-,NA,NA,ORANGE,FOUNTAIN VALLEY,-117.96293004,33.70163007
81325541,2020,2020-10-19,3001,2020-10-13,2205,A1996,D-3,2,5,7,3001,0,0,0,NA,0,NA,MANCHESTER AVENUE,KATELLA AVENUE,193,S,N,A,-,N,NA,NA,NA,NA,NA,NA,NA,NA,NA,Y,4,0,2,2,A,-,05,21651,B,F,A,C,A,A,H,-,C,D,0,NA,NA,NA,NA,Y,NA,A,01,0,0,2,0,0,0,0,0,0,-,-,33.803550720214844,-117.90435028076172,ORANGE,ANAHEIM,-117.90421295166016,33.802730560302734
8132856,2016,2016-11-08,3002,2016-09-27,1955,5013,741A6,2,5,5,3025,0,0,0,NA,0,004,WEIR CANYON RD,RT 91,227,S,N,A,-,N,NA,NA,NA,NA,NA,NA,NA,NA,NA,Y,4,0,2,2,A,-,03,22350,NA,N,C,C,A,A,H,-,C,A,0,NA,NA,NA,NA,Y,NA,D,22,0,0,2,0,0,0,0,0,0,-,WO,NA,NA,ORANGE,YORBA LINDA,-117.74464,33.87064
8132868,2016,2016-10-18,3000,2016-09-23,1655,1920,922C2,5,5,5,3028,0,0,0,NA,0,755,LA PAZ RD,FLORESTA LN,93,W,N,A,-,N,NA,NA,NA,NA,NA,NA,NA,NA,NA,N,4,0,1,3,A,-,03,22350,NA,N,C,C,A,A,H,-,A,D,0,NA,NA,NA,NA,Y,NA,D,22,0,0,1,0,0,0,0,0,0,-,-,NA,NA,ORANGE,MISSION VIEJO,-117.66098715,33.59808245
81331754,2020,2020-10-27,3001,2020-10-21,2030,A1047,NA,3,5,7,3001,0,0,0,NA,0,D-3,ORANGEWOOD AVENUE,MANCHESTER AVENUE,0,NA,Y,A,-,N,NA,NA,NA,NA,NA,NA,NA,NA,NA,Y,3,0,3,2,A,-,12,21453,A,F,D,C,A,A,H,-,C,A,0,NA,NA,NA,NA,Y,NA,A,01,0,3,0,0,0,0,0,0,0,-,-,33.79623031616211,-117.89611053466795,ORANGE,ANAHEIM,-117.89589691162108,33.79623031616211
81331762,2020,2020-10-27,3001,2020-10-23,1431,A2367,D-4,5,5,7,3001,0,0,0,NA,0,D-4,SANTA ANA CANYON ROAD,AVENIDA MARGARITA,0,NA,Y,B,-,N,NA,NA,NA,NA,NA,NA,NA,NA,NA,Y,4,0,2,2,A,-,12,21453,A,N,D,C,A,A,H,-,A,A,0,NA,NA,NA,NA,Y,NA,-,-,0,0,2,0,0,0,0,0,0,-,-,33.85100173950195,-117.79328918457033,ORANGE,ANAHEIM,-117.79334259033205,33.85157012939453
81332691,2020,2020-10-28,3010,2020-10-21,1402,1261,464,3,5,6,3010,0,0,0,NA,0,002,HAMILTON AVE,MAGNOLIA ST,1023,W,N,A,-,N,NA,NA,NA,NA,NA,NA,NA,NA,NA,Y,3,0,2,2,A,-,03,22350,NA,N,C,C,A,A,H,-,A,D,0,NA,NA,NA,NA,Y,NA,A,01,0,2,0,0,0,0,0,0,0,-,-,33.6490592956543,-117.97235870361328,ORANGE,HUNTINGTON BEACH,-117.97427368164063,33.65047836303711
81336195,2020,2020-11-02,3010,2020-10-30,1306,2862,319,5,5,6,3010,0,0,0,NA,0,005,GARFIELD AVE,EDWARDS ST,0,NA,Y,A,-,N,NA,NA,NA,NA,NA,NA,NA,NA,NA,Y,3,0,2,2,A,-,09,21801,A,N,D,C,A,A,H,-,A,A,0,NA,NA,NA,NA,Y,NA,A,01,0,1,1,0,0,0,0,0,0,-,-,33.685638427734375,-118.01551818847656,ORANGE,HUNTINGTON BEACH,-118.0148696899414,33.686519622802734
81337465,2020,2020-11-03,3010,2020-10-31,1645,1208,359,6,5,6,3010,0,0,0,NA,0,004,MAIN ST,PACIFIC COAST HWY - SR1,110,E,N,B,-,Y,NA,NA,NA,NA,NA,NA,NA,NA,NA,N,3,0,2,2,A,-,05,21650,NA,N,H,G,A,A,H,-,A,D,0,NA,Y,Y,NA,Y,NA,C,02,0,1,1,0,0,0,1,0,1,-,-,33.65616989135742,-118.00330352783205,ORANGE,HUNTINGTON BEACH,NA,NA
8134423,2016,2016-10-26,3000,2016-09-10,2020,5036,922C7,6,5,5,3028,0,0,0,NA,0,754,CROWN VALLEY PKWY,MARGUERITE PKWY,126,W,N,A,-,N,NA,NA,NA,NA,NA,NA,NA,NA,NA,Y,4,0,1,3,A,-,01,23152,A,N,C,C,A,A,H,-,C,A,0,NA,NA,NA,NA,Y,Y,A,07,0,0,1,0,0,0,0,0,0,-,-,NA,NA,ORANGE,MISSION VIEJO,-117.65860818,33.56345025
8134647,2016,2016-10-04,3000,2016-08-18,0450,8973,862C5,4,5,5,3050,0,0,0,NA,0,161,BAKE PKWY,PORTOLA PKWY,0,NA,Y,A,-,N,NA,NA,NA,NA,NA,NA,NA,NA,NA,Y,4,0,1,2,D,-,00,NA,NA,N,D,C,A,A,H,-,C,A,0,NA,NA,NA,NA,Y,NA,-,-,0,0,1,0,0,0,0,0,0,-,-,NA,NA,ORANGE,LAKE FOREST,-117.66203012,33.67793012
8134778,2016,2016-10-05,3000,2016-09-19,0750,5271,993B7,1,5,5,3017,0,0,0,NA,0,776,SOUTH EL CAMINO REAL,SAN LUIS REY,11,S,N,A,-,N,NA,NA,NA,NA,NA,NA,NA,NA,NA,Y,4,0,1,2,A,-,09,21801,A,N,A,C,A,A,H,-,A,A,0,NA,NA,NA,NA,Y,NA,A,07,0,0,1,0,0,0,0,0,0,-,-,NA,NA,ORANGE,SAN CLEMENTE,-117.59768744,33.40517175
81350001,2020,2020-11-20,3001,2020-11-17,0533,A1427,D-1,2,5,7,3001,0,0,0,NA,0,D-1,GILBERT STREET,BROADWAY,0,NA,Y,A,-,N,NA,NA,NA,NA,NA,NA,NA,NA,NA,Y,4,0,1,2,A,-,12,21453,A,N,D,C,A,A,H,-,C,A,0,NA,NA,NA,NA,Y,NA,-,-,0,0,1,0,0,0,0,0,0,-,-,33.82870101928711,-117.96745300292967,ORANGE,ANAHEIM,-117.96761322021484,33.82872009277344
81353151,2020,2020-11-25,3001,2020-11-20,2105,A2601,D-2,5,5,7,3001,0,0,0,NA,0,D-2,ROMNEYA DRIVE,ROSEMONT STREET,99,E,N,A,-,N,NA,NA,NA,NA,NA,NA,NA,NA,NA,Y,4,0,1,5,A,-,03,22350,NA,M,C,C,A,A,H,-,C,B,0,NA,NA,NA,NA,Y,NA,A,01,0,0,1,0,0,0,0,0,0,-,-,33.85108184814453,-117.9023208618164,ORANGE,ANAHEIM,-117.90199279785156,33.850894927978516
81353155,2020,2020-11-25,3010,2020-11-05,0905,0147,472,4,5,6,3010,0,0,0,NA,0,002,BEACH SERVICE ROAD,BEACH BLVD,478,N,N,A,-,N,NA,NA,NA,NA,NA,NA,NA,NA,NA,N,3,0,2,2,A,-,03,22350,NA,N,H,G,A,A,H,-,A,D,0,NA,Y,NA,NA,Y,NA,L,04,0,2,0,0,0,0,2,0,0,-,-,NA,NA,ORANGE,HUNTINGTON BEACH,-117.99051666259766,33.7338752746582
81353179,2020,2020-11-25,3010,2020-11-13,1135,0147,148,5,5,6,3010,0,0,0,NA,0,009,SPRINGDALE ST,EDINGER AVE,236,S,N,A,-,N,NA,NA,NA,NA,NA,NA,NA,NA,NA,N,4,0,1,3,A,-,21,22106,NA,N,C,C,A,A,H,-,A,A,0,NA,NA,NA,NA,Y,NA,A,07,0,0,1,0,0,0,0,0,0,-,-,33.729270935058594,-118.02394104003906,ORANGE,HUNTINGTON BEACH,-118.0241928100586,33.72932434082031
81353180,2020,2020-11-25,3010,2020-11-13,1722,3042,158,5,5,6,3010,0,0,0,NA,0,007,MONTECITO DR,ANGLER LN,5,E,N,A,-,N,NA,NA,NA,NA,NA,NA,NA,NA,NA,N,3,0,1,2,A,-,10,21950,A,N,G,B,B,A,H,-,C,D,0,Y,NA,NA,NA,Y,NA,A,01,0,1,0,0,1,0,0,0,0,-,-,33.72706985473633,-118.02391052246094,ORANGE,HUNTINGTON BEACH,-118.02354431152344,33.72705841064453
81353200,2020,2020-11-25,3010,2020-11-19,1604,3042,261,4,5,6,3010,0,0,0,NA,0,007,HEIL AVE,SABOT LN (1),0,NA,Y,A,-,N,NA,NA,NA,NA,NA,NA,NA,NA,NA,N,3,0,1,2,A,-,09,21801,A,N,D,G,A,A,H,-,A,D,0,NA,Y,NA,NA,Y,NA,A,07,0,1,0,0,0,0,1,0,0,-,-,33.72187042236328,-118.00386810302734,ORANGE,HUNTINGTON BEACH,-118.00395965576172,33.722991943359375
81354866,2020,2020-11-30,3001,2020-11-29,0614,A1007,D-2,7,5,7,3001,0,0,0,NA,0,D-2,HARBOR BOULEVARD,SOUTH STREET,0,NA,Y,A,-,N,NA,NA,NA,NA,NA,NA,NA,NA,NA,Y,4,0,1,2,A,-,12,21453,A,N,D,C,A,A,H,-,A,A,0,NA,NA,NA,NA,Y,NA,-,-,0,0,1,0,0,0,0,0,0,-,-,33.82529067993164,-117.91690826416016,ORANGE,ANAHEIM,-117.91667938232422,33.825401306152344
81356872,2020,2020-12-02,3010,2020-11-27,2215,2106,463,5,5,6,3010,0,0,0,NA,0,002,BEACH BL - SR39,ATLANTA AVE (E),680,S,N,A,-,Y,NA,NA,NA,NA,NA,NA,NA,NA,NA,N,3,0,1,1,A,-,08,22107,NA,N,H,A,A,A,H,-,C,D,0,NA,Y,NA,NA,Y,Y,L,04,0,1,0,0,0,0,1,0,0,-,-,33.65644836425781,-117.98916625976563,ORANGE,HUNTINGTON BEACH,NA,NA
81360764,2020,2020-12-08,3001,2020-12-01,1744,A1825,NA,2,5,7,3001,0,0,0,NA,0,D-1,EUCLID STREET,TEDMAR AVENUE,324,N,N,A,-,N,NA,NA,NA,NA,NA,NA,NA,NA,NA,N,3,0,2,2,A,-,09,21801,A,N,D,C,A,A,H,-,C,D,0,NA,NA,NA,NA,Y,NA,A,07,0,1,1,0,0,0,0,0,0,-,-,33.82680130004883,-117.94168090820313,ORANGE,ANAHEIM,-117.94148254394533,33.827476501464844
81360769,2020,2020-12-08,3001,2020-12-03,1923,A1047,NA,4,5,7,3001,0,0,0,NA,0,D-1,LINCOLN AVENUE,WESTCHESTER DRIVE,341,E,N,A,-,N,NA,NA,NA,NA,NA,NA,NA,NA,NA,Y,4,0,1,6,A,-,01,23152,A,M,B,E,A,A,H,-,C,D,0,NA,NA,NA,NA,Y,Y,A,08,0,0,1,0,0,0,0,0,0,-,-,33.83197021484375,-118.0052490234375,ORANGE,ANAHEIM,-118.0054168701172,33.8320198059082
81362353,2020,2020-12-09,3015,2020-12-08,1536,1332,76,2,5,6,3015,0,0,0,NA,0,332,PROSPECT ST,E. CHAPMAN AVE,150,N,N,A,-,N,NA,NA,NA,NA,NA,NA,NA,NA,NA,Y,4,0,1,3,A,-,03,22350,NA,N,C,C,A,A,H,-,A,D,0,NA,NA,NA,NA,Y,NA,A,01,0,0,1,0,0,0,0,0,0,-,-,NA,NA,ORANGE,ORANGE,-117.81839752197266,33.78779983520508