CASE_ID,ACCIDENT_YEAR,PROC_DATE,JURIS,COLLISION_DATE,COLLISION_TIME,OFFICER_ID,REPORTING_DISTRICT,DAY_OF_WEEK,CHP_SHIFT,POPULATION,CNTY_CITY_LOC,SPECIAL_COND,BEAT_TYPE,CHP_BEAT_TYPE,CITY_DIVISION_LAPD,CHP_BEAT_CLASS,BEAT_NUMBER,PRIMARY_RD,SECONDARY_RD,DISTANCE,DIRECTION,INTERSECTION,WEATHER_1,WEATHER_2,STATE_HWY_IND,CALTRANS_COUNTY,CALTRANS_DISTRICT,STATE_ROUTE,ROUTE_SUFFIX,POSTMILE_PREFIX,POSTMILE,LOCATION_TYPE,RAMP_INTERSECTION,SIDE_OF_HWY,TOW_AWAY,COLLISION_SEVERITY,NUMBER_KILLED,NUMBER_INJURED,PARTY_COUNT,PRIMARY_COLL_FACTOR,PCF_CODE_OF_VIOL,PCF_VIOL_CATEGORY,PCF_VIOLATION,PCF_VIOL_SUBSECTION,HIT_AND_RUN,TYPE_OF_COLLISION,MVIW,PED_ACTION,ROAD_SURFACE,ROAD_COND_1,ROAD_COND_2,LIGHTING,CONTROL_DEVICE,CHP_ROAD_TYPE,PEDESTRIAN_ACCIDENT,BICYCLE_ACCIDENT,MOTORCYCLE_ACCIDENT,TRUCK_ACCIDENT,NOT_PRIVATE_PROPERTY,ALCOHOL_INVOLVED,STWD_VEHTYPE_AT_FAULT,CHP_VEHTYPE_AT_FAULT,COUNT_SEVERE_INJ,COUNT_VISIBLE_INJ,COUNT_COMPLAINT_PAIN,COUNT_PED_KILLED,COUNT_PED_INJURED,COUNT_BICYCLIST_KILLED,COUNT_BICYCLIST_INJURED,COUNT_MC_KILLED,COUNT_MC_INJURED,PRIMARY_RAMP,SECONDARY_RAMP,LATITUDE,LONGITUDE,COUNTY,CITY,POINT_X,POINT_Y
82015686,2023,2023-03-13,3016,2023-02-17,1432,2169,3,5,5,5,3016,0,0,0,NA,0,001,BASTANCHURY ROAD,WOODEN DRIVE,0,NA,Y,A,-,N,NA,NA,NA,NA,NA,NA,NA,NA,NA,Y,3,0,3,2,A,-,09,21801,A,N,D,C,A,A,H,-,A,D,0,NA,NA,NA,NA,Y,NA,A,01,0,2,1,0,0,0,0,0,0,-,-,33.896358489990234,-117.87059783935548,ORANGE,PLACENTIA,-117.87056732177734,33.896331787109375
8201648,2017,2017-03-29,3015,2017-02-14,2052,1435,775,2,5,6,3015,0,0,0,NA,0,323,NORTH TUSTIN ST,EAST VILLAGE WY,20,S,N,A,-,N,NA,NA,NA,NA,NA,NA,NA,NA,NA,Y,4,0,1,2,A,-,03,22350,NA,N,C,C,A,A,-,-,C,A,0,NA,NA,NA,NA,Y,NA,A,01,0,0,1,0,0,0,0,0,0,-,-,NA,NA,ORANGE,ORANGE,-117.83611843,33.82607519
82016539,2023,2023-03-13,3014,2023-03-03,1518,1520,RD16,5,5,5,3014,0,0,0,NA,0,A1,SR-1 (W. COAST HWY),SUPERIOR AVE,0,NA,Y,A,-,Y,NA,NA,NA,NA,NA,NA,NA,NA,NA,Y,4,0,1,3,A,-,09,21800,A,N,D,C,A,A,H,-,A,A,0,NA,NA,NA,NA,Y,NA,A,01,0,0,1,0,0,0,0,0,0,-,-,33.631988525390625,-117.9389877319336,ORANGE,NEWPORT BEACH,-117.93923950195313,33.62307357788086
82016784,2023,2023-03-14,3001,2023-03-08,1700,A2367,D-2,3,5,7,3001,0,0,0,NA,0,D-2,WILHELMINA STREET,CLEMENTINE STREET,81,W,N,A,-,N,NA,NA,NA,NA,NA,NA,NA,NA,NA,Y,4,0,1,3,A,-,01,23152,F,N,C,E,A,A,H,-,A,D,0,NA,NA,NA,NA,Y,NA,D,22,0,0,1,0,0,0,0,0,0,-,-,NA,NA,ORANGE,ANAHEIM,-117.91946411132813,33.841251373291016
82018065,2023,2023-03-15,3015,2023-03-04,1726,1250,RD77,6,5,6,3015,0,0,0,NA,0,711M,TUSTIN ST,RT 55 SB ONRAMP,0,NA,Y,A,-,N,NA,NA,NA,NA,NA,NA,NA,NA,NA,Y,4,0,1,2,A,-,12,21453,A,N,D,C,A,A,H,-,B,A,0,NA,NA,NA,NA,Y,NA,A,07,0,0,1,0,0,0,0,0,0,-,-,33.832889556884766,-117.836181640625,ORANGE,ORANGE,-117.83417510986328,33.83936309814453
82018100,2023,2023-03-15,3001,2023-03-13,2025,A2461,D-1,1,5,7,3001,0,0,0,NA,0,D-1,LINCOLN AVENUE,GILBERT STREET,0,NA,Y,A,-,N,NA,NA,NA,NA,NA,NA,NA,NA,NA,N,4,0,2,2,A,-,12,21453,A,N,A,C,A,A,H,-,C,A,0,NA,NA,NA,NA,Y,NA,A,01,0,0,2,0,0,0,0,0,0,-,-,NA,NA,ORANGE,ANAHEIM,-117.96768188476563,33.832313537597656
82019042,2023,2023-03-16,3015,2023-02-21,1707,1515,NA,2,5,6,3015,0,0,0,NA,0,NA,TUSTIN ST,SEBA AVE,391,S,N,A,-,N,NA,NA,NA,NA,NA,NA,NA,NA,NA,Y,3,0,3,2,A,-,08,22107,NA,N,A,C,A,A,H,-,A,D,0,NA,NA,NA,NA,Y,NA,A,01,0,1,2,0,0,0,0,0,0,-,-,33.77497863769531,-117.83599090576172,ORANGE,ORANGE,-117.83576202392578,33.77478790283203
82020427,2023,2023-03-17,3019,2023-02-22,1519,2875,SC,3,5,7,3019,0,0,0,NA,0,004,ALTON AVENUE,RAITT STREET,0,NA,Y,A,-,N,NA,NA,NA,NA,NA,NA,NA,NA,NA,Y,3,0,4,3,A,-,09,21801,A,N,D,C,A,A,G,-,A,A,0,NA,NA,NA,NA,Y,NA,A,01,0,1,3,0,0,0,0,0,0,-,-,33.703250885009766,-117.89833831787108,ORANGE,SANTA ANA,-117.89739227294922,33.703651428222656
82022996,2023,2023-03-22,3001,2023-02-28,1945,A2823,D-2,2,5,7,3001,0,0,0,NA,0,D-2,STATE COLLEGE BOULEVARD,LA PALMA AVENUE,0,NA,Y,B,C,N,NA,NA,NA,NA,NA,NA,NA,NA,NA,N,4,0,1,2,A,-,09,21804,A,N,B,C,A,B,H,-,C,D,0,NA,NA,NA,NA,Y,NA,A,01,0,0,1,0,0,0,0,0,0,-,-,33.84571075439453,-117.88877868652344,ORANGE,ANAHEIM,-117.88929748535156,33.84726333618164
82023011,2023,2023-03-21,3001,2023-03-18,1736,A1906,D-2,6,5,7,3001,0,0,0,NA,0,NA,VERMONT AVENUE,CITRON STREET (E),157,E,N,B,-,N,NA,NA,NA,NA,NA,NA,NA,NA,NA,Y,3,0,3,2,A,-,09,21804,A,N,D,C,A,A,H,-,A,D,0,NA,NA,NA,NA,Y,NA,A,01,0,2,1,0,0,0,0,0,0,-,-,33.82101058959961,-117.9189224243164,ORANGE,ANAHEIM,-117.91873168945313,33.821083068847656
8202333,2016,2017-01-06,3000,2016-11-30,2105,9684,921H1,3,5,4,3045,0,0,0,NA,0,746,ALICIA PKWY,PASEO DE ALICIA,83,S,N,A,-,N,NA,NA,NA,NA,NA,NA,NA,NA,NA,Y,4,0,2,2,A,-,03,22350,NA,N,C,C,A,A,H,-,C,A,0,NA,NA,NA,NA,Y,NA,A,01,0,0,2,0,0,0,0,0,0,-,-,NA,NA,ORANGE,LAGUNA HILLS,-117.69122694,33.60167951
8202659,2016,2017-01-04,3010,2016-12-19,1738,1122,261,1,5,6,3010,0,0,0,NA,0,007,GOTHARD,HEIL,0,NA,Y,A,-,N,NA,NA,NA,NA,NA,NA,NA,NA,NA,Y,3,0,1,2,A,-,09,21801,A,N,D,C,A,A,H,-,C,A,0,NA,NA,NA,NA,Y,NA,A,07,0,1,0,0,0,0,0,0,0,-,-,NA,NA,ORANGE,HUNTINGTON BEACH,-118.00014002,33.72285007
8202671,2016,2017-03-02,3010,2016-12-24,0749,1176,412,6,5,6,3010,0,0,0,NA,0,005,ELLIS,MAIN,0,NA,Y,A,-,Y,ORA,12,39,-,-,3.12,I,6,S,Y,3,0,1,3,A,-,09,21801,A,N,D,C,A,A,H,-,A,A,0,NA,NA,NA,NA,Y,NA,D,22,0,1,0,0,0,0,0,0,0,-,-,NA,NA,ORANGE,HUNTINGTON BEACH,-117.98895584,33.69374972
82027526,2023,2023-03-24,3001,2023-02-28,1708,A2367,D-2,2,5,7,3001,0,0,0,NA,0,D-2,BROADWAY,HARBOR BOULEVARD,509,W,N,A,-,N,NA,NA,NA,NA,NA,NA,NA,NA,NA,N,4,0,1,2,B,-,22,NA,NA,N,D,G,A,A,H,-,A,D,0,NA,Y,NA,NA,Y,NA,L,04,0,0,1,0,0,0,1,0,0,-,-,NA,NA,ORANGE,ANAHEIM,-117.92050933837892,33.83163833618164
82028295,2023,2023-03-27,3007,2023-03-09,141,249,28,4,5,5,3007,0,0,0,NA,0,002,EDINGER AVE,MT. OLANCHA,150,W,N,A,-,N,NA,NA,NA,NA,NA,NA,NA,NA,NA,Y,3,0,2,3,A,-,08,22107,NA,N,C,E,A,A,H,-,C,D,0,NA,NA,NA,NA,Y,NA,A,01,0,1,1,0,0,0,0,0,0,-,-,NA,NA,ORANGE,FOUNTAIN VALLEY,-117.92324829101563,33.72825241088867
82028383,2023,2023-03-27,3001,2023-03-23,1824,A2303,NA,4,5,7,3001,0,0,0,NA,0,D-4,LA PALMA AVENUE,POTOMAC CIRCLE,126,W,N,A,-,N,NA,NA,NA,NA,NA,NA,NA,NA,NA,Y,3,0,1,1,A,-,01,23153,F,N,E,I,A,A,H,-,A,D,0,NA,NA,NA,NA,Y,NA,A,01,0,1,0,0,0,0,0,0,0,-,-,33.87284851074219,-117.74495697021484,ORANGE,ANAHEIM,-117.76912689208984,33.87024688720703
82030240,2023,2023-03-28,3002,2023-03-01,449,1719,NA,3,5,4,3002,0,0,0,NA,0,012,ASSOCIATED RD,COUNTRY HILLS RD,0,NA,Y,C,-,N,NA,NA,NA,NA,NA,NA,NA,NA,NA,Y,4,0,1,1,A,-,03,22350,NA,N,E,I,A,B,H,-,C,D,0,NA,NA,NA,NA,Y,NA,D,22,0,0,1,0,0,0,0,0,0,-,-,33.91896057128906,-117.87053680419922,ORANGE,BREA,-117.87056732177734,33.91954040527344
8203057,2016,2017-01-06,3010,2016-12-07,1014,0147,252,3,5,6,3010,0,0,0,NA,0,007,RT 39,STARK,0,NA,Y,A,-,Y,NA,NA,NA,NA,NA,NA,NA,NA,NA,Y,4,0,1,2,A,-,12,21453,A,N,D,C,A,A,H,-,A,A,0,NA,NA,NA,NA,Y,NA,A,08,0,0,1,0,0,0,0,0,0,-,-,NA,NA,ORANGE,HUNTINGTON BEACH,NA,NA
82030793,2023,2023-03-28,3014,2023-03-14,1413,1555,RD31,2,5,5,3014,0,0,0,NA,0,A2,IRVINE AVE,23RD ST,1,N,N,C,-,N,NA,NA,NA,NA,NA,NA,NA,NA,NA,Y,3,0,1,1,A,-,03,22350,NA,N,E,I,A,B,H,-,A,D,0,NA,NA,NA,NA,Y,NA,A,07,0,1,0,0,0,0,0,0,0,-,-,33.645999908447266,-117.8931884765625,ORANGE,NEWPORT BEACH,-117.89338684082033,33.64609146118164
82031153,2023,2023-03-29,3001,2023-02-26,845,A2540,D-2,7,5,7,3001,0,0,0,NA,0,D-2,BROOKHURST STREET,5 FREEWAY,0,NA,Y,A,-,Y,NA,NA,NA,NA,NA,NA,NA,NA,NA,N,4,0,1,2,A,-,09,21804,A,N,B,G,A,A,H,-,A,D,0,NA,Y,NA,NA,Y,NA,L,04,0,0,1,0,0,0,1,0,0,-,-,NA,NA,ORANGE,ANAHEIM,-117.9589385986328,33.84531784057617
8203205,2016,2017-01-06,3001,2016-12-26,1038,A1007,NA,1,5,7,3001,0,0,0,NA,0,0D2,SOUTH EAST ST,EAST BROADWAY,0,NA,Y,B,-,N,NA,NA,NA,NA,NA,NA,NA,NA,NA,NA,4,0,2,2,A,-,12,21453,A,N,D,C,A,A,H,-,A,A,0,NA,NA,NA,NA,Y,NA,D,22,0,0,2,0,0,0,0,0,0,-,-,NA,NA,ORANGE,ANAHEIM,-117.90194012,33.83592004
82034179,2023,2023-03-31,3015,2023-03-29,1030,1495,RD12,3,5,6,3015,0,0,0,NA,0,712M,PARKER ST,TOWN AND COUNTRY RD,185,S,N,C,-,N,NA,NA,NA,NA,NA,NA,NA,NA,NA,Y,4,0,1,2,A,-,09,21804,A,N,D,C,A,B,H,-,A,D,0,NA,NA,NA,NA,Y,NA,A,01,0,0,1,0,0,0,0,0,0,-,-,33.77661895751953,-117.85958862304688,ORANGE,ORANGE,-117.85961151123048,33.776023864746094
82036084,2023,2023-04-04,3001,2023-03-29,643,A1555,D-1,3,5,7,3001,0,0,0,NA,0,D-1,BEACH BOULEVARD,ORANGE AVENUE,371,N,N,C,-,Y,ORA,NA,39,NA,NA,12.171,H,NA,L,N,4,0,1,2,A,-,03,22350,NA,N,C,C,A,B,H,-,A,D,0,NA,NA,NA,NA,Y,NA,A,07,0,0,1,0,0,0,0,0,0,-,-,33.82463073730469,-117.9934310913086,ORANGE,ANAHEIM,-117.99342346191406,33.82463073730469
82036099,2023,2023-04-04,3001,2023-03-31,2223,A1047,NA,5,5,7,3001,0,0,0,NA,0,D-4,IMPERIAL HIGHWAY,LA PALMA AVENUE (W),65,N,N,A,-,Y,NA,NA,NA,NA,NA,NA,NA,NA,NA,N,4,0,1,2,A,-,21,22106,NA,M,C,C,A,A,H,-,C,A,0,NA,NA,NA,NA,Y,NA,D,22,0,0,1,0,0,0,0,0,0,-,-,NA,NA,ORANGE,ANAHEIM,-117.79054260253906,33.859798431396484
82037223,2023,2023-04-06,3008,2023-02-09,1453,1448,ZONE,4,5,6,3008,0,0,0,NA,0,NA,BASTANCHURY RD,MORELIA AVE,380,E,N,A,-,N,NA,NA,NA,NA,NA,NA,NA,NA,NA,Y,4,0,1,2,A,-,03,22350,NA,N,C,C,A,A,H,-,A,D,0,NA,NA,NA,NA,Y,NA,A,01,0,0,1,0,0,0,0,0,0,-,-,NA,NA,ORANGE,FULLERTON,-117.93209838867188,33.89374923706055
82037599,2023,2023-04-05,3014,2023-04-03,1432,1483,RD54,1,5,5,3014,0,0,0,NA,0,A4,MACARTHUR BLVD,BISON AVE,0,NA,Y,A,-,N,NA,NA,NA,NA,NA,NA,NA,NA,NA,Y,4,0,1,2,A,-,12,21453,A,N,D,C,A,A,H,-,A,A,0,NA,NA,NA,NA,Y,NA,A,01,0,0,1,0,0,0,0,0,0,-,-,33.63739013671875,-117.86180114746094,ORANGE,NEWPORT BEACH,-117.86219024658205,33.6373291015625
8203872,2016,2017-03-02,3012,2016-12-19,1224,424,NA,1,5,5,3012,0,0,0,NA,0,0SW,BEACH BL,FASHION SQUARE,323,S,N,A,-,Y,ORA,12,39,-,-,19.3,H,-,S,N,3,0,2,2,A,-,03,22350,NA,N,C,C,A,A,H,-,A,A,0,NA,NA,NA,NA,Y,NA,A,01,0,2,0,0,0,0,0,0,0,-,-,NA,NA,ORANGE,LA HABRA,-117.96788613,33.91891379
82039144,2023,2023-05-03,3010,2023-03-28,2259,3004,264,2,5,6,3010,0,0,0,NA,0,006,ROSS LN,PARKER CIR,55,N,N,A,-,N,NA,NA,NA,NA,NA,NA,NA,NA,NA,Y,4,0,1,2,A,-,01,23152,A,M,A,E,A,A,H,-,C,D,0,NA,NA,NA,NA,Y,Y,A,01,0,0,1,0,0,0,0,0,0,-,-,33.719120025634766,-117.97666168212892,ORANGE,HUNTINGTON BEACH,-117.97673034667967,33.720611572265625
82041373,2023,2023-04-10,3014,2023-04-06,1358,1483,RD29,4,5,5,3014,0,0,0,NA,0,A2,DOVER DR,WESTCLIFF DR,68,S,N,A,-,N,NA,NA,NA,NA,NA,NA,NA,NA,NA,N,4,0,1,2,A,-,03,22350,NA,N,C,C,A,A,H,-,A,A,0,NA,NA,NA,NA,Y,NA,-,32,0,0,1,0,0,0,0,0,0,-,-,33.6248893737793,-117.90419769287108,ORANGE,NEWPORT BEACH,-117.90438842773438,33.625057220458984
8204187,2016,2017-01-13,3000,2016-12-16,1408,9684,891D5,5,5,4,3045,0,0,0,NA,0,746,MOULTON PKWY,EL PACIFICO DR,48,S,N,A,-,N,NA,NA,NA,NA,NA,NA,NA,NA,NA,N,4,0,2,3,A,-,03,22350,NA,N,C,C,A,B,H,-,A,A,0,NA,NA,NA,NA,Y,NA,A,07,0,0,2,0,0,0,0,0,0,-,-,NA,NA,ORANGE,LAGUNA HILLS,-117.73074133,33.625079650000004
8204209,2016,2017-01-10,3008,2016-09-22,0739,1284,Z1,4,5,6,3008,0,0,0,NA,0,NA,VALENCIA AV,EUCLID,2112,W,N,B,-,N,NA,NA,NA,NA,NA,NA,NA,NA,NA,N,3,0,1,2,A,-,09,21804,A,N,A,G,A,A,H,-,A,D,0,NA,Y,NA,NA,Y,NA,A,01,0,1,0,0,0,0,1,0,0,-,-,NA,NA,ORANGE,FULLERTON,-117.94888085,33.8665333
82042635,2023,2023-04-12,3019,2023-03-16,1709,3615,SE,4,5,7,3019,0,0,0,NA,0,003,GRAND AVENUE,EDINGER AVENUE,265,S,N,A,-,N,NA,NA,NA,NA,NA,NA,NA,NA,NA,N,4,0,3,2,A,-,02,22400,A,N,D,C,A,A,H,-,A,D,0,NA,NA,NA,NA,Y,NA,A,07,0,0,3,0,0,0,0,0,0,-,-,33.725738525390625,-117.85096740722656,ORANGE,SANTA ANA,-117.85050201416016,33.72599411010742
82042665,2023,2023-04-12,3019,2023-03-27,752,3823,SE,1,5,7,3019,0,0,0,NA,0,003,SAINT GERTRUDE PLACE,CYPRESS AVENUE,0,NA,Y,A,-,N,NA,NA,NA,NA,NA,NA,NA,NA,NA,N,4,0,1,2,A,-,09,21802,A,N,G,B,B,A,H,-,A,A,0,Y,NA,NA,NA,Y,NA,A,07,0,0,1,0,1,0,0,0,0,-,-,33.7198600769043,-117.86654663085938,ORANGE,SANTA ANA,-117.86661529541016,33.719669342041016
82047106,2023,2023-04-18,3001,2023-04-15,1338,A2814,NA,6,5,7,3001,0,0,0,NA,0,D-2,EUCLID STREET,W/B I 5 FWY ONRAMP,71,N,N,A,-,N,NA,NA,NA,NA,NA,NA,NA,NA,NA,N,4,0,1,2,A,-,03,22350,NA,N,C,C,A,A,H,-,A,A,0,NA,NA,NA,NA,Y,NA,A,01,0,0,1,0,0,0,0,0,0,-,-,NA,NA,ORANGE,ANAHEIM,NA,NA
82048193,2022,2023-04-19,3019,2022-12-14,1734,3830,WE,3,5,7,3019,0,0,0,NA,0,001,WESTMINSTER AVENUE,HARBOR BOULEVARD,189,E,N,A,-,N,NA,NA,NA,NA,NA,NA,NA,NA,NA,N,4,0,1,2,A,-,08,22100,A,N,D,C,A,A,H,-,A,D,0,NA,NA,NA,NA,Y,NA,D,22,0,0,1,0,0,0,0,0,0,-,-,33.75967025756836,-117.92011260986328,ORANGE,SANTA ANA,-117.9197235107422,33.75974655151367
82051027,2023,2023-04-24,3016,2023-04-10,1616,2182,26,1,5,5,3016,0,0,0,NA,0,002,MELROSE STREET,LA JOLLA STREET,20,N,N,A,-,N,NA,NA,NA,NA,NA,NA,NA,NA,NA,N,3,0,1,2,A,-,10,21950,A,N,G,B,B,A,H,-,A,D,0,Y,NA,NA,NA,Y,NA,A,07,0,1,0,0,1,0,0,0,0,-,-,33.85831832885742,-117.8735580444336,ORANGE,PLACENTIA,-117.8735580444336,33.858463287353516
82052275,2023,2023-04-25,3010,2023-04-20,1345,1208,431,4,5,6,3010,0,0,0,NA,0,004,GOLDENWEST ST,YORKTOWN AVE,129,S,N,A,-,N,NA,NA,NA,NA,NA,NA,NA,NA,NA,N,3,0,1,2,A,-,08,22107,NA,N,H,G,A,A,H,-,A,A,0,NA,Y,NA,NA,Y,NA,A,01,0,1,0,0,0,0,1,0,0,-,-,33.67932891845703,-118.00633239746094,ORANGE,HUNTINGTON BEACH,-118.00650024414063,33.679107666015625
82053247,2023,2023-04-26,3026,2023-04-09,1732,715,NA,7,5,6,3026,0,0,0,NA,0,004,YALE,DEERFIELD AVE.,918,N,N,A,-,N,NA,NA,NA,NA,NA,NA,NA,NA,NA,N,2,0,1,2,A,-,08,22107,NA,N,G,G,A,A,H,-,A,D,0,NA,Y,NA,NA,Y,NA,A,01,1,0,0,0,0,0,1,0,0,-,-,NA,NA,ORANGE,IRVINE,-117.7834701538086,33.69101333618164
82053282,2023,2023-04-26,3015,2023-04-22,1444,1250,RD154,6,5,6,3015,0,0,0,NA,0,711M,SANTIAGO CANYON RD,HOLY SEPULCHER,121,E,N,A,-,N,NA,NA,NA,NA,NA,NA,NA,NA,NA,Y,4,0,1,1,A,-,03,22350,NA,N,H,J,A,A,H,-,A,A,0,NA,NA,Y,NA,Y,Y,C,02,0,0,1,0,0,0,0,0,1,-,-,NA,NA,ORANGE,ORANGE,-117.1056900024414,33.18048858642578
8205462,2016,2017-03-06,3010,2016-12-26,2015,1226,272,1,5,6,3010,0,0,0,NA,0,006,RT 39,HOLLAND DR,0,NA,Y,A,-,Y,ORA,12,39,-,-,4.251,I,5,N,Y,4,0,1,2,A,-,01,23153,A,F,D,C,A,A,H,-,C,D,0,NA,NA,NA,NA,Y,Y,D,22,0,0,1,0,0,0,0,0,0,-,-,NA,NA,ORANGE,HUNTINGTON BEACH,-117.98900272,33.7102147
8205481,2016,2017-02-07,3019,2016-12-15,1832,3382,SE,4,5,7,3019,0,0,0,NA,0,003,EDINGER,ORANGE,0,NA,Y,C,-,N,NA,NA,NA,NA,NA,NA,NA,NA,NA,Y,4,0,1,2,A,-,09,21801,A,N,A,C,A,B,H,-,C,D,0,NA,NA,NA,NA,Y,NA,D,22,0,0,1,0,0,0,0,0,0,-,-,NA,NA,ORANGE,SANTA ANA,-117.86526013,33.72725011
82058394,2023,2023-05-01,3014,2023-04-11,1612,1612,RD17,2,5,5,3014,0,0,0,NA,0,A2,SR-1 (COAST HWY W),HIGHLAND ST,75,W,N,A,-,Y,ORA,NA,1,NA,NA,21.395,H,NA,R,Y,2,0,1,1,C,-,18,NA,NA,N,E,I,A,A,H,-,A,D,0,NA,NA,NA,NA,Y,NA,-,-,1,0,0,0,0,0,0,0,0,-,-,33.62929916381836,-117.95439910888672,ORANGE,NEWPORT BEACH,-117.95428466796876,33.629432678222656
8206062,2017,2017-01-18,3010,2017-01-03,0650,2057,148,2,5,6,3010,0,0,0,NA,0,009,PLYMOUTH,ROYALIST,272,N,N,B,-,N,NA,NA,NA,NA,NA,NA,NA,NA,NA,Y,4,0,1,2,A,-,08,22103,NA,N,D,C,A,A,H,-,A,D,0,NA,NA,NA,NA,Y,NA,A,01,0,0,1,0,0,0,0,0,0,-,-,NA,NA,ORANGE,HUNTINGTON BEACH,-118.02158313,33.73247571
8206071,2016,2017-01-17,3016,2016-12-10,1043,1251,19,6,5,5,3016,0,0,0,NA,0,002,CHAPMAN AV,BRADFORD AV,0,NA,Y,A,-,N,NA,NA,NA,NA,NA,NA,NA,NA,NA,Y,4,0,1,2,D,-,00,NA,NA,N,D,C,A,A,H,-,A,A,0,NA,NA,NA,NA,Y,NA,-,-,0,0,1,0,0,0,0,0,0,-,-,33.87225,-117.86909,ORANGE,PLACENTIA,-117.87048003,33.87217002
82060821,2023,2023-05-04,3019,2023-04-12,1022,2801,NE,3,5,7,3019,0,0,0,NA,0,002,2101 E 1ST STREET,PRIVATE PROPERTY,0,NA,Y,B,-,N,NA,NA,NA,NA,NA,NA,NA,NA,NA,N,4,0,1,2,B,-,22,NA,NA,M,G,B,F,A,H,-,A,D,0,Y,NA,NA,NA,Y,NA,D,22,0,0,1,0,1,0,0,0,0,-,-,NA,NA,ORANGE,SANTA ANA,NA,NA
82060828,2023,2023-05-04,3019,2023-04-19,958,3449,SC,3,5,7,3019,0,0,0,NA,0,004,FAIRVIEW STREET,GARRY AVENUE (S),150,S,N,A,-,N,NA,NA,NA,NA,NA,NA,NA,NA,NA,N,3,0,2,3,A,-,03,22350,NA,N,C,C,A,A,H,-,A,A,0,NA,NA,NA,NA,Y,NA,A,07,0,2,0,0,0,0,0,0,0,-,-,33.7052001953125,-117.90817260742188,ORANGE,SANTA ANA,-117.9078369140625,33.70541763305664
82061880,2023,2023-05-05,3001,2023-05-03,854,A2382,NA,3,5,7,3001,0,0,0,NA,0,D-1,ORANGE AVENUE,ANTHONY STREET (E),0,NA,Y,A,-,N,NA,NA,NA,NA,NA,NA,NA,NA,NA,N,3,0,1,2,A,-,09,21802,A,N,E,I,A,A,H,-,A,A,0,NA,NA,Y,NA,Y,NA,A,01,0,1,0,0,0,0,0,0,1,-,-,33.8254508972168,-117.94532012939452,ORANGE,ANAHEIM,-117.94523620605467,33.82517623901367
82063041,2023,2023-05-08,3010,2023-04-30,1040,1261,292,7,5,6,3010,0,0,0,NA,0,006,TALBERT AVE,JOLLY LN,0,NA,Y,B,-,N,NA,NA,NA,NA,NA,NA,NA,NA,NA,N,3,0,1,2,A,-,05,21650,1,N,H,G,A,A,H,-,A,A,0,NA,Y,NA,NA,Y,NA,M,91,0,1,0,0,0,0,1,0,0,-,-,33.700050354003906,-117.99323272705078,ORANGE,HUNTINGTON BEACH,-117.99285125732422,33.701148986816406
82063081,2023,2023-05-08,3024,2023-03-25,1428,537,P-21,6,5,5,3024,0,0,0,NA,0,EAST,MAGNOLIA STREET,OASIS AVENUE,14,N,N,A,-,N,NA,NA,NA,NA,NA,NA,NA,NA,NA,N,4,0,1,2,A,-,03,22350,NA,F,C,C,A,A,H,-,A,D,0,NA,NA,NA,NA,Y,NA,A,01,0,0,1,0,0,0,0,0,0,-,-,33.75634002685547,-117.97212982177734,ORANGE,WESTMINSTER,-117.97238159179688,33.756378173828125
82063602,2023,2023-05-08,3026,2023-05-04,810,712,NA,4,5,6,3026,0,0,0,NA,0,NA,IRVINE BLVD,YALE AVE,426,E,N,C,-,N,NA,NA,NA,NA,NA,NA,NA,NA,NA,N,4,0,1,2,A,-,03,22350,NA,M,C,C,A,B,H,-,A,A,0,NA,NA,NA,NA,Y,NA,A,07,0,0,1,0,0,0,0,0,0,-,-,NA,NA,ORANGE,IRVINE,-117.75999450683594,33.71363067626953
82065401,2023,2023-05-10,3015,2023-05-02,1923,1421,17W,2,5,6,3015,0,0,0,NA,0,345,TAFT AVE,CAMBRIDGE ST,0,NA,Y,A,-,N,NA,NA,NA,NA,NA,NA,NA,NA,NA,Y,4,0,2,2,A,-,08,22107,NA,N,D,C,A,A,H,-,A,A,0,NA,NA,NA,NA,Y,NA,A,07,0,0,2,0,0,0,0,0,0,-,-,33.815921783447266,-117.84536743164063,ORANGE,ORANGE,-117.84538269042967,33.815773010253906
82065422,2023,2023-05-10,3001,2023-04-17,1649,A2540,D-2,1,5,7,3001,0,0,0,NA,0,D-2,LINCOLN AVENUE,EVERGREEN STREET,0,NA,Y,A,-,N,NA,NA,NA,NA,NA,NA,NA,NA,NA,Y,3,0,2,2,A,-,09,21802,A,N,D,D,A,A,H,-,A,D,0,NA,NA,NA,NA,Y,NA,A,01,0,1,1,0,0,0,0,0,0,-,-,33.840110778808594,-117.89427947998048,ORANGE,ANAHEIM,-117.89415740966795,33.84005355834961
82065721,2023,2023-05-10,3026,2023-04-30,1427,12434,NA,7,5,6,3026,0,0,0,NA,0,009,IRVINE BLVD,CHINON,0,NA,Y,B,-,N,NA,NA,NA,NA,NA,NA,NA,NA,NA,Y,3,0,4,2,A,-,09,21453,C,N,D,C,A,A,H,-,A,A,0,NA,NA,NA,NA,Y,NA,A,01,0,2,2,0,0,0,0,0,0,-,-,33.67393112182617,-117.71276092529295,ORANGE,IRVINE,-117.71312713623048,33.675472259521484