CASE_ID,ACCIDENT_YEAR,PROC_DATE,JURIS,COLLISION_DATE,COLLISION_TIME,OFFICER_ID,REPORTING_DISTRICT,DAY_OF_WEEK,CHP_SHIFT,POPULATION,CNTY_CITY_LOC,SPECIAL_COND,BEAT_TYPE,CHP_BEAT_TYPE,CITY_DIVISION_LAPD,CHP_BEAT_CLASS,BEAT_NUMBER,PRIMARY_RD,SECONDARY_RD,DISTANCE,DIRECTION,INTERSECTION,WEATHER_1,WEATHER_2,STATE_HWY_IND,CALTRANS_COUNTY,CALTRANS_DISTRICT,STATE_ROUTE,ROUTE_SUFFIX,POSTMILE_PREFIX,POSTMILE,LOCATION_TYPE,RAMP_INTERSECTION,SIDE_OF_HWY,TOW_AWAY,COLLISION_SEVERITY,NUMBER_KILLED,NUMBER_INJURED,PARTY_COUNT,PRIMARY_COLL_FACTOR,PCF_CODE_OF_VIOL,PCF_VIOL_CATEGORY,PCF_VIOLATION,PCF_VIOL_SUBSECTION,HIT_AND_RUN,TYPE_OF_COLLISION,MVIW,PED_ACTION,ROAD_SURFACE,ROAD_COND_1,ROAD_COND_2,LIGHTING,CONTROL_DEVICE,CHP_ROAD_TYPE,PEDESTRIAN_ACCIDENT,BICYCLE_ACCIDENT,MOTORCYCLE_ACCIDENT,TRUCK_ACCIDENT,NOT_PRIVATE_PROPERTY,ALCOHOL_INVOLVED,STWD_VEHTYPE_AT_FAULT,CHP_VEHTYPE_AT_FAULT,COUNT_SEVERE_INJ,COUNT_VISIBLE_INJ,COUNT_COMPLAINT_PAIN,COUNT_PED_KILLED,COUNT_PED_INJURED,COUNT_BICYCLIST_KILLED,COUNT_BICYCLIST_INJURED,COUNT_MC_KILLED,COUNT_MC_INJURED,PRIMARY_RAMP,SECONDARY_RAMP,LATITUDE,LONGITUDE,COUNTY,CITY,POINT_X,POINT_Y
84958613,2025,2025-12-08,3001,2025-11-21,2230,A2748,NA,5,5,7,3001,0,0,0,NA,0,012,ORANGE AVE,WESTERN AVE,0,NA,Y,A,-,N,NA,NA,NA,NA,NA,NA,NA,NA,NA,N,4,0,1,2,A,-,09,21801,A,N,D,C,A,A,H,-,C,A,0,NA,NA,NA,Y,Y,NA,A,01,0,0,1,0,0,0,0,0,0,-,-,33.824668884277344,-118.00213623046876,ORANGE,ANAHEIM,-118.0021514892578,33.82461929321289
8495932,2017,2017-12-12,3000,2017-11-08,0640,1802,892B2,3,5,5,3050,0,0,0,NA,0,18-164,EL TORO RD,RAINTREE LN,0,NA,Y,A,-,N,NA,NA,NA,NA,NA,NA,NA,NA,NA,Y,3,0,1,2,A,-,09,21804,A,N,D,C,A,A,H,-,A,D,0,NA,NA,NA,NA,Y,NA,A,01,0,1,0,0,0,0,0,0,0,-,-,NA,NA,ORANGE,LAKE FOREST,-117.66556004,33.64462005
8495964,2017,2017-12-12,3024,2017-11-11,1225,374,P-28,6,5,5,3024,0,0,0,NA,0,EAST,HAZARD AV,BROOKHURST ST,77,W,N,A,-,N,NA,NA,NA,NA,NA,NA,NA,NA,NA,N,4,0,1,3,A,-,03,22350,NA,N,C,C,A,A,H,-,A,A,0,NA,NA,NA,NA,Y,NA,A,01,0,0,1,0,0,0,0,0,0,-,-,33.75231,-117.95472,ORANGE,WESTMINSTER,-117.95525273,33.75226
8495967,2017,2017-12-06,3000,2017-10-23,1717,1644,922A2,1,5,4,3045,0,0,0,NA,0,6M47,LA PAZ RD,MCINTYRE RD,0,NA,Y,A,-,N,NA,NA,NA,NA,NA,NA,NA,NA,NA,N,2,0,1,2,A,-,12,21453,A,N,D,C,A,A,H,-,A,A,0,NA,NA,NA,NA,Y,NA,A,01,1,0,0,0,0,0,0,0,0,-,-,NA,NA,ORANGE,LAGUNA HILLS,-117.6797501,33.59605011
8495971,2017,2017-12-06,3000,2017-10-17,1843,8471,921G6,2,5,5,3040,0,0,0,NA,0,3A40,LA PAZ RD,PACIFIC PARK DR,37,N,N,A,-,N,NA,NA,NA,NA,NA,NA,NA,NA,NA,N,4,0,1,2,A,-,21,22106,NA,N,C,C,A,A,H,-,B,A,0,NA,NA,NA,NA,Y,NA,A,01,0,0,1,0,0,0,0,0,0,-,-,NA,NA,ORANGE,LAGUNA NIGUEL,-117.70770367,33.56937128
8496498,2017,2017-11-18,3010,2017-11-05,0905,1059,422,7,5,6,3010,0,0,0,NA,0,005,MAIN ST,GARFIELD AV,0,S,N,A,-,N,NA,NA,NA,NA,NA,NA,NA,NA,NA,N,4,0,1,3,A,-,03,22350,NA,N,C,C,A,A,H,-,A,A,0,NA,NA,NA,NA,Y,NA,A,07,0,0,1,0,0,0,0,0,0,-,-,NA,NA,ORANGE,HUNTINGTON BEACH,-117.9979501,33.68657012
84970532,2025,2025-12-15,3011,2025-11-21,1745,31613,NA,5,5,4,3011,0,0,0,NA,0,NA,SR-133 LAGUNA CANYON ROAD,RAQUEL ROAD,50,N,-,A,-,Y,NA,NA,NA,NA,NA,NA,NA,NA,NA,N,3,0,2,3,A,-,04,21703,NA,N,C,C,A,A,H,-,C,D,0,NA,NA,NA,NA,Y,NA,A,01,0,2,0,0,0,0,0,0,0,-,-,NA,NA,ORANGE,LAGUNA BEACH,-117.76336669921876,33.56982421875
8497870,2017,2017-12-07,3024,2017-11-13,0841,435,P06,1,5,5,3024,0,0,0,NA,0,WEST,TRASK AV,HOOVER ST,0,NA,Y,A,-,N,NA,NA,NA,NA,NA,NA,NA,NA,NA,N,3,0,1,2,A,-,09,21801,A,N,H,G,A,A,H,-,A,A,0,NA,Y,NA,NA,Y,NA,A,01,0,1,0,0,0,0,1,0,0,-,-,33.76634,-117.99837,ORANGE,WESTMINSTER,-117.99848008,33.76644007
8498140,2017,2017-12-08,3010,2017-11-12,1941,1261,426,7,5,6,3010,0,0,0,NA,0,003,BUSHARD,YORKTOWN,14,N,N,B,-,N,NA,NA,NA,NA,NA,NA,NA,NA,NA,Y,4,0,1,2,A,-,01,23152,A,N,D,C,A,A,H,-,C,A,0,NA,NA,NA,NA,Y,Y,A,01,0,0,1,0,0,0,0,0,0,-,-,NA,NA,ORANGE,HUNTINGTON BEACH,-117.96263105,33.67959837
8498229,2017,2017-12-07,3000,2017-10-30,0909,5377,971-J,1,5,5,3040,0,0,0,NA,0,741,GOLDEN LANTERN,BEAR BRAND RD,40,N,N,B,-,N,NA,NA,NA,NA,NA,NA,NA,NA,NA,Y,4,0,1,2,A,-,01,23152,F,N,C,C,A,A,H,-,A,A,0,NA,NA,NA,NA,Y,NA,A,01,0,0,1,0,0,0,0,0,0,-,-,NA,NA,ORANGE,LAGUNA NIGUEL,-117.69296129,33.50042851
84982892,2025,2026-01-23,3001,2025-11-26,1248,A2657,NA,3,5,7,3001,0,0,0,NA,0,D-3,ORANGEWOOD AVE,JETTY DR,5,E,N,A,-,N,NA,NA,NA,NA,NA,NA,NA,NA,NA,Y,4,0,1,4,A,-,08,22107,NA,N,B,E,A,A,H,-,A,D,0,NA,NA,NA,NA,Y,NA,A,01,0,0,1,0,0,0,0,0,0,-,-,33.794761657714844,-117.902099609375,ORANGE,ANAHEIM,-117.90147399902344,33.7961311340332
8498444,2017,2017-12-08,3010,2017-11-19,1237,1261,348,7,5,6,3010,0,0,0,NA,0,004,UPPER BEACH SERVICE RD,GOLDENWEST,3696,W,N,A,-,N,NA,NA,NA,NA,NA,NA,NA,NA,NA,N,3,0,1,1,A,-,08,22107,NA,N,F,I,A,A,H,-,A,D,0,NA,Y,NA,NA,Y,NA,L,04,0,1,0,0,0,0,1,0,0,-,-,NA,NA,ORANGE,HUNTINGTON BEACH,NA,NA
8498481,2017,2017-12-08,3010,2017-11-09,1307,1118,261,4,5,6,3010,0,0,0,NA,0,007,GOTHARD,WARNER,0,NA,Y,A,-,N,NA,NA,NA,NA,NA,NA,NA,NA,NA,Y,4,0,1,2,A,-,09,21801,A,N,D,C,A,A,H,-,A,A,0,NA,NA,NA,NA,Y,NA,A,01,0,0,1,0,0,0,0,0,0,-,-,NA,NA,ORANGE,HUNTINGTON BEACH,-118.00008003,33.71564007
84984843,2025,2025-12-24,3010,2025-12-20,1320,1022,NA,6,5,6,3010,0,0,0,NA,0,NA,MAGNOLIA ST,GARFIELD AVE,0,NA,Y,A,-,N,NA,NA,NA,NA,NA,NA,NA,NA,NA,N,4,0,2,2,A,-,08,22107,NA,N,A,C,A,A,H,-,A,A,0,NA,NA,NA,NA,Y,NA,A,01,0,0,2,0,0,0,0,0,0,-,-,33.6870002746582,-117.97115325927734,ORANGE,HUNTINGTON BEACH,-117.97145080566406,33.68680953979492
84986389,2025,2025-12-25,3010,2025-12-16,1057,1015,NA,2,5,6,3010,0,0,0,NA,0,006,SLATER AVE,CAMERON LN,0,NA,Y,B,-,N,NA,NA,NA,NA,NA,NA,NA,NA,NA,Y,3,0,4,3,A,-,03,22350,NA,N,C,C,A,A,H,-,A,D,0,NA,NA,NA,NA,Y,NA,A,01,0,1,3,0,0,0,0,0,0,-,-,33.70724868774414,-117.98827362060548,ORANGE,HUNTINGTON BEACH,-117.98809051513672,33.70842742919922
8498642,2017,2017-12-08,3001,2017-10-18,1107,471,NA,3,5,7,3001,0,0,0,NA,0,0D4,SANTA ANA CANYON RD,NORTH WEIR CANYON RD,475,W,N,A,-,N,NA,NA,NA,NA,NA,NA,NA,NA,NA,N,4,0,1,2,B,-,22,NA,NA,N,C,C,A,A,H,-,A,D,0,NA,NA,NA,NA,Y,NA,D,22,0,0,1,0,0,0,0,0,0,-,-,NA,NA,ORANGE,ANAHEIM,-117.74441409,33.86734688
8498679,2017,2017-12-16,3024,2017-12-01,0920,329,P16,5,5,5,3024,0,0,0,NA,0,WEST,HOMER ST,ROXANNE DR,36,E,N,A,-,N,NA,NA,NA,NA,NA,NA,NA,NA,NA,N,3,0,1,3,A,-,08,22107,NA,N,A,E,A,A,H,-,A,D,0,NA,NA,NA,NA,Y,NA,D,22,0,1,0,0,0,0,0,0,0,-,-,33.75591,-118.0131,ORANGE,WESTMINSTER,-118.01313475,33.7558682
84987857,2025,2025-12-30,3001,2025-12-04,1712,A2494,NA,4,5,7,3001,0,0,0,NA,0,D-2,SYCAMORE STREET,BUSH STREET,0,NA,Y,A,-,N,NA,NA,NA,NA,NA,NA,NA,NA,NA,N,3,0,1,2,A,-,10,21950,A,N,G,B,B,A,H,-,C,A,0,Y,NA,NA,NA,Y,NA,A,01,0,1,0,0,1,0,0,0,0,-,-,NA,NA,ORANGE,ANAHEIM,-117.90596771240234,33.84201431274414
84987933,2025,2025-12-29,3016,2025-11-25,1054,2223,NA,2,5,5,3016,0,0,0,NA,0,001,YORBA LINDA BOULEVARD,VALENCIA AVENUE,0,NA,Y,A,-,N,NA,NA,NA,NA,NA,NA,NA,NA,NA,Y,3,0,3,3,A,-,12,21453,A,N,D,C,A,A,H,-,A,A,0,NA,NA,NA,Y,Y,NA,A,01,0,1,2,0,0,0,0,0,0,-,-,33.889320373535156,-117.8549575805664,ORANGE,PLACENTIA,-117.85485076904295,33.88922882080078
84988910,2025,2025-12-29,3001,2025-12-07,846,A2348,NA,7,5,7,3001,0,0,0,NA,0,D-3,BALL ROAD,WALNUT STREET,0,NA,Y,-,-,N,NA,NA,NA,NA,NA,NA,NA,NA,NA,Y,3,0,1,2,A,-,12,21453,A,N,A,C,A,A,H,-,A,A,0,NA,NA,NA,NA,Y,NA,-,-,0,1,0,0,0,0,0,0,0,-,-,NA,NA,ORANGE,ANAHEIM,-117.92849731445313,33.81797790527344
84988912,2025,2025-12-31,3001,2025-12-07,1944,A3061,NA,7,5,7,3001,0,0,0,NA,0,325,LA PALMA AVE,ONONDAGA AVE (E),108,E,N,A,-,N,NA,NA,NA,NA,NA,NA,NA,NA,NA,N,4,0,1,2,A,-,11,21954,A,N,G,B,D,A,H,-,C,D,0,Y,NA,NA,NA,Y,NA,N,60,0,0,1,0,1,0,0,0,0,-,-,33.8474006652832,-117.94596862792967,ORANGE,ANAHEIM,-117.94613647460938,33.84706115722656
84989099,2025,2025-12-29,3008,2025-11-05,922,1495,NA,3,5,6,3008,0,0,0,NA,0,NA,GILBERT ST,PIONEER AVE,0,NA,Y,A,-,N,NA,NA,NA,NA,NA,NA,NA,NA,NA,Y,3,0,4,2,A,-,09,21801,A,N,D,D,A,A,H,-,A,A,0,NA,NA,NA,NA,Y,NA,A,07,0,1,3,0,0,0,0,0,0,-,-,33.88821029663086,-117.96627807617188,ORANGE,FULLERTON,-117.96614074707033,33.888187408447266
84992805,2025,2025-12-31,3001,2025-12-13,1210,A2131,NA,6,5,7,3001,0,0,0,NA,0,D-4,NOHL RANCH RD,ANAHEIM HILLS RD,0,NA,Y,A,-,N,NA,NA,NA,NA,NA,NA,NA,NA,NA,Y,3,0,2,2,A,-,12,21453,A,N,D,C,A,A,H,-,A,A,0,NA,NA,NA,NA,Y,NA,A,01,0,1,1,0,0,0,0,0,0,-,-,33.84458923339844,-117.77774810791016,ORANGE,ANAHEIM,-117.7775650024414,33.8443489074707
84993045,2025,2025-12-31,3019,2025-12-16,2219,3609,NA,2,5,7,3019,0,0,0,NA,0,002,FLOWER STREET,SANTA CLARA AVENUE,584,N,N,A,-,N,NA,NA,NA,NA,NA,NA,NA,NA,NA,Y,4,0,1,2,A,-,08,22107,NA,N,C,E,A,A,H,-,D,D,0,NA,NA,NA,NA,Y,NA,A,01,0,0,1,0,0,0,0,0,0,-,-,33.76676940917969,-117.87612915039063,ORANGE,SANTA ANA,-117.87620544433594,33.76845932006836
84995327,2025,2026-01-01,3014,2025-12-23,1717,1532,NA,2,5,5,3014,0,0,0,NA,0,A3,BIRCH ST,BRISTOL ST N,0,NA,Y,A,-,N,NA,NA,NA,NA,NA,NA,NA,NA,NA,N,3,0,1,2,A,-,08,22101,D,N,D,C,A,A,H,-,C,A,0,NA,NA,NA,NA,Y,NA,A,01,0,1,0,0,0,0,0,0,0,-,-,33.661590576171875,-117.87188720703124,ORANGE,NEWPORT BEACH,-117.8728256225586,33.6616096496582
84995633,2025,2026-01-02,3002,2025-12-03,855,1503,NA,3,5,4,3002,0,0,0,NA,0,003,IMPERIAL HY,KINGSWOOD CT,0,NA,Y,A,-,Y,NA,NA,NA,NA,NA,NA,NA,NA,NA,Y,3,0,2,2,A,-,09,21801,A,N,D,C,A,A,H,-,A,D,0,NA,NA,NA,NA,Y,NA,A,07,0,2,0,0,0,0,0,0,0,-,-,33.91035842895508,-117.8776397705078,ORANGE,BREA,-117.87749481201172,33.91072463989258
84997502,2025,2026-01-05,3001,2025-12-19,1704,A3061,NA,5,5,7,3001,0,0,0,NA,0,D-2,LINCOLN AVENUE,RESH ST,322,E,N,B,-,N,NA,NA,NA,NA,NA,NA,NA,NA,NA,Y,3,0,1,2,A,-,09,21801,A,N,A,C,A,A,H,-,C,A,0,NA,NA,NA,NA,Y,NA,A,01,0,1,0,0,0,0,0,0,0,-,-,NA,NA,ORANGE,ANAHEIM,-117.92127227783205,33.83381271362305
84997505,2025,2026-01-05,3001,2025-12-20,1553,A2083,NA,6,5,7,3001,0,0,0,NA,0,D-4,LA PALMA AVENUE,YORBA LINDA BOULEVARD,25,W,N,A,-,N,NA,NA,NA,NA,NA,NA,NA,NA,NA,Y,4,0,1,1,A,-,08,22107,NA,N,E,I,A,A,H,-,A,A,0,NA,NA,NA,NA,Y,NA,A,01,0,0,1,0,0,0,0,0,0,-,-,NA,NA,ORANGE,ANAHEIM,-117.75101470947266,33.874942779541016
84999853,2025,2026-01-07,3001,2025-12-22,2145,A2748,NA,1,5,7,3001,0,0,0,NA,0,D-1,LINCOLN AVE,MULLER ST,0,NA,Y,A,-,N,NA,NA,NA,NA,NA,NA,NA,NA,NA,N,3,0,1,2,A,-,09,21801,A,N,D,C,A,A,H,-,C,A,0,NA,NA,NA,NA,Y,NA,A,07,0,1,0,0,0,0,0,0,0,-,-,33.83285903930664,-117.9502182006836,ORANGE,ANAHEIM,-117.95016479492188,33.83245849609375
84999862,2025,2026-01-06,3001,2025-12-24,1142,A1622,NA,3,5,7,3001,0,0,0,NA,0,D-4,NOHL RANCH RD,CANYON RIM RD,116,E,N,C,-,N,NA,NA,NA,NA,NA,NA,NA,NA,NA,Y,4,0,1,1,A,-,03,22350,NA,N,E,I,A,B,H,-,A,D,0,NA,NA,NA,NA,Y,NA,-,35,0,0,1,0,0,0,0,0,0,-,-,33.843509674072266,-117.77632904052734,ORANGE,ANAHEIM,-117.77572631835938,33.84304428100586
85001829,2025,2026-01-07,3002,2025-12-06,1715,1447,NA,6,5,4,3002,0,0,0,NA,0,001,LAMBERT RD,TAMARACK AV,0,NA,Y,A,-,N,NA,NA,NA,NA,NA,NA,NA,NA,NA,Y,3,0,2,3,A,-,12,21453,A,N,D,C,A,A,H,-,C,A,0,NA,NA,NA,NA,Y,NA,A,07,0,2,0,0,0,0,0,0,0,-,-,33.92485809326172,-117.90020751953124,ORANGE,BREA,-117.90023040771484,33.924781799316406
85003766,2025,2026-01-08,3019,2025-12-18,2333,3811,NA,4,5,7,3019,0,0,0,NA,0,004,SEGERSTROM AVENUE,BRISTOL STREET,10,W,N,E,-,N,NA,NA,NA,NA,NA,NA,NA,NA,NA,N,4,0,1,2,D,-,00,NA,NA,N,D,G,A,A,H,-,C,A,0,NA,Y,NA,NA,Y,NA,-,-,0,0,1,0,0,0,1,0,0,-,-,33.70745086669922,-117.8852996826172,ORANGE,SANTA ANA,-117.88550567626952,33.70743179321289
8500800,2017,2017-12-06,3019,2017-10-10,2111,2797,WE,2,5,7,3019,0,0,0,NA,0,001,FAIRVIEW ST,1ST ST,15,S,N,A,-,N,NA,NA,NA,NA,NA,NA,NA,NA,NA,N,4,0,1,2,A,-,11,21453,D,F,G,B,B,A,H,-,C,A,0,Y,NA,NA,NA,Y,NA,N,60,0,0,1,0,1,0,0,0,0,-,-,33.74531,-117.90525,ORANGE,SANTA ANA,-117.90535,33.74528
8500912,2017,2018-01-16,3014,2017-11-20,1623,1395,RD39,1,5,5,3014,0,0,0,NA,0,0A3,NEWPORT CENTER DR  E,CENTER DR,0,NA,Y,A,-,N,NA,NA,NA,NA,NA,NA,NA,NA,NA,Y,4,0,2,2,A,-,17,21451,A,N,A,C,A,A,H,-,A,A,0,NA,NA,NA,NA,Y,NA,A,07,0,0,2,0,0,0,0,0,0,-,-,33.6188,-117.8736,ORANGE,NEWPORT BEACH,-117.87366,33.6185701
85010428,2025,2026-01-13,3019,2025-12-11,1611,3735,NA,4,5,7,3019,0,0,0,NA,0,001,HAZARD AVENUE,NEWHOPE STREET,0,NA,Y,A,-,N,NA,NA,NA,NA,NA,NA,NA,NA,NA,N,4,0,1,2,A,-,09,21801,A,N,A,C,A,A,H,-,A,A,0,NA,NA,NA,NA,Y,NA,A,01,0,0,1,0,0,0,0,0,0,-,-,33.75246047973633,-117.92887115478516,ORANGE,SANTA ANA,-117.9288330078125,33.75244903564453
85012659,2025,2026-01-14,3008,2025-11-17,720,1547,NA,1,5,6,3008,0,0,0,NA,0,NA,STATE COLLEGE BLVD,NUTWOOD AVE,130,S,N,B,-,N,NA,NA,NA,NA,NA,NA,NA,NA,NA,Y,3,0,1,3,A,-,03,22350,NA,N,C,C,A,B,H,-,A,D,0,NA,NA,NA,NA,Y,NA,D,22,0,1,0,0,0,0,0,0,0,-,-,33.87654113769531,-117.88929748535156,ORANGE,FULLERTON,-117.88974761962892,33.877342224121094
85013320,2025,2026-01-14,3014,2025-12-04,2113,1694,NA,4,5,5,3014,0,0,0,NA,0,A4,SR-1 (EAST COAST HWY),DAHLIA AVE,0,NA,Y,A,-,Y,NA,NA,NA,NA,NA,NA,NA,NA,NA,Y,3,0,1,2,A,-,09,21804,A,N,D,I,A,A,H,-,C,D,0,NA,NA,Y,NA,Y,NA,A,01,0,1,0,0,0,0,0,0,1,-,-,33.602691650390625,-117.87329864501952,ORANGE,NEWPORT BEACH,-117.87329864501952,33.60273361206055
85016224,2025,2026-01-16,3001,2025-11-30,407,A3045,NA,7,5,7,3001,0,0,0,NA,0,D-2,LA PALMA AVE,CITRON ST (W),159,E,N,A,-,N,NA,NA,NA,NA,NA,NA,NA,NA,NA,N,4,0,1,4,A,-,00,23123,A,N,B,E,A,A,H,-,C,D,0,NA,NA,NA,NA,Y,NA,A,07,0,0,1,0,0,0,0,0,0,-,-,33.84614181518555,-117.9281997680664,ORANGE,ANAHEIM,-117.9281005859375,33.847171783447266
8501979,2017,2017-12-18,3013,2017-11-15,2246,172,104,3,5,3,3013,0,0,0,NA,0,004,WALNUT ST,KATELLA AV,12,N,N,A,-,N,NA,NA,NA,NA,NA,NA,NA,NA,NA,Y,4,0,1,1,D,-,00,NA,NA,N,E,I,A,A,H,-,C,A,0,NA,NA,NA,NA,Y,NA,-,-,0,0,1,0,0,0,0,0,0,-,-,NA,NA,ORANGE,LOS ALAMITOS,-118.07448981,33.8031929
85021481,2025,2026-01-21,3002,2025-12-10,918,1734,NA,3,5,4,3002,0,0,0,NA,0,003,LAMBERT RD,WALDEN RD,0,NA,Y,A,-,N,NA,NA,NA,NA,NA,NA,NA,NA,NA,N,4,0,1,2,A,-,09,21802,A,N,D,C,A,A,H,-,A,A,0,NA,NA,NA,NA,Y,NA,A,01,0,0,1,0,0,0,0,0,0,-,-,33.92308044433594,-117.86213684082033,ORANGE,BREA,-117.86222076416016,33.92300796508789
85021689,2025,2026-01-22,3008,2025-12-01,1055,1407,NA,1,5,6,3008,0,0,0,NA,0,NA,HARBOR BLVD,VALENCIA MESA DR,0,NA,Y,A,-,N,NA,NA,NA,NA,NA,NA,NA,NA,NA,N,4,0,2,2,A,-,12,21453,A,N,A,C,A,A,H,-,A,A,0,NA,NA,NA,NA,Y,NA,A,07,0,0,2,0,0,0,0,0,0,-,-,33.893638610839844,-117.92862701416016,ORANGE,FULLERTON,-117.92852020263672,33.89340591430664
8502268,2017,2018-01-30,3000,2017-10-20,1040,2153,921E1,5,5,3,3051,0,0,0,NA,0,180,MOULTON PKWY,VIA CAMPO VERDE,225,S,N,A,-,N,NA,NA,NA,NA,NA,NA,NA,NA,NA,Y,4,0,1,2,A,-,03,22350,NA,N,C,C,A,A,D,-,A,D,0,NA,NA,NA,NA,Y,NA,A,01,0,0,1,0,0,0,0,0,0,-,-,NA,NA,ORANGE,LAGUNA WOODS,-117.72331947,33.60787175
85023432,2025,2026-01-21,3014,2025-12-06,246,1641,NA,6,5,5,3014,0,0,0,NA,0,A2,SR-1 (COAST HWY W),BALBOA BAY WAY,396,W,N,A,-,Y,NA,NA,NA,NA,NA,NA,NA,NA,NA,Y,3,0,2,2,A,-,01,23152,NA,N,C,E,A,A,H,-,C,D,0,NA,NA,NA,NA,Y,Y,A,01,0,2,0,0,0,0,0,0,0,-,-,NA,NA,ORANGE,NEWPORT BEACH,NA,NA
8502721,2017,2017-12-20,3010,2017-12-03,0648,1211,447,7,5,6,3010,0,0,0,NA,0,002,BROOKHURST,HAMILTON,0,NA,Y,B,-,N,NA,NA,NA,NA,NA,NA,NA,NA,NA,Y,3,0,2,2,A,-,09,21801,A,N,D,C,A,A,H,-,A,A,0,NA,NA,NA,NA,Y,NA,A,01,0,2,0,0,0,0,0,0,0,-,-,NA,NA,ORANGE,HUNTINGTON BEACH,-117.95369002,33.65059007
8503491,2017,2017-12-14,3015,2017-11-06,1833,1554,117W,1,5,6,3015,0,0,0,NA,0,121,N SANTIAGO ST,VISTA PARK AV,100,S,N,A,-,N,NA,NA,NA,NA,NA,NA,NA,NA,NA,N,4,0,1,2,A,-,08,22107,NA,N,D,C,A,A,H,-,C,D,0,NA,NA,NA,NA,Y,NA,A,01,0,0,1,0,0,0,0,0,0,-,-,NA,NA,ORANGE,ORANGE,-117.83391,33.83383587
8503590,2017,2017-11-27,3003,2017-07-27,1422,665,23,4,5,5,3003,0,0,0,NA,0,008,FIRESTONE BL,ARTESIA BL,54,N,N,A,-,N,NA,NA,NA,NA,NA,NA,NA,NA,NA,Y,3,0,1,1,D,-,00,NA,NA,M,A,I,A,A,H,-,A,D,0,NA,NA,NA,NA,Y,NA,-,-,0,1,0,0,0,0,0,0,0,-,-,33.8737,-118.0089,ORANGE,BUENA PARK,-118.007867,33.87360738
8503718,2017,2018-07-10,3000,2017-10-13,1653,9345,797J2,5,5,4,3021,0,0,0,NA,0,3A22,KATELLA AV,BEACH BL,31,E,N,A,-,Y,ORA,12,39,-,-,10.66,I,6,N,Y,4,0,2,3,A,-,08,22100,B,N,A,C,A,A,H,-,A,A,0,NA,NA,NA,NA,Y,NA,A,01,0,0,2,0,0,0,0,0,0,-,-,NA,NA,ORANGE,STANTON,-117.99303644,33.80267205
8503853,2017,2018-07-09,3010,2017-12-17,2210,3004,442,7,5,6,3010,0,0,0,NA,0,003,BEACH BL,SEABRIDGE,145,N,N,A,-,Y,ORA,12,39,-,-,1.41,H,-,N,N,3,0,1,2,A,-,11,21954,A,N,G,B,E,A,H,-,C,D,0,Y,NA,NA,NA,Y,NA,N,60,0,1,0,0,1,0,0,0,0,-,-,NA,NA,ORANGE,HUNTINGTON BEACH,-117.98843501,33.66890176
8504197,2017,2018-07-09,3010,2017-12-25,1107,1261,254,1,5,6,3010,0,0,0,NA,0,006,MAGNOLIA,RT 405,0,NA,Y,A,-,Y,ORA,12,405,-,-,15.364,R,4,S,Y,4,0,2,2,A,-,12,21453,A,N,D,C,A,A,H,-,A,A,0,NA,NA,NA,NA,Y,NA,A,07,0,0,2,0,0,0,0,0,0,-,-,NA,NA,ORANGE,HUNTINGTON BEACH,-117.9739344,33.721515600000004
8504204,2017,2018-01-19,3000,2017-09-24,2308,9171,921F5,7,5,4,3049,0,0,0,NA,0,483,ALICIA PKWY,LAUREL MONT,0,NA,Y,A,-,N,NA,NA,NA,NA,NA,NA,NA,NA,NA,Y,4,0,1,1,A,-,08,22107,NA,N,E,I,A,A,H,-,C,D,0,NA,NA,NA,NA,Y,NA,A,01,0,0,1,0,0,0,0,0,0,-,-,NA,NA,ORANGE,ALISO VIEJO,-117.70959011,33.5790501
8504585,2017,2018-07-06,3000,2017-12-16,0220,9342,797J3,6,5,4,3021,0,0,0,NA,0,023,BEACH BL,ORANGEWOOD AV,15,S,-,A,-,Y,ORA,12,39,-,-,10.16,H,-,N,Y,4,0,1,2,A,-,01,23152,A,F,C,C,A,A,H,-,C,A,0,NA,NA,NA,NA,Y,Y,A,07,0,0,1,0,0,0,0,0,0,-,-,NA,NA,ORANGE,STANTON,-117.99291152,33.79541607
85048540,2025,2026-02-09,3008,2025-12-24,1325,1407,NA,3,5,6,3008,0,0,0,NA,0,NA,BASTANCHURY RD,ASSOCIATED RD,450,E,N,C,-,N,NA,NA,NA,NA,NA,NA,NA,NA,NA,Y,4,0,1,1,A,-,08,22107,NA,N,E,I,A,B,H,-,A,D,0,NA,NA,NA,NA,Y,Y,A,01,0,0,1,0,0,0,0,0,0,-,-,33.89326858520508,-117.8857421875,ORANGE,FULLERTON,-117.88423919677734,33.89373779296875
85052104,2025,2026-02-11,3008,2025-12-29,1331,1407,NA,1,5,6,3008,0,0,0,NA,0,NA,PLACENTIA AVE,PALM DR,0,NA,Y,A,-,N,NA,NA,NA,NA,NA,NA,NA,NA,NA,Y,4,0,1,2,A,-,03,22350,NA,N,C,C,A,A,H,-,A,A,0,NA,NA,NA,NA,Y,NA,A,01,0,0,1,0,0,0,0,0,0,-,-,33.891780853271484,-117.87286376953124,ORANGE,FULLERTON,-117.87303924560548,33.8918571472168
8506825,2017,2017-12-06,3004,2017-11-16,0741,P429,17,4,5,6,3004,0,0,0,NA,0,015,SONORA RD,LA SALLE AV,53,E,N,A,-,N,NA,NA,NA,NA,NA,NA,NA,NA,NA,N,4,0,1,2,A,-,-,NA,NA,N,H,G,A,A,H,-,A,D,0,NA,Y,NA,NA,Y,NA,A,01,0,0,1,0,0,0,1,0,0,-,-,33.4033,-117.535,ORANGE,COSTA MESA,-117.89718993,33.67591673