CASE_ID,ACCIDENT_YEAR,PROC_DATE,JURIS,COLLISION_DATE,COLLISION_TIME,OFFICER_ID,REPORTING_DISTRICT,DAY_OF_WEEK,CHP_SHIFT,POPULATION,CNTY_CITY_LOC,SPECIAL_COND,BEAT_TYPE,CHP_BEAT_TYPE,CITY_DIVISION_LAPD,CHP_BEAT_CLASS,BEAT_NUMBER,PRIMARY_RD,SECONDARY_RD,DISTANCE,DIRECTION,INTERSECTION,WEATHER_1,WEATHER_2,STATE_HWY_IND,CALTRANS_COUNTY,CALTRANS_DISTRICT,STATE_ROUTE,ROUTE_SUFFIX,POSTMILE_PREFIX,POSTMILE,LOCATION_TYPE,RAMP_INTERSECTION,SIDE_OF_HWY,TOW_AWAY,COLLISION_SEVERITY,NUMBER_KILLED,NUMBER_INJURED,PARTY_COUNT,PRIMARY_COLL_FACTOR,PCF_CODE_OF_VIOL,PCF_VIOL_CATEGORY,PCF_VIOLATION,PCF_VIOL_SUBSECTION,HIT_AND_RUN,TYPE_OF_COLLISION,MVIW,PED_ACTION,ROAD_SURFACE,ROAD_COND_1,ROAD_COND_2,LIGHTING,CONTROL_DEVICE,CHP_ROAD_TYPE,PEDESTRIAN_ACCIDENT,BICYCLE_ACCIDENT,MOTORCYCLE_ACCIDENT,TRUCK_ACCIDENT,NOT_PRIVATE_PROPERTY,ALCOHOL_INVOLVED,STWD_VEHTYPE_AT_FAULT,CHP_VEHTYPE_AT_FAULT,COUNT_SEVERE_INJ,COUNT_VISIBLE_INJ,COUNT_COMPLAINT_PAIN,COUNT_PED_KILLED,COUNT_PED_INJURED,COUNT_BICYCLIST_KILLED,COUNT_BICYCLIST_INJURED,COUNT_MC_KILLED,COUNT_MC_INJURED,PRIMARY_RAMP,SECONDARY_RAMP,LATITUDE,LONGITUDE,COUNTY,CITY,POINT_X,POINT_Y
8931469,2019,2019-09-17,3000,2019-08-03,1706,6717,892C1,6,5,5,3050,0,0,0,NA,0,18760,EL TORO RD,SUMMERWOOD WY,36,E,N,A,-,N,NA,NA,NA,NA,NA,NA,NA,NA,NA,Y,3,0,1,2,A,-,09,21802,A,N,D,C,A,A,H,-,A,A,0,NA,NA,NA,NA,Y,NA,A,07,0,1,0,0,0,0,0,0,0,-,-,33.390380859375,-117.39370727539063,ORANGE,LAKE FOREST,-117.6604232788086,33.65100860595703
8931836,2019,2019-09-12,3007,2019-08-20,0817,250,63,2,5,5,3007,0,0,0,NA,0,003,ELLIS,BUSHARD,0,NA,Y,A,-,N,NA,NA,NA,NA,NA,NA,NA,NA,NA,Y,3,0,2,2,A,-,12,21453,A,N,D,C,A,A,H,-,A,A,0,NA,NA,NA,NA,Y,NA,A,01,0,1,1,0,0,0,0,0,0,-,-,NA,NA,ORANGE,FOUNTAIN VALLEY,-117.96286010742188,33.6940803527832
8931895,2019,2019-09-12,3007,2019-08-24,0848,318,33,6,5,5,3007,0,0,0,NA,0,001,WARNER,BUSHARD,673,W,N,A,-,N,NA,NA,NA,NA,NA,NA,NA,NA,NA,Y,4,0,1,2,A,-,04,21703,NA,N,C,C,A,A,H,-,A,D,0,NA,NA,NA,NA,Y,NA,A,01,0,0,1,0,0,0,0,0,0,-,-,NA,NA,ORANGE,FOUNTAIN VALLEY,-117.96538543701172,33.71604919433594
8932138,2019,2019-09-18,3004,2019-08-30,0529,P656,35,5,5,6,3004,0,0,0,NA,0,015,NEWPORT BL,FAIR DR,0,NA,N,A,-,N,NA,NA,NA,NA,NA,NA,NA,NA,NA,Y,4,0,1,2,A,-,12,21453,A,F,D,C,A,A,H,-,C,A,0,NA,NA,NA,NA,Y,NA,D,22,0,0,1,0,0,0,0,0,0,-,-,NA,NA,ORANGE,COSTA MESA,-117.89801025390624,33.66353988647461
8933691,2019,2019-09-12,3000,2019-07-30,0603,5489,921F5,2,5,4,3049,0,0,0,NA,0,782,ALICIA PKWY,LAUREL MONT,16,S,N,A,-,N,NA,NA,NA,NA,NA,NA,NA,NA,NA,Y,3,0,1,1,A,-,08,22107,NA,N,H,J,A,A,H,-,A,D,0,NA,Y,NA,NA,Y,NA,L,04,0,1,0,0,0,0,1,0,0,-,-,NA,NA,ORANGE,ALISO VIEJO,-117.70960998535156,33.579010009765625
8934164,2019,2019-09-20,3010,2019-08-29,1533,1225,263,4,5,6,3010,0,0,0,NA,0,006,WARNER,B ST,0,NA,Y,A,-,N,NA,NA,NA,NA,NA,NA,NA,NA,NA,N,3,0,1,2,A,-,00,22650,1,N,D,G,A,A,H,-,A,A,0,NA,Y,NA,NA,Y,NA,L,04,0,1,0,0,0,0,1,0,0,-,-,NA,NA,ORANGE,HUNTINGTON BEACH,-117.9872817993164,33.715721130371094
8934184,2019,2019-09-20,3010,2019-08-21,1317,1159,339,3,5,6,3010,0,0,0,NA,0,004,PALM AV,21ST ST,80,W,N,A,-,N,NA,NA,NA,NA,NA,NA,NA,NA,NA,N,4,0,1,2,A,-,03,22350,NA,N,C,C,A,A,H,-,A,D,0,NA,NA,NA,NA,Y,NA,A,01,0,0,1,0,0,0,0,0,0,-,-,NA,NA,ORANGE,HUNTINGTON BEACH,-118.01065063476563,33.672420501708984
8934629,2019,2019-12-18,3015,2019-06-26,1740,1507,NA,3,5,6,3015,0,0,0,NA,0,NA,TUSTIN ST,FAIRHAVEN AV,110,N,N,A,-,N,NA,NA,NA,NA,NA,NA,NA,NA,NA,N,3,0,1,3,A,-,07,21658,A,N,B,C,A,A,H,-,A,D,0,NA,NA,NA,NA,Y,NA,A,01,0,1,0,0,0,0,0,0,0,-,-,33.77326965332031,-117.83576202392578,ORANGE,ORANGE,-117.83576202392578,33.7735710144043
8935190,2019,2019-10-04,3026,2019-08-14,0805,4991,NA,3,5,6,3026,0,0,0,NA,0,00C,IRVINE CENTER DR,HUBBLE / ENCANTO,0,NA,Y,A,-,N,NA,NA,NA,NA,NA,NA,NA,NA,NA,Y,2,0,2,2,A,-,12,21453,A,N,D,C,A,A,H,-,A,A,0,NA,NA,NA,NA,Y,NA,A,01,1,0,1,0,0,0,0,0,0,-,-,NA,NA,ORANGE,IRVINE,-117.742447,33.640508
8935365,2019,2019-10-01,3008,2019-05-09,1532,1508,NA,4,5,6,3008,0,0,0,NA,0,002,HARBOR BL,VALLEY VIEW DR,0,NA,Y,A,-,N,NA,NA,NA,NA,NA,NA,NA,NA,NA,Y,2,0,2,2,A,-,09,21801,A,N,D,C,A,A,H,-,A,A,0,NA,NA,NA,NA,Y,NA,D,22,1,0,1,0,0,0,0,0,0,-,-,NA,NA,ORANGE,FULLERTON,-117.92485809326172,33.88302993774414
8936220,2019,2019-11-22,3008,2019-05-10,0045,1571,NA,5,5,6,3008,0,0,0,NA,0,002,RT 90,BONITA PL,0,NA,Y,A,-,Y,ORA,12,90,-,-,2.85,H,-,W,Y,3,0,2,2,A,-,03,22350,NA,F,C,C,A,A,H,-,C,A,0,NA,NA,NA,NA,Y,NA,A,07,0,1,1,0,0,0,0,0,0,-,-,NA,NA,ORANGE,FULLERTON,-117.92741394042967,33.917457580566406
8937795,2019,2019-09-24,3015,2019-08-22,0316,1541,61,4,5,6,3015,0,0,0,NA,0,113,WEST CHAPMAN AV,S ANITA DR,0,NA,Y,A,-,N,NA,NA,NA,NA,NA,NA,NA,NA,NA,Y,3,0,1,2,A,-,12,21453,A,N,D,C,A,A,H,-,C,A,0,NA,NA,NA,NA,Y,NA,A,01,0,1,0,0,0,0,0,0,0,-,-,NA,NA,ORANGE,ORANGE,-117.88117980957033,33.787879943847656
8937811,2019,2019-09-20,3015,2019-08-31,0331,1603,YSE,6,5,6,3015,0,0,0,NA,0,121,GLASSELL ST,CARLETON AV,50,N,N,A,-,N,NA,NA,NA,NA,NA,NA,NA,NA,NA,Y,4,0,1,3,A,-,08,22107,NA,N,C,E,A,A,H,-,C,D,0,NA,NA,NA,NA,Y,NA,A,07,0,0,1,0,0,0,0,0,0,-,-,NA,NA,ORANGE,ORANGE,-117.85299682617188,33.8106689453125
8938388,2019,2019-09-25,3015,2019-09-05,1442,1250,54W,4,5,6,3015,0,0,0,NA,0,231,E SPRING ST,OLYMPIA WY,6,E,N,A,-,N,NA,NA,NA,NA,NA,NA,NA,NA,NA,N,3,0,1,2,A,-,05,21650,1,N,A,G,A,A,H,-,A,D,0,NA,Y,NA,NA,Y,NA,L,04,0,1,0,0,0,0,1,0,0,-,-,NA,NA,ORANGE,ORANGE,-117.81591033935548,33.79140090942383
8938431,2019,2019-09-25,3010,2019-08-31,1215,1243,293,6,5,6,3010,0,0,0,NA,0,005,TALBERT,NEWLAND,0,NA,Y,A,-,N,NA,NA,NA,NA,NA,NA,NA,NA,NA,N,3,0,2,2,A,-,08,22100,B,N,D,C,A,A,H,-,A,A,0,NA,NA,NA,NA,Y,NA,A,01,0,1,1,0,0,0,0,0,0,-,-,NA,NA,ORANGE,HUNTINGTON BEACH,-117.98037719726563,33.70125961303711
8938645,2019,2019-10-02,3004,2019-08-27,1718,P680,07,2,5,6,3004,0,0,0,NA,0,015,E BAY ST,NEWPORT BL,87,W,N,A,-,N,NA,NA,NA,NA,NA,NA,NA,NA,NA,Y,3,0,2,2,A,-,09,21801,A,N,A,C,A,A,H,-,A,D,0,NA,NA,NA,NA,Y,NA,D,22,0,2,0,0,0,0,0,0,0,-,-,33.948299407958984,-117.91320037841795,ORANGE,COSTA MESA,-117.91280364990234,33.648101806640625
8939404,2019,2021-05-24,3009,2019-05-04,2337,4732,116,6,5,6,3009,0,0,0,NA,0,023,EUCLID ST,WESTMINSTER AV,100,N,N,A,-,N,NA,NA,NA,NA,NA,NA,NA,NA,NA,Y,1,1,1,2,A,-,01,23152,A,N,A,C,A,A,H,-,C,A,0,NA,NA,NA,NA,Y,Y,A,01,0,1,0,0,0,0,0,0,0,-,-,NA,NA,ORANGE,GARDEN GROVE,-117.9377212524414,33.75997543334961
8939578,2019,2020-02-05,3007,2019-11-04,1421,1148,37,1,5,5,3007,0,0,0,NA,0,002,WARNER AV,EUCLID ST,414,E,N,A,-,N,NA,NA,NA,NA,NA,NA,NA,NA,NA,Y,1,1,4,2,A,-,09,21804,A,N,D,C,A,A,H,-,A,D,0,NA,NA,NA,NA,Y,NA,A,01,0,2,2,0,0,0,0,0,0,-,-,NA,NA,ORANGE,FOUNTAIN VALLEY,-117.93585968017578,33.716468811035156
8939684,2023,2025-07-21,3007,2023-10-03,1346,304,15,2,5,5,3007,0,0,0,NA,0,001,BROOKHURST,EDINGER,0,NA,Y,A,-,N,NA,NA,NA,NA,NA,NA,NA,NA,NA,Y,1,1,0,2,A,-,10,21950,A,N,G,B,B,A,H,-,A,A,0,Y,NA,NA,NA,Y,Y,I,12,0,0,0,1,0,0,0,0,0,-,-,NA,NA,ORANGE,FOUNTAIN VALLEY,-117.95473480224608,33.73040771484375
8939943,2019,2019-10-10,3026,2019-09-11,1515,4779,NA,3,5,6,3026,0,0,0,NA,0,NA,IRVINE BL,JEFFREY RD,576,W,N,A,-,N,NA,NA,NA,NA,NA,NA,NA,NA,NA,N,4,0,1,2,A,-,03,22350,NA,N,C,C,A,A,H,-,A,D,0,NA,NA,NA,NA,Y,NA,A,01,0,0,1,0,0,0,0,0,0,-,-,NA,NA,ORANGE,IRVINE,-117.75254058837892,33.70841979980469
8940036,2019,2019-12-12,3002,2019-10-10,1251,1646,NA,4,5,4,3002,0,0,0,NA,0,013,BERRY ST,IMPERIAL HWY,300,N,N,A,-,N,NA,NA,NA,NA,NA,NA,NA,NA,NA,NA,4,0,1,2,A,-,21,22106,NA,N,H,C,A,A,H,-,A,A,0,NA,NA,NA,Y,Y,NA,F,27,0,0,1,0,0,0,0,0,0,-,-,33.91749954223633,-117.90691375732422,ORANGE,BREA,-117.90691375732422,33.91828155517578
8941607,2019,2019-10-02,3005,2019-09-11,2102,8214,C21,3,5,4,3005,0,0,0,NA,0,002,ORANGE AV,MOODY ST,0,NA,Y,A,-,N,NA,NA,NA,NA,NA,NA,NA,NA,NA,Y,3,0,4,2,A,-,09,21801,A,N,D,C,A,A,H,-,C,A,0,NA,NA,NA,NA,Y,Y,A,01,0,4,0,0,0,0,0,0,0,-,-,NA,NA,ORANGE,CYPRESS,-118.04573059082033,33.82426071166992
8942560,2019,2019-09-20,3001,2019-08-31,1100,A2110,NA,6,5,7,3001,0,0,0,NA,0,0D2,EAST SANTA ANA ST,SOUTH STATE COLLEGE BL,116,W,N,A,-,N,NA,NA,NA,NA,NA,NA,NA,NA,NA,N,3,0,1,2,A,-,11,21954,A,N,G,B,D,A,H,-,A,D,0,Y,NA,NA,NA,Y,NA,N,60,0,1,0,0,1,0,0,0,0,-,-,NA,NA,ORANGE,ANAHEIM,-117.8896942138672,33.83635711669922
8942777,2019,2019-10-01,3002,2019-08-12,2015,1650,NA,1,5,4,3002,0,0,0,NA,0,011,BREA BL,CENTRAL AV,0,NA,Y,A,-,N,NA,NA,NA,NA,NA,NA,NA,NA,NA,Y,4,0,1,2,D,-,00,NA,NA,N,D,C,A,A,H,-,C,A,0,NA,NA,NA,NA,Y,NA,-,-,0,0,1,0,0,0,0,0,0,-,-,33.93183135986328,-117.8936767578125,ORANGE,BREA,-117.89396667480467,33.932098388671875
8944791,2019,2019-10-08,3003,2019-09-04,2237,1243,3003,3,5,5,3003,0,0,0,NA,0,004,ORANGETHORPE,VALLEY VIEW,49,E,-,A,-,N,NA,NA,NA,NA,NA,NA,NA,NA,NA,Y,4,0,1,2,A,-,03,22350,NA,N,C,C,A,A,H,-,C,D,0,NA,NA,NA,NA,Y,NA,A,01,0,0,1,0,0,0,0,0,0,-,-,33.513099670410156,-118.14099884033205,ORANGE,BUENA PARK,-118.0286102294922,33.85883712768555
8945951,2019,2019-10-11,3004,2019-08-16,1739,P652,33,5,5,6,3004,0,0,0,NA,0,005,BRISTOL ST,ANTON BL,10,N,N,A,-,N,NA,NA,NA,NA,NA,NA,NA,NA,NA,N,3,0,1,2,A,-,11,21950,B,N,G,B,B,A,H,-,A,A,0,Y,NA,NA,NA,Y,NA,N,60,0,1,0,0,1,0,0,0,0,-,-,NA,NA,ORANGE,COSTA MESA,-117.88562774658205,33.69024658203125
8945956,2019,2019-10-01,3015,2019-09-18,1003,1240,RD127,3,5,6,3015,0,0,0,NA,0,723M,E MEATS AV,LONGRIDGE DR,0,NA,Y,A,-,N,NA,NA,NA,NA,NA,NA,NA,NA,NA,Y,3,0,1,2,A,-,12,21453,A,N,D,C,A,A,H,-,A,A,0,NA,NA,NA,NA,Y,NA,A,07,0,1,0,0,0,0,0,0,0,-,-,NA,NA,ORANGE,ORANGE,-117.8205108642578,33.826541900634766
8946052,2019,2020-01-27,3015,2019-09-12,1056,1507,RD21,4,5,6,3015,0,0,0,NA,0,721M,STATE COLLEGE BL,RT 5,0,NA,Y,A,-,Y,ORA,12,5,-,-,35.684,R,4,S,Y,3,0,1,2,A,-,12,21453,A,N,D,C,A,A,A,-,A,A,0,NA,NA,NA,NA,Y,NA,A,08,0,1,0,0,0,0,0,0,0,-,-,33.79267883300781,-117.88983917236328,ORANGE,ORANGE,-117.89591217041016,33.79682159423828
8946311,2019,2019-10-10,3015,2019-08-25,0716,1545,51,7,5,6,3015,0,0,0,NA,0,211,N MAIN ST,W WALNUT AV,55,N,N,A,-,N,NA,NA,NA,NA,NA,NA,NA,NA,NA,N,3,0,1,2,A,-,03,22350,NA,N,H,G,A,A,H,-,A,D,0,NA,Y,NA,NA,Y,NA,A,01,0,1,0,0,0,0,1,0,0,-,-,NA,NA,ORANGE,ORANGE,-117.86656188964844,33.79532241821289
8948716,2019,2019-10-04,3007,2019-08-29,1718,280,65,4,5,5,3007,0,0,0,NA,0,003,BROOKHURST,QUAIL,0,NA,Y,A,-,N,NA,NA,NA,NA,NA,NA,NA,NA,NA,N,4,0,1,2,A,-,09,21801,A,N,D,C,A,A,H,-,A,A,0,NA,NA,NA,NA,Y,NA,D,22,0,0,1,0,0,0,0,0,0,-,-,NA,NA,ORANGE,FOUNTAIN VALLEY,-117.95430755615234,33.69683837890625
8948722,2019,2019-09-30,3010,2019-09-02,1036,0147,156,1,5,6,3010,0,0,0,NA,0,008,EDINGER,GRAHAM,0,NA,Y,A,-,N,NA,NA,NA,NA,NA,NA,NA,NA,NA,Y,3,0,1,2,A,-,09,21801,A,N,D,C,A,A,H,-,A,A,0,NA,NA,NA,NA,Y,NA,A,01,0,1,0,0,0,0,0,0,0,-,-,NA,NA,ORANGE,HUNTINGTON BEACH,-118.03270721435548,33.72990036010742
8950198,2019,2020-03-05,3009,2019-09-20,0605,4587,115,5,5,6,3009,0,0,0,NA,0,2-1,CENTURY,MCKEEN,0,NA,Y,A,-,N,NA,NA,NA,NA,NA,NA,NA,NA,NA,Y,4,0,2,2,A,-,09,21801,A,N,D,C,A,A,H,-,B,A,0,NA,NA,NA,NA,Y,NA,A,07,0,0,2,0,0,0,0,0,0,-,-,NA,NA,ORANGE,GARDEN GROVE,-117.94155120849608,33.771568298339844
8950795,2019,2020-01-14,3009,2019-08-22,1444,4087,135,4,5,6,3009,0,0,0,NA,0,023,HARBOR BL,BANNER ST,230,S,N,A,-,N,NA,NA,NA,NA,NA,NA,NA,NA,NA,Y,4,0,1,2,A,-,17,22109,NA,N,C,C,A,A,H,-,A,A,0,NA,NA,NA,NA,Y,NA,A,01,0,0,1,0,0,0,0,0,0,-,-,NA,NA,ORANGE,GARDEN GROVE,-117.92046356201172,33.76866912841797
8954140,2019,2019-11-05,3012,2019-09-11,1330,623,33,3,5,5,3012,0,0,0,NA,0,003,LA HABRA BL,MONTE VISTA ST,64,E,N,A,-,N,NA,NA,NA,NA,NA,NA,NA,NA,NA,Y,3,0,2,3,A,-,03,22350,NA,N,C,C,A,A,H,-,A,A,0,NA,NA,NA,NA,Y,NA,A,01,0,1,1,0,0,0,0,0,0,-,-,NA,NA,ORANGE,LA HABRA,-117.95468139648438,33.931861877441406
8954207,2019,2019-10-14,3007,2019-08-25,1309,320,65,7,5,5,3007,0,0,0,NA,0,003,BROOKHURST,NIAGARA RIVER,352,N,N,A,-,N,NA,NA,NA,NA,NA,NA,NA,NA,NA,Y,4,0,2,4,A,-,08,22107,NA,N,B,C,A,A,H,-,A,D,0,NA,NA,NA,NA,Y,NA,A,01,0,0,2,0,0,0,0,0,0,-,-,NA,NA,ORANGE,FOUNTAIN VALLEY,-117.95421600341795,33.69054412841797
8954242,2019,2019-10-09,3008,2019-08-07,0728,1158,NA,3,5,6,3008,0,0,0,NA,0,001,EUCLID ST,BAKER,0,NA,Y,A,-,N,NA,NA,NA,NA,NA,NA,NA,NA,NA,Y,3,0,1,2,A,-,09,21801,A,N,D,C,A,A,H,-,A,A,0,NA,NA,NA,NA,Y,NA,A,01,0,1,0,0,0,0,0,0,0,-,-,NA,NA,ORANGE,FULLERTON,-117.9417724609375,33.856910705566406
8955569,2019,2019-10-24,3015,2019-10-01,0754,1240,RD47,2,5,6,3015,0,0,0,NA,0,NA,W LINCOLN AV,N GLASSELL ST,150,W,N,A,-,N,NA,NA,NA,NA,NA,NA,NA,NA,NA,NA,3,0,2,3,A,-,10,21952,NA,N,G,B,D,A,H,-,A,D,0,Y,NA,NA,NA,Y,NA,A,01,0,1,1,0,2,0,0,0,0,-,-,NA,NA,ORANGE,ORANGE,-117.85292816162108,33.8355598449707
8956698,2019,2019-10-17,3010,2019-09-26,1807,1015,451,4,5,6,3010,0,0,0,NA,0,004,ORANGE AV,7TH ST,40,N,N,A,-,N,NA,NA,NA,NA,NA,NA,NA,NA,NA,N,4,0,1,2,A,-,09,21802,A,N,-,D,A,A,H,-,B,A,0,NA,NA,NA,NA,Y,NA,A,01,0,0,1,0,0,0,0,0,0,-,-,NA,NA,ORANGE,HUNTINGTON BEACH,-118.00184631347656,33.66155242919922
8956813,2019,2019-10-17,3009,2019-09-04,1120,4722,111,3,5,6,3009,0,0,0,NA,0,021,KATELLA AV,DINO CIR,325,E,N,A,-,N,NA,NA,NA,NA,NA,NA,NA,NA,NA,N,4,0,1,2,A,-,05,21650,NA,N,H,G,A,A,H,-,A,D,0,NA,Y,NA,NA,Y,NA,L,04,0,0,1,0,0,0,1,0,0,-,-,NA,NA,ORANGE,GARDEN GROVE,-117.94328308105467,33.8030891418457
8959245,2019,2019-11-05,3024,2019-10-04,0847,435,P-20,5,5,5,3024,0,0,0,NA,0,EAST,WESTMINSTER BL,MAGNOLIA ST,0,NA,Y,A,-,N,NA,NA,NA,NA,NA,NA,NA,NA,NA,Y,4,0,2,2,A,-,09,21801,A,N,D,C,A,A,H,-,A,D,0,NA,NA,NA,NA,Y,NA,A,01,0,0,2,0,0,0,0,0,0,-,-,33.758480072021484,-117.97499847412108,ORANGE,WESTMINSTER,-117.97241973876952,33.7594108581543
8962145,2019,2019-10-22,3008,2019-07-27,0944,1544,ZONE2,6,5,6,3008,0,0,0,NA,0,NA,HARBOR BL,CHAPMAN AV,0,NA,Y,A,-,N,NA,NA,NA,NA,NA,NA,NA,NA,NA,Y,4,0,2,2,A,-,09,21801,A,N,D,C,A,A,H,-,A,A,0,NA,NA,NA,NA,Y,NA,A,01,0,0,2,0,0,0,0,0,0,-,-,NA,NA,ORANGE,FULLERTON,-117.9243392944336,33.873931884765625
8962696,2019,2019-11-18,3004,2019-10-07,1521,P459,12,1,5,6,3004,0,0,0,NA,0,015,22ND ST,NEWPORT BL,67,E,N,A,-,N,NA,NA,NA,NA,NA,NA,NA,NA,NA,N,4,0,1,2,A,-,03,22350,NA,F,C,C,A,A,H,-,A,D,0,NA,NA,NA,NA,Y,NA,D,22,0,0,1,0,0,0,0,0,0,-,-,33.665008544921875,-117.92031097412108,ORANGE,COSTA MESA,-117.90802764892578,33.65151596069336
8963163,2019,2019-11-13,3008,2019-09-30,0537,1147,ZONE2,1,5,6,3008,0,0,0,NA,0,NA,VALENCIA DR,HIGHLAND AV,63,E,N,A,B,N,NA,NA,NA,NA,NA,NA,NA,NA,NA,Y,3,0,1,3,C,-,18,NA,NA,N,A,E,A,A,H,-,B,D,0,NA,NA,NA,NA,Y,NA,-,-,0,1,0,0,0,0,0,0,0,-,-,NA,NA,ORANGE,FULLERTON,-117.92847442626952,33.866153717041016
8963889,2019,2020-02-06,3024,2019-10-17,2335,453,P-37,4,5,5,3024,0,0,0,NA,0,EAST,RT 39,MCFADDEN AV,364,S,N,A,-,Y,ORA,12,39,-,-,6.07,H,-,N,Y,4,0,1,2,A,-,09,21804,A,N,C,C,A,A,H,-,C,D,0,NA,NA,NA,Y,Y,NA,G,25,0,0,1,0,0,0,0,0,0,-,-,33.73762130737305,-117.98924255371094,ORANGE,WESTMINSTER,-117.98929595947266,33.736427307128906
8963963,2019,2019-11-04,3001,2019-10-18,1255,2523,NA,5,5,7,3001,0,0,0,NA,0,0D3,EAST SOUTH ST,S PEREGRINE ST,13,W,N,A,-,N,NA,NA,NA,NA,NA,NA,NA,NA,NA,Y,3,0,1,2,A,-,12,22450,NA,N,D,C,A,A,H,-,A,D,0,NA,NA,NA,NA,Y,NA,A,01,0,1,0,0,0,0,0,0,0,-,-,NA,NA,ORANGE,ANAHEIM,-117.88298034667967,33.83264923095703
8964649,2019,2020-09-11,3004,2019-09-30,1958,P629,33,1,5,6,3004,0,0,0,NA,0,005,BRISTOL ST,RT 405,55,N,N,A,-,Y,ORA,12,405,-,-,9.341,R,4,N,N,4,0,1,3,A,-,03,22350,NA,N,C,C,A,A,H,-,C,A,0,NA,NA,NA,NA,Y,NA,A,01,0,0,1,0,0,0,0,0,0,-,NF,33.688961029052734,-117.88568115234376,ORANGE,COSTA MESA,-117.88266754150392,33.68750762939453
8965259,2019,2019-10-30,3002,2019-09-11,1608,8961,741A5,3,5,5,3025,0,0,0,NA,0,1A03,BASTANCHURY RD,FAIRMONT,0,NA,Y,A,-,N,NA,NA,NA,NA,NA,NA,NA,NA,NA,Y,3,0,1,2,A,-,12,21453,A,N,D,C,A,A,H,-,A,A,0,NA,NA,NA,NA,Y,NA,A,01,0,1,0,0,0,0,0,0,0,-,-,NA,NA,ORANGE,YORBA LINDA,-117.78568267822266,33.89921951293945
8968003,2019,2019-11-15,3010,2019-10-22,0802,0147,281,2,5,6,3010,0,0,0,NA,0,006,GOLDENWEST,RIO VISTA,26,S,N,A,-,N,NA,NA,NA,NA,NA,NA,NA,NA,NA,N,3,0,1,2,A,-,05,21650,1,N,D,G,A,A,H,-,A,A,0,NA,Y,NA,NA,Y,NA,L,04,0,1,0,0,0,0,1,0,0,-,-,NA,NA,ORANGE,HUNTINGTON BEACH,-118.00650787353516,33.70500946044922
8968023,2019,2019-11-15,3010,2019-10-16,0646,1059,187,3,5,6,3010,0,0,0,NA,0,008,SPRINGDALE ST,TALBERT AV,15,N,N,A,-,N,NA,NA,NA,NA,NA,NA,NA,NA,NA,N,3,0,1,2,A,-,10,21950,A,N,G,B,B,A,H,-,B,A,0,Y,NA,NA,NA,Y,NA,A,07,0,1,0,0,1,0,0,0,0,-,-,NA,NA,ORANGE,HUNTINGTON BEACH,-118.02371215820313,33.70098114013672
8969631,2019,2019-11-19,3012,2019-10-10,1428,611,15,4,5,5,3012,0,0,0,NA,0,001,MONTE VISTA ST,PINEHURST AV,75,S,N,A,-,N,NA,NA,NA,NA,NA,NA,NA,NA,NA,N,4,0,1,2,A,-,21,22106,NA,N,H,G,A,A,H,-,A,D,0,NA,Y,NA,NA,Y,NA,A,01,0,0,1,0,0,0,1,0,0,-,-,NA,NA,ORANGE,LA HABRA,-117.9548568725586,33.937103271484375
8970350,2019,2019-11-07,3007,2019-09-17,1338,250,45,2,5,5,3007,0,0,0,NA,0,001,SLATER,SAN MATEO,0,NA,Y,A,-,N,NA,NA,NA,NA,NA,NA,NA,NA,NA,N,3,0,2,2,A,-,09,21801,A,N,D,C,A,A,H,-,A,D,0,NA,NA,NA,NA,Y,NA,A,01,0,1,1,0,0,0,0,0,0,-,-,NA,NA,ORANGE,FOUNTAIN VALLEY,-117.95133972167967,33.709068298339844
8971291,2019,2020-09-11,3000,2019-08-11,1758,7821,797J1,7,5,4,3021,0,0,0,NA,0,2219-0,BEACH BL,1ST ST,141,N,N,A,-,Y,ORA,12,39,-,-,11.31,H,-,N,Y,4,0,1,3,A,-,03,22350,NA,N,C,C,A,A,H,-,A,D,0,NA,NA,NA,NA,Y,NA,A,01,0,0,1,0,0,0,0,0,0,-,-,NA,NA,ORANGE,STANTON,-117.99312591552734,33.81210708618164
8972191,2019,2019-12-12,3026,2019-10-21,1501,4779,P,1,5,6,3026,0,0,0,NA,0,00P,IRVINE BL,GROVELAND,0,NA,Y,A,-,N,NA,NA,NA,NA,NA,NA,NA,NA,NA,Y,4,0,1,2,A,-,12,21453,A,N,D,C,A,A,H,-,A,A,0,NA,NA,NA,NA,Y,NA,-,-,0,0,1,0,0,0,0,0,0,-,-,NA,NA,ORANGE,IRVINE,-117.74439239501952,33.70275115966797
8973959,2019,2019-11-22,3009,2019-10-22,1435,3965,096,2,5,6,3009,0,0,0,NA,0,1-3,WESTMINSTER AV,KERRY ST,572,W,N,A,-,N,NA,NA,NA,NA,NA,NA,NA,NA,NA,N,4,0,1,2,A,-,08,22107,NA,N,G,B,F,A,H,-,A,A,0,Y,NA,NA,NA,Y,NA,A,01,0,0,1,0,1,0,0,0,0,-,-,NA,NA,ORANGE,GARDEN GROVE,-117.9606475830078,33.759498596191406
8973991,2019,2020-02-14,3009,2019-10-25,0759,3972,154,5,5,6,3009,0,0,0,NA,0,2-3,GARDEN GROVE BL,PARTRIDGE ST,6,W,N,A,-,N,NA,NA,NA,NA,NA,NA,NA,NA,NA,N,3,0,1,2,A,-,10,21950,A,N,G,B,B,A,H,-,A,A,0,Y,NA,NA,NA,Y,NA,A,07,0,1,0,0,1,0,0,0,0,-,-,33.77434158325195,-117.91058349609376,ORANGE,GARDEN GROVE,-117.9105987548828,33.774478912353516