CASE_ID,ACCIDENT_YEAR,PROC_DATE,JURIS,COLLISION_DATE,COLLISION_TIME,OFFICER_ID,REPORTING_DISTRICT,DAY_OF_WEEK,CHP_SHIFT,POPULATION,CNTY_CITY_LOC,SPECIAL_COND,BEAT_TYPE,CHP_BEAT_TYPE,CITY_DIVISION_LAPD,CHP_BEAT_CLASS,BEAT_NUMBER,PRIMARY_RD,SECONDARY_RD,DISTANCE,DIRECTION,INTERSECTION,WEATHER_1,WEATHER_2,STATE_HWY_IND,CALTRANS_COUNTY,CALTRANS_DISTRICT,STATE_ROUTE,ROUTE_SUFFIX,POSTMILE_PREFIX,POSTMILE,LOCATION_TYPE,RAMP_INTERSECTION,SIDE_OF_HWY,TOW_AWAY,COLLISION_SEVERITY,NUMBER_KILLED,NUMBER_INJURED,PARTY_COUNT,PRIMARY_COLL_FACTOR,PCF_CODE_OF_VIOL,PCF_VIOL_CATEGORY,PCF_VIOLATION,PCF_VIOL_SUBSECTION,HIT_AND_RUN,TYPE_OF_COLLISION,MVIW,PED_ACTION,ROAD_SURFACE,ROAD_COND_1,ROAD_COND_2,LIGHTING,CONTROL_DEVICE,CHP_ROAD_TYPE,PEDESTRIAN_ACCIDENT,BICYCLE_ACCIDENT,MOTORCYCLE_ACCIDENT,TRUCK_ACCIDENT,NOT_PRIVATE_PROPERTY,ALCOHOL_INVOLVED,STWD_VEHTYPE_AT_FAULT,CHP_VEHTYPE_AT_FAULT,COUNT_SEVERE_INJ,COUNT_VISIBLE_INJ,COUNT_COMPLAINT_PAIN,COUNT_PED_KILLED,COUNT_PED_INJURED,COUNT_BICYCLIST_KILLED,COUNT_BICYCLIST_INJURED,COUNT_MC_KILLED,COUNT_MC_INJURED,PRIMARY_RAMP,SECONDARY_RAMP,LATITUDE,LONGITUDE,COUNTY,CITY,POINT_X,POINT_Y
90362965,2016,2017-01-06,9675,2016-12-03,1030,021435,NA,6,1,9,3000,0,3,5,NA,2,002,GROVE OAK DR. (10000 BLOCK),TRAVERTINE PL,300,S,N,A,-,N,NA,NA,NA,NA,NA,NA,NA,NA,NA,N,4,0,1,2,A,-,21,22106,NA,F,G,B,E,A,H,-,A,D,0,Y,NA,NA,NA,Y,NA,-,99,0,0,1,0,1,0,0,0,0,-,-,33.7692,-117.7734,ORANGE,UNINCORPORATED,-117.77309139,33.7695324
90363265,2017,2017-01-06,9690,2017-01-03,0920,014329,NA,2,1,9,3000,0,2,4,NA,2,035,OSO PKWY,PLAZA DR,20,E,N,B,-,N,NA,NA,NA,NA,NA,NA,NA,NA,NA,Y,4,0,1,2,A,-,03,22350,NA,N,C,C,A,A,H,-,A,A,0,NA,NA,NA,NA,Y,NA,A,01,0,0,1,0,0,0,0,0,0,-,-,33.58488,-117.6356,ORANGE,UNINCORPORATED,NA,NA
9036597,2019,2020-01-31,3000,2019-11-28,0914,8617,891D5,4,5,4,3045,0,0,0,NA,0,1A45,LAKE FOREST DR,MOULTON PKWY,0,NA,Y,A,-,N,NA,NA,NA,NA,NA,NA,NA,NA,NA,Y,4,0,1,2,A,-,12,21453,A,N,D,C,A,B,H,-,A,A,0,NA,NA,NA,NA,Y,NA,A,01,0,0,1,0,0,0,0,0,0,-,-,NA,NA,ORANGE,LAGUNA HILLS,-117.73011016845705,33.629398345947266
90365996,2017,2017-01-10,9690,2017-01-09,0545,014552,NA,1,3,9,3000,0,1,3,NA,1,074,SR-74 (ORTEGA HWY),GATEWAY PLACE,4224,E,N,B,C,Y,NA,NA,74,NA,NA,NA,NA,NA,NA,Y,3,0,2,2,A,-,03,22350,NA,N,A,C,A,B,H,-,D,D,0,NA,NA,NA,NA,Y,NA,A,07,0,2,0,0,0,0,0,0,0,-,-,33.52101,-117.60345,ORANGE,UNINCORPORATED,-117.60344646,33.52101395
90369380,2016,2017-01-16,9675,2016-12-22,1020,015011,NA,4,1,6,3004,0,1,1,NA,2,405,I-405 N/B (SAN DIEGO FREEWAY),HARBOR BLVD,1000,S,N,B,C,Y,NA,NA,405,NA,NA,NA,NA,NA,N,Y,3,0,1,1,A,-,03,22350,NA,N,F,A,A,B,H,-,A,D,0,NA,NA,NA,NA,Y,NA,A,07,0,1,0,0,0,0,0,0,0,-,-,33.68903,-117.91626,ORANGE,COSTA MESA,-117.91640425,33.688453
90369392,2017,2017-01-16,9675,2017-01-03,1515,021438,NA,2,2,6,3015,0,3,5,NA,2,001,LINCOLN AVENUE WESTBOUND,ORANGE OLIVE ROAD,0,NA,Y,A,-,N,NA,NA,NA,NA,NA,NA,NA,NA,NA,Y,4,0,1,3,A,-,07,21658,A,N,B,C,A,A,H,-,A,A,0,NA,NA,NA,NA,Y,NA,A,01,0,0,1,0,0,0,0,0,0,-,-,33.83627,-117.84683,ORANGE,ORANGE,-117.84629003,33.83619008
90370196,2017,2017-03-20,9675,2017-01-12,1650,020627,NA,4,2,7,3019,0,1,1,NA,2,520,I-5 NORTHBOUND,GRAND AVE,500,S,N,B,C,Y,NA,NA,NA,NA,NA,NA,NA,NA,NA,Y,4,0,1,2,A,-,01,23152,A,N,C,C,A,B,H,-,A,D,0,NA,NA,NA,NA,Y,Y,A,01,0,0,1,0,0,0,0,0,0,-,-,33.4511,-117.50551,ORANGE,SANTA ANA,-117.85183,33.75514
90372442,2017,2017-03-20,9675,2017-01-06,1820,020627,NA,5,2,6,3004,0,1,1,NA,2,045,I-405 NORTHBOUND,BRISTOL ST,30,N,N,A,-,Y,NA,NA,NA,NA,NA,NA,NA,NA,NA,Y,3,0,5,3,A,-,03,22350,NA,N,C,C,A,A,H,-,C,D,0,NA,NA,NA,NA,Y,NA,A,07,0,1,4,0,0,0,0,0,0,-,-,33.41135,-117.53763,ORANGE,COSTA MESA,-117.88567,33.68752
90375223,2017,2017-01-23,9675,2017-01-09,1835,021327,NA,1,2,7,3019,0,1,3,NA,2,552,SR-55 NORTHBOUND,EDINGER AVE,1000,S,N,B,-,Y,NA,NA,55,NA,NA,NA,NA,NA,N,Y,4,0,3,2,A,-,07,21658,A,N,B,C,A,B,H,-,C,D,0,NA,NA,NA,NA,Y,NA,A,01,0,0,3,0,0,0,0,0,0,-,-,33.7129,-117.8472,ORANGE,SANTA ANA,-117.84737237,33.71307027
90378530,2017,2017-03-20,9675,2017-01-13,1800,021435,NA,5,2,6,3026,0,1,1,NA,2,504,I-5 N/B,SAND CANYON AVE,400,N,N,B,-,Y,NA,NA,5,NA,NA,NA,NA,NA,N,N,4,0,1,3,A,-,03,22350,NA,N,C,C,A,A,H,-,A,D,0,NA,NA,NA,NA,Y,NA,A,01,0,0,1,0,0,0,0,0,0,-,-,33.67891,-117.75906,ORANGE,IRVINE,-117.75913517,33.67882602
90378586,2016,2017-02-24,9675,2016-09-04,0159,020668,NA,7,3,6,3008,0,1,3,NA,2,570,STATE ROUTE 57 SOUTHBOUND,YORBA LINDA BOULEVARD,507,N,N,A,-,Y,NA,NA,57,NA,NA,NA,NA,NA,S,Y,1,1,2,2,A,-,01,23152,A,N,C,E,A,A,H,-,C,D,0,NA,NA,NA,NA,Y,Y,A,01,2,0,0,0,0,0,0,0,0,-,-,33.89024,-117.88109,ORANGE,FULLERTON,-117.88077579,33.8902471
90381858,2017,2017-02-06,9690,2017-01-29,1652,020747,NA,7,2,5,3017,0,1,1,NA,2,059,I-5 N/B (SAN DIEGO FRWY),AVENIDA PICO,15,N,N,A,-,Y,NA,NA,5,NA,NA,NA,NA,NA,N,Y,4,0,1,3,A,-,03,22350,NA,N,B,C,A,A,D,-,A,D,0,NA,NA,Y,NA,Y,NA,C,02,0,0,1,0,0,0,0,0,1,-,-,33.43894,-117.62237,ORANGE,SAN CLEMENTE,-117.62234158,33.43899206
90382604,2017,2017-01-31,9690,2017-01-29,1133,020463,NA,7,1,5,3017,0,1,1,NA,2,059,I-5 N/B (SAN DIEGO FRWY),AVENIDA PICO,20,S,N,A,-,Y,NA,NA,5,NA,NA,NA,NA,NA,N,Y,4,0,1,3,A,-,03,22350,NA,N,C,C,A,A,D,-,A,D,0,NA,NA,NA,NA,Y,NA,A,01,0,0,1,0,0,0,0,0,0,-,-,33.43859,-117.62227,ORANGE,SAN CLEMENTE,-117.62211733,33.43886963
90386199,2017,2017-02-06,9675,2017-01-22,1720,021447,NA,7,2,7,3001,0,1,3,NA,2,240,SR-241 NORTHBOUND,SR-91 EASTBOUND,3000,S,N,C,-,Y,NA,NA,241,NA,NA,NA,NA,NA,N,Y,4,0,1,1,A,-,03,22350,NA,N,E,I,A,B,H,-,C,D,0,NA,NA,NA,NA,Y,NA,A,01,0,0,1,0,0,0,0,0,0,-,-,33.84871,-117.71672,ORANGE,ANAHEIM,-117.71677704,33.84871
90390388,2017,2017-02-10,9675,2017-02-05,1855,019471,NA,7,2,9,3000,0,3,5,NA,2,002,FAIRHAVEN AVE W/B,LORETTA DR,15,E,N,B,-,N,NA,NA,NA,NA,NA,NA,NA,NA,NA,Y,2,0,2,2,A,-,03,22350,NA,F,C,C,A,A,H,-,D,D,0,NA,NA,NA,NA,Y,NA,A,01,1,0,1,0,0,0,0,0,0,-,-,33.77324,-117.82493,ORANGE,UNINCORPORATED,-117.82531076,33.77324
90390476,2017,2017-02-10,9675,2017-01-31,1920,020627,NA,2,2,6,3008,0,1,3,NA,2,571,SR-57 NORTHBOUND,YORBA LINDA BLVD,800,S,N,A,-,Y,NA,NA,NA,NA,NA,NA,NA,NA,NA,Y,4,0,1,2,A,-,03,22350,NA,N,C,C,A,A,H,-,C,D,0,NA,NA,NA,NA,Y,NA,A,01,0,0,1,0,0,0,0,0,0,-,-,33.8833,-117.87729,ORANGE,FULLERTON,-117.88042571,33.8868274
90391305,2017,2017-02-13,9675,2017-01-21,1732,021397,NA,6,2,7,3019,0,1,1,NA,2,520,I-5 NORTHBOUND,BROADWAY,750,N,N,A,-,Y,NA,NA,5,NA,NA,NA,NA,NA,N,Y,4,0,1,2,A,-,03,22350,NA,N,C,C,A,A,H,-,C,D,0,NA,NA,NA,NA,Y,NA,A,01,0,0,1,0,0,0,0,0,0,-,-,33.77198,-117.87039,ORANGE,SANTA ANA,-117.87029112,33.77206355
90394050,2017,2017-02-15,9670,2017-02-03,1748,018867,NA,5,2,4,3020,0,1,1,NA,2,044,I-405 N/B,SEAL BEACH BLVD,1320,S,N,C,-,Y,NA,NA,405,NA,NA,NA,NA,NA,N,Y,4,0,1,2,A,-,03,22350,NA,N,C,C,A,B,H,-,C,D,0,NA,NA,NA,NA,Y,NA,A,01,0,0,1,0,0,0,0,0,0,-,-,33.77531,-118.05525,ORANGE,SEAL BEACH,-118.05524706,33.77445362
90401114,2017,2017-02-27,9675,2017-02-23,0756,016748,NA,4,1,5,3016,0,1,3,NA,2,571,SR-57 NORTHBOUND,CROWTHER AVE,10,S,N,A,-,Y,NA,NA,NA,NA,NA,NA,NA,NA,NA,N,4,0,1,2,A,-,03,22350,NA,N,C,C,A,A,H,-,A,D,0,NA,NA,NA,NA,Y,NA,A,07,0,0,1,0,0,0,0,0,0,-,-,33.51579,-117.52424,ORANGE,PLACENTIA,-117.87858249,33.86623331
90401906,2017,2017-02-28,9670,2017-01-14,0855,018757,NA,6,1,5,3024,0,1,1,NA,2,043,I-405 S/B,EDWARDS ST,382,N,N,A,-,Y,NA,NA,405,NA,NA,NA,NA,NA,S,Y,3,0,1,1,A,-,08,22107,NA,N,E,I,A,A,H,-,A,D,0,NA,NA,NA,NA,Y,NA,A,01,0,1,0,0,0,0,0,0,0,-,-,33.7531,-118.01604,ORANGE,WESTMINSTER,-118.01563783,33.75357814
90403404,2017,2017-03-01,9670,2017-02-16,1920,017022,NA,4,2,6,3009,0,1,3,NA,2,024,SR-22 E/B (GARDEN GROVE FREEWAY),GARDEN GROVE BOULEVARD,701,E,N,A,-,Y,NA,NA,22,NA,NA,NA,NA,NA,E,N,4,0,3,4,A,-,03,22350,NA,N,C,C,A,A,H,-,C,D,0,NA,NA,NA,NA,Y,NA,D,22,0,0,3,0,0,0,0,0,0,-,-,33.77564,-117.90214,ORANGE,GARDEN GROVE,-117.90220986,33.77577485
90403735,2017,2017-03-01,9690,2017-02-28,1526,016885,NA,2,2,5,3014,0,1,3,NA,2,072,SR 73 N/B (SAN JOAQUIN HILLS TRANS COR),WILDLIFE # 1 U/C,2560,S,N,A,-,Y,NA,NA,73,NA,NA,NA,NA,NA,N,Y,3,0,1,1,A,-,08,22107,NA,N,E,I,A,A,H,-,A,D,0,NA,NA,NA,NA,Y,NA,A,07,0,1,0,0,0,0,0,0,0,-,-,33.60491,-117.79334,ORANGE,NEWPORT BEACH,-117.79339939,33.60475277
90404420,2017,2017-03-02,9670,2017-02-18,1425,019290,NA,6,2,6,3009,0,1,3,NA,2,025,SR-22 W/B (GARDEN GROVE FWY),NEW HOPE STREET,528,E,N,B,-,Y,NA,NA,22,NA,NA,NA,NA,NA,W,N,4,0,1,2,A,-,03,22350,NA,N,C,C,A,A,H,-,A,D,0,NA,NA,NA,NA,Y,NA,A,01,0,0,1,0,0,0,0,0,0,-,-,33.76624,-117.92701,ORANGE,GARDEN GROVE,-117.92700931,33.7662095
90405393,2017,2017-03-03,9675,2017-02-25,2045,021224,NA,6,2,5,3022,0,1,1,NA,2,503,I-5 NORTHBOUND,RED HILL AVE,1000,S,N,A,-,Y,NA,NA,5,NA,NA,NA,NA,NA,N,N,4,0,2,2,A,-,08,22107,NA,N,D,C,A,A,H,-,C,D,0,NA,NA,NA,NA,Y,NA,D,22,0,0,2,0,0,0,0,0,0,-,-,33.73172,-117.81242,ORANGE,TUSTIN,-117.81245472,33.73166823
9040574,2020,2020-02-26,3006,2020-01-31,1756,331,24,5,5,3,3006,0,0,0,NA,0,002,LA PALMA AV,MOODY ST,0,NA,Y,A,-,N,NA,NA,NA,NA,NA,NA,NA,NA,NA,Y,4,0,3,2,A,-,09,21801,A,N,A,C,A,A,H,-,C,A,0,NA,NA,NA,NA,Y,NA,A,07,0,0,3,0,0,0,0,0,0,-,-,NA,NA,ORANGE,LA PALMA,-118.04608917236328,33.846351623535156
90405953,2017,2017-03-06,9675,2017-02-25,2248,021206,NA,6,3,9,3000,0,2,4,NA,2,034,SANTIAGO CANYON ROAD,GERTNER RD,50,W,N,B,-,N,NA,NA,NA,NA,NA,NA,NA,NA,NA,Y,4,0,1,1,C,-,18,NA,NA,N,E,J,A,A,H,-,D,D,0,NA,NA,NA,NA,Y,NA,-,-,0,0,1,0,0,0,0,0,0,-,-,33.42175,-117.38313,ORANGE,UNINCORPORATED,-117.642172,33.704598
90406574,2017,2017-03-06,9670,2017-01-22,1507,019290,NA,7,2,3,3013,0,1,1,NA,2,060,I-605 N/B (SAN GABRIEL FWY),I-405 N/B U/C,528,N,N,C,-,Y,NA,NA,605,NA,NA,NA,NA,NA,N,Y,4,0,2,2,A,-,03,22350,NA,N,B,C,A,B,H,-,A,D,0,NA,NA,NA,NA,Y,NA,A,01,0,0,2,0,0,0,0,0,0,-,-,33.78847,-118.0894,ORANGE,LOS ALAMITOS,-118.08940678,33.78847313
90407354,2017,2017-03-07,9675,2017-03-06,1435,019171,NA,1,2,7,3019,0,1,1,NA,2,502,I-5 N/B (SANTA ANA FWY),17TH ST,500,S,N,A,-,Y,NA,NA,5,NA,NA,NA,NA,NA,N,N,4,0,1,2,A,-,03,22350,NA,N,C,C,A,A,H,-,A,D,0,NA,NA,NA,NA,Y,NA,D,22,0,0,1,0,0,0,0,0,0,-,-,33.75884,-117.85988,ORANGE,SANTA ANA,-117.85992384,33.75875235
90407887,2017,2017-03-08,9675,2017-03-01,0855,015011,NA,3,1,6,3026,0,1,1,NA,2,407,I-405 N/B (SAN DIEGO FREEWAY),SR-133,1478,S,N,A,-,Y,NA,NA,405,NA,NA,NA,NA,NA,N,Y,4,0,2,3,A,-,03,22350,NA,N,C,A,A,A,H,-,A,D,0,NA,NA,NA,NA,Y,NA,A,01,0,0,2,0,0,0,0,0,0,-,-,33.65013,-117.7539,ORANGE,IRVINE,-117.75387638,33.65021131
90408458,2017,2017-03-08,9675,2017-03-04,1245,021406,NA,6,1,7,3019,0,1,1,NA,2,502,I-5 N/B,MAIN ST,500,S,N,A,-,Y,NA,NA,NA,NA,NA,NA,NA,NA,NA,Y,4,0,1,3,A,-,03,22350,NA,N,C,C,A,A,H,-,A,D,0,NA,NA,NA,NA,Y,NA,A,01,0,0,1,0,0,0,0,0,0,-,-,33.45586,-117.51585,ORANGE,SANTA ANA,-117.86731,33.76809
9040975,2020,2020-03-09,3007,2020-01-04,2244,316,14,6,5,5,3007,0,0,0,NA,0,001,BROOKHURST,MEAGHER,46,N,N,A,-,N,NA,NA,NA,NA,NA,NA,NA,NA,NA,Y,2,0,1,3,A,-,05,21651,B,N,A,C,A,A,H,-,C,D,0,NA,NA,NA,NA,Y,NA,A,01,1,0,0,0,0,0,0,0,0,-,-,NA,NA,ORANGE,FOUNTAIN VALLEY,-117.95477294921876,33.73252487182617
90410857,2017,2017-03-13,9675,2017-03-05,0120,021233,NA,7,3,7,3019,0,1,3,NA,2,222,SR-22 E/B TO SR-57 N/B,I-5 NORTHBOUND,1000,E,N,B,-,Y,NA,NA,22,NA,NA,NA,R,NA,E,Y,4,0,1,1,A,-,01,23152,A,N,E,I,A,A,H,-,C,D,0,NA,NA,NA,NA,Y,Y,D,22,0,0,1,0,0,0,0,0,0,-,-,33.77946,-117.8726,ORANGE,SANTA ANA,-117.8726,33.77946
90411825,2017,2017-06-02,9675,2017-03-07,1215,016923,NA,2,1,9,3000,0,2,4,NA,2,034,SANTIAGO CANYON ROAD N/B,CHINCHILLA PASTEUR RD,2000,S,N,A,-,N,NA,NA,NA,NA,NA,NA,NA,NA,NA,Y,4,0,1,2,A,-,08,22107,NA,N,D,C,A,A,H,-,A,D,0,NA,NA,NA,NA,Y,NA,A,08,0,0,1,0,0,0,0,0,0,-,-,33.76749,-117.72497,ORANGE,UNINCORPORATED,NA,NA
9041216,2019,2020-02-07,3026,2019-12-28,0846,555,8,6,5,6,3026,0,0,0,NA,0,00P,PORTOLA PKWY,CREAN WY,430,W,-,A,-,N,NA,NA,NA,NA,NA,NA,NA,NA,NA,N,2,0,2,2,A,-,03,22350,NA,N,E,B,A,A,B,-,A,D,0,NA,Y,NA,NA,Y,NA,L,04,1,0,1,0,0,0,2,0,0,-,-,NA,NA,ORANGE,IRVINE,NA,NA
90412284,2017,2017-03-14,9670,2017-03-02,0535,014558,NA,4,3,7,3001,0,1,1,NA,2,500,I-5 N/B,MAGNOLIA AVE,2200,S,N,A,-,Y,NA,NA,5,NA,NA,NA,NA,NA,N,Y,4,0,2,3,A,-,07,21658,A,N,B,C,A,A,H,-,C,D,0,NA,NA,NA,NA,Y,NA,A,01,0,0,2,0,0,0,0,0,0,-,-,33.85213,-117.97154,ORANGE,ANAHEIM,-117.97154131,33.85212749
90412507,2017,2017-03-15,9675,2017-03-08,1230,015927,NA,3,1,6,3015,0,1,3,NA,2,222,SR-22 E/B TO I-5/SR-57,I-5 SOUTHBOUND,1056,W,N,A,-,Y,NA,NA,22,NA,NA,NA,R,NA,E,Y,2,0,1,3,A,-,07,21658,A,N,B,C,A,A,H,-,A,D,0,NA,NA,Y,NA,Y,NA,A,07,1,0,0,0,0,0,0,0,1,-,-,33.77872,-117.87971,ORANGE,ORANGE,-117.87971,33.77872
90413345,2017,2017-03-16,9670,2017-03-06,1540,018212,NA,1,2,5,3007,0,1,1,NA,2,040,I-405 N/B (SAN DIEGO FREEWAY),SLATER AVE,528,N,N,A,-,Y,NA,NA,405,NA,NA,NA,NA,NA,N,Y,4,0,1,2,A,-,03,22350,NA,N,C,C,A,A,H,-,A,D,0,NA,NA,NA,NA,Y,NA,A,07,0,0,1,0,0,0,0,0,0,-,-,33.71102,-117.96084,ORANGE,FOUNTAIN VALLEY,-117.96089154,33.71095878
90413408,2017,2017-03-16,9670,2017-02-09,0639,013970,NA,4,1,4,3020,0,1,1,NA,2,045,I-405 S/B,SEAL BEACH BLVD,5280,S,N,E,-,Y,NA,NA,405,NA,NA,NA,NA,NA,S,Y,3,0,3,2,A,-,03,22350,NA,N,C,C,A,A,H,-,B,D,0,NA,NA,NA,NA,Y,NA,A,01,0,1,2,0,0,0,0,0,0,-,-,33.77415,-118.05747,ORANGE,SEAL BEACH,-118.05746904,33.77423637
90414202,2017,2017-03-17,9675,2017-03-16,0840,017833,NA,4,1,7,3019,0,1,1,NA,2,503,I-5 NORTHBOUND,4TH ST,573,S,N,A,-,Y,NA,NA,NA,NA,NA,NA,NA,NA,NA,Y,4,0,1,3,A,-,03,22350,NA,N,C,C,A,A,H,-,A,D,0,NA,NA,NA,NA,Y,NA,D,22,0,0,1,0,0,0,0,0,0,-,-,33.44513,-117.50341,ORANGE,SANTA ANA,-117.84304,33.74804
90415145,2017,2017-03-20,9675,2017-03-07,0125,021483,NA,2,3,7,3001,0,1,3,NA,2,095,SR-91 EASTBOUND,COAL CYN RD,200,E,N,A,-,Y,NA,NA,91,NA,NA,NA,NA,NA,E,Y,2,0,2,5,A,-,03,22350,NA,N,C,C,A,A,D,-,C,D,0,NA,NA,NA,Y,Y,NA,F,26,1,0,1,0,0,0,0,0,0,-,-,33.8712,-117.68571,ORANGE,ANAHEIM,-117.68569478,33.87123698
9041603,2020,2020-03-16,3009,2020-01-26,1304,4503,125,7,5,6,3009,0,0,0,NA,0,2-1,NEWHOPE ST,TRASK AV,45,N,N,A,-,N,NA,NA,NA,NA,NA,NA,NA,NA,NA,Y,4,0,1,2,A,-,09,21801,A,N,D,C,A,A,H,-,A,A,0,NA,NA,NA,NA,Y,NA,A,01,0,0,1,0,0,0,0,0,0,-,-,NA,NA,ORANGE,GARDEN GROVE,-117.92902374267578,33.76712417602539
90416167,2017,2017-03-21,9670,2017-02-25,1915,019120,NA,6,2,9,3000,0,1,1,NA,2,045,I-405 S/B,SEAL BEACH BLVD,2640,S,N,B,-,Y,NA,NA,NA,NA,NA,NA,NA,NA,NA,Y,4,0,2,3,A,-,03,22350,NA,F,C,C,A,A,H,-,C,D,0,NA,NA,NA,NA,Y,NA,-,99,0,0,2,0,0,0,0,0,0,-,-,33.77413,-118.06378,ORANGE,UNINCORPORATED,NA,NA
9041659,2020,2020-03-13,3015,2020-01-21,1744,1329,55E,2,5,6,3015,0,0,0,NA,0,321,NORTH TUSTIN ST,VANOWEN AV,422,N,N,A,-,N,NA,NA,NA,NA,NA,NA,NA,NA,NA,Y,4,0,2,3,A,-,03,22350,NA,N,C,C,A,A,H,-,C,A,0,NA,NA,NA,NA,Y,NA,A,01,0,0,2,0,0,0,0,0,0,-,-,NA,NA,ORANGE,ORANGE,-117.83580780029295,33.81219482421875
90417778,2017,2017-03-22,9670,2017-03-20,1717,018212,NA,1,2,7,3001,0,1,1,NA,2,502,I-5 N/B (SANTA ANA FREEWAY),HARBOR BLVD,300,S,N,A,-,Y,NA,NA,NA,NA,NA,NA,NA,NA,NA,N,4,0,1,3,A,-,03,22350,NA,N,C,C,A,A,H,-,A,D,0,NA,NA,NA,NA,Y,NA,A,01,0,0,1,0,0,0,0,0,0,-,-,33.48533,-117.54518,ORANGE,ANAHEIM,-117.91483711,33.81521711
90418427,2017,2017-03-23,9675,2017-03-16,1623,017993,NA,4,2,4,3002,0,1,3,NA,2,570,SR-57 SOUTHBOUND,LAMBERT RD,2100,N,N,A,-,Y,NA,NA,57,NA,NA,NA,NA,NA,S,N,3,0,1,1,C,-,18,NA,NA,N,E,J,A,A,C,-,A,D,0,NA,NA,Y,NA,Y,NA,-,-,0,1,0,0,0,0,0,0,1,-,-,33.93143,-117.8798,ORANGE,BREA,-117.87974518,33.93141328
90421292,2017,2017-03-27,9690,2017-03-24,1058,020366,NA,5,1,4,3029,0,1,1,NA,2,059,I-5 N/B (SAN DIEGO FRWY),CAMINO DE ESTRELLA,2000,S,N,A,-,Y,NA,NA,NA,NA,NA,NA,NA,NA,NA,Y,4,0,1,4,A,-,03,22350,NA,N,C,C,A,A,H,-,A,D,0,NA,NA,NA,NA,Y,NA,A,08,0,0,1,0,0,0,0,0,0,-,-,33.45585,-117.65041,ORANGE,DANA POINT,-117.65597,33.45893
90421500,2017,2017-03-27,9675,2017-03-20,1725,021633,NA,1,2,6,3015,0,1,1,NA,2,502,I-5 S/B,STATE COLLEGE BLVD,1350,N,N,A,-,Y,NA,NA,5,NA,NA,NA,NA,NA,S,Y,3,0,2,2,A,-,03,22350,NA,N,C,C,A,A,H,-,A,D,0,NA,NA,NA,NA,Y,NA,A,01,0,1,1,0,0,0,0,0,0,-,-,33.79248,-117.89092,ORANGE,ORANGE,-117.89104751,33.79234201
90421526,2017,2017-03-27,9690,2017-03-24,1745,020537,NA,5,2,4,3045,0,1,1,NA,2,055,I-5 S/B (SAN DIEGO FRWY),LAKE FOREST DR,1584,S,N,A,-,Y,NA,NA,5,NA,NA,NA,NA,NA,S,Y,4,0,1,2,A,-,03,22350,NA,N,C,C,A,A,H,-,A,D,0,NA,NA,NA,NA,Y,NA,A,01,0,0,1,0,0,0,0,0,0,-,-,33.62421,-117.717,ORANGE,LAGUNA HILLS,-117.71700473,33.62420551
9042338,2019,2020-02-10,3000,2019-12-04,1652,1916,891F7,3,5,4,3045,0,0,0,NA,0,746,EL TORO RD,AVENIDA DE LA CARLOTA,0,NA,Y,B,C,N,NA,NA,NA,NA,NA,NA,NA,NA,NA,Y,3,0,1,2,A,-,12,21453,A,N,D,C,A,B,H,-,C,A,0,NA,NA,NA,NA,Y,NA,A,01,0,1,0,0,0,0,0,0,0,-,-,NA,NA,ORANGE,LAGUNA HILLS,-117.7087173461914,33.613990783691406
90424305,2017,2017-03-30,9675,2017-03-25,0900,021322,NA,6,1,7,3019,0,1,3,NA,2,553,SR-55 SOUTHBOUND,MAIN ST,900,N,N,B,-,Y,NA,NA,55,NA,NA,NA,NA,NA,S,Y,4,0,1,2,A,-,03,22350,NA,N,C,C,A,A,H,-,A,D,0,NA,NA,NA,NA,Y,NA,A,01,0,0,1,0,0,0,0,0,0,-,-,33.69389,-117.86642,ORANGE,SANTA ANA,-117.86621061,33.69369412
90424477,2017,2017-03-30,9675,2017-03-27,1110,015109,NA,1,1,6,3026,0,1,1,NA,2,406,I-405 NB FROM MACARTHUR BLVD.,MACARTHUR BLVD,30,N,N,A,-,Y,NA,NA,405,NA,NA,NA,R,NA,N,Y,4,0,1,2,A,-,03,22350,NA,N,C,C,A,A,H,-,A,D,0,NA,NA,NA,NA,Y,NA,A,01,0,0,1,0,0,0,0,0,0,-,-,33.683840000000004,-117.85594,ORANGE,IRVINE,-117.85594,33.683840000000004
90426124,2017,2017-04-03,9675,2017-03-28,0104,021233,NA,2,3,7,3001,0,1,3,NA,2,571,SR-57 SB TO SR-91 WB,MIRA LOMA AVE.,1000,S,N,A,-,Y,NA,NA,57,NA,NA,NA,R,NA,S,Y,3,0,1,1,A,-,08,22107,NA,N,E,J,A,A,H,-,D,D,0,NA,NA,NA,NA,Y,Y,A,01,0,1,0,0,0,0,0,0,0,-,-,33.85133,-117.87688,ORANGE,ANAHEIM,-117.87688,33.85133
90426569,2017,2017-04-04,9670,2017-03-13,2142,021207,NA,1,2,5,3003,0,1,3,NA,2,092,SR-91 E/B (RIVERSIDE FREEWAY),BEACH BLVD.,15,E,N,A,-,Y,NA,NA,91,NA,NA,NA,NA,NA,E,Y,4,0,2,1,A,-,08,22107,NA,N,E,I,A,A,H,-,C,D,0,NA,NA,NA,NA,Y,NA,A,01,0,0,2,0,0,0,0,0,0,-,-,33.85606,-117.99773,ORANGE,BUENA PARK,-117.99772626,33.85599784
90427613,2017,2018-07-17,9675,2017-03-29,2005,019693,NA,3,2,6,3026,0,1,1,NA,2,406,I-405 NB FROM CULVER DR WB,FERRIS ST,1200,W,N,A,-,Y,NA,NA,405,NA,NA,NA,R,NA,N,N,3,0,1,2,A,-,11,21954,A,F,G,B,C,A,H,-,D,D,0,Y,NA,NA,NA,Y,NA,N,60,0,1,0,0,1,0,0,0,0,-,-,33.67036,-117.82411,ORANGE,IRVINE,-117.82411,33.67036