CASE_ID,ACCIDENT_YEAR,PROC_DATE,JURIS,COLLISION_DATE,COLLISION_TIME,OFFICER_ID,REPORTING_DISTRICT,DAY_OF_WEEK,CHP_SHIFT,POPULATION,CNTY_CITY_LOC,SPECIAL_COND,BEAT_TYPE,CHP_BEAT_TYPE,CITY_DIVISION_LAPD,CHP_BEAT_CLASS,BEAT_NUMBER,PRIMARY_RD,SECONDARY_RD,DISTANCE,DIRECTION,INTERSECTION,WEATHER_1,WEATHER_2,STATE_HWY_IND,CALTRANS_COUNTY,CALTRANS_DISTRICT,STATE_ROUTE,ROUTE_SUFFIX,POSTMILE_PREFIX,POSTMILE,LOCATION_TYPE,RAMP_INTERSECTION,SIDE_OF_HWY,TOW_AWAY,COLLISION_SEVERITY,NUMBER_KILLED,NUMBER_INJURED,PARTY_COUNT,PRIMARY_COLL_FACTOR,PCF_CODE_OF_VIOL,PCF_VIOL_CATEGORY,PCF_VIOLATION,PCF_VIOL_SUBSECTION,HIT_AND_RUN,TYPE_OF_COLLISION,MVIW,PED_ACTION,ROAD_SURFACE,ROAD_COND_1,ROAD_COND_2,LIGHTING,CONTROL_DEVICE,CHP_ROAD_TYPE,PEDESTRIAN_ACCIDENT,BICYCLE_ACCIDENT,MOTORCYCLE_ACCIDENT,TRUCK_ACCIDENT,NOT_PRIVATE_PROPERTY,ALCOHOL_INVOLVED,STWD_VEHTYPE_AT_FAULT,CHP_VEHTYPE_AT_FAULT,COUNT_SEVERE_INJ,COUNT_VISIBLE_INJ,COUNT_COMPLAINT_PAIN,COUNT_PED_KILLED,COUNT_PED_INJURED,COUNT_BICYCLIST_KILLED,COUNT_BICYCLIST_INJURED,COUNT_MC_KILLED,COUNT_MC_INJURED,PRIMARY_RAMP,SECONDARY_RAMP,LATITUDE,LONGITUDE,COUNTY,CITY,POINT_X,POINT_Y
90571387,2017,2017-10-16,9675,2017-10-09,0630,021349,NA,1,1,7,3001,0,1,3,NA,2,571,SR-57 S/B TO SR-91 E/B,SR-91 E/B,100,S,N,A,-,Y,NA,NA,57,NA,NA,NA,R,NA,S,Y,3,0,1,1,C,-,18,NA,NA,N,F,A,A,A,B,-,A,D,0,NA,NA,Y,NA,Y,NA,-,-,0,1,0,0,0,0,0,0,1,-,-,33.8491,-117.87665,ORANGE,ANAHEIM,-117.87665,33.8491
9057255,2020,2020-12-01,3013,2020-02-11,1354,216,L04,2,5,3,3013,0,0,0,NA,0,004,CERRITOS AV,CHESTNUT ST,0,NA,Y,A,-,N,NA,NA,NA,NA,NA,NA,NA,NA,NA,N,2,0,1,2,A,-,09,21802,NA,N,D,C,A,A,H,-,A,D,0,NA,NA,Y,NA,Y,NA,A,01,1,0,0,0,0,0,0,0,1,-,-,NA,NA,ORANGE,LOS ALAMITOS,-118.07314300537108,33.81037902832031
90573889,2017,2017-10-19,9675,2017-10-11,1350,021690,NA,3,1,6,3004,0,1,3,NA,2,553,SR-55 N/B,MACARTHUR BLVD,500,S,N,A,-,Y,NA,NA,NA,NA,NA,NA,NA,NA,NA,N,4,0,1,2,A,-,03,22350,NA,N,C,C,A,A,H,-,A,D,0,NA,NA,NA,NA,Y,NA,A,01,0,0,1,0,0,0,0,0,0,-,-,33.69722,-117.86025,ORANGE,COSTA MESA,-117.86239256,33.6973754
90582882,2017,2017-10-30,9675,2017-10-23,1350,015208,NA,1,1,7,3001,0,1,3,NA,2,195,SR-91 EASTBOUND,GYPSUM CYN. RD.,2500,W,N,A,-,Y,NA,NA,NA,NA,NA,NA,NA,NA,NA,Y,4,0,2,2,A,-,07,21658,A,N,C,C,A,A,H,-,A,A,0,NA,NA,NA,NA,Y,NA,A,01,0,0,2,0,0,0,0,0,0,-,-,33.87781,-117.6565,ORANGE,ANAHEIM,-117.71695251,33.86230275
90584954,2017,2017-11-01,9675,2017-08-10,1125,021633,NA,4,1,7,3019,0,1,3,NA,2,222,SR-22 EASTBOUND TO I-5 NORTHBOUND,BEDFORD ROAD,782,W,N,A,-,Y,NA,NA,22,NA,NA,NA,R,NA,E,Y,1,1,0,1,A,-,03,22350,NA,N,E,I,A,A,H,-,A,D,0,NA,NA,Y,NA,Y,NA,C,02,0,0,0,0,0,0,0,1,0,-,-,33.77796,-117.87332,ORANGE,SANTA ANA,-117.87332,33.77796
90586904,2017,2017-11-03,9675,2017-10-21,1625,021557,NA,6,2,7,3001,0,1,3,NA,2,094,SR-91 WESTBOUND,LAKEVIEW AVE,1000,E,N,A,-,Y,NA,NA,91,NA,NA,NA,NA,NA,W,Y,4,0,1,3,A,-,03,22350,NA,M,C,C,A,A,H,-,A,D,0,NA,NA,NA,NA,Y,NA,A,01,0,0,1,0,0,0,0,0,0,-,-,33.85457,-117.80373,ORANGE,ANAHEIM,-117.8037291,33.85460759
90587579,2017,2017-11-06,9670,2017-10-27,1914,021679,NA,5,2,9,3000,0,3,5,NA,2,004,GILBERT STREET,CERRITOS AVENUE,0,NA,Y,A,-,N,NA,NA,NA,NA,NA,NA,NA,NA,NA,Y,4,0,1,2,A,-,09,21801,A,N,A,C,A,A,H,-,C,A,0,NA,NA,NA,NA,Y,NA,A,01,0,0,1,0,0,0,0,0,0,-,-,33.81044,-117.96756,ORANGE,UNINCORPORATED,-117.96758003,33.81040006
90588565,2017,2017-11-07,9675,2017-10-27,0800,021874,NA,5,1,6,3004,0,1,3,NA,2,553,SR-55 N/B TO SR-73 SB,MESA DR,3696,N,N,A,-,Y,NA,NA,NA,NA,NA,NA,NA,NA,NA,Y,4,0,1,3,A,-,03,22350,NA,N,C,C,A,A,H,-,A,D,0,NA,NA,NA,NA,Y,NA,D,22,0,0,1,0,0,0,0,0,0,-,-,33.6709,-117.88459,ORANGE,COSTA MESA,-117.88805,33.67182
9058863,2020,2020-06-03,3000,2020-02-10,1810,2849,891H6,1,5,5,3050,0,0,0,NA,0,765,MUIRLANDS BL,LOS ALISOS BL,340,N,N,B,-,N,NA,NA,NA,NA,NA,NA,NA,NA,NA,N,4,0,1,3,A,-,03,22350,NA,N,C,C,A,A,H,-,C,A,0,NA,NA,NA,NA,Y,NA,A,07,0,0,1,0,0,0,0,0,0,-,-,NA,NA,ORANGE,LAKE FOREST,-117.69342041015624,33.61793899536133
90589766,2017,2017-11-08,9675,2017-10-30,1725,021801,NA,1,2,7,3019,0,1,1,NA,2,502,I-5 N/B,SR-55 NORTHBOUND,100,S,N,B,-,Y,NA,NA,NA,NA,NA,NA,NA,NA,NA,Y,4,0,1,2,A,-,03,22350,NA,N,C,C,A,A,H,-,A,D,0,NA,NA,NA,NA,Y,NA,A,01,0,0,1,0,0,0,0,0,0,-,-,33.73997,-117.83113,ORANGE,SANTA ANA,-117.83375,33.74079
90589798,2017,2017-11-08,9675,2017-10-27,1840,018834,NA,5,2,6,3026,0,1,1,NA,2,046,I-405 SOUTHBOUND,JAMBOREE RD,2000,S,N,A,-,Y,NA,NA,405,NA,NA,NA,NA,NA,S,Y,2,0,1,2,A,-,07,21658,A,N,F,A,A,A,H,-,C,D,0,NA,NA,Y,NA,Y,NA,A,01,1,0,0,0,0,0,0,0,1,-,-,33.6742,-117.837,ORANGE,IRVINE,-117.83702855,33.67411533
90590616,2017,2017-11-08,9670,2017-11-05,0113,021207,NA,7,3,6,3009,0,1,3,NA,2,024,SR-22 E/B (GARDEN GROVE FWY),HARBOR BLVD,1056,W,N,A,-,Y,NA,NA,22,NA,NA,NA,NA,NA,E,Y,4,0,1,2,A,-,03,22350,NA,N,C,C,A,A,H,-,C,D,0,NA,NA,NA,NA,Y,NA,A,01,0,0,1,0,0,0,0,0,0,-,-,33.766,-117.92804,ORANGE,GARDEN GROVE,-117.92804063,33.76610162
90593016,2017,2017-11-13,9675,2017-11-06,0920,021349,NA,1,1,7,3019,0,1,1,NA,2,502,I-5 S/B,BROADWAY,150,N,N,A,-,Y,NA,NA,5,NA,NA,NA,NA,NA,S,Y,4,0,1,2,A,-,03,22350,NA,N,C,C,A,A,H,-,A,D,0,NA,NA,NA,NA,Y,NA,D,22,0,0,1,0,0,0,0,0,0,-,-,33.77074,-117.87003,ORANGE,SANTA ANA,-117.86985748,33.77088192
90593622,2017,2017-11-14,9690,2017-11-05,0130,020366,NA,7,3,5,3050,0,1,1,NA,2,055,I-5 N/B (SAN DIEGO FRWY),EL TORO RD,2925,S,N,B,-,Y,NA,NA,5,NA,NA,NA,NA,NA,N,Y,4,0,1,2,D,-,00,NA,NA,N,C,C,A,A,H,-,D,D,0,NA,NA,NA,NA,Y,Y,-,-,0,0,1,0,0,0,0,0,0,-,-,33.60944,-117.70014,ORANGE,LAKE FOREST,-117.70013614,33.6094488
90595323,2017,2017-11-16,9675,2017-11-08,0840,018733,NA,3,1,6,3015,0,1,3,NA,2,222,SR-22 WESTBOUND,CAMBRIDGE ST,400,E,N,A,-,Y,NA,NA,22,NA,NA,NA,NA,NA,W,N,4,0,2,3,A,-,03,22350,NA,N,C,C,A,A,H,-,A,D,0,NA,NA,NA,NA,Y,NA,A,01,0,0,2,0,0,0,0,0,0,-,-,33.77664,-117.84201,ORANGE,ORANGE,-117.84201086,33.77666096
90596527,2017,2017-11-17,9675,2017-11-09,1556,021691,NA,4,2,7,3001,0,1,3,NA,2,094,SR-91 WESTBOUND,IMPERIAL HIGHWAY,5475,E,N,A,-,Y,NA,NA,91,NA,NA,NA,NA,NA,W,Y,4,0,1,2,A,-,03,22350,NA,N,C,C,A,A,H,-,A,D,0,NA,NA,NA,NA,Y,NA,A,07,0,0,1,0,0,0,0,0,0,-,-,33.86182,-117.77456,ORANGE,ANAHEIM,-117.77457463,33.86184994
9059856,2020,2020-03-04,3022,2020-01-23,0757,1193,SOUTH,4,5,5,3022,0,0,0,NA,0,NA,MCFADDEN AV,WILLIAMS ST,413,W,N,A,-,N,NA,NA,NA,NA,NA,NA,NA,NA,NA,NA,3,0,1,2,A,-,03,22350,NA,N,C,C,A,A,H,-,A,A,0,NA,NA,NA,NA,Y,NA,A,01,0,1,0,0,0,0,0,0,0,-,-,33.73381042480469,-117.83940887451172,ORANGE,TUSTIN,-117.84081268310548,33.733787536621094
90599718,2017,2017-11-21,9690,2017-11-20,1350,016128,NA,1,1,9,3000,0,3,5,NA,2,004,DORRANCE DRIVE,CLYDESDALE DRIVE,30,E,N,A,-,N,NA,NA,NA,NA,NA,NA,NA,NA,NA,Y,4,0,1,2,A,-,03,22350,NA,N,C,C,A,A,H,-,A,D,0,NA,NA,NA,NA,Y,NA,A,01,0,0,1,0,0,0,0,0,0,-,-,33.5524,-117.63978,ORANGE,UNINCORPORATED,-117.64004193,33.55244012
90600854,2017,2017-11-22,9675,2017-10-21,1415,020582,NA,6,2,6,3015,0,1,3,NA,2,550,SR-55 SOUTHBOUND,MEATS AVENUE,1055,N,N,A,-,Y,NA,NA,55,NA,NA,NA,NA,NA,S,Y,4,0,3,3,A,-,07,21658,A,N,E,I,A,A,H,-,A,D,0,NA,NA,NA,NA,Y,NA,A,07,0,0,3,0,0,0,0,0,0,-,-,33.82521,-117.83226,ORANGE,ORANGE,-117.83218587,33.82522746
90602227,2017,2017-11-27,9675,2017-11-18,0000,021749,NA,6,3,5,3022,0,1,1,NA,2,503,I-5 SOUTHBOUND,RED HILL AVE,100,S,N,A,-,Y,NA,NA,5,NA,NA,NA,NA,NA,S,Y,3,0,1,2,A,-,08,22107,NA,N,B,C,A,A,H,-,C,D,0,NA,NA,NA,Y,Y,NA,A,01,0,1,0,0,0,0,0,0,0,-,-,33.73748,-117.82523,ORANGE,TUSTIN,-117.8251858,33.73761872
90610405,2017,2017-12-05,9675,2017-11-20,1725,019942,NA,1,2,6,3026,0,1,1,NA,2,406,I-405 SOUTHBOUND,JAMBOREE RD,850,S,N,A,-,Y,NA,NA,405,NA,NA,NA,NA,NA,S,Y,4,0,1,4,A,-,07,21658,A,N,C,C,A,A,H,-,B,D,0,NA,NA,Y,NA,Y,NA,A,01,0,0,1,0,0,0,0,0,1,-,-,33.67461,-117.83861,ORANGE,IRVINE,-117.83859839,33.67464445
90613703,2017,2017-12-11,9675,2017-12-01,1918,021633,NA,5,2,6,3015,0,1,3,NA,2,222,SR-55 S/B TO SR-22 W/B,TUSTIN AVE,225,E,N,A,-,Y,NA,NA,NA,NA,NA,NA,NA,NA,NA,Y,4,0,1,2,A,-,08,22107,NA,N,D,C,A,A,H,-,C,D,0,NA,NA,NA,NA,Y,NA,A,01,0,0,1,0,0,0,0,0,0,-,-,33.77776,-117.83421,ORANGE,ORANGE,NA,NA
90614979,2017,2017-12-12,9675,2017-11-27,1611,021633,NA,1,2,7,3001,0,1,3,NA,2,572,SR-57 S/B,KATELLA AVE,1250,N,N,A,-,Y,NA,NA,57,NA,NA,NA,NA,NA,S,N,4,0,2,3,A,-,03,22350,NA,N,C,C,A,A,H,-,A,D,0,NA,NA,NA,NA,Y,NA,A,07,0,0,2,0,0,0,0,0,0,-,-,33.8104,-117.87904,ORANGE,ANAHEIM,-117.8790362,33.81039842
90615353,2017,2017-12-12,9675,2017-12-05,1227,019804,NA,2,1,5,3022,0,1,3,NA,2,551,SR-55 SOUTHBOUND,MCFADDEN AVE,1400,N,N,A,-,Y,NA,NA,55,NA,NA,NA,NA,NA,S,N,4,0,1,2,A,-,03,22350,NA,N,C,C,A,A,A,-,A,D,0,NA,NA,NA,NA,Y,NA,D,22,0,0,1,0,0,0,0,0,0,-,-,33.73776,-117.83405,ORANGE,TUSTIN,-117.83392019,33.73776013
90617158,2017,2017-12-14,9675,2017-12-07,1425,021447,NA,4,2,6,3008,0,1,3,NA,2,570,SR-57 SOUTHBOUND,YORBA LINDA BLVD,200,N,N,A,-,Y,NA,NA,57,NA,NA,NA,NA,NA,S,Y,3,0,1,3,A,-,03,22350,NA,F,C,C,A,A,H,-,A,D,0,NA,NA,NA,NA,Y,NA,A,07,0,1,0,0,0,0,0,0,0,-,-,33.89031,-117.88074,ORANGE,FULLERTON,-117.88077719,33.89030916
90617164,2017,2017-12-14,9675,2017-12-07,0757,021809,NA,4,1,7,3019,0,1,1,NA,2,502,I-5 N/B,MAIN ST,150,S,N,A,-,Y,NA,NA,5,NA,NA,NA,NA,NA,N,Y,4,0,2,3,A,-,03,22350,NA,N,C,C,A,A,H,-,A,D,0,NA,NA,NA,NA,Y,NA,D,22,0,0,2,0,0,0,0,0,0,-,-,33.76738,-117.86697,ORANGE,SANTA ANA,-117.86696379,33.76738348
90617167,2017,2017-12-14,9675,2017-12-05,0545,019979,NA,2,3,6,3015,0,1,3,NA,2,572,SR-57 SOUTHBOUND,ORANGEWOOD AVE,1000,S,N,A,-,Y,NA,NA,57,NA,NA,NA,NA,NA,S,Y,4,0,1,4,A,-,03,22350,NA,N,C,C,A,A,H,-,C,D,0,NA,NA,NA,Y,Y,NA,D,22,0,0,1,0,0,0,0,0,0,-,-,33.79295,-117.87933,ORANGE,ORANGE,-117.87936694,33.79297003
90617254,2017,2017-12-14,9690,2017-12-05,0740,020695,NA,2,1,9,3000,0,2,4,NA,2,034,ANTONIO PKWY,SENDERO WAY,1071,N,N,A,-,N,NA,NA,NA,NA,NA,NA,NA,NA,NA,Y,4,0,1,4,A,-,03,22350,NA,N,C,C,A,A,H,-,A,D,0,NA,NA,NA,NA,Y,NA,A,07,0,0,1,0,0,0,0,0,0,-,-,33.53152,-117.62088,ORANGE,UNINCORPORATED,-117.62100806,33.5314624
90617979,2017,2017-12-14,9675,2017-12-14,0700,021397,NA,4,1,4,3002,0,1,3,NA,2,570,SR-57 SOUTHBOUND,YORBA LINDA BLVD,1850,N,N,A,-,Y,NA,NA,NA,NA,NA,NA,NA,NA,NA,N,4,0,1,2,A,-,03,22350,NA,N,C,C,A,A,H,-,A,D,0,NA,NA,NA,NA,Y,NA,A,01,0,0,1,0,0,0,0,0,0,-,-,33.89562,-117.88093,ORANGE,BREA,NA,NA
90619301,2017,2017-12-18,9690,2017-12-10,1755,020366,NA,7,2,5,3017,0,1,1,NA,2,059,I-5 N/B (SAN DIEGO FRWY),AVENIDA PICO,1300,N,N,A,-,Y,NA,NA,5,NA,NA,NA,NA,NA,N,Y,4,0,1,3,A,-,08,22107,NA,N,E,I,A,A,D,-,C,D,0,NA,NA,NA,NA,Y,NA,A,01,0,0,1,0,0,0,0,0,0,-,-,33.44112,-117.62621,ORANGE,SAN CLEMENTE,-117.62617133,33.44117753
90619722,2017,2017-12-18,9675,2017-12-07,1718,021327,NA,4,2,5,3016,0,1,3,NA,2,571,SR-57 SOUTHBOUND,ORANGETHORPE AVE,1000,N,N,A,-,Y,NA,NA,57,NA,NA,NA,NA,NA,S,N,4,0,1,2,A,-,03,22350,NA,N,C,C,A,A,H,-,C,D,0,NA,NA,NA,NA,Y,NA,A,01,0,0,1,0,0,0,0,0,0,-,-,33.86341,-117.87794,ORANGE,PLACENTIA,-117.87801345,33.86338774
9062133,2019,2020-03-16,3000,2019-06-24,1930,2647,921D6,1,5,4,3049,0,0,0,NA,0,017,PACIFIC PARK DR,WOOD CANYON DR,0,NA,Y,A,-,N,NA,NA,NA,NA,NA,NA,NA,NA,NA,Y,2,0,2,2,A,-,12,21453,A,N,D,C,A,A,H,-,B,A,0,NA,NA,NA,NA,Y,NA,A,01,1,0,1,0,0,0,0,0,0,-,-,33.572330474853516,-117.73426055908205,ORANGE,ALISO VIEJO,-117.73486328125,33.57157897949219
9062173,2019,2020-03-18,3000,2019-11-13,1803,9281,921G5,3,5,4,3045,0,0,0,NA,0,3A82,MOULTON PKWY,LA PAZ,262,N,N,A,-,N,NA,NA,NA,NA,NA,NA,NA,NA,NA,Y,2,0,1,1,A,-,03,22350,NA,N,E,I,A,A,H,-,C,A,0,NA,NA,NA,NA,Y,NA,A,01,1,0,0,0,0,0,0,0,0,-,-,NA,NA,ORANGE,LAGUNA HILLS,-117.7026138305664,33.57681655883789
90625800,2017,2017-12-25,9675,2017-12-14,1750,020147,NA,4,2,7,3019,0,1,3,NA,2,552,SR-55 SOUTHBOUND,MACARTHUR BLVD,300,N,N,A,-,Y,NA,NA,55,NA,NA,NA,NA,NA,S,Y,3,0,1,3,A,-,03,22350,NA,N,C,C,A,A,H,-,C,D,0,NA,NA,NA,NA,Y,NA,A,01,0,1,0,0,0,0,0,0,0,-,-,33.69964,-117.86102,ORANGE,SANTA ANA,-117.86077182,33.69939659
90627469,2017,2017-12-27,9675,2017-12-17,1430,021716,NA,7,2,7,3019,0,1,3,NA,2,552,SR-55 SOUTHBOUND,MACARTHUR BLVD,200,N,N,A,-,Y,NA,NA,55,NA,NA,NA,NA,NA,S,Y,4,0,1,5,A,-,03,22350,NA,N,C,C,A,A,H,-,A,D,0,NA,NA,NA,NA,Y,NA,A,07,0,0,1,0,0,0,0,0,0,-,-,33.70187,-117.85851,ORANGE,SANTA ANA,-117.8584466,33.7018105
90627655,2017,2017-12-27,9675,2017-12-18,1658,021377,NA,1,2,6,3026,0,1,1,NA,2,407,I-405 SOUTHBOUND,IRVINE CENTER DR,600,S,N,A,-,Y,NA,NA,405,NA,NA,NA,NA,NA,S,Y,3,0,1,4,A,-,03,22350,NA,N,C,C,A,A,H,-,A,D,0,NA,NA,NA,NA,Y,NA,A,01,0,1,0,0,0,0,0,0,0,-,-,33.64656,-117.74302,ORANGE,IRVINE,-117.7429705,33.64672894
90627893,2017,2017-12-27,9675,2017-12-14,1825,020694,NA,4,2,5,3014,0,1,3,NA,2,073,SR-73 NORTHBOUND,BIRCH ST,140,N,N,A,-,Y,NA,NA,73,NA,NA,NA,NA,NA,N,Y,2,0,1,1,A,-,08,22107,NA,N,E,I,A,A,H,-,C,D,0,NA,NA,NA,NA,Y,NA,D,22,1,0,0,0,0,0,0,0,0,-,-,33.6619,-117.87382,ORANGE,NEWPORT BEACH,-117.87388972,33.66179554
90628317,2017,2017-12-28,9675,2017-12-19,1750,019938,NA,2,2,6,3004,0,1,1,NA,2,405,I-405 SOUTHBOUND FROM BRISTOL ST,BRISTOL ST,50,N,N,A,-,Y,NA,NA,405,NA,NA,NA,R,NA,S,Y,4,0,1,2,A,-,03,22350,NA,N,C,C,A,A,H,-,C,A,0,NA,NA,NA,NA,Y,NA,A,01,0,0,1,0,0,0,0,0,0,-,-,33.68706,-117.88519,ORANGE,COSTA MESA,-117.88519,33.68706
90628418,2017,2017-12-28,9690,2017-12-19,0713,015109,NA,2,1,4,3029,0,1,1,NA,2,059,I-5 N/B (SAN DIEGO FRWY),VIA CALIFORNIA,50,S,N,A,-,Y,NA,NA,5,NA,NA,NA,NA,NA,N,Y,4,0,1,4,A,-,03,22350,NA,N,C,C,A,A,D,-,A,D,0,NA,NA,NA,NA,Y,NA,A,01,0,0,1,0,0,0,0,0,0,-,-,33.46562,-117.66727,ORANGE,DANA POINT,-117.66725452,33.46564225
90628613,2017,2017-12-28,9690,2017-12-21,1405,018840,NA,4,2,5,3028,0,1,1,NA,2,056,I-5 N/B (SAN DIEGO FRWY),AVERY PKWY,700,S,N,A,-,Y,NA,NA,5,NA,NA,NA,NA,NA,N,N,3,0,2,2,A,-,03,22350,NA,N,C,C,A,A,H,-,A,D,0,NA,NA,NA,NA,Y,NA,A,01,0,1,1,0,0,0,0,0,0,-,-,33.54622,-117.67279,ORANGE,MISSION VIEJO,-117.67293637,33.54623986
90629666,2017,2017-12-29,9670,2017-12-20,0619,014558,NA,3,1,6,3009,0,1,3,NA,2,025,SR-22 W/B FROM HARBOR BLVD S/B,HARBOR BLVD,20,W,N,A,-,Y,NA,NA,22,NA,NA,NA,R,NA,W,N,3,0,1,2,A,-,11,21950,B,N,G,B,C,A,H,-,C,D,0,Y,NA,NA,NA,Y,NA,N,60,0,1,0,0,1,0,0,0,0,-,-,33.76825,-117.92064,ORANGE,GARDEN GROVE,-117.92064,33.76825
90629671,2017,2017-12-29,9675,2017-12-23,1045,021349,NA,6,1,6,3015,0,1,3,NA,2,222,SR-22 W/B,TUSTIN AVE,30,W,N,B,-,Y,NA,NA,22,NA,NA,NA,NA,NA,W,Y,4,0,1,2,A,-,08,22107,NA,N,E,I,A,A,H,-,A,D,0,NA,NA,NA,NA,Y,NA,A,07,0,0,1,0,0,0,0,0,0,-,-,33.77717,-117.83717,ORANGE,ORANGE,-117.83715023,33.77707464
90630265,2017,2018-01-01,9675,2017-12-20,1555,019942,NA,3,2,4,3002,0,1,3,NA,2,570,SR-57 SOUTHBOUND,LAMBERT RD,800,S,N,A,-,Y,NA,NA,57,NA,NA,NA,NA,NA,S,Y,3,0,2,5,A,-,03,22350,NA,F,C,C,A,A,H,-,A,D,0,NA,NA,NA,NA,Y,NA,A,01,0,1,1,0,0,0,0,0,0,-,-,33.91905,-117.88058,ORANGE,BREA,-117.88072346,33.91909024
90630279,2017,2018-01-01,9675,2017-12-24,1604,021801,NA,7,2,7,3001,0,1,3,NA,2,094,SR-91 E/B,IMPERIAL HIGHWAY,200,E,N,A,-,Y,NA,NA,91,NA,NA,NA,NA,NA,E,Y,4,0,1,3,A,-,03,22350,NA,N,C,C,A,A,H,-,A,D,0,NA,NA,NA,NA,Y,NA,A,01,0,0,1,0,0,0,0,0,0,-,-,33.85688,-117.78392,ORANGE,ANAHEIM,-117.78397671,33.85699842
90631861,2017,2018-01-03,9670,2017-12-29,1245,014558,NA,5,1,6,3009,0,1,3,NA,2,024,SR-22 E/B,GARDEN GROVE BLVD,700,E,N,A,-,Y,NA,NA,22,NA,NA,NA,NA,NA,E,N,4,0,2,3,A,-,03,22350,NA,F,C,C,A,A,H,-,A,D,0,NA,NA,NA,NA,Y,NA,-,99,0,0,2,0,0,0,0,0,0,-,-,33.77552,-117.90232,ORANGE,GARDEN GROVE,-117.90240078,33.77567594
90632068,2017,2018-01-03,9670,2017-12-24,1842,021679,NA,7,2,6,3009,0,1,3,NA,2,025,SR-22 W/B (GARDEN GROVE FREEWAY),GARDEN GROVE BLVD UC,2006,W,N,A,-,Y,NA,NA,22,NA,NA,NA,NA,NA,W,Y,4,0,2,2,A,-,03,22350,NA,N,C,C,A,A,H,-,C,D,0,NA,NA,NA,NA,Y,NA,D,22,0,0,2,0,0,0,0,0,0,-,-,33.77137,-117.91121,ORANGE,GARDEN GROVE,-117.91119963,33.7713488
9063575,2020,2020-07-21,3001,2020-03-11,1451,A1032,NA,3,5,7,3001,0,0,0,NA,0,D-1,BROOKHURST ST,STONYBROOK DR,0,NA,Y,A,-,N,NA,NA,NA,NA,NA,NA,NA,NA,NA,Y,4,0,1,2,A,-,09,21801,A,N,D,C,A,A,H,-,A,D,0,NA,NA,NA,NA,Y,NA,A,01,0,0,1,0,0,0,0,0,0,-,-,33.82162857055664,-117.95886993408205,ORANGE,ANAHEIM,-117.9535675048828,33.66761016845703
90637057,2018,2018-01-10,9690,2018-01-08,1755,018526,NA,1,2,9,3000,0,2,4,NA,2,035,OSO PKWY W/B,SR 241 N/B (FOOTHILL TRANS CORRIDOR),70,E,N,C,-,N,NA,NA,NA,NA,NA,NA,NA,NA,NA,Y,4,0,1,2,A,-,03,22350,NA,N,C,C,A,B,H,-,C,A,0,NA,NA,NA,NA,Y,NA,A,07,0,0,1,0,0,0,0,0,0,-,-,33.58782958984375,-117.60929870605467,ORANGE,UNINCORPORATED,-117.60881805419922,33.58794021606445
90637562,2018,2018-01-10,9670,2018-01-06,1250,021719,NA,6,1,5,3007,0,1,1,NA,2,040,I-405 N/B,BROOKHURST ST,1000,S,N,A,-,Y,NA,NA,405,NA,NA,NA,NA,NA,N,Y,4,0,1,4,A,-,03,22350,NA,N,C,C,A,A,H,-,A,D,0,NA,NA,NA,NA,Y,NA,A,01,0,0,1,0,0,0,0,0,0,-,-,33.70343017578125,-117.95191955566406,ORANGE,FOUNTAIN VALLEY,-117.95191192626952,33.70344161987305
90637919,2017,2018-01-11,9670,2017-01-13,0100,019925,NA,5,3,5,3003,0,1,1,NA,2,501,INTERSTATE 5 SOUTHBOUND,STANTON AVENUE,44,S,N,B,-,Y,NA,NA,5,NA,NA,NA,NA,NA,S,Y,1,1,1,2,A,-,02,22400,A,N,D,C,A,B,H,-,D,D,0,NA,NA,NA,Y,Y,NA,D,22,1,0,0,0,0,0,0,0,0,-,-,33.86374,-117.99361,ORANGE,BUENA PARK,-117.99365932,33.86364976
90638425,2018,2018-01-11,9675,2018-01-06,1700,021406,NA,6,2,7,3001,0,1,3,NA,2,095,SR-91 E/B,GYPSUM CANYON ROAD,2640,W,N,A,-,Y,NA,NA,91,NA,NA,NA,NA,NA,E,Y,3,0,2,5,A,-,03,22350,NA,N,C,C,A,A,H,-,C,D,0,NA,NA,NA,NA,Y,NA,A,07,0,2,0,0,0,0,0,0,0,-,-,33.86669158935547,-117.72006988525392,ORANGE,ANAHEIM,-117.72007751464844,33.86661148071289
90639245,2018,2018-01-12,9690,2018-01-08,1528,016128,NA,1,2,9,3000,0,1,3,NA,1,074,SR 74 E/B (ORTEGA HWY),M.P.M. 74-ORA-16.50,3200,W,N,C,-,Y,NA,NA,NA,NA,NA,NA,NA,NA,NA,Y,3,0,2,2,A,-,03,22350,NA,N,C,C,A,B,H,-,A,D,0,NA,NA,NA,NA,Y,NA,A,01,0,1,1,0,0,0,0,0,0,-,-,33.52619934082031,-117.58709716796876,ORANGE,UNINCORPORATED,NA,NA
90641295,2018,2018-01-17,9675,2018-01-08,2038,020694,NA,1,2,6,3026,0,1,1,NA,2,406,I-405 NORTHBOUND FROM JAMBOREE ROAD S/B,JAMBOREE RD,300,N,N,B,-,Y,NA,NA,405,NA,NA,NA,R,NA,N,N,4,0,2,2,A,-,08,22107,NA,F,B,C,A,B,H,-,D,D,0,NA,NA,NA,NA,Y,NA,-,99,0,0,2,0,0,0,0,0,0,-,-,33.677589416503906,-117.84413909912108,ORANGE,IRVINE,-117.84413909912108,33.677589416503906
90643144,2017,2018-01-18,9670,2017-12-01,1735,021755,NA,5,2,6,3009,0,1,3,NA,2,021,SR-22 W/B,GARDEN GROVE BLVD,1056,E,N,A,-,Y,NA,NA,22,NA,NA,NA,NA,NA,W,Y,4,0,1,2,A,-,03,22350,NA,N,C,C,A,A,H,-,E,D,0,NA,NA,NA,NA,Y,NA,A,01,0,0,1,0,0,0,0,0,0,-,-,33.77208,-118.00199,ORANGE,GARDEN GROVE,-118.00199485,33.7720659