CASE_ID,ACCIDENT_YEAR,PROC_DATE,JURIS,COLLISION_DATE,COLLISION_TIME,OFFICER_ID,REPORTING_DISTRICT,DAY_OF_WEEK,CHP_SHIFT,POPULATION,CNTY_CITY_LOC,SPECIAL_COND,BEAT_TYPE,CHP_BEAT_TYPE,CITY_DIVISION_LAPD,CHP_BEAT_CLASS,BEAT_NUMBER,PRIMARY_RD,SECONDARY_RD,DISTANCE,DIRECTION,INTERSECTION,WEATHER_1,WEATHER_2,STATE_HWY_IND,CALTRANS_COUNTY,CALTRANS_DISTRICT,STATE_ROUTE,ROUTE_SUFFIX,POSTMILE_PREFIX,POSTMILE,LOCATION_TYPE,RAMP_INTERSECTION,SIDE_OF_HWY,TOW_AWAY,COLLISION_SEVERITY,NUMBER_KILLED,NUMBER_INJURED,PARTY_COUNT,PRIMARY_COLL_FACTOR,PCF_CODE_OF_VIOL,PCF_VIOL_CATEGORY,PCF_VIOLATION,PCF_VIOL_SUBSECTION,HIT_AND_RUN,TYPE_OF_COLLISION,MVIW,PED_ACTION,ROAD_SURFACE,ROAD_COND_1,ROAD_COND_2,LIGHTING,CONTROL_DEVICE,CHP_ROAD_TYPE,PEDESTRIAN_ACCIDENT,BICYCLE_ACCIDENT,MOTORCYCLE_ACCIDENT,TRUCK_ACCIDENT,NOT_PRIVATE_PROPERTY,ALCOHOL_INVOLVED,STWD_VEHTYPE_AT_FAULT,CHP_VEHTYPE_AT_FAULT,COUNT_SEVERE_INJ,COUNT_VISIBLE_INJ,COUNT_COMPLAINT_PAIN,COUNT_PED_KILLED,COUNT_PED_INJURED,COUNT_BICYCLIST_KILLED,COUNT_BICYCLIST_INJURED,COUNT_MC_KILLED,COUNT_MC_INJURED,PRIMARY_RAMP,SECONDARY_RAMP,LATITUDE,LONGITUDE,COUNTY,CITY,POINT_X,POINT_Y
90688496,2018,2018-03-23,9675,2018-03-18,0224,020650,NA,7,3,7,3001,0,1,3,NA,2,572,SR-57 NORTHBOUND,ORANGEWOOD AVE,400,N,N,A,-,Y,NA,NA,NA,NA,NA,NA,NA,NA,NA,Y,3,0,3,1,A,-,08,22107,NA,N,E,C,A,A,H,-,D,D,0,NA,NA,NA,NA,Y,NA,A,01,0,1,2,0,0,0,0,0,0,-,-,33.768009185791016,-117.87760925292967,ORANGE,ANAHEIM,-117.8774871826172,33.79685974121094
90688617,2018,2018-03-23,9675,2018-03-19,1800,021438,NA,1,2,6,3015,0,1,3,NA,2,222,SR-22 W/B,MAIN ST,300,W,N,A,-,Y,NA,NA,22,NA,NA,NA,NA,NA,W,N,4,0,1,2,A,-,03,22350,NA,N,C,C,A,A,H,-,A,D,0,NA,NA,NA,NA,Y,NA,A,01,0,0,1,0,0,0,0,0,0,-,-,33.77827835083008,-117.86850738525392,ORANGE,ORANGE,-117.86850738525392,33.77834701538086
90688802,2018,2018-03-23,9690,2018-03-20,0810,015927,NA,2,1,5,3028,0,1,1,NA,2,056,I-5 N/B (SAN DIEGO FRWY),CROWN VALLEY PKWY,1584,N,N,B,-,Y,NA,NA,5,NA,NA,NA,NA,NA,N,N,4,0,1,2,A,-,04,21703,NA,N,C,C,A,A,H,-,A,D,0,NA,NA,NA,NA,Y,NA,A,01,0,0,1,0,0,0,0,0,0,-,-,33.565921783447266,-117.67221069335938,ORANGE,MISSION VIEJO,-117.67218017578124,33.56591796875
90689313,2018,2018-03-26,9675,2018-03-15,1940,021397,NA,4,2,5,3022,0,1,3,NA,2,051,SR-55 NORTHBOUND,I-5 NORTHBOUND,1350,S,N,A,-,Y,NA,NA,55,NA,NA,NA,NA,NA,N,N,4,0,1,2,A,-,07,21658,A,F,C,C,A,A,H,-,A,D,0,NA,NA,Y,NA,Y,NA,-,99,0,0,1,0,0,0,0,0,1,-,-,33.73849868774414,-117.83367156982422,ORANGE,TUSTIN,-117.83370208740234,33.73849868774414
90689495,2018,2018-03-26,9675,2018-03-20,1822,021438,NA,2,2,7,3001,0,1,3,NA,2,550,SR-55 N/B,LINCOLN AVE,3000,N,N,A,-,Y,NA,NA,55,NA,NA,NA,NA,NA,N,Y,4,0,1,2,A,-,08,22107,NA,N,F,C,A,A,H,-,B,D,0,NA,NA,NA,NA,Y,NA,-,-,0,0,1,0,0,0,0,0,0,-,-,33.84223175048828,-117.83045959472656,ORANGE,ANAHEIM,-117.8304443359375,33.84221267700195
90690072,2018,2018-03-26,9675,2018-03-24,1530,021691,NA,6,2,4,3002,0,1,3,NA,2,570,SR-57 SOUTHBOUND,LAMBERT RD,2200,S,N,A,-,Y,NA,NA,57,NA,NA,NA,NA,NA,S,Y,4,0,4,2,A,-,03,22350,NA,N,C,C,A,A,H,-,A,D,0,NA,NA,NA,NA,Y,NA,A,01,0,0,4,0,0,0,0,0,0,-,-,33.91899871826172,-117.88069915771484,ORANGE,BREA,-117.88074493408205,33.91901397705078
90692865,2018,2018-03-29,9670,2018-03-18,0755,021910,NA,7,1,9,3000,0,3,5,NA,2,005,MCFADDEN AVE,MONROE ST,0,NA,Y,A,-,Y,NA,NA,NA,NA,NA,NA,NA,NA,NA,Y,3,0,2,2,A,-,09,21802,A,N,D,C,A,A,H,-,A,A,0,NA,NA,NA,NA,Y,NA,A,01,0,1,1,0,0,0,0,0,0,-,-,33.73735046386719,-117.98531341552734,ORANGE,UNINCORPORATED,-117.98536682128906,33.737491607666016
90692979,2018,2018-03-29,9690,2018-03-20,1615,016986,NA,2,2,9,3000,0,1,3,NA,1,074,SR-74 (ORTEGA HWY),ANTONIO PKWY,7920,E,N,A,-,N,NA,NA,74,NA,NA,NA,NA,NA,NA,Y,4,0,1,2,A,-,08,22107,NA,N,A,C,A,A,H,-,A,D,0,NA,NA,NA,Y,Y,NA,D,22,0,0,1,0,0,0,0,0,0,-,-,33.51974868774414,-117.60212707519533,ORANGE,UNINCORPORATED,-117.60210418701172,33.51978302001953
90698279,2018,2018-04-04,9675,2018-03-28,1719,020694,NA,3,2,5,3016,0,1,3,NA,2,571,SR-57 NORTHBOUND,LA JOLLA ST,250,N,N,A,-,Y,NA,NA,57,NA,NA,NA,NA,NA,N,Y,3,0,1,3,A,-,03,22350,NA,N,C,C,A,A,H,-,A,D,0,NA,NA,NA,NA,Y,NA,A,01,0,1,0,0,0,0,0,0,0,-,-,33.85837173461914,-117.87590026855467,ORANGE,PLACENTIA,-117.8760223388672,33.85832977294922
9069886,2020,2020-06-08,3008,2020-02-15,0743,1527,ZONE,6,5,6,3008,0,0,0,NA,0,NA,ASSOCIATED RD,BASTANCHURY RD,1,S,N,A,-,N,NA,NA,NA,NA,NA,NA,NA,NA,NA,NA,3,0,1,3,A,-,08,22107,NA,F,A,C,A,A,H,-,A,A,0,NA,NA,NA,NA,Y,NA,-,NA,0,1,0,0,0,0,0,0,0,-,-,NA,NA,ORANGE,FULLERTON,-117.88562774658205,33.89335632324219
9069901,2020,2020-08-19,3001,2020-02-03,2211,A1047,NA,1,5,7,3001,0,0,0,NA,0,0D2,BROADWAY,OHIO ST,0,NA,Y,A,G,N,NA,NA,NA,NA,NA,NA,NA,NA,NA,Y,1,1,0,4,A,-,07,21658,A,N,D,C,F,A,H,-,C,D,0,Y,NA,NA,NA,Y,NA,A,01,0,0,0,1,0,0,0,0,0,-,-,33.829811096191406,-117.92339324951172,ORANGE,ANAHEIM,-117.92388153076172,33.83087158203125
90700500,2018,2018-04-06,9675,2018-04-03,1925,018832,NA,2,2,7,3001,0,1,3,NA,2,094,SR-91 E/B,WEIR CYN RD,200,W,N,A,-,Y,NA,NA,91,NA,NA,NA,NA,NA,E,N,4,0,1,2,A,-,03,22350,NA,F,C,C,A,A,H,-,D,D,0,NA,NA,NA,NA,Y,NA,A,01,0,0,1,0,0,0,0,0,0,-,-,33.86983871459961,-117.74690246582033,ORANGE,ANAHEIM,-117.74691009521484,33.86992263793945
90703253,2018,2018-04-11,9675,2018-04-01,1655,021749,NA,7,2,7,3001,0,1,3,NA,2,094,SR-91 WESTBOUND,LAKEVIEW AVE,500,E,N,A,-,Y,NA,NA,91,NA,NA,NA,NA,NA,W,Y,3,0,4,5,A,-,03,22350,NA,N,C,C,A,A,H,-,A,D,0,NA,NA,NA,NA,Y,NA,A,08,0,2,2,0,0,0,0,0,0,-,-,33.85226058959961,-117.8129425048828,ORANGE,ANAHEIM,-117.81297302246094,33.8523063659668
90704802,2018,2018-04-13,9675,2018-03-25,0941,020627,NA,7,1,9,3000,0,2,4,NA,2,020,NEWPORT AVE N/B,VANDERLIP AVE,35,S,N,A,-,N,NA,NA,NA,NA,NA,NA,NA,NA,NA,N,3,0,1,2,A,-,03,22350,NA,N,C,G,A,A,C,-,A,D,0,NA,Y,NA,NA,Y,NA,L,04,0,1,0,0,0,0,1,0,0,-,-,33.75608825683594,-117.80435943603516,ORANGE,UNINCORPORATED,-117.80418395996094,33.75614547729492
90706305,2018,2018-04-16,9670,2018-04-11,1051,021242,NA,3,1,5,3003,0,1,3,NA,2,091,SR-91 W/B,VALLEY VIEW ST,1056,E,N,A,-,Y,NA,NA,91,NA,NA,NA,NA,NA,W,N,4,0,2,3,A,-,03,22350,NA,N,C,A,A,A,H,-,A,D,0,NA,NA,NA,NA,Y,NA,A,01,0,0,2,0,0,0,0,0,0,-,-,33.856048583984375,-118.02242279052734,ORANGE,BUENA PARK,-118.02242279052734,33.85606384277344
90707332,2018,2018-04-17,9670,2018-04-07,1704,021207,NA,6,2,5,3003,0,1,3,NA,2,091,SR-91 W/B (RIVERSIDE FREEWAY),WESTERN AVE,528,W,N,A,-,Y,NA,NA,91,NA,NA,NA,NA,NA,W,Y,2,0,1,3,A,-,07,21658,A,F,C,C,A,A,H,-,A,D,0,NA,NA,Y,NA,Y,NA,A,01,1,0,0,0,0,0,0,0,1,-,-,33.85609817504883,-118.00485229492188,ORANGE,BUENA PARK,-118.00485229492188,33.85612487792969
90710189,2018,2018-04-23,9675,2018-04-12,1700,021691,NA,4,2,7,3001,0,1,3,NA,2,093,SR-91 EASTBOUND TO SR-57 NORTHBOUND,MIRA LOMA ST,450,E,N,A,-,Y,NA,NA,91,NA,NA,NA,R,NA,E,Y,3,0,1,1,A,-,08,22107,NA,N,E,I,A,A,H,-,A,D,0,NA,NA,NA,NA,Y,NA,A,01,0,1,0,0,0,0,0,0,0,-,-,33.85044860839844,-117.87811279296876,ORANGE,ANAHEIM,-117.87811279296876,33.85044860839844
90711063,2018,2018-04-23,9670,2018-04-21,1720,021207,NA,6,2,5,3007,0,1,1,NA,2,041,I-405 S/B,BUSHARD ST,30,S,N,A,-,Y,NA,NA,405,NA,NA,NA,NA,NA,S,Y,4,0,2,2,A,-,03,22350,NA,N,C,C,A,A,H,-,A,D,0,NA,NA,NA,NA,Y,NA,A,01,0,0,2,0,0,0,0,0,0,-,-,33.71208953857422,-117.96269989013672,ORANGE,FOUNTAIN VALLEY,-117.9626922607422,33.71209716796875
90711259,2018,2018-04-23,9690,2018-04-15,1610,016266,NA,7,2,5,3017,0,1,1,NA,2,059,I-5 S/B (SAN DIEGO FRWY),EL CAMINO REAL,1584,N,N,B,-,Y,NA,NA,5,NA,NA,NA,NA,NA,S,Y,3,0,1,2,A,-,03,22350,NA,N,C,C,A,A,H,-,A,D,0,NA,NA,Y,NA,Y,NA,C,02,0,1,0,0,0,0,0,0,1,-,-,33.43022155761719,-117.61367034912108,ORANGE,SAN CLEMENTE,-117.61365509033205,33.43023681640625
90712160,2018,2018-04-24,9690,2018-04-21,1245,017932,NA,6,1,5,3028,0,1,1,NA,2,056,I-5 N/B (SAN DIEGO FRWY),OSO PARKWAY,2000,N,N,A,-,Y,NA,NA,5,NA,NA,NA,NA,NA,N,Y,4,0,3,2,A,-,03,22350,NA,N,C,C,A,A,H,-,A,D,0,NA,NA,NA,NA,Y,NA,A,07,0,0,3,0,0,0,0,0,0,-,-,33.585758209228516,-117.67150115966795,ORANGE,MISSION VIEJO,-117.67151641845705,33.58576202392578
90712504,2018,2018-04-25,9675,2018-04-17,0753,018868,NA,2,1,7,3001,0,1,3,NA,2,093,SR-91 EASTBOUND,SR-57 SOUTHBOUND,1000,W,N,A,-,Y,NA,NA,91,NA,NA,NA,NA,NA,E,Y,4,0,1,3,A,-,03,22350,NA,N,C,C,A,A,H,-,A,D,0,NA,NA,NA,NA,Y,NA,D,22,0,0,1,0,0,0,0,0,0,-,-,33.85268020629883,-117.88318634033205,ORANGE,ANAHEIM,-117.88315582275392,33.852779388427734
90713969,2018,2018-04-26,9675,2018-04-18,1740,021435,NA,3,2,7,3019,0,1,1,NA,2,502,I-5 NORTHBOUND,4TH ST,200,S,N,A,-,Y,NA,NA,5,NA,NA,NA,NA,NA,N,N,4,0,1,2,A,-,03,22350,NA,N,C,C,A,A,H,-,A,D,0,NA,NA,NA,NA,Y,NA,A,01,0,0,1,0,0,0,0,0,0,-,-,33.746490478515625,-117.84239959716795,ORANGE,SANTA ANA,-117.84249877929688,33.746456146240234
90717516,2018,2018-05-01,9690,2018-04-22,1527,018646,NA,7,2,5,3028,0,1,1,NA,2,560,I-5 N/B (SAN DIEGO FRWY),OSO PKWY,200,S,N,A,-,Y,NA,NA,5,NA,NA,NA,NA,NA,N,N,4,0,4,4,A,-,00,22305,NA,N,C,C,A,A,H,-,A,D,0,NA,NA,NA,NA,Y,NA,A,01,0,0,4,0,0,0,0,0,0,-,-,33.581119537353516,-117.67144775390624,ORANGE,MISSION VIEJO,-117.6716079711914,33.58112335205078
90717715,2018,2018-05-01,9690,2018-04-25,0825,014849,NA,3,1,5,3040,0,1,3,NA,2,073,SR-73 SB FROM GREENFIELD DRIVE,GREENFIELD DRIVE,200,S,N,A,-,Y,NA,NA,73,NA,NA,NA,R,NA,S,Y,3,0,1,1,A,-,08,22107,NA,N,E,I,A,A,H,-,A,D,0,NA,NA,NA,NA,Y,NA,A,01,0,1,0,0,0,0,0,0,0,-,-,33.55727005004883,-117.68433380126952,ORANGE,LAGUNA NIGUEL,-117.68433380126952,33.55727005004883
90719116,2018,2018-05-03,9690,2018-04-24,1800,016430,NA,2,2,4,3045,0,1,1,NA,2,055,I-5 S/B (SAN DIEGO FRWY),EL TORO RD,2112,N,N,A,-,Y,NA,NA,5,NA,NA,NA,NA,NA,S,Y,3,0,2,2,A,-,03,22350,NA,N,C,C,A,A,H,-,A,D,0,NA,NA,NA,NA,Y,NA,A,01,0,1,1,0,0,0,0,0,0,-,-,33.61988830566406,-117.71321105957033,ORANGE,LAGUNA HILLS,-117.71310424804688,33.61997985839844
90719749,2018,2018-05-04,9670,2018-04-30,1706,021821,NA,1,2,6,3008,0,1,3,NA,2,093,SR-91 W/B,EUCLID ST,1320,W,N,A,-,Y,NA,NA,91,NA,NA,NA,NA,NA,W,N,3,0,1,1,A,-,03,22350,NA,N,E,J,A,A,C,-,A,D,0,NA,NA,Y,NA,Y,NA,C,02,0,1,0,0,0,0,0,0,1,-,-,33.85424041748047,-117.94692993164063,ORANGE,FULLERTON,-117.94692993164063,33.85421371459961
90720222,2018,2018-05-04,9675,2018-04-27,1715,021914,NA,5,2,6,3026,0,1,1,NA,2,504,I-5 SOUTHBOUND,BAKE PKWY,1500,N,N,A,-,Y,NA,NA,NA,NA,NA,NA,NA,NA,NA,Y,3,0,2,3,A,-,03,22350,NA,N,C,C,A,A,H,-,A,D,0,NA,NA,NA,NA,Y,NA,D,22,0,1,1,0,0,0,0,0,0,-,-,33.38349151611328,-117.44239807128906,ORANGE,IRVINE,-117.7336196899414,33.64250183105469
90720230,2018,2018-05-04,9675,2018-05-01,0018,021941,NA,2,3,7,3001,0,1,3,NA,2,240,SR-241 N/B,SR-91,2366,S,N,C,-,Y,NA,NA,241,NA,NA,NA,NA,NA,N,Y,3,0,1,1,A,-,08,22107,NA,N,E,I,A,B,H,-,C,D,0,NA,NA,NA,NA,Y,NA,D,22,0,1,0,0,0,0,0,0,0,-,-,33.85990905761719,-117.71661376953124,ORANGE,ANAHEIM,-117.7165298461914,33.859901428222656
9072192,2020,2020-03-30,3004,2020-02-06,2105,P634,11,4,5,6,3004,0,0,0,NA,0,015,W BAY ST,PARSONS ST,410,E,N,A,-,N,NA,NA,NA,NA,NA,NA,NA,NA,NA,Y,3,0,1,2,A,-,11,21954,A,N,G,B,D,A,H,-,C,D,0,Y,NA,NA,NA,Y,Y,N,60,0,1,0,0,1,0,0,0,0,-,-,33.64897155761719,-117.91629791259766,ORANGE,COSTA MESA,-117.91631317138672,33.64894485473633
90723652,2018,2018-05-10,9675,2018-05-04,1415,021914,NA,5,2,5,3022,0,1,1,NA,2,503,I-5 SOUTHBOUND TO SR-55 SOUTHBOUND,MAIN ST,700,S,N,A,-,Y,NA,NA,NA,NA,NA,NA,NA,NA,NA,N,4,0,1,3,A,-,07,21658,A,M,C,C,A,A,H,-,A,D,0,NA,NA,NA,NA,Y,NA,-,99,0,0,1,0,0,0,0,0,0,-,-,33.44281005859375,-117.50969696044922,ORANGE,TUSTIN,-117.83594512939452,33.74128341674805
9072432,2020,2020-06-25,3010,2020-03-06,1415,1118,462,5,5,6,3010,0,0,0,NA,0,002,RT 1,HUNTINGTON,0,NA,Y,A,-,Y,NA,NA,NA,NA,NA,NA,NA,NA,NA,N,4,0,2,3,A,-,03,22350,NA,N,C,C,A,A,H,-,A,A,0,NA,NA,NA,NA,Y,NA,-,NA,0,0,2,0,0,0,0,0,0,-,-,NA,NA,ORANGE,HUNTINGTON BEACH,NA,NA
90724415,2018,2018-05-11,9675,2018-05-10,0901,022074,NA,4,1,6,3015,0,1,3,NA,2,551,SR-55 SOUTHBOUND,CHAPMAN AVE,1000,S,N,A,-,Y,NA,NA,55,NA,NA,NA,NA,NA,S,Y,4,0,1,2,A,-,03,22350,NA,N,C,C,A,A,H,-,A,D,0,NA,NA,NA,NA,Y,NA,A,08,0,0,1,0,0,0,0,0,0,-,-,33.78314971923828,-117.83135223388672,ORANGE,ORANGE,-117.83124542236328,33.78314971923828
9072929,2020,2020-08-31,3010,2020-03-15,1438,1243,413,7,5,6,3010,0,0,0,NA,0,005,GARFIELD,VALLEY CIR,232,E,N,A,-,N,NA,NA,NA,NA,NA,NA,NA,NA,NA,Y,3,0,1,2,A,-,09,21804,NA,N,D,C,A,A,H,-,A,D,0,NA,NA,Y,NA,Y,NA,A,01,0,1,0,0,0,0,0,0,1,-,-,NA,NA,ORANGE,HUNTINGTON BEACH,-117.98644256591795,33.686710357666016
90729443,2018,2018-05-18,9675,2018-05-11,1442,021690,NA,5,2,6,3004,0,1,1,NA,2,405,I-405 N/B,BRISTOL ST,400,S,N,B,-,Y,NA,NA,405,NA,NA,NA,NA,NA,N,N,4,0,1,3,A,-,03,22350,NA,N,C,C,A,A,H,-,A,D,0,NA,NA,NA,NA,Y,NA,D,22,0,0,1,0,0,0,0,0,0,-,-,33.687679290771484,-117.88485717773438,ORANGE,COSTA MESA,-117.88486480712892,33.68750762939453
90731860,2018,2018-05-23,9675,2018-05-17,1641,020694,NA,4,2,6,3004,0,1,1,NA,2,405,I-405 S/B FROM FAIRVIEW RD,FAIRVIEW ROAD,3168,S,N,A,-,Y,NA,NA,405,NA,NA,NA,R,NA,S,Y,3,0,3,4,A,-,03,22350,NA,N,B,C,A,A,H,-,A,D,0,NA,NA,NA,NA,Y,NA,A,08,0,2,1,0,0,0,0,0,0,-,-,33.687320709228516,-117.89714050292967,ORANGE,COSTA MESA,-117.89714050292967,33.687320709228516
90733449,2018,2018-05-24,9690,2018-05-22,2205,016493,NA,2,3,5,3028,0,1,1,NA,2,056,I-5 S/B (SDF) TO CROWN VALLEY PKWY,CROWN VALLEY PKWY,30,N,N,B,-,Y,NA,NA,5,NA,NA,NA,R,NA,S,N,4,0,3,3,A,-,03,22350,NA,N,C,C,A,A,H,-,C,A,0,NA,NA,NA,NA,Y,NA,A,08,0,0,3,0,0,0,0,0,0,-,-,33.559120178222656,-117.67372894287108,ORANGE,MISSION VIEJO,-117.67372894287108,33.559120178222656
90735497,2018,2018-05-28,9675,2018-05-18,1603,021914,NA,5,2,7,3001,0,1,3,NA,2,094,SR-91 WESTBOUND,WEIR CYN RD,500,W,N,A,-,Y,NA,NA,91,NA,NA,NA,NA,NA,W,Y,4,0,1,3,A,-,07,21658,A,M,C,C,A,A,H,-,A,D,0,NA,NA,NA,NA,Y,NA,A,01,0,0,1,0,0,0,0,0,0,-,-,33.86983108520508,-117.75061798095705,ORANGE,ANAHEIM,-117.75060272216795,33.86973190307617
90737488,2018,2018-05-30,9670,2018-05-29,1245,017022,NA,2,1,9,3000,0,3,5,NA,2,005,"BOLSA AVENUE, 7700 BLOCK",PACIFIC STREET,1187,W,N,A,-,N,NA,NA,NA,NA,NA,NA,NA,NA,NA,N,4,0,2,2,A,-,03,22350,NA,N,C,C,A,A,H,-,A,D,0,NA,NA,NA,NA,Y,NA,A,01,0,0,2,0,0,0,0,0,0,-,-,33.744720458984375,-117.99358367919922,ORANGE,UNINCORPORATED,-117.9953842163086,33.744667053222656
90738920,2018,2018-06-01,9670,2018-05-21,1650,021071,NA,1,2,7,3001,0,1,1,NA,2,501,I-5 S/B FROM MAGNOLIA ST,MAGNOLIA ST,500,S,N,A,-,Y,NA,NA,5,NA,NA,NA,R,NA,S,Y,4,0,2,3,A,-,03,22350,NA,N,C,C,A,A,H,-,A,A,0,NA,NA,NA,NA,Y,NA,A,01,0,0,2,0,0,0,0,0,0,-,-,33.85340118408203,-117.9748077392578,ORANGE,ANAHEIM,-117.9748077392578,33.85340118408203
90740901,2018,2018-06-05,9670,2018-05-25,1213,021894,NA,5,1,4,3020,0,1,1,NA,2,044,INTERSTATE 405 NORTHBOUND,SEAL BEACH BOULEVARD,500,N,N,A,-,Y,NA,NA,405,NA,NA,NA,NA,NA,N,Y,3,0,3,4,A,-,03,22350,NA,N,C,C,A,A,H,-,A,D,0,NA,NA,NA,NA,Y,NA,A,01,0,2,1,0,0,0,0,0,0,-,-,33.77445983886719,-118.07776641845705,ORANGE,SEAL BEACH,-118.07776641845705,33.77452850341797
90741239,2018,2018-06-05,9690,2018-06-02,0313,020637,NA,6,3,9,3000,0,1,3,NA,2,031,SR 241 S/B (FOOTHILL TRANS CORRIDOR),ANTONIO PKWY,3000,S,N,A,-,Y,NA,NA,NA,NA,NA,NA,NA,NA,NA,Y,4,0,1,1,A,-,08,22107,NA,N,F,A,A,A,H,-,D,D,0,NA,NA,NA,NA,Y,NA,A,01,0,0,1,0,0,0,0,0,0,-,-,33.622379302978516,-117.60391998291016,ORANGE,UNINCORPORATED,-117.60199737548828,33.624366760253906
90741778,2018,2018-06-05,9675,2018-05-25,1814,021749,NA,5,2,6,3015,0,1,3,NA,2,222,SR-22 E/B FROM GRAND AVENUE,GRAND AVE,500,E,N,A,-,Y,NA,NA,22,NA,NA,NA,R,NA,E,Y,3,0,4,3,A,-,03,22350,NA,N,C,C,A,A,H,-,A,A,0,NA,NA,NA,NA,Y,NA,A,01,0,2,2,0,0,0,0,0,0,-,-,33.77494812011719,-117.85115051269533,ORANGE,ORANGE,-117.85115051269533,33.77494812011719
9074264,2020,2020-08-14,3001,2020-03-27,1111,A2367,D-1,5,5,7,3001,0,0,0,NA,0,016,N ALLEY SUMAC ST,S EASY WAY,230,E,N,A,-,N,NA,NA,NA,NA,NA,NA,NA,NA,NA,NA,4,0,1,2,A,-,21,22106,NA,N,G,B,E,A,H,-,A,D,0,Y,NA,NA,NA,Y,NA,A,07,0,0,1,0,1,0,0,0,0,-,-,NA,NA,ORANGE,ANAHEIM,-117.94710540771484,33.80492401123047
90743592,2018,2018-06-07,9690,2018-05-30,1815,018349,NA,3,2,9,3000,0,3,5,NA,2,004,SIENNA PKWY,WINDMILL AVE,36,S,N,A,-,N,NA,NA,NA,NA,NA,NA,NA,NA,NA,Y,3,0,1,1,A,-,03,22350,NA,N,E,I,A,A,H,-,A,D,0,NA,NA,NA,NA,Y,NA,A,07,0,1,0,0,0,0,0,0,0,-,-,33.558128356933594,-117.63583374023438,ORANGE,UNINCORPORATED,-117.63583374023438,33.558128356933594
90744499,2018,2018-06-11,9675,2018-05-31,2205,019018,NA,4,3,5,3022,0,1,1,NA,2,503,I-5 NORTHBOUND,NEWPORT AVE,3000,N,N,A,-,N,NA,NA,5,NA,NA,NA,NA,NA,N,Y,4,0,1,2,A,-,07,21658,A,N,C,C,A,A,H,-,C,D,0,NA,NA,Y,NA,Y,NA,C,02,0,0,1,0,0,0,0,0,1,-,-,33.739280700683594,-117.82964324951172,ORANGE,TUSTIN,-117.8296356201172,33.73929977416992
90744995,2018,2018-06-11,9670,2018-06-06,0845,016194,NA,3,1,5,3024,0,1,1,NA,2,043,I-405 S/B,EDWARDS ST,200,S,N,B,-,Y,NA,NA,405,NA,NA,NA,NA,NA,S,Y,4,0,1,3,A,-,03,22350,NA,N,C,C,A,A,H,-,A,D,0,NA,NA,NA,NA,Y,NA,A,08,0,0,1,0,0,0,0,0,0,-,-,33.75273132324219,-118.0145263671875,ORANGE,WESTMINSTER,-118.01457214355467,33.752681732177734
90745803,2018,2018-06-11,9675,2018-06-02,0500,021982,NA,6,3,7,3001,0,1,3,NA,2,095,SR-91 W/B,COAL CYN RD,1000,W,N,A,-,Y,NA,NA,91,NA,NA,NA,NA,NA,W,Y,2,0,1,3,A,-,05,21651,B,N,A,C,A,A,H,-,B,D,0,NA,NA,NA,Y,Y,Y,A,01,1,0,0,0,0,0,0,0,0,-,-,33.87411880493164,-117.69376373291016,ORANGE,ANAHEIM,-117.69376373291016,33.87415313720703
90745874,2018,2018-06-12,9675,2018-05-04,1434,021438,NA,5,2,6,3026,0,1,1,NA,2,503,I-5 N/B,CULVER DR,2200,S,N,A,-,Y,NA,NA,5,NA,NA,NA,NA,NA,N,N,4,0,1,2,A,-,03,22350,NA,F,C,C,A,A,H,-,A,D,0,NA,NA,NA,NA,Y,NA,A,01,0,0,1,0,0,0,0,0,0,-,-,33.70579147338867,-117.7785415649414,ORANGE,IRVINE,-117.77854919433594,33.70578384399414
9074589,2020,2020-07-20,3003,2020-04-12,1400,1093,NA,7,5,5,3003,0,0,0,NA,0,NA,STANTON AV,CRESCENT AV,65,S,N,A,-,N,NA,NA,NA,NA,NA,NA,NA,NA,NA,N,4,0,2,2,A,-,03,22350,NA,N,C,C,A,A,H,-,A,A,0,NA,NA,NA,NA,Y,NA,A,01,0,0,2,0,0,0,0,0,0,-,-,33.50210189819336,-117.59359741210938,ORANGE,BUENA PARK,-117.99364471435548,33.8392219543457
90746120,2018,2018-06-12,9675,2018-06-02,1327,021716,NA,6,1,7,3001,0,1,3,NA,2,194,SR-91 EASTBOUND,IMPERIAL HIGHWAY,1500,E,N,A,-,Y,NA,NA,91,NA,NA,NA,NA,NA,E,Y,3,0,2,3,A,-,08,22107,NA,N,B,A,A,A,H,-,A,D,0,NA,NA,NA,NA,Y,NA,D,22,0,1,1,0,0,0,0,0,0,-,-,33.86246109008789,-117.77285766601563,ORANGE,ANAHEIM,-117.7728271484375,33.86239242553711