CASE_ID,ACCIDENT_YEAR,PROC_DATE,JURIS,COLLISION_DATE,COLLISION_TIME,OFFICER_ID,REPORTING_DISTRICT,DAY_OF_WEEK,CHP_SHIFT,POPULATION,CNTY_CITY_LOC,SPECIAL_COND,BEAT_TYPE,CHP_BEAT_TYPE,CITY_DIVISION_LAPD,CHP_BEAT_CLASS,BEAT_NUMBER,PRIMARY_RD,SECONDARY_RD,DISTANCE,DIRECTION,INTERSECTION,WEATHER_1,WEATHER_2,STATE_HWY_IND,CALTRANS_COUNTY,CALTRANS_DISTRICT,STATE_ROUTE,ROUTE_SUFFIX,POSTMILE_PREFIX,POSTMILE,LOCATION_TYPE,RAMP_INTERSECTION,SIDE_OF_HWY,TOW_AWAY,COLLISION_SEVERITY,NUMBER_KILLED,NUMBER_INJURED,PARTY_COUNT,PRIMARY_COLL_FACTOR,PCF_CODE_OF_VIOL,PCF_VIOL_CATEGORY,PCF_VIOLATION,PCF_VIOL_SUBSECTION,HIT_AND_RUN,TYPE_OF_COLLISION,MVIW,PED_ACTION,ROAD_SURFACE,ROAD_COND_1,ROAD_COND_2,LIGHTING,CONTROL_DEVICE,CHP_ROAD_TYPE,PEDESTRIAN_ACCIDENT,BICYCLE_ACCIDENT,MOTORCYCLE_ACCIDENT,TRUCK_ACCIDENT,NOT_PRIVATE_PROPERTY,ALCOHOL_INVOLVED,STWD_VEHTYPE_AT_FAULT,CHP_VEHTYPE_AT_FAULT,COUNT_SEVERE_INJ,COUNT_VISIBLE_INJ,COUNT_COMPLAINT_PAIN,COUNT_PED_KILLED,COUNT_PED_INJURED,COUNT_BICYCLIST_KILLED,COUNT_BICYCLIST_INJURED,COUNT_MC_KILLED,COUNT_MC_INJURED,PRIMARY_RAMP,SECONDARY_RAMP,LATITUDE,LONGITUDE,COUNTY,CITY,POINT_X,POINT_Y
91143447,2019,2019-12-13,9675,2019-12-04,0934,021752,NA,3,1,6,3015,0,3,5,NA,2,002,PEARL STREET (WESTBOUND),HEWEST STREET (SOUTHBOUND),0,NA,Y,C,-,N,NA,NA,NA,NA,NA,NA,NA,NA,NA,Y,4,0,1,2,A,-,09,21802,A,N,D,C,A,B,H,-,A,A,0,NA,NA,NA,NA,Y,NA,A,01,0,0,1,0,0,0,0,0,0,-,-,33.788639068603516,-117.80574798583984,ORANGE,ORANGE,-117.805707,33.788642
91145407,2019,2020-02-18,9675,2019-12-08,2042,021633,NA,7,2,6,3015,0,1,3,NA,2,550,SR-55 S/B,KATELLA AVE,1450,S,N,B,C,Y,NA,NA,55,NA,NA,NA,NA,NA,S,Y,3,0,2,1,A,-,03,22350,NA,N,E,I,A,B,H,-,C,D,0,NA,NA,NA,NA,Y,NA,A,01,0,2,0,0,0,0,0,0,0,-,-,33.806400299072266,-117.83212280273438,ORANGE,ORANGE,-117.83201599121094,33.80640411376953
91145492,2019,2019-12-17,9670,2019-12-17,0850,017641,NA,2,1,9,3000,0,3,5,NA,2,005,"BOLSA AVE., 8200 BLOCK",MONROE ST.,0,NA,Y,A,-,N,NA,NA,NA,NA,NA,NA,NA,NA,NA,Y,3,0,1,2,A,-,09,21802,A,N,D,C,A,A,H,-,A,D,0,NA,NA,NA,NA,Y,NA,A,01,0,1,0,0,0,0,0,0,0,-,-,33.74481964111328,-117.98535919189452,ORANGE,UNINCORPORATED,-117.98526000976563,33.74470138549805
91148835,2019,2019-12-20,9675,2019-12-10,1859,020091,NA,2,2,6,3026,0,1,1,NA,2,504,I-5 N/B FROM ALTON PARKWAY W/B,ALTON PKWY,150,N,N,A,-,Y,NA,NA,5,NA,NA,NA,R,NA,N,Y,3,0,2,3,A,-,03,22350,NA,N,C,C,A,A,H,-,D,A,0,NA,NA,NA,NA,Y,Y,A,01,0,2,0,0,0,0,0,0,0,-,-,33.65721893310547,-117.74462890625,ORANGE,IRVINE,-117.74462890625,33.65721893310547
91150961,2019,2019-12-23,9675,2019-12-15,0548,021206,NA,7,3,5,3022,0,1,3,NA,2,551,SR-55 S/B,FAIRHAVEN AVE,528,S,N,A,-,Y,NA,NA,55,NA,NA,NA,NA,NA,S,Y,3,0,1,1,A,-,08,22107,NA,N,E,I,A,A,H,-,B,D,0,NA,NA,NA,NA,Y,Y,A,01,0,1,0,0,0,0,0,0,0,-,-,33.771610260009766,-117.831298828125,ORANGE,TUSTIN,-117.83113861083984,33.771610260009766
91152555,2019,2019-12-26,9675,2019-12-16,1458,020091,NA,1,2,6,3026,0,1,1,NA,2,503,I-5 NORTHBOUND,JAMBOREE RD,1320,S,N,A,-,Y,NA,NA,5,NA,NA,NA,NA,NA,N,N,4,0,1,4,A,-,03,22350,NA,N,C,C,A,A,H,-,A,D,0,NA,NA,NA,NA,Y,NA,A,07,0,0,1,0,0,0,0,0,0,-,-,33.71512985229492,-117.788330078125,ORANGE,IRVINE,-117.78836822509766,33.71507263183594
91154049,2019,2019-12-27,9670,2019-12-26,0001,021467,NA,4,3,7,3001,0,1,3,NA,2,094,SR-91 E/B (RIVERSIDE FWY),LEMON ST,400,W,N,C,-,Y,NA,NA,91,NA,NA,NA,NA,NA,E,Y,3,0,1,1,A,-,03,22350,NA,N,F,I,A,B,H,-,C,D,0,NA,NA,NA,NA,Y,NA,A,01,0,1,0,0,0,0,0,0,0,-,-,33.85398864746094,-117.92144775390624,ORANGE,ANAHEIM,-117.92145538330078,33.85401916503906
91158331,2019,2020-01-03,9670,2019-12-28,2156,021467,NA,6,2,5,3003,0,1,3,NA,2,092,SR-91 E/B (RIVERSIDE FWY),STANTON AVE,350,E,N,A,-,Y,NA,NA,91,NA,NA,NA,NA,NA,E,Y,2,0,3,2,A,-,03,22350,NA,N,C,C,A,A,D,-,C,D,0,NA,NA,NA,NA,Y,NA,A,01,1,2,0,0,0,0,0,0,0,-,-,33.85591125488281,-117.992431640625,ORANGE,BUENA PARK,-117.992431640625,33.85602951049805
9115928,2020,2020-08-27,3007,2020-06-10,1719,326,25,3,5,5,3007,0,0,0,NA,0,001,BROOKHURST ST,HEIL AV,0,NA,Y,A,-,N,NA,NA,NA,NA,NA,NA,NA,NA,NA,Y,4,0,1,3,A,-,03,22350,NA,N,C,D,A,A,H,-,A,D,0,NA,NA,NA,NA,Y,NA,A,01,0,0,1,0,0,0,0,0,0,-,-,NA,NA,ORANGE,FOUNTAIN VALLEY,-117.95465850830078,33.723541259765625
91159644,2020,2020-01-06,9670,2020-01-04,0855,018687,NA,6,1,9,3000,0,3,5,NA,2,004,"CERRITOS AVE., 9300 BLOCK",GARZA ST.,5,W,N,A,-,N,NA,NA,NA,NA,NA,NA,NA,NA,NA,Y,4,0,1,3,A,-,03,22350,NA,N,C,C,A,A,H,-,A,D,0,NA,NA,NA,NA,Y,NA,D,22,0,0,1,0,0,0,0,0,0,-,-,33.810508728027344,-117.97032165527344,ORANGE,UNINCORPORATED,-117.97028350830078,33.81037139892578
91160936,2019,2020-01-07,9675,2019-12-31,1300,015041,NA,2,1,4,3002,0,1,3,NA,2,570,SR-57 NORTHBOUND,IMPERIAL HIGHWAY,100,N,N,A,-,Y,NA,NA,57,NA,NA,NA,NA,NA,N,Y,4,0,1,4,A,-,03,22350,NA,N,C,C,A,A,H,-,A,D,0,NA,NA,NA,NA,Y,NA,A,01,0,0,1,0,0,0,0,0,0,-,-,33.930641174316406,-117.87992095947266,ORANGE,BREA,-117.87974548339844,33.93058395385742
91162157,2020,2020-01-09,9670,2020-01-08,1320,017641,NA,3,1,9,3000,0,3,5,NA,2,005,WASHINGTON AVE.,JACKSON ST.,0,NA,Y,B,-,N,NA,NA,NA,NA,NA,NA,NA,NA,NA,N,4,0,1,2,A,-,09,21802,A,N,D,C,A,A,H,-,A,A,0,NA,NA,NA,NA,Y,NA,A,07,0,0,1,0,0,0,0,0,0,-,-,33.746681213378906,-117.98751831054688,ORANGE,UNINCORPORATED,-117.98747253417967,33.746559143066406
9116268,2020,2020-11-17,3001,2020-05-24,1008,A2624,NA,7,5,7,3001,0,0,0,NA,0,NA,BALL RD,WALNUT ST,150,E,N,A,-,N,NA,NA,NA,NA,NA,NA,NA,NA,NA,Y,3,0,1,1,A,-,01,23152,F,N,E,I,A,A,H,-,A,D,0,NA,NA,NA,NA,Y,NA,A,01,0,1,0,0,0,0,0,0,0,-,-,33.8179817199707,-117.92816162109376,ORANGE,ANAHEIM,-117.92800903320313,33.81798553466797
9116391,2020,2020-08-25,3001,2020-06-06,1430,1126,NA,6,5,7,3001,0,0,0,NA,0,NA,GLASSELL ST,FRONTERA ST,46,S,N,A,-,N,NA,NA,NA,NA,NA,NA,NA,NA,NA,N,4,0,1,2,A,-,07,21658,A,N,B,C,A,A,H,-,A,D,0,NA,NA,NA,NA,Y,NA,A,01,0,0,1,0,0,0,0,0,0,-,-,33.84642028808594,-117.85479736328124,ORANGE,ANAHEIM,-117.85443115234376,33.846187591552734
9116398,2020,2020-09-23,3026,2020-06-04,0329,591,3025,4,5,6,3026,0,0,0,NA,0,0P2,CULVER DR,TRABUCO RD,0,NA,Y,A,-,N,NA,NA,NA,NA,NA,NA,NA,NA,NA,Y,4,0,1,1,A,-,03,22350,NA,N,E,I,A,-,H,-,C,A,0,NA,NA,NA,NA,Y,NA,A,07,0,0,1,0,0,0,0,0,0,-,-,NA,NA,ORANGE,IRVINE,-117.78154754638672,33.71092987060547
91164370,2020,2020-01-13,9675,2020-01-07,1540,019938,NA,2,2,6,3026,0,1,1,NA,2,406,I-405 SOUTHBOUND,JEFFREY RD,1300,N,N,A,-,Y,NA,NA,NA,NA,NA,NA,NA,NA,NA,Y,4,0,1,2,A,-,03,22350,NA,N,C,C,A,A,H,-,A,D,0,NA,NA,NA,NA,Y,NA,A,07,0,0,1,0,0,0,0,0,0,-,-,33.39496994018555,-117.47579956054688,ORANGE,IRVINE,-117.7992935180664,33.66386413574219
9116909,2020,2020-10-21,3010,2020-06-26,1416,4094,359,5,5,6,3010,0,0,0,NA,0,004,PACIFIC COAST HWY,16TH PL,33,S,N,A,-,Y,ORA,12,1,-,-,25.45,H,-,N,Y,3,0,1,3,A,-,03,22350,NA,N,C,A,A,A,H,-,A,A,0,NA,NA,NA,NA,Y,NA,A,01,0,1,0,0,0,0,0,0,0,-,-,NA,NA,ORANGE,HUNTINGTON BEACH,-118.01154327392578,33.66413497924805
91169121,2020,2020-01-21,9670,2020-01-17,0715,020175,NA,5,1,3,3013,0,1,1,NA,2,060,I-605 N/B,KATELLA AVE,300,N,N,A,-,N,NA,NA,605,NA,NA,NA,NA,NA,N,Y,4,0,1,2,A,-,08,22107,NA,N,A,C,A,B,H,-,A,D,0,NA,NA,NA,NA,Y,NA,A,08,0,0,1,0,0,0,0,0,0,-,-,33.805259704589844,-118.08123016357422,ORANGE,LOS ALAMITOS,-118.08128356933594,33.80526351928711
91169380,2019,2020-01-21,9690,2019-07-22,1345,014351,NA,1,1,9,3000,0,2,4,NA,2,035,OSO PARKWAY,TRABUCO CREEK BRIDGE,575,W,N,A,-,N,NA,NA,NA,NA,NA,NA,NA,NA,NA,N,1,1,0,2,A,-,05,21650,NA,N,H,G,A,A,H,-,A,D,0,NA,Y,NA,NA,Y,NA,L,04,0,0,0,0,0,1,0,0,0,-,-,33.586360931396484,-117.63803863525392,ORANGE,UNINCORPORATED,NA,NA
91173701,2020,2020-01-27,9675,2020-01-20,0534,020544,NA,1,3,6,3015,0,1,3,NA,2,550,SR-55 SOUTHBOUND,LINCOLN AVE,2640,N,N,A,-,Y,NA,NA,55,NA,NA,NA,NA,NA,S,Y,4,0,1,2,A,-,03,22350,NA,N,C,C,A,A,H,-,C,D,0,NA,NA,NA,NA,Y,NA,A,01,0,0,1,0,0,0,0,0,0,-,-,33.840999603271484,-117.83216857910156,ORANGE,ORANGE,-117.83219909667967,33.84103012084961
91176539,2020,2020-01-30,9670,2020-01-22,1940,017022,NA,3,2,5,3024,0,1,1,NA,2,042,I-405 N/B,BEACH BOULEVARD,400,N,N,A,-,Y,NA,NA,405,NA,NA,NA,NA,NA,N,N,4,0,1,2,A,-,03,22350,NA,F,C,C,A,A,D,-,C,D,0,NA,NA,NA,NA,Y,NA,-,99,0,0,1,0,0,0,0,0,0,-,-,33.73379898071289,-117.9905014038086,ORANGE,WESTMINSTER,-117.99056243896484,33.733707427978516
91177204,2020,2020-01-30,9675,2020-01-28,1735,018102,NA,2,2,9,3000,0,2,4,NA,2,042,SANTA ANA AVENUE,PEGASUS STREET,259,N,N,A,-,N,NA,NA,NA,NA,NA,NA,NA,NA,NA,Y,2,0,1,2,A,-,03,22350,NA,N,D,C,A,A,H,-,C,D,0,NA,NA,Y,NA,Y,NA,C,02,1,0,0,0,0,0,0,0,1,-,-,33.06647872924805,-117.88382720947266,ORANGE,UNINCORPORATED,-117.88379669189452,33.66485595703125
9117730,2020,2020-09-04,3004,2020-06-07,1524,P648,22,7,5,6,3004,0,0,0,NA,0,015,STURGEON DR,PIERPONT DR,400,W,N,A,-,N,NA,NA,NA,NA,NA,NA,NA,NA,NA,N,3,0,1,2,A,-,08,22107,NA,N,D,E,A,A,H,-,A,D,0,NA,NA,Y,NA,Y,NA,C,06,0,1,0,0,0,0,0,0,1,-,-,33.687198638916016,-117.87729644775392,ORANGE,COSTA MESA,-117.87729644775392,33.68572235107422
9117854,2020,2020-08-04,3022,2020-06-04,2137,1169,NA,4,5,5,3022,0,0,0,NA,0,001,CENTENNIAL WAY,2ND AV,296,S,N,B,-,N,NA,NA,NA,NA,NA,NA,NA,NA,NA,N,3,0,1,3,A,-,21,22106,NA,N,B,E,A,A,H,-,C,D,0,NA,NA,NA,NA,Y,NA,D,22,0,1,0,0,0,0,0,0,0,-,-,NA,NA,ORANGE,TUSTIN,-117.81883239746094,33.74372863769531
91181988,2020,2020-02-06,9675,2020-02-02,1910,021613,NA,7,2,6,3015,0,1,3,NA,2,550,SR-55 NORTHBOUND,LINCOLN AVE,500,S,N,A,-,Y,NA,NA,55,NA,NA,NA,NA,NA,N,N,4,0,1,2,A,-,03,22350,NA,F,C,C,A,A,H,-,C,D,0,NA,NA,NA,NA,Y,NA,-,99,0,0,1,0,0,0,0,0,0,-,-,33.829708099365234,-117.83368682861328,ORANGE,ORANGE,-117.83370208740234,33.82970428466797
91182896,2020,2020-02-10,9675,2020-02-04,1500,019938,NA,2,2,5,3022,0,1,1,NA,2,503,I-5 SOUTHBOUND TO SR-55 SOUTHBOUND,SR-55,850,N,N,A,G,Y,NA,NA,NA,NA,NA,NA,NA,NA,NA,Y,4,0,1,2,A,-,03,22350,NA,N,C,C,A,A,H,-,A,D,0,NA,NA,NA,NA,Y,NA,A,01,0,0,1,0,0,0,0,0,0,-,-,33.44287872314453,-117.50113677978516,ORANGE,TUSTIN,-117.83390808105467,33.740848541259766
9118322,2020,2020-09-18,3001,2020-06-02,1539,A2312,NA,2,5,7,3001,0,0,0,NA,0,D-2,HARBOR BL,WATER ST,0,NA,Y,A,-,N,NA,NA,NA,NA,NA,NA,NA,NA,NA,Y,4,0,1,2,A,-,12,21457,A,N,D,C,A,A,H,-,A,A,0,NA,NA,NA,NA,Y,Y,A,01,0,0,1,0,0,0,0,0,0,-,-,33.82748031616211,-117.91757202148438,ORANGE,ANAHEIM,-117.9174575805664,33.827579498291016
91184487,2020,2020-02-11,9675,2020-01-23,0755,019394,NA,4,1,7,3019,0,1,3,NA,2,051,SR-55 SOUTHBOUND,FOURTH ST.,1100,N,N,A,-,Y,NA,NA,NA,NA,NA,NA,NA,NA,NA,N,4,0,1,2,A,-,03,22350,NA,F,C,C,A,A,H,-,A,D,0,NA,NA,NA,NA,Y,NA,A,01,0,0,1,0,0,0,0,0,0,-,-,33.455501556396484,-117.49549865722656,ORANGE,SANTA ANA,NA,NA
91184890,2020,2020-02-11,9690,2020-02-07,1910,020537,NA,5,2,4,3045,0,1,1,NA,2,055,I-5 S/B (SAN DIEGO FRWY),EL TORO RD,2640,N,N,A,-,Y,NA,NA,5,NA,NA,NA,NA,NA,S,N,3,0,1,2,A,-,07,21658,A,N,B,C,A,A,H,-,C,D,0,NA,NA,NA,NA,Y,NA,-,-,0,1,0,0,0,0,0,0,0,-,-,33.620460510253906,-117.71354675292967,ORANGE,LAGUNA HILLS,-117.71354675292967,33.62046432495117
91188325,2020,2020-02-18,9675,2020-02-13,1809,017998,NA,4,2,5,3014,0,1,3,NA,2,073,STATE ROUTE 73 NORTHBOUND,CAMPUS DRIVE,1056,N,N,A,-,Y,NA,NA,73,NA,NA,NA,NA,NA,N,N,4,0,2,2,A,-,01,23152,A,N,C,C,A,A,H,-,D,D,0,NA,NA,NA,NA,Y,Y,D,22,0,0,2,0,0,0,0,0,0,-,-,33.66455078125,-117.87760925292967,ORANGE,NEWPORT BEACH,-117.877685546875,33.6644401550293
91188947,2020,2020-02-19,9675,2020-02-11,0725,018539,NA,2,1,7,3001,0,1,3,NA,2,072,SR-57 N/B,KATELLA AVE,2180,S,N,A,-,Y,NA,NA,57,NA,NA,NA,NA,NA,N,Y,4,0,1,2,A,-,07,21658,A,N,B,C,A,A,H,-,A,D,0,NA,NA,Y,NA,Y,NA,A,01,0,0,1,0,0,0,0,0,1,-,-,33.80038070678711,-117.87803649902344,ORANGE,ANAHEIM,-117.87808990478516,33.800357818603516
9118895,2020,2020-10-20,3001,2020-06-18,1426,A2312,D3,4,5,7,3001,0,0,0,NA,0,0D3,ORANGEWOOD AV,STATE COLLEGE BL,103,E,N,A,-,N,NA,NA,NA,NA,NA,NA,NA,NA,NA,N,4,0,1,2,A,-,09,21804,A,N,H,G,A,A,H,-,A,D,0,NA,Y,NA,NA,Y,NA,A,01,0,0,1,0,0,0,1,0,0,-,-,33.79458999633789,-117.88979339599608,ORANGE,ANAHEIM,-117.88898468017578,33.79623794555664
91191284,2020,2020-02-21,9675,2020-02-13,1140,020027,NA,4,1,7,3019,0,1,1,NA,2,502,I-5 NORTHBOUND,GRAND AVE,1000,S,N,A,-,Y,NA,NA,5,NA,NA,NA,NA,NA,N,N,4,0,1,2,A,-,03,22350,NA,N,C,C,A,A,H,-,A,D,0,NA,NA,NA,NA,Y,NA,D,22,0,0,1,0,0,0,0,0,0,-,-,33.75444030761719,-117.85022735595705,ORANGE,SANTA ANA,-117.85025024414063,33.754398345947266
91192997,2020,2020-02-25,9675,2020-02-14,1135,018714,NA,5,1,7,3019,0,1,3,NA,2,552,SR-55 S/B,WARNER AVE,1000,N,N,A,-,Y,NA,NA,NA,NA,NA,NA,NA,NA,NA,N,4,0,1,2,A,-,03,22350,NA,N,C,C,A,A,H,-,A,D,0,NA,NA,NA,NA,Y,NA,E,22,0,0,1,0,0,0,0,0,0,-,-,33.43040084838867,-117.50340270996094,ORANGE,SANTA ANA,-117.84286499023438,33.71767807006836
9119344,2020,2020-09-17,3012,2020-06-25,1757,676,41,4,5,5,3012,0,0,0,NA,0,004,S EUCLID,MOUNTAIN VIEW,0,NA,Y,A,-,N,NA,NA,NA,NA,NA,NA,NA,NA,NA,N,2,0,1,4,A,-,08,22107,NA,N,D,C,A,A,H,-,A,D,0,NA,NA,NA,NA,Y,NA,-,-,1,0,0,0,0,0,0,0,0,-,-,NA,NA,ORANGE,LA HABRA,-117.9460906982422,33.9256706237793
9119444,2020,2020-10-06,3022,2020-06-13,1051,1109,SOUTH,6,5,5,3022,0,0,0,NA,0,003,EDINGER AV,AVIATOR LN,0,NA,Y,A,-,N,NA,NA,NA,NA,NA,NA,NA,NA,NA,NA,3,0,1,2,A,-,09,21453,B,N,D,G,A,A,H,-,A,A,0,NA,Y,NA,NA,Y,NA,A,01,0,1,0,0,0,0,1,0,0,-,-,33.702388763427734,-117.80452728271484,ORANGE,TUSTIN,-117.80438232421876,33.7022705078125
9120144,2020,2020-11-14,3002,2020-06-20,1033,1447,NA,6,5,4,3002,0,0,0,NA,0,013,IMPERIAL HWY,STATE COLLEGE BL,84,E,N,A,-,Y,ORA,12,90,-,-,5.21,H,-,E,N,4,0,1,2,A,-,03,22350,NA,N,C,C,A,A,H,-,A,A,0,NA,NA,NA,NA,Y,NA,A,07,0,0,1,0,0,0,0,0,0,-,-,33.9114990234375,-117.88803863525392,ORANGE,BREA,-117.8876495361328,33.91167449951172
91202919,2020,2020-03-06,9675,2020-03-02,1702,021613,NA,1,2,7,3001,0,1,3,NA,2,095,SR-91 EASTBOUND,SR-241 SOUTHBOUND,500,W,N,A,-,Y,NA,NA,91,NA,NA,NA,NA,NA,E,Y,4,0,1,2,A,-,03,22350,NA,N,C,C,A,A,H,-,A,D,0,NA,NA,NA,NA,Y,NA,D,22,0,0,1,0,0,0,0,0,0,-,-,33.868961334228516,-117.73046112060548,ORANGE,ANAHEIM,-117.73046112060548,33.86896514892578
91203232,2020,2020-03-06,9675,2020-02-29,0628,020027,NA,6,1,7,3019,0,1,1,NA,2,502,I-5 NORTHBOUND,SR-22 EASTBOUND,100,S,N,A,-,Y,NA,NA,5,NA,NA,NA,NA,NA,N,Y,4,0,2,2,A,-,08,22107,NA,N,B,C,A,A,H,-,B,D,0,NA,NA,NA,NA,Y,NA,A,01,0,0,2,0,0,0,0,0,0,-,-,33.77833938598633,-117.87538909912108,ORANGE,SANTA ANA,-117.87545776367188,33.77827835083008
91203320,2020,2020-04-24,9675,2020-02-25,1245,015914,NA,2,1,9,3000,0,1,3,NA,2,242,SR-241 NORTHBOUND,PORTOLA PKWY,300,N,N,A,-,Y,NA,NA,241,NA,NA,NA,NA,NA,N,Y,3,0,2,2,A,-,08,22107,NA,N,C,C,A,A,H,-,A,D,0,NA,NA,NA,Y,Y,NA,A,01,0,1,1,0,0,0,0,0,0,-,-,33.6968994140625,-117.6948013305664,ORANGE,UNINCORPORATED,-117.6948013305664,33.696895599365234
91204726,2020,2020-03-17,9675,2020-03-03,1755,020091,NA,2,2,6,3015,0,1,3,NA,2,550,SR-55 SOUTHBOUND,CHAPMAN AVE,1320,N,N,A,-,Y,NA,NA,55,NA,NA,NA,NA,NA,S,Y,4,0,1,4,A,-,03,22350,NA,N,C,C,A,A,H,-,D,D,0,NA,NA,NA,NA,Y,Y,A,07,0,0,1,0,0,0,0,0,0,-,-,33.79296112060547,-117.83106231689452,ORANGE,ORANGE,-117.8311004638672,33.79296112060547
91204773,2020,2020-03-09,9690,2020-03-09,1300,014849,NA,1,1,4,3045,0,1,1,NA,2,055,I-5 N/B (SAN DIEGO FRWY),LA PAZ RD,1100,N,N,A,-,Y,NA,NA,5,NA,NA,NA,NA,NA,N,Y,4,0,1,2,A,-,08,22107,NA,N,B,C,A,A,D,-,A,D,0,NA,NA,NA,NA,Y,NA,-,-,0,0,1,0,0,0,0,0,0,-,-,33.59938049316406,-117.67891693115234,ORANGE,LAGUNA HILLS,-117.6789321899414,33.59935760498047
91205169,2020,2020-03-10,9675,2020-03-05,1020,020027,NA,4,1,6,3015,0,1,3,NA,2,550,SR-55 SOUTHBOUND,LINCOLN AVE,1000,N,N,A,-,Y,NA,NA,55,NA,NA,NA,NA,NA,S,Y,4,0,2,4,A,-,03,22350,NA,N,C,C,A,A,H,-,A,D,0,NA,NA,NA,NA,Y,NA,A,01,0,0,2,0,0,0,0,0,0,-,-,33.84115982055664,-117.83168792724608,ORANGE,ORANGE,-117.83184051513672,33.841339111328125
91206695,2020,2020-03-12,9675,2020-03-06,1716,021633,NA,5,2,6,3026,0,1,3,NA,2,130,SR-133 N/B,MARINE WAY,15,N,N,A,-,Y,NA,NA,133,NA,NA,NA,NA,NA,N,Y,3,0,1,1,A,-,08,22107,NA,N,E,I,A,A,H,-,A,D,0,NA,NA,NA,NA,Y,NA,A,01,0,1,0,0,0,0,0,0,0,-,-,33.67491912841797,-117.75299835205078,ORANGE,IRVINE,-117.7530517578125,33.6749382019043
91209174,2020,2020-03-16,9690,2020-03-08,2115,020364,NA,7,2,5,3040,0,1,3,NA,2,073,SR 73 S/B (SAN JOAQUIN HILLS TRANS COR),CROWN VALLEY PKWY,204,N,N,A,-,Y,NA,NA,73,NA,NA,NA,NA,NA,S,Y,2,0,1,1,A,-,08,22107,NA,N,E,J,A,A,H,-,C,D,0,NA,NA,NA,NA,Y,NA,A,07,1,0,0,0,0,0,0,0,0,-,-,33.55712890625,-117.68123626708984,ORANGE,LAGUNA NIGUEL,-117.68125152587892,33.55708312988281
91209944,2020,2020-03-17,9670,2020-03-07,1025,019171,NA,6,1,6,3008,0,1,3,NA,2,094,SR-91 E/B (RIVERSIDE FWY),MAGNOLIA AVE,300,E,N,A,-,Y,NA,NA,91,NA,NA,NA,NA,NA,E,Y,4,0,1,1,A,-,08,22107,NA,N,E,I,A,A,H,-,A,D,0,NA,NA,NA,NA,Y,NA,A,01,0,0,1,0,0,0,0,0,0,-,-,33.85689163208008,-117.97508239746094,ORANGE,FULLERTON,-117.97510528564452,33.85678482055664
91210071,2020,2020-03-17,9690,2020-03-13,1515,020537,NA,5,2,4,3045,0,1,1,NA,2,055,I-5 S/B (SAN DIEGO FRWY) TO EL TORO RD,EL TORO RD,528,N,N,B,-,Y,NA,NA,5,NA,NA,NA,R,NA,S,Y,4,0,1,2,A,-,03,22350,NA,N,C,C,A,A,H,-,A,D,0,NA,NA,NA,NA,Y,NA,A,01,0,0,1,0,0,0,0,0,0,-,-,33.6163215637207,-117.71009063720705,ORANGE,LAGUNA HILLS,-117.71009063720705,33.6163215637207
91210141,2020,2020-03-17,9675,2020-03-12,1250,020627,NA,4,1,5,3022,0,1,1,NA,2,530,I-5 SOUTHBOUND,TUSTIN RANCH RD,2510,N,N,C,-,Y,NA,NA,NA,NA,NA,NA,NA,NA,NA,Y,4,0,1,2,A,-,08,22107,NA,N,E,I,A,B,H,-,A,D,0,NA,NA,NA,NA,Y,NA,D,22,0,0,1,0,0,0,0,0,0,-,-,33.7244987487793,-117.80531311035156,ORANGE,TUSTIN,-117.81050872802734,33.729942321777344
91213466,2020,2020-03-23,9675,2020-03-14,1825,021613,NA,6,2,7,3001,0,1,3,NA,2,093,SR-91 WESTBOUND,SR-57 NORTHBOUND,1000,E,N,B,-,Y,NA,NA,91,NA,NA,NA,NA,NA,W,Y,4,0,1,2,A,-,01,23152,A,F,C,C,A,B,H,-,C,D,0,NA,NA,NA,NA,Y,Y,A,07,0,0,1,0,0,0,0,0,0,-,-,33.8466796875,-117.86750793457033,ORANGE,ANAHEIM,-117.86749267578124,33.846778869628906
91214173,2020,2020-03-23,9675,2020-03-11,1148,016589,NA,3,1,6,3015,0,1,3,NA,2,550,SR-55 SOUTHBOUND,KATELLA AVE,2000,S,N,A,-,Y,NA,NA,55,NA,NA,NA,NA,NA,S,Y,4,0,1,2,A,-,08,22107,NA,N,E,I,A,A,H,-,A,D,0,NA,NA,NA,NA,Y,NA,A,01,0,0,1,0,0,0,0,0,0,-,-,33.80448913574219,-117.83181762695313,ORANGE,ORANGE,-117.83197021484376,33.80448532104492