CASE_ID,ACCIDENT_YEAR,PROC_DATE,JURIS,COLLISION_DATE,COLLISION_TIME,OFFICER_ID,REPORTING_DISTRICT,DAY_OF_WEEK,CHP_SHIFT,POPULATION,CNTY_CITY_LOC,SPECIAL_COND,BEAT_TYPE,CHP_BEAT_TYPE,CITY_DIVISION_LAPD,CHP_BEAT_CLASS,BEAT_NUMBER,PRIMARY_RD,SECONDARY_RD,DISTANCE,DIRECTION,INTERSECTION,WEATHER_1,WEATHER_2,STATE_HWY_IND,CALTRANS_COUNTY,CALTRANS_DISTRICT,STATE_ROUTE,ROUTE_SUFFIX,POSTMILE_PREFIX,POSTMILE,LOCATION_TYPE,RAMP_INTERSECTION,SIDE_OF_HWY,TOW_AWAY,COLLISION_SEVERITY,NUMBER_KILLED,NUMBER_INJURED,PARTY_COUNT,PRIMARY_COLL_FACTOR,PCF_CODE_OF_VIOL,PCF_VIOL_CATEGORY,PCF_VIOLATION,PCF_VIOL_SUBSECTION,HIT_AND_RUN,TYPE_OF_COLLISION,MVIW,PED_ACTION,ROAD_SURFACE,ROAD_COND_1,ROAD_COND_2,LIGHTING,CONTROL_DEVICE,CHP_ROAD_TYPE,PEDESTRIAN_ACCIDENT,BICYCLE_ACCIDENT,MOTORCYCLE_ACCIDENT,TRUCK_ACCIDENT,NOT_PRIVATE_PROPERTY,ALCOHOL_INVOLVED,STWD_VEHTYPE_AT_FAULT,CHP_VEHTYPE_AT_FAULT,COUNT_SEVERE_INJ,COUNT_VISIBLE_INJ,COUNT_COMPLAINT_PAIN,COUNT_PED_KILLED,COUNT_PED_INJURED,COUNT_BICYCLIST_KILLED,COUNT_BICYCLIST_INJURED,COUNT_MC_KILLED,COUNT_MC_INJURED,PRIMARY_RAMP,SECONDARY_RAMP,LATITUDE,LONGITUDE,COUNTY,CITY,POINT_X,POINT_Y
91214663,2020,2020-03-24,9690,2020-03-21,1630,020086,NA,6,2,4,3029,0,1,3,NA,2,011,SR 1 (PACIFIC COAST HWY),I-5 S/B (SAN DIEGO FRWY),300,N,N,A,-,Y,NA,NA,NA,NA,NA,NA,NA,NA,NA,Y,4,0,1,2,A,-,03,22350,NA,N,C,C,A,A,H,-,A,D,0,NA,NA,NA,NA,Y,NA,A,01,0,0,1,0,0,0,0,0,0,-,-,33.657501220703125,-117.543701171875,ORANGE,DANA POINT,NA,NA
91215574,2020,2020-03-25,9675,2020-03-14,2130,021716,NA,6,2,7,3001,0,1,3,NA,2,093,SR-91 EASTBOUND,LA PALMA AVE,400,W,N,A,-,Y,NA,NA,91,NA,NA,NA,NA,NA,E,N,4,0,1,2,A,-,08,22107,NA,F,B,C,A,A,H,-,C,D,0,NA,NA,NA,NA,Y,NA,-,99,0,0,1,0,0,0,0,0,0,-,-,33.84825897216797,-117.87261199951172,ORANGE,ANAHEIM,-117.87264251708984,33.84819412231445
9121662,2020,2020-11-06,3004,2020-05-20,2154,P603,11,3,5,6,3004,0,0,0,NA,0,002,NEWPORT BL,E 19TH ST,0,NA,Y,A,-,N,NA,NA,55,NA,NA,NA,NA,NA,NA,Y,3,0,1,2,A,-,01,23152,A,F,D,C,A,-,H,-,C,A,0,NA,NA,NA,NA,Y,NA,A,01,0,1,0,0,0,0,0,0,0,-,-,33.64377975463867,-117.91600799560548,ORANGE,COSTA MESA,-117.91610717773438,33.643863677978516
9122158,2020,2020-09-08,3008,2020-05-30,1717,1578,ZONE2,6,5,6,3008,0,0,0,NA,0,NA,EUCLID ST,VALENCIA MESA DR,0,NA,Y,A,-,N,NA,NA,NA,NA,NA,NA,NA,NA,NA,Y,4,0,1,2,A,-,09,21801,A,N,D,C,A,A,H,-,A,A,0,NA,NA,NA,NA,Y,NA,A,01,0,0,1,0,0,0,0,0,0,-,-,NA,NA,ORANGE,FULLERTON,-117.94130706787108,33.88631820678711
91223974,2020,2020-04-10,9675,2020-04-02,1355,017993,NA,4,1,7,3001,0,1,3,NA,2,093,SR-91 EASTBOUND TO TUSTIN AVE.,TUSTIN AVE,1200,W,N,A,-,Y,NA,NA,91,NA,NA,NA,R,NA,E,N,4,0,1,2,A,-,03,22350,NA,N,C,C,A,A,H,-,A,D,0,NA,NA,NA,Y,Y,NA,G,25,0,0,1,0,0,0,0,0,0,-,-,33.851131439208984,-117.84185028076172,ORANGE,ANAHEIM,-117.84185028076172,33.851131439208984
91224769,2020,2020-04-13,9670,2020-04-10,1553,019420,NA,5,2,4,3020,0,1,1,NA,2,044,I-405NB (SAN DIEGO FWY),SEAL BEACH BLVD,1200,S,N,A,-,Y,NA,NA,405,NA,NA,NA,NA,NA,NA,Y,4,0,1,2,A,-,03,22350,NA,N,C,C,A,A,D,E,A,D,0,NA,NA,NA,Y,Y,NA,F,55,0,0,1,0,0,0,0,0,0,-,-,33.77444839477539,-118.05695343017578,ORANGE,SEAL BEACH,-118.05695343017578,33.77445602416992
91225448,2020,2020-04-14,9675,2020-04-07,2110,022052,NA,2,2,7,3001,0,1,3,NA,2,094,SR-91 EASTBOUND,WEIR CYN RD,2255,W,N,B,C,Y,NA,NA,91,NA,NA,NA,NA,NA,E,Y,3,0,2,2,A,-,03,22350,NA,F,C,C,A,B,H,-,D,D,0,NA,NA,NA,NA,Y,NA,A,01,0,1,1,0,0,0,0,0,0,-,-,33.86919021606445,-117.7519989013672,ORANGE,ANAHEIM,-117.7519989013672,33.869205474853516
9122561,2020,2020-09-08,3001,2020-05-12,1707,A2187,NA,2,5,7,3001,0,0,0,NA,0,D 2,LA PALMA AV,LIBERTY LN,0,NA,Y,B,-,N,NA,NA,NA,NA,NA,NA,NA,NA,NA,Y,4,0,4,2,A,-,09,21802,A,M,D,C,A,A,H,-,A,A,0,NA,NA,NA,NA,Y,NA,D,22,0,0,4,0,0,0,0,0,0,-,-,33.84743881225586,-117.90119934082033,ORANGE,ANAHEIM,-117.90119171142578,33.8472785949707
91227520,2020,2020-04-20,9675,2020-04-13,1611,021633,NA,1,2,7,3019,0,1,1,NA,2,502,I-5 N/B,GRAND AVE,340,N,N,B,-,Y,NA,NA,5,NA,NA,NA,NA,NA,N,N,4,0,1,2,A,-,03,22350,NA,N,C,C,A,A,H,-,A,D,0,NA,NA,NA,NA,Y,NA,A,01,0,0,1,0,0,0,0,0,0,-,-,33.75571060180664,-117.8531494140625,ORANGE,SANTA ANA,-117.85315704345705,33.75568771362305
9122762,2020,2020-09-30,3001,2020-07-06,0821,A1622,D1,1,5,7,3001,0,0,0,NA,0,0D1,CRESCENT AV,DALE AV,0,NA,Y,A,-,N,NA,NA,NA,NA,NA,NA,NA,NA,NA,Y,3,0,4,2,A,-,09,21801,A,N,D,C,A,A,H,-,A,A,0,NA,NA,NA,NA,Y,NA,A,01,0,3,1,0,0,0,0,0,0,-,-,33.8396110534668,-117.98494720458984,ORANGE,ANAHEIM,-117.9848175048828,33.839481353759766
9122769,2020,2020-09-30,3001,2020-07-02,1757,A1047,NA,4,5,7,3001,0,0,0,NA,0,0D2,LINCOLN AV,EAST ST,52,W,N,A,-,N,NA,NA,NA,NA,NA,NA,NA,NA,NA,NA,4,0,1,2,A,-,21,22106,NA,N,C,C,A,A,H,-,A,A,0,NA,NA,NA,NA,Y,NA,A,07,0,0,1,0,0,0,0,0,0,-,-,NA,NA,ORANGE,ANAHEIM,-117.90287017822266,33.838077545166016
91235036,2020,2020-05-07,9690,2020-05-02,1410,021875,NA,6,2,9,3000,0,3,5,NA,2,004,CROWN VALLEY PKWY,JARDINES,600,E,N,A,-,N,NA,NA,NA,NA,NA,NA,NA,NA,NA,N,2,0,1,1,A,-,03,22350,NA,N,F,G,A,A,H,-,A,D,0,NA,Y,NA,NA,Y,NA,L,04,1,0,0,0,0,0,1,0,0,-,-,33.56306076049805,-117.65258026123048,ORANGE,UNINCORPORATED,-117.65299987792967,33.56287384033203
91235204,2020,2020-05-08,9675,2020-05-05,0724,020240,NA,2,1,5,3022,0,1,1,NA,2,503,I-5 NORTHBOUND,SR-55 SOUTHBOUND,300,N,N,A,-,Y,NA,NA,5,NA,NA,NA,NA,NA,N,Y,4,0,1,3,A,-,03,22350,NA,N,C,C,A,A,H,-,A,D,0,NA,NA,NA,NA,Y,NA,A,01,0,0,1,0,0,0,0,0,0,-,-,33.741119384765625,-117.83486175537108,ORANGE,TUSTIN,-117.83484649658205,33.741153717041016
91239088,2020,2020-05-18,9670,2020-05-17,0209,021900,NA,7,3,5,3003,0,1,3,NA,2,091,SR-91 W/B,BEACH BLVD,800,E,N,A,-,Y,NA,NA,91,NA,NA,NA,NA,NA,W,Y,3,0,1,3,A,-,03,22350,NA,N,C,C,A,A,H,-,C,D,0,NA,NA,NA,NA,Y,NA,A,01,0,1,0,0,0,0,0,0,0,-,-,33.85620880126953,-117.99681091308594,ORANGE,BUENA PARK,-117.99681091308594,33.8561897277832
91240163,2020,2020-05-20,9675,2020-05-17,1109,020240,NA,7,1,6,3026,0,1,1,NA,2,503,I-5 N/B FROM JEFFREY RD W/B,JEFFREY RD,367,N,N,A,-,Y,NA,NA,5,NA,NA,NA,R,NA,N,Y,4,0,1,1,A,-,08,22107,NA,N,F,A,A,A,H,-,A,D,0,NA,NA,Y,NA,Y,NA,C,02,0,0,1,0,0,0,0,0,1,-,-,33.691368103027344,-117.7682876586914,ORANGE,IRVINE,-117.7682876586914,33.691368103027344
91240331,2020,2020-05-20,9675,2020-05-18,0744,018539,NA,1,1,6,3015,0,1,3,NA,2,222,SR-22 W/B,MAIN ST,1010,E,N,C,-,Y,NA,NA,22,NA,NA,NA,NA,NA,W,Y,4,0,2,2,A,-,03,22350,NA,N,D,C,A,B,H,-,A,D,0,NA,NA,NA,NA,Y,NA,A,01,0,0,2,0,0,0,0,0,0,-,-,33.7783317565918,-117.86389923095705,ORANGE,ORANGE,-117.86389923095705,33.77835464477539
91240580,2020,2020-05-21,9670,2020-05-13,0328,021282,NA,3,3,4,3020,0,1,1,NA,2,044,INTERSTATE 405 NORTHBOUND,STATE ROUTE 22,3168,S,N,A,-,Y,NA,NA,NA,NA,NA,NA,NA,NA,NA,Y,4,0,1,1,A,-,08,22107,NA,N,E,I,A,A,H,-,D,D,0,NA,NA,NA,NA,Y,NA,A,07,0,0,1,0,0,0,0,0,0,-,-,33.78395080566406,-118.09014892578124,ORANGE,SEAL BEACH,-118.07509613037108,33.77452087402344
91242606,2020,2020-05-26,9675,2020-05-20,1700,018252,NA,3,2,9,3000,0,1,1,NA,2,405,I-405 NORTHBOUND,BRISTOL ST,100,S,N,A,-,Y,NA,NA,NA,NA,NA,NA,NA,NA,NA,Y,3,0,2,4,A,-,03,22350,NA,F,C,C,A,A,H,-,A,D,0,NA,NA,NA,NA,Y,NA,A,01,0,1,1,0,0,0,0,0,0,-,-,33.68716049194336,-117.88507843017578,ORANGE,UNINCORPORATED,-117.88567352294922,33.68751907348633
9124347,2020,2020-09-14,3015,2020-06-21,1844,1530,31,7,5,6,3015,0,0,0,NA,0,113,GARDEN GROVE BL,LEWIS ST,140,E,N,A,-,N,NA,NA,NA,NA,NA,NA,NA,NA,NA,Y,4,0,1,2,A,-,09,21804,A,N,D,C,A,A,H,-,A,D,0,NA,NA,NA,NA,Y,NA,A,01,0,0,1,0,0,0,0,0,0,-,-,33.77437973022461,-117.89743041992188,ORANGE,ORANGE,-117.89725494384766,33.774253845214844
91245259,2020,2020-05-29,9675,2020-05-28,1442,018985,NA,4,2,7,3019,0,1,1,NA,2,502,I-5 N/B,FIRST ST.,300,N,N,A,-,Y,NA,NA,5,NA,NA,NA,NA,NA,N,Y,4,0,3,4,A,-,03,22350,NA,N,C,C,A,A,H,-,A,D,0,NA,NA,NA,NA,Y,NA,A,08,0,0,3,0,0,0,0,0,0,-,-,33.74650955200195,-117.842529296875,ORANGE,SANTA ANA,-117.84252166748048,33.74651336669922
91246046,2020,2020-06-01,9670,2020-05-09,2125,022065,NA,6,2,6,3010,0,1,1,NA,2,042,INTERSTATE 405 NORTHBOUND,SR-39 (BEACH BOULEVARD),700,N,N,A,-,Y,NA,NA,405,NA,NA,NA,NA,NA,N,Y,2,0,1,1,A,-,08,22107,NA,N,E,J,A,A,D,E,D,D,0,NA,NA,NA,NA,Y,NA,A,07,1,0,0,0,0,0,0,0,0,-,-,33.736080169677734,-117.99372863769533,ORANGE,HUNTINGTON BEACH,-117.99382781982422,33.735939025878906
91246764,2020,2020-06-03,9675,2020-05-28,1600,019938,NA,4,2,7,3001,0,1,3,NA,2,094,SR-91 EASTBOUND,IMPERIAL HIGHWAY,3761,E,N,A,-,Y,NA,NA,NA,NA,NA,NA,NA,NA,NA,Y,3,0,1,2,A,-,03,22350,NA,N,C,C,A,A,H,-,A,D,0,NA,NA,Y,NA,Y,NA,A,01,0,1,0,0,0,0,0,0,1,-,-,33.51325988769531,-117.4646224975586,ORANGE,ANAHEIM,NA,NA
91246809,2020,2020-06-03,9670,2020-06-01,1755,018534,NA,1,2,5,3003,0,1,3,NA,2,091,SR-91 W/B,KNOTT AVE,1584,W,N,A,-,Y,NA,NA,91,NA,NA,NA,NA,NA,W,Y,3,0,2,3,A,-,01,23152,F,N,D,C,A,A,H,-,A,D,0,NA,NA,NA,NA,Y,NA,D,22,0,1,1,0,0,0,0,0,0,-,-,33.85625076293945,-118.01490783691406,ORANGE,BUENA PARK,-118.01490783691406,33.85606002807617
9124777,2020,2020-10-08,3015,2020-07-03,1755,1507,RD056,5,5,6,3015,0,0,0,NA,0,721M,PROSPECT ST,PAGEANT DR,0,NA,Y,A,-,N,NA,NA,NA,NA,NA,NA,NA,NA,NA,Y,3,0,1,1,A,-,01,23152,A,N,E,I,A,A,H,-,A,A,0,NA,NA,NA,NA,Y,NA,A,01,0,1,0,0,0,0,0,0,0,-,-,33.797760009765625,-117.8147430419922,ORANGE,ORANGE,-117.81501007080078,33.798831939697266
91248920,2020,2020-06-08,9675,2020-05-28,2101,022058,NA,4,2,6,3015,0,1,1,NA,2,502,I-5 SOUTHBOUND,LA VETA AVE,300,N,N,A,-,Y,NA,NA,5,NA,NA,NA,NA,NA,S,Y,4,0,1,2,A,-,03,22350,NA,N,C,C,A,A,H,-,D,D,0,NA,NA,NA,NA,Y,NA,A,07,0,0,1,0,0,0,0,0,0,-,-,33.78120040893555,-117.88009643554688,ORANGE,ORANGE,-117.87982940673828,33.78155517578125
91255054,2020,2020-07-16,9690,2020-06-13,1139,020469,NA,6,1,9,3000,0,1,3,NA,2,011,SR 1 (PACIFIC COAST HWY),SCHOOL/STATE PARK,152,S,N,A,-,Y,NA,NA,1,NA,NA,NA,NA,NA,NA,Y,2,0,1,5,A,-,08,22107,NA,N,B,C,A,A,H,-,A,D,0,NA,NA,Y,NA,Y,NA,C,02,1,0,0,0,0,0,0,0,1,-,-,33.56391906738281,-117.82553100585938,ORANGE,UNINCORPORATED,-117.82555389404295,33.56387710571289
9125891,2019,2020-08-20,3008,2019-12-16,1700,1591,ZONE2,1,5,6,3008,0,0,0,NA,0,NA,ORANGETHORE AV,HIGHLAND AV,100,E,N,A,-,N,NA,NA,NA,NA,NA,NA,NA,NA,NA,Y,4,0,1,2,A,-,09,21801,A,N,D,C,A,A,H,-,C,A,0,NA,NA,NA,NA,Y,NA,A,01,0,0,1,0,0,0,0,0,0,-,-,NA,NA,ORANGE,FULLERTON,-117.9283447265625,33.85945510864258
91260309,2020,2020-06-29,9675,2020-06-22,1816,021438,NA,1,2,4,3002,0,1,3,NA,2,570,SR-57 N/B,IMPERIAL HIGHWAY,1950,N,N,A,-,Y,NA,NA,57,NA,NA,NA,NA,NA,N,Y,4,0,1,3,A,-,03,22350,NA,N,C,C,A,A,H,-,A,D,0,NA,NA,NA,NA,Y,NA,D,22,0,0,1,0,0,0,0,0,0,-,-,33.91598129272461,-117.88168334960938,ORANGE,BREA,-117.88168334960938,33.91598129272461
91260352,2020,2020-06-29,9690,2020-06-25,0025,020637,NA,4,3,9,3000,0,2,4,NA,2,037,LIVE OAK CANYON ROAD,SHELTER CANYON RD,119,S,N,A,-,N,NA,NA,NA,NA,NA,NA,NA,NA,NA,Y,3,0,1,1,A,-,08,22107,NA,N,E,I,A,A,H,-,D,D,0,NA,NA,NA,NA,Y,NA,A,01,0,1,0,0,0,0,0,0,0,-,-,33.67319869995117,-117.60169982910156,ORANGE,UNINCORPORATED,-117.60166168212892,33.67329025268555
9126043,2020,2020-08-27,3001,2020-05-13,1335,A1404,NA,3,5,7,3001,0,0,0,NA,0,0D1,NUTWOOD ST,BALL RD,0,NA,Y,A,-,N,NA,NA,NA,NA,NA,NA,NA,NA,NA,N,4,0,1,2,A,-,09,21801,A,N,A,C,A,A,H,-,A,A,0,NA,NA,NA,NA,Y,NA,A,01,0,0,1,0,0,0,0,0,0,-,-,33.81761169433594,-117.95014190673828,ORANGE,ANAHEIM,-117.95011138916016,33.81787872314453
9126062,2020,2020-09-10,3001,2020-06-02,0306,2622,D1,2,5,7,3001,0,0,0,NA,0,012,CERRITOS AV,S KNOTT,607,W,-,A,-,N,NA,NA,NA,NA,NA,NA,NA,NA,NA,Y,4,0,1,5,A,-,08,22107,NA,N,B,E,A,A,H,-,C,D,0,NA,NA,NA,NA,Y,NA,A,01,0,0,1,0,0,0,0,0,0,-,-,NA,NA,ORANGE,ANAHEIM,-118.01270294189452,33.809974670410156
91261188,2020,2020-06-30,9690,2020-06-29,0530,014552,NA,1,3,9,3000,0,1,3,NA,1,074,SR 74 W/B (ORTEGA HWY),SAN JUAN CANYON BRIDGE,3062,E,N,B,C,Y,NA,NA,74,NA,NA,NA,NA,NA,W,Y,3,0,1,1,A,-,03,22350,NA,N,E,I,A,B,H,-,D,D,0,NA,NA,NA,NA,Y,NA,A,01,0,1,0,0,0,0,0,0,0,-,-,33.59251022338867,-117.4938735961914,ORANGE,UNINCORPORATED,-117.49384307861328,33.59259796142578
9126273,2020,2020-09-16,3007,2020-06-22,1440,1148,55,1,5,5,3007,0,0,0,NA,0,002,SLATER AV,CIVIC CENTER DR,421,W,N,A,-,N,NA,NA,NA,NA,NA,NA,NA,NA,NA,Y,3,0,3,2,A,-,03,22350,NA,N,C,C,A,B,H,-,A,D,0,NA,NA,NA,NA,Y,NA,D,22,0,1,2,0,0,0,0,0,0,-,-,NA,NA,ORANGE,FOUNTAIN VALLEY,-117.95269775390624,33.70893859863281
91263154,2020,2021-05-07,9690,2020-06-20,1240,020469,NA,6,1,4,3045,0,1,1,NA,2,055,I-5 S/B (SAN DIEGO FRWY),MPM 5 ORA 19.20,143,S,N,A,-,Y,NA,NA,5,NA,NA,NA,NA,NA,S,Y,1,1,4,5,A,-,03,22350,NA,N,C,C,A,A,H,-,A,D,0,NA,NA,NA,NA,Y,NA,D,22,0,2,2,0,0,0,0,0,0,-,-,33.62133026123047,-117.71436309814452,ORANGE,LAGUNA HILLS,-117.71434783935548,33.621337890625
9126894,2020,2020-10-08,3001,2020-07-18,1417,2450,2,6,5,7,3001,0,0,0,NA,0,002,NORTH ST,PINE ST,67,W,N,A,-,N,NA,NA,NA,NA,NA,NA,NA,NA,NA,N,3,0,1,3,A,-,01,23152,A,N,A,E,A,A,H,-,A,D,0,NA,NA,NA,NA,Y,Y,A,07,0,1,0,0,0,0,0,0,0,-,-,33.84275817871094,-117.92342376708984,ORANGE,ANAHEIM,-117.92361450195313,33.842681884765625
91269158,2020,2020-07-15,9670,2020-07-11,1645,021543,NA,6,2,4,3020,0,1,1,NA,2,044,I-405 N/B TO I-605 N/B,SEAL BEACH BLVD,5280,N,N,A,-,Y,NA,NA,405,NA,NA,NA,R,NA,N,Y,4,0,1,1,A,-,07,21658,A,N,E,J,A,A,E,-,A,D,0,NA,NA,NA,NA,Y,NA,A,07,0,0,1,0,0,0,0,0,0,-,-,33.78133010864258,-118.09014892578124,ORANGE,SEAL BEACH,-118.09014892578124,33.78133010864258
91270455,2020,2020-07-17,9675,2020-07-14,0206,020443,NA,2,3,7,3019,0,1,1,NA,2,520,I-5 NORTHBOUND,SR-22 EASTBOUND,450,S,N,A,-,Y,NA,NA,5,NA,NA,NA,NA,NA,N,Y,4,0,1,1,A,-,01,23152,G,N,E,I,A,A,H,-,C,D,0,NA,NA,NA,NA,Y,Y,A,01,0,0,1,0,0,0,0,0,0,-,-,33.77777099609375,-117.87516021728516,ORANGE,SANTA ANA,-117.87506866455078,33.77784729003906
91274508,2020,2020-07-27,9670,2020-07-18,1711,021459,NA,6,2,6,3008,0,1,3,NA,2,093,SR-91 E/B,MAGNOLIA AVE,500,E,N,A,-,Y,NA,NA,91,NA,NA,NA,NA,NA,E,Y,3,0,2,3,A,-,03,22350,NA,N,C,C,A,A,H,-,A,D,0,NA,NA,Y,NA,Y,NA,C,02,0,1,1,0,0,0,0,0,2,-,-,33.856449127197266,-117.97379302978516,ORANGE,FULLERTON,-117.97380828857422,33.856380462646484
91275170,2020,2020-07-27,9675,2020-07-17,1420,022023,NA,5,2,7,3019,0,1,1,NA,2,502,I-5 N/B,MAIN ST,200,S,N,A,-,Y,NA,NA,5,NA,NA,NA,NA,NA,N,Y,4,0,3,2,A,-,03,22350,NA,N,C,C,A,A,H,-,A,D,0,NA,NA,NA,NA,Y,NA,A,01,0,0,3,0,0,0,0,0,0,-,-,33.76546096801758,-117.86578369140624,ORANGE,SANTA ANA,-117.86585998535156,33.76541519165039
9127550,2020,2020-11-13,3001,2020-07-20,1740,A1397,D1,1,5,7,3001,0,0,0,NA,0,0D1,BROOKHURST ST,BROADWAY,264,S,N,A,-,N,NA,NA,NA,NA,NA,NA,NA,NA,NA,Y,3,0,2,2,A,-,09,21804,A,N,D,C,A,A,H,-,A,D,0,NA,NA,NA,NA,Y,NA,A,01,0,1,1,0,0,0,0,0,0,-,-,33.82878112792969,-117.95873260498048,ORANGE,ANAHEIM,-117.95894622802734,33.82816696166992
9127764,2020,2020-11-04,3004,2020-06-12,1833,P654,11,5,5,6,3004,0,0,0,NA,0,001,NEWPORT BL,BROADWAY,0,NA,Y,A,-,N,NA,NA,NA,NA,NA,NA,NA,NA,NA,Y,4,0,2,2,A,-,03,22350,NA,N,C,C,A,A,H,-,A,A,0,NA,NA,NA,NA,Y,NA,A,01,0,0,2,0,0,0,0,0,0,-,-,33.63970184326172,-117.9220962524414,ORANGE,COSTA MESA,-117.91805267333984,33.641971588134766
91278756,2020,2020-07-31,9690,2020-07-26,0920,020469,NA,7,1,9,3000,0,1,3,NA,1,074,SR 74 W/B (ORTEGA HWY),SAN JUAN CREEK BRIDGE,5280,E,N,A,-,Y,NA,NA,74,NA,NA,NA,NA,NA,W,Y,3,0,1,1,A,-,08,22107,NA,N,F,I,A,A,H,-,A,D,0,NA,NA,Y,NA,Y,NA,C,02,0,1,0,0,0,0,0,0,1,-,-,33.5921516418457,-117.49703216552734,ORANGE,UNINCORPORATED,-117.49703979492188,33.592159271240234
91278946,2020,2020-07-31,9690,2020-07-30,1230,019879,NA,4,1,5,3028,0,1,1,NA,2,056,I-5 SB,OSO PKWY,2000,S,N,A,-,Y,NA,NA,5,NA,NA,NA,NA,NA,S,N,4,0,2,5,A,-,05,21651,A,N,B,C,A,A,H,-,A,D,0,NA,NA,NA,Y,Y,NA,D,22,0,0,2,0,0,0,0,0,0,-,-,33.574378967285156,-117.6720733642578,ORANGE,MISSION VIEJO,-117.67201232910156,33.574378967285156
91279742,2020,2020-08-28,9675,2020-07-29,1550,017998,NA,3,2,6,3004,0,1,1,NA,2,405,I-405 NORTHBOUND,SR-73 NORTHBOUND,800,S,N,A,-,Y,NA,NA,405,NA,NA,NA,NA,NA,N,N,4,0,1,3,A,-,03,22350,NA,N,C,C,A,A,H,-,A,D,0,NA,NA,NA,NA,Y,NA,A,01,0,0,1,0,0,0,0,0,0,-,-,33.68754959106445,-117.89557647705078,ORANGE,COSTA MESA,-117.89557647705078,33.68764114379883
9127985,2020,2020-10-02,3004,2020-07-08,0715,P549,01,3,5,6,3004,0,0,0,NA,0,015,WHITTIER AV,W 18TH ST,94,N,N,B,-,N,NA,NA,NA,NA,NA,NA,NA,NA,NA,Y,3,0,1,1,A,-,01,23152,F,N,E,I,A,A,H,-,A,D,0,NA,NA,NA,NA,Y,NA,A,01,0,1,0,0,0,0,0,0,0,-,-,33.640098571777344,-117.9406967163086,ORANGE,COSTA MESA,-117.94063568115234,33.639957427978516
9128127,2020,2020-11-30,3010,2020-07-07,1712,1261,462,2,5,6,3010,0,0,0,NA,0,002,RT 1,TWIN DOLPHIN,0,NA,Y,A,-,Y,ORA,12,1,-,-,24.09,I,5,S,Y,4,0,2,4,A,-,03,22350,NA,N,C,C,A,A,H,-,A,A,0,NA,NA,NA,NA,Y,NA,D,22,0,0,2,0,0,0,0,0,0,-,-,NA,NA,ORANGE,HUNTINGTON BEACH,-117.99314880371094,33.6516227722168
91281714,2020,2020-08-06,9670,2020-07-30,1135,014558,NA,4,1,5,3007,0,1,1,NA,2,040,I-405 N/B FROM BROOKHURST STREET S/B,BROOKHURST STREET,500,N,N,A,-,Y,NA,NA,405,NA,NA,NA,R,NA,N,Y,4,0,1,1,A,-,03,22350,NA,N,E,I,A,A,D,-,A,D,0,NA,NA,NA,NA,Y,NA,A,01,0,0,1,0,0,0,0,0,0,-,-,33.70751953125,-117.95642852783205,ORANGE,FOUNTAIN VALLEY,-117.95642852783205,33.70751953125
9128181,2020,2020-11-30,3010,2020-07-10,1311,1059,443,5,5,6,3010,0,0,0,NA,0,003,RT 39,SEABRIDGE LN,1,N,N,A,-,Y,ORA,12,39,-,-,1.381,I,5,N,Y,3,0,1,2,A,-,09,21801,A,N,D,C,A,A,H,-,A,D,0,NA,NA,Y,NA,Y,NA,D,22,0,1,0,0,0,0,0,0,1,-,-,NA,NA,ORANGE,HUNTINGTON BEACH,-117.98842620849608,33.66848373413086
9128189,2020,2020-11-30,3010,2020-07-15,1643,1243,272,3,5,6,3010,0,0,0,NA,0,006,RT 39,N BLAYLOCK,38,N,N,A,-,Y,ORA,12,39,-,-,4.51,H,-,N,Y,3,0,3,3,C,-,18,NA,NA,N,C,C,A,A,H,-,A,D,0,NA,NA,NA,NA,Y,NA,-,-,0,1,2,0,0,0,0,0,0,-,-,NA,NA,ORANGE,HUNTINGTON BEACH,-117.98898315429688,33.71394729614258
91283138,2020,2020-08-10,9690,2020-07-30,0436,020637,NA,4,3,9,3000,0,1,3,NA,1,074,SR 74 W/B (ORTEGA HWY),ANTONIO PARKWAY,0,NA,Y,A,-,Y,NA,NA,74,NA,NA,NA,NA,NA,W,Y,2,0,2,2,A,-,09,21453,C,N,D,C,A,A,H,-,C,A,0,NA,NA,NA,NA,Y,NA,D,22,1,1,0,0,0,0,0,0,0,-,-,33.51988983154297,-117.62010192871094,ORANGE,UNINCORPORATED,-117.62007904052734,33.51971435546875
9128324,2020,2020-11-30,3002,2020-07-12,0138,1632,NA,7,5,4,3002,0,0,0,NA,0,014,IMPERIAL HWY,STATE COLLEGE BL,0,NA,Y,A,-,Y,ORA,12,90,-,-,5.191,I,5,E,Y,3,0,2,2,A,-,01,23152,A,N,D,C,A,A,H,-,C,A,0,NA,NA,NA,NA,Y,Y,A,07,0,1,1,0,0,0,0,0,0,-,-,33.91151809692383,-117.88803863525392,ORANGE,BREA,-117.88795471191406,33.91178894042969