CASE_ID,ACCIDENT_YEAR,PROC_DATE,JURIS,COLLISION_DATE,COLLISION_TIME,OFFICER_ID,REPORTING_DISTRICT,DAY_OF_WEEK,CHP_SHIFT,POPULATION,CNTY_CITY_LOC,SPECIAL_COND,BEAT_TYPE,CHP_BEAT_TYPE,CITY_DIVISION_LAPD,CHP_BEAT_CLASS,BEAT_NUMBER,PRIMARY_RD,SECONDARY_RD,DISTANCE,DIRECTION,INTERSECTION,WEATHER_1,WEATHER_2,STATE_HWY_IND,CALTRANS_COUNTY,CALTRANS_DISTRICT,STATE_ROUTE,ROUTE_SUFFIX,POSTMILE_PREFIX,POSTMILE,LOCATION_TYPE,RAMP_INTERSECTION,SIDE_OF_HWY,TOW_AWAY,COLLISION_SEVERITY,NUMBER_KILLED,NUMBER_INJURED,PARTY_COUNT,PRIMARY_COLL_FACTOR,PCF_CODE_OF_VIOL,PCF_VIOL_CATEGORY,PCF_VIOLATION,PCF_VIOL_SUBSECTION,HIT_AND_RUN,TYPE_OF_COLLISION,MVIW,PED_ACTION,ROAD_SURFACE,ROAD_COND_1,ROAD_COND_2,LIGHTING,CONTROL_DEVICE,CHP_ROAD_TYPE,PEDESTRIAN_ACCIDENT,BICYCLE_ACCIDENT,MOTORCYCLE_ACCIDENT,TRUCK_ACCIDENT,NOT_PRIVATE_PROPERTY,ALCOHOL_INVOLVED,STWD_VEHTYPE_AT_FAULT,CHP_VEHTYPE_AT_FAULT,COUNT_SEVERE_INJ,COUNT_VISIBLE_INJ,COUNT_COMPLAINT_PAIN,COUNT_PED_KILLED,COUNT_PED_INJURED,COUNT_BICYCLIST_KILLED,COUNT_BICYCLIST_INJURED,COUNT_MC_KILLED,COUNT_MC_INJURED,PRIMARY_RAMP,SECONDARY_RAMP,LATITUDE,LONGITUDE,COUNTY,CITY,POINT_X,POINT_Y
92108547,2023,2023-07-03,9675,2023-06-25,1227,023116,NA,7,1,7,3019,0,1,1,NA,2,520,I-5 NORTHBOUND,SR-22,1130,S,N,A,-,Y,ORA,NA,5,NA,NA,33.788,H,NA,R,Y,4,0,1,3,A,-,03,22350,NA,N,C,C,A,A,H,-,A,D,0,NA,NA,NA,NA,Y,NA,A,07,0,0,1,0,0,0,0,0,0,-,-,33.77619934082031,-117.87387084960938,ORANGE,SANTA ANA,-117.87381744384766,33.77622985839844
92109508,2023,2023-07-05,9670,2023-06-10,1307,018278,NA,6,1,6,3009,0,1,3,NA,2,025,SR-22 W/B TO EUCLID ST.,EUCLID ST.,808,E,N,A,-,Y,NA,NA,NA,NA,NA,NA,NA,NA,NA,N,4,0,1,2,A,-,03,22350,NA,N,C,C,A,A,H,-,A,A,0,NA,NA,NA,NA,Y,NA,A,07,0,0,1,0,0,0,0,0,0,-,-,33.766788482666016,-117.93492126464844,ORANGE,GARDEN GROVE,-117.93492126464844,33.766788482666016
92111086,2023,2023-07-06,9675,2023-06-29,1345,020851,NA,4,1,7,3019,0,1,3,NA,2,052,SR-55 SOUTHBOUND,DYER RD.,1420,S,N,A,-,Y,ORA,NA,55,NA,R,7.574,H,NA,L,N,4,0,2,4,A,-,07,21658,A,N,B,C,A,A,H,-,A,D,0,NA,NA,NA,NA,Y,NA,D,22,0,0,2,0,0,0,0,0,0,-,-,33.70528030395508,-117.85511779785156,ORANGE,SANTA ANA,-117.85517120361328,33.70531463623047
92114058,2023,2024-01-25,9675,2023-07-02,332,021874,NA,7,3,7,3019,0,1,1,NA,2,503,I-5 SOUTHBOUND,FIRST STREET,850,S,N,A,-,Y,ORA,NA,5,NA,NA,30.723,H,NA,L,Y,3,0,1,2,C,-,18,NA,NA,N,C,C,A,A,H,-,C,D,0,NA,NA,NA,NA,Y,NA,-,-,0,1,0,0,0,0,0,0,0,-,-,33.7435302734375,-117.84091186523438,ORANGE,SANTA ANA,-117.84093475341795,33.74351119995117
9211449,2020,2022-06-18,3022,2020-10-11,0313,1374,SOUTH,7,5,5,3022,0,0,0,NA,0,NA,JAMBOREE RD,BARRANCA PKWY,1530,N,N,A,-,N,NA,NA,NA,NA,NA,NA,NA,NA,NA,Y,1,2,0,2,A,-,08,22107,NA,N,B,C,A,A,H,-,C,D,0,NA,NA,Y,NA,Y,Y,-,-,0,0,0,0,0,0,0,2,0,-,-,33.694000244140625,-117.82705688476563,ORANGE,TUSTIN,-117.82350158691406,33.69738006591797
92116409,2023,2023-07-13,9675,2023-07-04,1300,021272,NA,2,1,7,3001,0,1,3,NA,2,194,SR-91 WESTBOUND,IMPERIAL HIGHWAY,1500,W,N,A,-,Y,ORA,NA,91,NA,R,11.211,H,NA,L,Y,4,0,1,1,C,-,18,NA,NA,N,E,I,A,A,H,-,A,D,0,NA,NA,NA,NA,Y,NA,-,-,0,0,1,0,0,0,0,0,0,-,-,33.854190826416016,-117.79704284667967,ORANGE,ANAHEIM,-117.79702758789063,33.85444641113281
92117793,2023,2023-07-17,9675,2023-06-30,1620,023136,NA,5,2,7,3001,0,1,3,NA,2,095,SR-91 EASTBOUND,WEIR CANYON RD,650,E,N,A,-,Y,ORA,NA,91,NA,R,14.583,H,NA,R,N,4,0,2,3,A,-,08,22107,NA,N,B,C,A,A,H,-,A,D,0,NA,NA,NA,NA,Y,NA,D,22,0,0,2,0,0,0,0,0,0,-,-,33.87057876586914,-117.74217987060548,ORANGE,ANAHEIM,-117.74217987060548,33.8705940246582
92119880,2023,2023-07-18,9670,2023-07-15,1710,022493,NA,6,2,5,3003,0,1,3,NA,2,091,SR-91 W/B (RIVERSIDE FREEWAY),KNOTT AVE,1600,E,N,A,-,Y,ORA,NA,91,NA,R,2.172,H,NA,L,Y,2,0,3,3,A,-,08,22107,NA,N,B,2,A,A,H,-,A,D,0,NA,NA,NA,NA,Y,NA,A,07,1,2,0,0,0,0,0,0,0,-,-,33.85609817504883,-118.00570678710938,ORANGE,BUENA PARK,-118.00570678710938,33.85612106323242
92121789,2023,2023-07-20,9690,2023-07-11,1022,014424,NA,2,1,4,3029,0,1,1,NA,2,058,I-5 N/B (SAN DIEGO FRWY),CAMINO DE ESTRELLA,1600,N,N,A,-,Y,ORA,NA,5,NA,NA,6.125,H,NA,R,Y,4,0,1,2,A,-,03,22350,NA,N,C,C,A,A,H,-,A,A,0,NA,NA,NA,NA,Y,NA,A,07,0,0,1,0,0,0,0,0,0,-,-,33.46126174926758,-117.66088104248048,ORANGE,DANA POINT,-117.66087341308594,33.461265563964844
92123672,2023,2023-07-24,9675,2023-07-14,940,020027,NA,5,1,7,3019,0,1,3,NA,2,551,SR-55 SOUTHBOUND,4TH ST,500,N,N,A,-,Y,ORA,NA,55,NA,NA,11.123,H,NA,L,Y,4,0,2,2,A,-,03,22350,NA,N,C,C,A,A,H,-,A,D,0,NA,NA,NA,NA,Y,NA,A,01,0,0,2,0,0,0,0,0,0,-,-,33.75027084350586,-117.83193969726563,ORANGE,SANTA ANA,-117.83204650878906,33.75027847290039
92124707,2023,2023-07-24,9675,2023-07-17,24,022046,NA,1,3,6,3004,0,1,1,NA,2,405,I-405 NORTHBOUND FROM FAIRVIEW RD,FAIRVIEW RD,80,N,N,A,-,Y,NA,NA,NA,NA,NA,NA,NA,NA,NA,Y,4,0,1,1,A,-,03,22350,NA,N,E,I,A,A,H,-,C,D,0,NA,NA,NA,NA,Y,NA,A,01,0,0,1,0,0,0,0,0,0,-,-,33.687408447265625,-117.9072723388672,ORANGE,COSTA MESA,-117.9072723388672,33.687408447265625
92125824,2023,2023-07-26,9675,2023-07-15,1752,021716,NA,6,2,7,3019,0,1,1,NA,2,502,I-5 SOUTHBOUND,1ST ST.,510,N,N,A,-,Y,ORA,NA,5,NA,NA,31.013,H,NA,L,N,4,0,1,2,A,-,03,22350,NA,N,C,C,A,A,H,-,A,D,0,NA,NA,NA,NA,Y,NA,A,07,0,0,1,0,0,0,0,0,0,-,-,33.74711990356445,-117.84317016601563,ORANGE,SANTA ANA,-117.84307861328124,33.74714279174805
92126319,2023,2023-07-26,9670,2023-07-16,113,021900,NA,7,3,5,3003,0,1,3,NA,2,091,SR-91 W/B,KNOTT AVE,1200,E,N,A,-,Y,ORA,NA,91,NA,R,2.167,H,NA,L,N,4,0,2,2,A,-,01,23152,A,N,B,C,A,A,H,-,C,D,0,NA,NA,Y,NA,Y,Y,A,01,0,0,2,0,0,0,0,0,2,-,-,33.85622024536133,-118.0058135986328,ORANGE,BUENA PARK,-118.00580596923828,33.85612106323242
9212790,2020,2021-02-09,3012,2020-12-20,0024,631,48,7,5,5,3012,0,0,0,NA,0,004,IMPERIAL HWY,IDAHO ST,459,E,N,A,-,Y,ORA,12,90,-,-,1.1,H,-,E,N,4,0,1,2,A,-,08,22107,NA,N,D,C,A,A,H,-,C,D,0,NA,NA,NA,NA,Y,NA,A,01,0,0,1,0,0,0,0,0,0,-,-,NA,NA,ORANGE,LA HABRA,-117.9574737548828,33.91725158691406
92131670,2023,2023-07-31,9675,2023-07-20,2200,023105,NA,4,3,7,3019,0,1,1,NA,2,530,I-5 NORTHBOUND,LINCOLN AVE,15,S,N,A,-,Y,ORA,NA,5,NA,NA,32.054,H,NA,R,N,4,0,1,4,A,-,07,21658,A,N,B,C,A,A,H,-,C,D,0,NA,NA,NA,NA,Y,NA,A,07,0,0,1,0,0,0,0,0,0,-,-,33.75682067871094,-117.8560028076172,ORANGE,SANTA ANA,-117.85595703125,33.75688934326172
9213215,2021,2021-03-16,3002,2021-01-15,1900,3893,740C3,5,5,5,3025,0,0,0,NA,0,003,BASTANCHURY RD,KRUEGER ST,373,E,N,A,-,N,NA,NA,NA,NA,NA,NA,NA,NA,NA,Y,3,0,1,1,A,-,01,23152,A,N,E,I,A,A,H,-,C,D,0,NA,NA,NA,NA,Y,Y,D,22,0,1,0,0,0,0,0,0,0,-,-,NA,NA,ORANGE,YORBA LINDA,-117.8087158203125,33.900569915771484
9213436,2020,2021-02-09,3022,2020-07-19,2107,1350,NA,7,5,5,3022,0,0,0,NA,0,NA,NEWPORT AV,VALENCIA AV,0,NA,Y,A,-,N,NA,NA,NA,NA,NA,NA,NA,NA,NA,N,3,0,1,1,A,-,01,23152,A,N,F,A,A,A,H,-,C,A,0,NA,NA,Y,NA,Y,Y,C,02,0,1,0,0,0,0,0,0,1,-,-,33.71984100341797,-117.83673095703124,ORANGE,TUSTIN,-117.83649,33.71984
92135790,2023,2023-08-04,9675,2023-07-24,925,023310,NA,1,1,7,3001,0,1,3,NA,2,093,SR-91 WESTBOUND,GLASSELL STREET,1235,W,N,A,-,Y,ORA,NA,91,NA,NA,7.1,H,NA,L,Y,3,0,1,2,A,-,03,22350,NA,N,C,C,A,A,H,-,A,D,0,NA,NA,NA,Y,Y,NA,D,22,0,1,0,0,0,0,0,0,0,-,-,33.847068786621094,-117.85967254638672,ORANGE,ANAHEIM,-117.85964965820313,33.84701156616211
92136615,2023,2023-08-07,9675,2023-07-25,2005,023341,NA,2,2,7,3019,0,1,1,NA,2,502,I-5 NORTHBOUND,MAIN STREET,50,N,N,A,-,Y,ORA,NA,5,NA,NA,33.043,H,NA,R,Y,3,0,4,2,A,-,03,22350,NA,N,C,C,A,A,H,-,C,D,0,NA,NA,NA,NA,Y,NA,A,07,0,3,1,0,0,0,0,0,0,-,-,33.767250061035156,-117.86679077148438,ORANGE,SANTA ANA,-117.86687469482422,33.76721954345703
9213785,2021,2021-03-09,3000,2021-01-17,0029,11256,922D2,7,5,5,3028,0,0,0,NA,0,755,LA PAZ RD,COMMERCE CENTER,228,W,N,A,-,N,NA,NA,NA,NA,NA,NA,NA,NA,NA,Y,3,0,1,1,A,-,08,22107,NA,N,E,I,A,A,H,-,C,D,0,NA,NA,NA,NA,Y,NA,A,01,0,1,0,0,0,0,0,0,0,-,-,NA,NA,ORANGE,MISSION VIEJO,-117.65561676025392,33.596431732177734
92141919,2023,2023-08-11,9675,2023-08-04,1715,021834,NA,5,2,7,3001,0,1,3,NA,2,094,SR-91 EASTBOUND,WEIR CANYON ROAD,5500,W,N,A,-,Y,ORA,NA,91,NA,R,13.37,H,NA,R,N,4,0,1,3,A,-,03,22350,NA,N,C,C,A,A,H,-,A,D,0,NA,NA,NA,NA,Y,NA,A,01,0,0,1,0,0,0,0,0,0,-,-,33.867431640625,-117.7624969482422,ORANGE,ANAHEIM,-117.7624740600586,33.86738967895508
92141970,2023,2023-08-11,9670,2023-08-08,1755,019304,NA,2,2,6,3009,0,1,3,NA,2,024,SR-22 E/B,GARDEN GROVE BLVD,20,E,N,A,-,Y,ORA,NA,22,NA,R,8.886,H,NA,R,Y,4,0,1,3,A,-,03,22350,NA,N,C,C,A,A,H,-,A,D,0,NA,NA,NA,NA,Y,NA,A,01,0,0,1,0,0,0,0,0,0,-,-,33.77473831176758,-117.90412139892578,ORANGE,GARDEN GROVE,-117.90410614013672,33.774715423583984
9214372,2020,2021-03-06,3000,2020-12-15,1255,2182,993A1,2,5,5,3017,0,0,0,NA,0,M73,CAMINO VERA CRUZ,AVENIDA PICO,434,N,N,A,-,N,NA,NA,NA,NA,NA,NA,NA,NA,NA,Y,4,0,1,2,A,-,09,21801,A,N,A,C,A,A,H,-,A,A,0,NA,NA,NA,NA,Y,NA,-,NA,0,0,1,0,0,0,0,0,0,-,-,NA,NA,ORANGE,SAN CLEMENTE,-117.60974884033205,33.45207977294922
92143843,2023,2023-08-15,9670,2023-08-11,825,021459,NA,5,1,6,3009,0,1,3,NA,2,020,SR-22 E/B FROM GARDEN GROVE BLVD,GARDEN GROVE BLVD,415,E,N,A,-,Y,NA,NA,NA,NA,NA,NA,NA,NA,NA,N,3,0,1,3,A,-,03,22350,NA,N,C,C,A,A,H,-,A,D,0,NA,NA,NA,NA,Y,NA,A,01,0,1,0,0,0,0,0,0,0,-,-,33.77394104003906,-118.03549957275392,ORANGE,GARDEN GROVE,-118.03549957275392,33.77394104003906
9214410,2020,2021-02-27,3000,2020-12-13,1410,3588,992H4,7,5,5,3017,0,0,0,NA,0,074,NORTH EL CAMINO REAL,CANADA,16,S,N,A,-,N,NA,NA,NA,NA,NA,NA,NA,NA,NA,N,3,0,1,2,A,-,09,21804,A,N,F,A,A,A,H,-,A,D,0,NA,Y,Y,NA,Y,NA,L,04,0,1,0,0,0,0,0,0,1,-,-,NA,NA,ORANGE,SAN CLEMENTE,-117.61973571777344,33.43050003051758
92145752,2023,2023-08-16,9675,2023-08-05,1515,021834,NA,6,2,7,3001,0,1,3,NA,2,095,SR-91 EASTBOUND,GYPSUM CNYN RD,1000,W,N,A,-,Y,ORA,NA,91,NA,R,15.904,H,NA,R,N,4,0,1,2,A,-,03,22350,NA,N,C,C,A,A,H,-,A,D,0,NA,NA,NA,NA,Y,NA,A,01,0,0,1,0,0,0,0,0,0,-,-,33.86663055419922,-117.7203369140625,ORANGE,ANAHEIM,-117.7203369140625,33.86663818359375
92146898,2023,2023-08-17,9675,2023-08-07,1617,021274,NA,1,2,6,3015,0,1,3,NA,2,572,SR-57 SB TO SR-22 WB / LA VETA AVE.,LA VETA AVENUE,650,N,N,A,-,Y,NA,NA,NA,NA,NA,NA,NA,NA,NA,N,3,0,3,2,A,-,07,21658,A,N,B,C,A,A,H,-,A,D,0,NA,NA,NA,NA,Y,NA,A,08,0,3,0,0,0,0,0,0,0,-,-,33.78211975097656,-117.88134765625,ORANGE,ORANGE,-117.88134765625,33.78211975097656
92148291,2023,2023-08-21,9675,2023-08-09,1830,023341,NA,3,2,7,3019,0,1,3,NA,2,552,SR-55 NORTHBOUND,DYER ROAD,775,S,N,B,-,Y,ORA,NA,55,NA,R,7.72,H,NA,R,N,4,0,1,2,A,-,03,22350,NA,N,B,C,A,A,H,-,A,D,0,NA,NA,Y,NA,Y,NA,C,02,0,0,1,0,0,0,0,0,1,-,-,33.70689010620117,-117.85340881347656,ORANGE,SANTA ANA,-117.85334014892578,33.70684051513672
92148815,2023,2023-08-21,9670,2023-08-05,1035,016271,NA,6,1,4,3020,0,1,1,NA,2,045,I-405 S/B,SEAL BEACH BLVD,1700,N,N,A,-,Y,ORA,NA,405,NA,NA,22.992,H,NA,L,Y,3,0,1,3,A,-,03,22350,NA,N,B,C,A,A,D,E,A,D,0,NA,NA,Y,NA,Y,NA,C,02,0,1,0,0,0,0,0,0,1,-,-,33.774288177490234,-118.08126068115234,ORANGE,SEAL BEACH,-118.08126068115234,33.77428436279297
92149231,2023,2023-08-21,9675,2023-08-09,845,018039,NA,3,1,6,3026,0,1,1,NA,2,503,I-5 SOUTHBOUND,YALE AVE PEDESTRIAN OVERCROSS,372,S,N,A,-,Y,ORA,NA,5,NA,R,25.755,H,NA,L,N,3,0,1,2,A,-,07,21658,A,N,B,C,A,B,H,-,A,D,0,NA,NA,Y,NA,Y,NA,A,01,0,1,0,0,0,0,0,0,1,-,-,33.69960021972656,-117.77480316162108,ORANGE,IRVINE,-117.77490234375,33.699554443359375
92149994,2023,2023-08-22,9670,2023-08-09,1505,019290,NA,3,2,4,3020,0,1,1,NA,2,045,I-405 S/B (SAN DIEGO FWY),I-605 S/B,100,S,N,A,-,Y,ORA,NA,405,NA,NA,23.931,H,NA,L,N,4,0,1,2,A,-,00,23512,NA,M,B,C,A,A,D,-,A,D,0,NA,NA,NA,NA,Y,NA,A,01,0,0,1,0,0,0,0,0,0,-,-,33.78274154663086,-118.09114074707033,ORANGE,SEAL BEACH,-118.0910873413086,33.78274917602539
92154996,2023,2023-08-28,9675,2023-07-10,1250,015914,NA,1,1,6,3004,0,1,1,NA,2,405,FAIRVIEW ROAD,I-405 N/B FROM FAIRVIEW RD,15,E,N,A,-,Y,NA,NA,NA,NA,NA,NA,NA,NA,NA,N,3,0,3,3,C,-,18,NA,NA,N,E,I,F,A,D,-,A,A,0,Y,NA,NA,NA,Y,NA,-,-,0,1,2,0,2,0,0,0,0,-,-,33.68840026855469,-117.90780639648438,ORANGE,COSTA MESA,-117.90753936767578,33.66316604614258
9215512,2020,2021-02-02,3022,2020-11-23,2217,1273,NORTH,1,5,5,3022,0,0,0,NA,0,NA,17TH ST,YORBA ST,0,NA,Y,A,-,N,NA,NA,NA,NA,NA,NA,NA,NA,NA,N,4,0,1,2,A,-,12,21453,A,N,D,C,A,A,H,-,C,A,0,NA,NA,NA,NA,Y,NA,A,01,0,0,1,0,0,0,0,0,0,-,-,33.759910583496094,-117.82701873779295,ORANGE,TUSTIN,-117.82910919189452,33.75975036621094
92156222,2023,2023-08-28,9690,2023-08-16,955,019319,NA,3,1,5,3028,0,1,1,NA,2,055,I-5 N/B (SAN DIEGO FREEWAY),ALICIA PARKWAY,177,S,N,A,-,Y,ORA,NA,5,NA,NA,17.428,H,NA,R,N,3,0,3,4,A,-,03,22350,NA,N,C,C,A,A,D,-,A,D,0,NA,NA,NA,Y,Y,NA,F,55,0,1,2,0,0,0,0,0,0,-,-,33.604270935058594,-117.6898193359375,ORANGE,MISSION VIEJO,-117.68984222412108,33.604248046875
92158287,2023,2023-08-30,9670,2023-04-30,450,022519,NA,7,3,5,3024,0,1,1,NA,2,043,INTERSTATE 405 SOUTHBOUND,GOLDENWEST STREET,2015,N,N,B,-,Y,ORA,NA,405,NA,NA,18.058,H,NA,L,Y,1,1,0,1,A,-,08,22107,NA,N,E,I,A,A,D,-,C,D,0,NA,NA,Y,NA,Y,NA,C,02,0,0,0,0,0,0,0,1,0,-,-,33.74747085571289,-118.00862884521484,ORANGE,WESTMINSTER,-118.0084991455078,33.747581481933594
9215858,2021,2021-03-16,3003,2021-01-12,1241,652,NA,2,5,5,3003,0,0,0,NA,0,NA,VALLEY VIEW ST,CRESCENT AV,0,NA,Y,A,-,N,NA,NA,NA,NA,NA,NA,NA,NA,NA,Y,4,0,1,2,A,-,03,22350,NA,N,C,C,A,A,H,-,A,A,0,NA,NA,NA,NA,Y,NA,A,01,0,0,1,0,0,0,0,0,0,-,-,33.83890151977539,-118.0282974243164,ORANGE,BUENA PARK,-118.02864074707033,33.83943176269531
92158805,2023,2023-08-30,9690,2023-08-20,1553,016430,NA,7,2,4,3045,0,1,1,NA,2,056,I-5 SB,LA PAZ RD,528,S,N,B,C,Y,ORA,NA,5,NA,NA,16.267,H,NA,L,N,3,0,1,1,A,-,03,22350,NA,N,E,I,A,B,H,-,A,D,0,NA,NA,NA,NA,Y,NA,A,01,0,1,0,0,0,0,0,0,0,-,-,33.594818115234375,-117.67333221435548,ORANGE,LAGUNA HILLS,-117.6733169555664,33.594825744628906
92158924,2023,2023-08-30,9675,2023-08-20,1431,020694,NA,7,2,7,3019,0,1,3,NA,2,551,SR-55 SOUTHBOUND,MAIN ST.,500,N,N,B,C,Y,ORA,NA,55,NA,NA,10.618,H,NA,L,Y,4,0,1,1,A,-,03,22350,NA,N,E,I,A,B,H,-,A,D,0,NA,NA,NA,NA,Y,NA,A,01,0,0,1,0,0,0,0,0,0,-,-,33.743141174316406,-117.83367919921876,ORANGE,SANTA ANA,-117.8338623046875,33.7431526184082
92160055,2023,2023-08-31,9670,2023-08-23,1615,014558,NA,3,2,5,3024,0,1,1,NA,2,042,I-405 N/B (SAN DIEGO FREEWAY),BOLSA CHICA BLVD,3800,S,N,A,-,Y,ORA,NA,405,NA,NA,19.811,H,NA,R,N,4,0,1,2,A,-,03,22350,NA,N,C,C,A,A,D,E,A,D,0,NA,NA,NA,NA,Y,NA,A,07,0,0,1,0,0,0,0,0,0,-,-,33.76591873168945,-118.02986145019533,ORANGE,WESTMINSTER,-118.02997589111328,33.76582336425781
92167521,2023,2023-09-11,9690,2023-08-29,1820,020086,NA,2,2,9,3000,0,1,3,NA,1,074,SR-74 WESTBOUND,GIBBY ROAD,50,E,N,A,-,N,NA,NA,NA,NA,NA,NA,NA,NA,NA,Y,4,0,1,2,A,-,03,22350,NA,N,C,C,A,A,H,-,A,D,0,NA,NA,NA,NA,Y,NA,A,01,0,0,1,0,0,0,0,0,0,-,-,33.51414108276367,-117.57730865478516,ORANGE,UNINCORPORATED,-117.57730865478516,33.51413345336914
92169036,2023,2024-02-07,9675,2023-09-03,627,020627,NA,7,1,7,3001,0,1,3,NA,2,194,SR-91 EASTBOUND,WEIR CANYON ROAD,7920,W,N,A,-,Y,ORA,NA,91,NA,R,12.904,H,NA,R,Y,2,0,4,2,A,-,03,22350,NA,N,D,C,A,A,H,-,B,D,0,NA,NA,NA,NA,Y,NA,A,01,1,3,0,0,0,0,0,0,0,-,-,33.864051818847656,-117.7696533203125,ORANGE,ANAHEIM,-117.76958465576172,33.863956451416016
92169232,2023,2023-09-13,9675,2023-09-03,2049,023116,NA,7,2,5,3016,0,1,3,NA,2,571,SR-57 SOUTHBOUND,CROWTHER AVENUE,10,N,N,A,-,Y,ORA,NA,57,NA,NA,16.765,H,NA,L,Y,4,0,1,2,A,-,03,22350,NA,F,C,C,A,A,H,-,C,D,0,NA,NA,NA,NA,Y,NA,-,99,0,0,1,0,0,0,0,0,0,-,-,33.866329193115234,-117.87889099121094,ORANGE,PLACENTIA,-117.87890625,33.86632537841797
92170362,2023,2023-09-14,9675,2023-09-13,1525,021633,NA,3,2,5,3022,0,1,3,NA,2,051,SR-55 NORTHBOUND,INTERSTATE 5,425,S,N,A,-,Y,ORA,NA,55,NA,NA,10.35,H,NA,R,N,3,0,1,2,A,-,03,22350,NA,N,B,C,A,A,H,-,A,D,0,NA,NA,NA,NA,Y,NA,A,07,0,1,0,0,0,0,0,0,0,-,-,33.73918914794922,-117.83377838134766,ORANGE,TUSTIN,-117.83372497558594,33.73918914794922
92173280,2023,2023-09-19,9675,2023-09-09,140,022074,NA,6,3,6,3026,0,1,1,NA,2,406,I-405 SOUTHBOUND FROM JAMBOREE RD.,JAMBOREE RD.,350,S,N,A,-,Y,NA,NA,NA,NA,NA,NA,NA,NA,NA,Y,2,0,1,1,A,-,01,23152,A,N,E,I,A,A,H,-,C,D,0,NA,NA,NA,NA,Y,Y,D,22,1,0,0,0,0,0,0,0,0,-,-,33.676029205322266,-117.84295654296876,ORANGE,IRVINE,-117.84295654296876,33.676029205322266
92173407,2023,2023-09-19,9670,2023-09-13,2110,021755,NA,3,2,4,3020,0,1,1,NA,2,045,I-405 S/B,SEAL BEACH BLVD,2640,N,N,A,-,Y,ORA,NA,405,NA,NA,23.715,H,NA,L,Y,4,0,1,2,A,-,03,22350,NA,N,C,C,A,A,D,E,C,D,0,NA,NA,NA,NA,Y,NA,A,01,0,0,1,0,0,0,0,0,0,-,-,33.77967834472656,-118.09040069580078,ORANGE,SEAL BEACH,-118.09025573730467,33.77970886230469
92173479,2023,2023-09-19,9670,2023-09-18,630,020523,NA,1,1,9,3000,0,3,5,NA,2,004,KATELLA AVE,GILBERT ST,0,NA,Y,A,-,N,NA,NA,NA,NA,NA,NA,NA,NA,NA,Y,4,0,1,2,A,-,12,21453,A,N,D,C,A,A,H,-,A,A,0,NA,NA,NA,NA,Y,NA,A,07,0,0,1,0,0,0,0,0,0,-,-,33.80316162109375,-117.96753692626952,ORANGE,UNINCORPORATED,-117.96755981445313,33.80316162109375
92175412,2023,2023-09-20,9690,2023-09-09,1233,019394,NA,6,1,5,3028,0,1,1,NA,2,056,I-5 N/B (SAN DIEGO FRWY),OSO PKWY.,2340,N,N,A,-,Y,ORA,NA,5,NA,NA,15.665,H,NA,R,N,3,0,1,2,A,-,07,21658,A,N,B,C,A,A,D,-,A,D,0,NA,NA,Y,NA,Y,NA,A,01,0,1,0,0,0,0,0,0,1,-,-,33.586700439453125,-117.67160034179688,ORANGE,MISSION VIEJO,-117.67149353027344,33.58669662475586
92175786,2023,2023-09-21,9690,2023-09-13,1510,016493,NA,3,2,5,3028,0,1,1,NA,2,560,I-5 N/B (SAN DIEGO FRWY),CROWN VALLEY PARKWAY,2500,N,N,A,-,Y,ORA,NA,5,NA,NA,14.225,H,NA,R,N,3,0,1,2,A,-,03,22350,NA,N,C,C,A,A,D,-,A,D,0,NA,NA,NA,NA,Y,NA,A,07,0,1,0,0,0,0,0,0,0,-,-,33.565731048583984,-117.6723175048828,ORANGE,MISSION VIEJO,-117.67220306396484,33.56571960449219
9217671,2020,2021-03-08,3008,2020-12-23,0818,1159,1,3,5,6,3008,0,0,0,NA,0,NA,GILBERT ST,HUGHES DR,0,NA,Y,A,-,N,NA,NA,NA,NA,NA,NA,NA,NA,NA,Y,3,0,4,4,A,-,12,21453,A,N,B,C,A,A,H,-,A,A,0,NA,NA,NA,NA,Y,NA,A,01,0,1,3,0,0,0,0,0,0,-,-,NA,NA,ORANGE,FULLERTON,-117.96588134765624,33.882991790771484
92178042,2023,2023-09-25,9670,2023-09-19,900,020523,NA,2,1,6,3008,0,1,1,NA,2,501,I-5 S/B,LA PALMA AVE,100,N,N,A,-,Y,ORA,NA,5,NA,NA,41.011,H,NA,L,Y,4,0,1,2,A,-,03,22350,NA,N,C,C,A,A,H,-,A,D,0,NA,NA,NA,NA,Y,NA,A,01,0,0,1,0,0,0,0,0,0,-,-,33.84769821166992,-117.9635772705078,ORANGE,FULLERTON,-117.96361541748048,33.84764862060547