CASE_ID,ACCIDENT_YEAR,PROC_DATE,JURIS,COLLISION_DATE,COLLISION_TIME,OFFICER_ID,REPORTING_DISTRICT,DAY_OF_WEEK,CHP_SHIFT,POPULATION,CNTY_CITY_LOC,SPECIAL_COND,BEAT_TYPE,CHP_BEAT_TYPE,CITY_DIVISION_LAPD,CHP_BEAT_CLASS,BEAT_NUMBER,PRIMARY_RD,SECONDARY_RD,DISTANCE,DIRECTION,INTERSECTION,WEATHER_1,WEATHER_2,STATE_HWY_IND,CALTRANS_COUNTY,CALTRANS_DISTRICT,STATE_ROUTE,ROUTE_SUFFIX,POSTMILE_PREFIX,POSTMILE,LOCATION_TYPE,RAMP_INTERSECTION,SIDE_OF_HWY,TOW_AWAY,COLLISION_SEVERITY,NUMBER_KILLED,NUMBER_INJURED,PARTY_COUNT,PRIMARY_COLL_FACTOR,PCF_CODE_OF_VIOL,PCF_VIOL_CATEGORY,PCF_VIOLATION,PCF_VIOL_SUBSECTION,HIT_AND_RUN,TYPE_OF_COLLISION,MVIW,PED_ACTION,ROAD_SURFACE,ROAD_COND_1,ROAD_COND_2,LIGHTING,CONTROL_DEVICE,CHP_ROAD_TYPE,PEDESTRIAN_ACCIDENT,BICYCLE_ACCIDENT,MOTORCYCLE_ACCIDENT,TRUCK_ACCIDENT,NOT_PRIVATE_PROPERTY,ALCOHOL_INVOLVED,STWD_VEHTYPE_AT_FAULT,CHP_VEHTYPE_AT_FAULT,COUNT_SEVERE_INJ,COUNT_VISIBLE_INJ,COUNT_COMPLAINT_PAIN,COUNT_PED_KILLED,COUNT_PED_INJURED,COUNT_BICYCLIST_KILLED,COUNT_BICYCLIST_INJURED,COUNT_MC_KILLED,COUNT_MC_INJURED,PRIMARY_RAMP,SECONDARY_RAMP,LATITUDE,LONGITUDE,COUNTY,CITY,POINT_X,POINT_Y
94976439,2025,2025-12-17,9690,2025-12-12,745,020086,NA,5,1,9,3000,0,3,5,NA,2,004,ANTONIO PKWY,ONEILL DRIVE,0,NA,Y,A,-,N,NA,NA,NA,NA,NA,NA,NA,NA,NA,Y,4,0,1,2,A,-,12,21453,A,N,D,C,A,A,H,-,A,A,0,NA,NA,NA,NA,Y,NA,A,07,0,0,1,0,0,0,0,0,0,-,-,33.54547119140625,-117.6290283203125,ORANGE,UNINCORPORATED,-117.62918090820313,33.54534149169922
94977693,2025,2025-12-29,9670,2025-12-16,1535,021038,NA,2,2,5,3024,0,1,1,NA,2,042,I-405 N/B,GOLDENWEST STREET,160,S,N,A,-,Y,ORA,NA,405,NA,NA,17.917,H,NA,R,N,4,0,1,2,A,-,03,22350,NA,N,C,C,A,A,H,-,A,D,0,NA,NA,NA,NA,Y,NA,A,01,0,0,1,0,0,0,0,0,0,-,-,33.7464485168457,-118.00647735595705,ORANGE,WESTMINSTER,-118.00668334960938,33.74628448486328
94983394,2025,2025-12-23,9670,2025-12-17,1410,019694,NA,3,2,7,3001,0,1,3,NA,2,094,STATE ROUTE 91 E/B (RIVERSIDE FWY),HARBOR BLVD,2798,W,N,A,-,Y,ORA,NA,91,NA,NA,2.706,H,NA,R,Y,4,0,2,4,A,-,03,22350,NA,N,C,C,A,A,H,-,A,D,0,NA,NA,NA,NA,Y,NA,A,01,0,0,2,0,0,0,0,0,0,-,-,33.85409164428711,-117.93376922607422,ORANGE,ANAHEIM,-117.93376922607422,33.85410690307617
94985755,2025,2025-12-24,9675,2025-12-17,1405,022222,NA,3,2,7,3019,0,1,1,NA,2,502,I-5 NORTHBOUND,BROADWAY,200,N,N,A,-,Y,ORA,NA,5,NA,NA,33.387,H,NA,R,Y,4,0,1,2,A,-,08,22107,NA,N,B,C,A,A,H,-,A,D,0,NA,NA,NA,NA,Y,NA,A,01,0,0,1,0,0,0,0,0,0,-,-,33.771488189697266,-117.86991119384766,ORANGE,SANTA ANA,-117.86983489990234,33.77153778076172
9498761,2022,2022-12-14,3000,2022-08-13,1220,6532,971J6,6,5,4,3029,0,0,0,NA,0,734,PACIFIC COAST HWY,COPPER LANTERN,0,NA,Y,A,-,N,NA,NA,NA,NA,NA,NA,NA,NA,NA,N,4,0,3,4,A,-,04,21703,NA,N,C,C,A,A,H,-,A,A,0,NA,NA,NA,NA,Y,NA,A,01,0,0,3,0,0,0,0,0,0,-,-,NA,NA,ORANGE,DANA POINT,-117.69381713867188,33.466617584228516
9499211,2022,2022-12-08,3004,2022-10-04,0043,P608,19,2,5,6,3004,0,0,0,NA,0,004,HARBOR BL,NUTMEG PL,30,N,N,A,-,N,NA,NA,NA,NA,NA,NA,NA,NA,NA,Y,3,0,1,2,A,-,11,21954,A,N,A,B,A,A,H,-,C,A,0,NA,NA,NA,NA,Y,Y,M,94,0,1,0,0,0,0,0,0,0,-,-,33.68210983276367,-117.91940307617188,ORANGE,COSTA MESA,-117.91944885253906,33.68202209472656
94992574,2025,2025-12-30,9675,2025-12-19,1550,016748,NA,5,2,5,3016,0,1,3,NA,2,071,SR-57 NORTHBOUND,ORANGETHORPE AVENUE,800,N,N,A,-,Y,ORA,NA,57,NA,NA,16.488,H,NA,R,Y,4,0,1,2,A,-,03,22350,NA,N,C,D,A,A,H,-,A,D,0,NA,NA,Y,NA,Y,NA,C,02,0,0,1,0,0,0,0,0,1,-,-,33.86246109008789,-117.87753295898438,ORANGE,PLACENTIA,-117.87747955322266,33.86247253417969
95003353,2025,2026-01-07,9675,2025-12-27,1548,020923,NA,6,2,7,3001,0,1,3,NA,2,193,SR-91 W/B TO SR-55 S/B,LAKEVIEW AVE,3500,W,N,A,-,Y,ORA,NA,91,NA,R,9.416,H,NA,L,N,3,0,2,1,A,-,08,22107,NA,N,E,8,A,A,H,-,A,D,0,NA,NA,NA,NA,Y,NA,A,07,0,1,1,0,0,0,0,0,0,-,-,33.84540939331055,-117.82350158691406,ORANGE,ANAHEIM,-117.82356262207033,33.845542907714844
9500561,2022,2022-10-10,3026,2022-09-16,2359,503,PORTO,5,5,6,3026,0,0,0,NA,0,008,JEFFREY RD,BRYAN AV,0,NA,Y,A,-,N,NA,NA,NA,NA,NA,NA,NA,NA,NA,N,4,0,1,2,A,-,05,21650,1,N,D,G,A,A,H,-,A,A,0,NA,Y,NA,NA,Y,NA,L,04,0,0,1,0,0,0,1,0,0,-,-,NA,NA,ORANGE,IRVINE,-117.75652313232422,33.702003479003906
95010671,2025,2026-01-13,9675,2025-12-31,1923,024758,NA,3,2,6,3026,0,1,1,NA,2,504,I-5 NORTHBOUND,SR-133 NORTHBOUND,750,S,N,C,-,Y,ORA,NA,5,NA,NA,22.873,H,NA,R,N,4,0,1,3,A,-,03,22350,NA,N,C,C,A,B,H,-,C,D,0,NA,NA,NA,NA,Y,NA,A,01,0,0,1,0,0,0,0,0,0,-,-,33.663841247558594,-117.75021362304688,ORANGE,IRVINE,-117.75014495849608,33.663875579833984
9502790,2022,2022-10-07,3009,2022-09-04,0902,5001,117,7,5,6,3009,0,0,0,NA,0,023,WARD AV,HAZARD AV,23,S,N,A,-,N,NA,NA,NA,NA,NA,NA,NA,NA,NA,Y,2,0,2,2,A,-,12,21453,A,N,A,C,A,A,H,-,A,A,0,NA,NA,NA,NA,Y,NA,-,-,2,0,0,0,0,0,0,0,0,-,-,NA,NA,ORANGE,GARDEN GROVE,-117.94612884521484,33.75226593017578
9502792,2022,2022-09-22,3009,2022-09-08,1757,3927,112,4,5,6,3009,0,0,0,NA,0,021,CHAPMAN AV,GARY ST,7,W,N,A,-,N,NA,NA,NA,NA,NA,NA,NA,NA,NA,Y,3,0,3,2,A,-,09,21801,A,N,D,C,A,A,H,-,A,D,0,NA,NA,NA,NA,Y,NA,A,01,0,2,1,0,0,0,0,0,0,-,-,NA,NA,ORANGE,GARDEN GROVE,-117.94864654541016,33.788639068603516
9503696,2022,2022-09-27,3000,2022-08-11,1730,7734,892E7,4,5,5,3028,0,0,0,NA,0,751,JERONIMO RD,ARBOLITOS,0,NA,Y,A,-,N,NA,NA,NA,NA,NA,NA,NA,NA,NA,Y,3,0,2,2,A,-,09,21802,NA,N,D,C,A,A,H,-,A,D,0,NA,NA,NA,NA,Y,NA,A,01,0,2,0,0,0,0,0,0,0,-,-,NA,NA,ORANGE,MISSION VIEJO,-117.64710235595705,33.608062744140625
9503726,2022,2022-10-07,3002,2022-09-12,1309,8803,739H4,1,5,5,3025,0,0,0,NA,0,6M01,YORBA LINDA BL,LINDA VISTA,0,NA,Y,A,-,N,NA,NA,NA,NA,NA,NA,NA,NA,NA,Y,3,0,1,2,A,-,09,21801,A,N,D,C,A,A,H,-,A,A,0,NA,NA,NA,NA,Y,NA,A,07,0,1,0,0,0,0,0,0,0,-,-,NA,NA,ORANGE,YORBA LINDA,-117.84442138671876,33.88836669921875
9505174,2022,2022-10-11,3000,2022-09-08,1722,10576,922E3,4,5,5,3028,0,0,0,NA,0,755,APRICO DR,FELIPE RD,7,E,N,A,-,N,NA,NA,NA,NA,NA,NA,NA,NA,NA,Y,4,0,2,3,A,-,09,21801,A,N,D,C,A,A,H,-,A,D,0,NA,NA,NA,NA,Y,NA,A,01,0,0,2,0,0,0,0,0,0,-,-,NA,NA,ORANGE,MISSION VIEJO,-117.64495849609376,33.59048080444336
9506713,2022,2022-10-18,3000,2022-08-26,1438,7734,891J7,5,5,5,3028,0,0,0,NA,0,751,ALICIA PKWY,MUIRLANDS BL,189,N,N,A,-,N,NA,NA,NA,NA,NA,NA,NA,NA,NA,Y,4,0,1,2,A,-,03,22350,NA,N,C,-,A,A,H,-,A,D,0,NA,NA,NA,NA,Y,NA,D,22,0,0,1,0,0,0,0,0,0,-,-,NA,NA,ORANGE,MISSION VIEJO,-117.68620300292967,33.610225677490234
9508021,2022,2022-11-07,3004,2022-09-23,1605,P655,21,5,5,6,3004,0,0,0,NA,0,015,W PAULARINO AV,JOHNSON AV,0,NA,Y,A,-,N,NA,NA,NA,NA,NA,NA,NA,NA,NA,N,2,0,1,2,-,-,-,NA,A,N,G,G,A,A,H,-,A,A,0,NA,Y,NA,Y,Y,NA,F,26,1,0,0,0,0,0,1,0,0,-,-,33.682411193847656,-117.89952850341795,ORANGE,COSTA MESA,-117.89955139160156,33.6823844909668
95083318,2025,2026-03-05,9675,2025-05-22,1758,022058,NA,4,2,6,3026,0,1,1,NA,2,503,I-5 NORTHBOUND,CULVER DRIVE,1500,S,N,A,-,Y,ORA,NA,5,NA,R,26.239,H,NA,R,Y,4,0,1,3,A,-,03,22350,NA,M,C,C,A,A,H,-,A,D,0,NA,NA,NA,NA,Y,NA,A,01,0,0,1,0,0,0,0,0,0,-,-,33.70587158203125,-117.7786865234375,ORANGE,IRVINE,-117.77863311767578,33.70589828491211
9508394,2022,2022-10-27,3000,2022-09-21,1339,7734,922A5,3,5,5,3028,0,0,0,NA,0,751,VISTA VIEJO RD,CABOT RD,31,W,N,A,-,N,NA,NA,NA,NA,NA,NA,NA,NA,NA,Y,3,0,1,1,A,-,08,22107,NA,N,E,I,A,A,H,-,A,D,0,NA,NA,NA,NA,Y,NA,A,01,0,1,0,0,0,0,0,0,0,-,-,NA,NA,ORANGE,MISSION VIEJO,-117.67439270019533,33.572330474853516
9508629,2022,2022-10-28,3000,2022-09-26,1731,5805,862D6,1,5,5,3050,0,0,0,NA,0,765,GLENN RANCH RD,ELLIPSE,105,W,N,A,-,N,NA,NA,NA,NA,NA,NA,NA,NA,NA,Y,3,0,1,2,A,-,03,22350,NA,N,B,C,A,A,H,-,A,A,0,NA,NA,NA,NA,Y,NA,D,22,0,1,0,0,0,0,0,0,0,-,-,NA,NA,ORANGE,LAKE FOREST,-117.64976501464844,33.672489166259766
9508988,2022,2022-11-16,3005,2022-10-23,2035,8323,C16,7,5,4,3005,0,0,0,NA,0,002,VALLEY VIEW ST,LAKESHORE DR,0,NA,N,A,-,N,NA,NA,NA,NA,NA,NA,NA,NA,NA,Y,4,0,1,2,A,-,05,21651,B,N,A,C,A,A,H,-,C,A,0,NA,NA,NA,NA,Y,NA,A,01,0,0,1,0,0,0,0,0,0,-,-,NA,NA,ORANGE,CYPRESS,-118.02845001220705,33.828460693359375
9514098,2022,2023-02-23,3000,2022-12-07,1744,3358,972D1,3,5,4,3018,0,0,0,NA,0,731,ORTEGA HWY,RANCHO VIEJO,67,W,N,A,-,Y,ORA,12,74,-,-,0.23,H,-,E,Y,4,0,1,1,A,-,01,23152,F,N,E,I,A,A,H,-,C,D,0,NA,NA,NA,NA,Y,NA,A,01,0,0,1,0,0,0,0,0,0,-,-,NA,NA,ORANGE,SAN JUAN CAPISTRANO,-117.65506744384766,33.50347137451172
9514142,2023,2023-02-22,3000,2023-01-10,1640,12120,798B2,2,5,4,3021,0,0,0,NA,0,7A21,KATELLA AV,MAC MURRAY,130,E,N,A,-,N,NA,NA,NA,NA,NA,NA,NA,NA,NA,Y,4,0,1,1,A,-,03,22350,NA,N,E,I,A,B,H,-,A,D,0,NA,NA,NA,NA,Y,NA,A,01,0,0,1,0,0,0,0,0,0,-,-,NA,NA,ORANGE,STANTON,-117.97895050048828,33.8031120300293
9514397,2024,2024-03-30,3011,2024-01-08,1945,31573,36,1,5,4,3011,0,0,0,NA,0,002,FOREST AV,BEACH ST,0,NA,Y,A,-,N,NA,NA,NA,NA,NA,NA,NA,NA,NA,N,4,0,1,2,A,-,12,22450,A,N,G,B,B,A,H,-,C,D,0,Y,NA,NA,NA,Y,NA,A,08,0,0,1,0,1,0,0,0,0,-,-,NA,NA,ORANGE,LAGUNA BEACH,-117.78229522705078,33.5435676574707
9515244,2022,2022-12-16,3006,2022-09-26,0805,329,8,1,5,3,3006,0,0,0,NA,0,001,ORANGETHORPE AV,RT 91,0,NA,Y,A,-,Y,ORA,12,91,-,R,0.314,R,4,E,N,4,0,1,2,A,-,12,21453,A,N,D,C,A,A,H,-,A,A,0,NA,NA,NA,NA,Y,NA,A,01,0,0,1,0,0,0,0,0,0,-,EF,NA,NA,ORANGE,LA PALMA,-118.03705596923828,33.85995864868164
9515824,2022,2022-12-09,3000,2022-10-03,0314,1222,797H1,1,5,4,3021,0,0,0,NA,0,021,CERRITOS AV,COURSON DR,225,W,N,A,-,N,NA,NA,NA,NA,NA,NA,NA,NA,NA,Y,4,0,1,2,A,-,03,22350,NA,N,B,E,A,A,H,-,C,D,0,NA,NA,NA,Y,Y,NA,A,01,0,0,1,0,0,0,0,0,0,-,-,NA,NA,ORANGE,STANTON,-118.00495910644533,33.81005096435547
9516390,2022,2022-12-16,3000,2022-11-09,2018,2742,973A6,3,5,5,3017,0,0,0,NA,0,778,AVENIDA VISTA HERMOSA,AVENIDA LA PATA,0,NA,Y,A,-,N,NA,NA,NA,NA,NA,NA,NA,NA,NA,Y,3,0,3,2,D,-,00,NA,NA,N,A,C,A,A,H,-,C,A,0,NA,NA,NA,NA,Y,NA,-,-,0,2,1,0,0,0,0,0,0,-,-,NA,NA,ORANGE,SAN CLEMENTE,-117.60476684570313,33.46391677856445
9516457,2022,2022-12-08,3012,2022-10-02,1248,686,11,7,5,5,3012,0,0,0,NA,0,001,HACIENDA RD,SANSINENA LN,110,N,N,A,-,N,NA,NA,NA,NA,NA,NA,NA,NA,NA,N,3,0,1,2,A,-,09,21804,A,N,B,C,A,A,H,-,A,D,0,NA,NA,NA,NA,Y,NA,-,NA,0,1,0,0,0,0,0,0,0,-,-,NA,NA,ORANGE,LA HABRA,-117.96480560302734,33.9459114074707
9516546,2022,2022-12-22,3010,2022-11-19,0853,2084,139,6,5,6,3010,0,0,0,NA,0,009,HANOVER,ROME,0,NA,Y,A,-,N,NA,NA,NA,NA,NA,NA,NA,NA,NA,Y,4,0,2,2,A,-,09,21801,A,N,D,C,A,A,H,-,A,D,0,NA,NA,NA,NA,Y,NA,A,01,0,0,2,0,0,0,0,0,0,-,-,NA,NA,ORANGE,HUNTINGTON BEACH,-118.01387786865234,33.74082946777344
9517886,2022,2022-12-14,3010,2022-11-11,0011,3004,179,5,5,6,3010,0,0,0,NA,0,007,WARNER,EDWARDS,135,E,N,A,-,N,NA,NA,NA,NA,NA,NA,NA,NA,NA,Y,4,0,1,3,A,-,08,22107,NA,N,B,E,A,A,H,-,C,D,0,NA,NA,NA,NA,Y,NA,A,01,0,0,1,0,0,0,0,0,0,-,-,NA,NA,ORANGE,HUNTINGTON BEACH,-118.01482391357422,33.7154426574707
9520015,2022,2022-11-04,3000,2022-10-12,2344,9135,797H2,3,5,4,3021,0,0,0,NA,0,3A22,KATELLA AV,MERCANTILE AV,217,E,N,A,-,N,NA,NA,NA,NA,NA,NA,NA,NA,NA,Y,1,1,0,2,A,-,11,21956,A,N,G,B,E,A,H,-,C,D,0,Y,NA,NA,NA,Y,NA,N,60,0,0,0,1,0,0,0,0,0,-,-,33.80274963378906,-117.9993133544922,ORANGE,STANTON,-117.99943542480467,33.80290985107422
9520393,2021,2023-02-13,3000,2021-06-24,0703,8564,922A7,4,5,5,3040,0,0,0,NA,0,017,CROWN VALLEY PKWY,GREENFIELD DR,928,E,N,A,-,N,NA,NA,NA,NA,NA,NA,NA,NA,NA,Y,1,1,0,1,A,-,01,23152,F,N,E,I,A,A,H,-,A,D,0,NA,NA,NA,NA,Y,NA,A,01,0,0,0,0,0,0,0,0,0,-,-,33.555728912353516,-117.68309020996094,ORANGE,LAGUNA NIGUEL,-117.68331146240234,33.55565643310547
9520699,2021,2023-06-28,3010,2021-07-28,0345,358,148,3,5,6,3010,0,0,0,NA,0,009,EDINGER AV,PLYMOUTH LN,93,W,N,A,-,N,NA,NA,NA,NA,NA,NA,NA,NA,NA,N,1,1,0,2,A,-,11,21954,A,F,G,B,D,A,H,-,C,D,0,Y,NA,NA,NA,Y,NA,N,60,0,0,0,1,0,0,0,0,0,-,-,NA,NA,ORANGE,HUNTINGTON BEACH,-118.02184295654295,33.72998809814453
9521390,2022,2022-11-10,3000,2022-09-13,1718,5013,971J6,2,5,4,3029,0,0,0,NA,0,736,COPPER LANTERN ST,LA PAZ RD,78,S,N,A,-,N,NA,NA,NA,NA,NA,NA,NA,NA,NA,N,4,0,2,2,A,-,21,22106,NA,N,H,C,A,A,H,-,A,D,0,NA,NA,NA,NA,Y,NA,A,01,0,0,2,0,0,0,0,0,0,-,-,NA,NA,ORANGE,DANA POINT,-117.6938018798828,33.470584869384766
9521419,2022,2022-11-18,3002,2022-10-16,1832,10165,740A1,7,5,5,3025,0,0,0,NA,0,001,BRAMBLE CT,VALLEY VIEW CIR,0,NA,Y,A,-,N,NA,NA,NA,NA,NA,NA,NA,NA,NA,Y,2,0,1,2,A,-,00,23162,A,F,G,B,F,A,H,-,C,D,0,Y,NA,NA,NA,Y,Y,A,01,1,0,0,0,1,0,0,0,0,-,-,NA,NA,ORANGE,YORBA LINDA,-117.82861328125,33.91164016723633
9521570,2022,2022-11-09,3026,2022-10-20,0823,4779,PORTO,4,5,6,3026,0,0,0,NA,0,007,IRVINE BL,CULVER DR,0,NA,Y,A,-,N,NA,NA,NA,NA,NA,NA,NA,NA,NA,Y,3,0,2,3,A,-,09,21453,C,N,D,C,A,A,H,-,A,A,0,NA,NA,NA,NA,Y,NA,A,07,0,2,0,0,0,0,0,0,0,-,-,33.72140121459961,-117.77098083496094,ORANGE,IRVINE,-117.77114105224608,33.72140884399414
9521982,2022,2022-11-22,3009,2022-10-23,1847,4738,145,7,5,6,3009,0,0,0,NA,0,023,HARBOR BL,FLAGSTONE,488,N,N,A,-,N,NA,NA,NA,NA,NA,NA,NA,NA,NA,Y,3,0,1,2,A,-,12,21453,A,N,D,C,A,A,H,-,C,A,0,NA,NA,NA,NA,Y,NA,A,01,0,1,0,0,0,0,0,0,0,-,-,NA,NA,ORANGE,GARDEN GROVE,-117.92048645019533,33.7716064453125
9521986,2022,2022-11-22,3009,2022-10-29,1846,4787,122,6,5,6,3009,0,0,0,NA,0,021,CHAPMAN AV,WAVERLY DR,80,W,N,A,-,N,NA,NA,NA,NA,NA,NA,NA,NA,NA,Y,3,0,2,2,A,-,05,21650,NA,N,A,C,A,A,H,-,C,A,0,NA,NA,NA,NA,Y,NA,A,01,0,1,1,0,0,0,0,0,0,-,-,NA,NA,ORANGE,GARDEN GROVE,-117.93443298339844,33.788719177246094
9522640,2022,2022-12-28,3003,2022-10-29,0936,1279,92,6,5,5,3003,0,0,0,NA,0,005,VALLEY VIEW ST,CRESCENT AV,0,NA,Y,A,-,N,NA,NA,NA,NA,NA,NA,NA,NA,NA,N,4,0,1,2,A,-,12,21453,A,N,D,C,A,A,H,-,A,A,0,NA,NA,NA,NA,Y,NA,A,01,0,0,1,0,0,0,0,0,0,-,-,33.83919906616211,-118.02850341796876,ORANGE,BUENA PARK,-118.02864074707033,33.83943176269531
9526317,2023,2023-02-23,3000,2023-01-12,1525,11752,921G2,4,5,4,3045,0,0,0,NA,0,746,PASEO DE VALENCIA,LAGUNA HILLS DR,101,N,N,A,-,N,NA,NA,NA,NA,NA,NA,NA,NA,NA,Y,4,0,1,2,A,-,09,21804,A,N,D,C,A,A,H,-,A,A,0,NA,NA,NA,NA,Y,NA,A,01,0,0,1,0,0,0,0,0,0,-,-,NA,NA,ORANGE,LAGUNA HILLS,-117.70159149169922,33.59599685668945
9526815,2023,2023-03-03,3009,2023-02-16,1922,4111,092,4,5,6,3009,0,0,0,NA,0,1-2,BROOKHURST ST,ORANGEWOOD AV,71,S,N,A,-,N,NA,NA,NA,NA,NA,NA,NA,NA,NA,N,4,0,1,2,A,-,03,22350,NA,M,C,C,A,A,H,-,C,A,0,NA,NA,NA,NA,Y,NA,D,22,0,0,1,0,0,0,0,0,0,-,-,NA,NA,ORANGE,GARDEN GROVE,-117.95880126953124,33.795623779296875
9528549,2022,2022-11-22,3003,2022-10-08,1854,1277,NA,6,5,5,3003,0,0,0,NA,0,004,KNOTT AV,SANTA PAULA CIR,45,S,N,A,-,N,NA,NA,NA,NA,NA,NA,NA,NA,NA,Y,3,0,2,3,A,-,08,22107,NA,N,B,C,A,A,H,-,B,D,0,NA,NA,NA,NA,Y,NA,A,01,0,1,1,0,0,0,0,0,0,-,-,33.84170150756836,-118.01100158691406,ORANGE,BUENA PARK,-118.01087951660156,33.84174728393555
9528608,2022,2022-12-01,3004,2022-10-11,1439,P651,28,2,5,6,3004,0,0,0,NA,0,005,BRISTOL ST,RED HILL AV,375,W,N,A,-,N,NA,NA,NA,NA,NA,NA,NA,NA,NA,Y,2,0,2,2,A,-,03,22350,NA,N,D,C,A,A,H,-,A,D,0,NA,NA,NA,NA,Y,NA,A,07,1,0,1,0,0,0,0,0,0,-,-,33.66749954223633,-117.8831024169922,ORANGE,COSTA MESA,-117.88295745849608,33.667301177978516
9529692,2022,2022-12-06,3004,2022-10-29,0229,P690,11,6,5,6,3004,0,0,0,NA,0,001,NEWPORT BL,BROADWAY,0,NA,Y,A,-,Y,ORA,12,55,-,-,1.891,I,5,N,N,2,0,1,2,A,-,11,21456,B,F,G,B,B,A,H,-,C,A,0,Y,NA,NA,NA,Y,NA,N,60,1,0,0,0,1,0,0,0,0,-,-,33.641990661621094,-117.9178466796875,ORANGE,COSTA MESA,-117.91788482666016,33.64191818237305
9533278,2023,2023-02-17,3004,2023-01-01,1533,P669,35,7,5,6,3004,0,0,0,NA,0,002,NEWPORT BL,W WILSON ST,0,NA,Y,C,-,N,NA,NA,NA,NA,NA,NA,NA,NA,NA,Y,3,0,1,2,A,-,12,21453,A,N,D,C,A,B,H,-,A,A,0,NA,NA,NA,NA,Y,NA,A,01,0,1,0,0,0,0,0,0,0,-,-,33.656280517578125,-117.90535736083984,ORANGE,COSTA MESA,-117.90528106689452,33.65629959106445
9534317,2023,2023-02-08,3004,2023-01-20,940,P633,01,5,5,6,3004,0,0,0,NA,0,009,PLACENTIA AV,CENTER ST,0,NA,Y,A,-,N,NA,NA,NA,NA,NA,NA,NA,NA,NA,Y,4,0,1,2,A,-,09,21802,A,N,D,C,A,A,H,-,A,D,0,NA,NA,NA,NA,Y,NA,A,01,0,0,1,0,0,0,0,0,0,-,-,33.641998291015625,-117.93199920654295,ORANGE,COSTA MESA,-117.93198394775392,33.64205551147461
9534740,2022,2023-02-01,3009,2022-12-23,1320,4303,144,5,5,6,3009,0,0,0,NA,0,2-2,HARBOR BL,GARDEN GROVE BL,476,S,N,A,-,N,NA,NA,NA,NA,NA,NA,NA,NA,NA,N,3,0,1,3,A,-,09,21801,A,N,D,C,A,A,H,-,A,D,0,NA,NA,NA,NA,Y,NA,A,01,0,1,0,0,0,0,0,0,0,-,-,NA,NA,ORANGE,GARDEN GROVE,-117.92050933837892,33.773033142089844
9535354,2023,2023-02-14,3002,2023-01-13,728,P633,NA,5,5,4,3002,0,0,0,NA,0,015,PLACENTIA AV,17TH ST,105,S,N,B,-,N,NA,NA,NA,NA,NA,NA,NA,NA,NA,Y,4,0,2,3,A,-,03,22350,NA,N,C,C,A,A,G,-,A,D,0,NA,NA,NA,NA,Y,NA,A,01,0,0,2,0,0,0,0,0,0,-,-,33.63570022583008,-117.93190002441406,ORANGE,BREA,-117.93189239501952,33.63582229614258
9536332,2022,2023-01-19,3003,2022-10-19,0351,1266,NA,3,5,5,3003,0,0,0,NA,0,004,BEACH BL,LA PALMA AV,27,S,N,A,-,N,NA,NA,NA,NA,NA,NA,NA,NA,NA,N,3,0,1,2,A,-,12,21453,A,N,G,G,A,A,H,-,C,A,0,NA,Y,NA,NA,Y,NA,L,04,0,1,0,0,0,0,1,0,0,-,-,33.84640121459961,-117.9980010986328,ORANGE,BUENA PARK,-117.99781799316406,33.846527099609375
9537703,2022,2023-02-02,3004,2022-12-21,1533,P6511,9,3,5,6,3004,0,0,0,NA,0,015,MADEIRA AV,MADAGASCAR ST,573,S,N,A,-,N,NA,NA,NA,NA,NA,NA,NA,NA,NA,N,4,0,2,2,A,-,09,21801,A,N,D,C,A,-,H,-,A,D,0,NA,NA,NA,NA,Y,NA,A,01,0,0,2,0,0,0,0,0,0,-,-,33.68519973754883,-117.92970275878906,ORANGE,COSTA MESA,-117.93009185791016,33.68498992919922
9538253,2022,2023-01-18,3009,2022-12-15,1728,3927,152,4,5,6,3009,0,0,0,NA,0,022,CHAPMAN AV,HASTER ST,386,E,N,A,-,N,NA,NA,NA,NA,NA,NA,NA,NA,NA,Y,4,0,4,2,A,-,09,21804,A,N,D,C,A,A,H,-,C,A,0,NA,NA,NA,NA,Y,NA,A,01,0,0,4,0,0,0,0,0,0,-,-,NA,NA,ORANGE,GARDEN GROVE,-117.90493011474608,33.78883743286133
9538263,2022,2023-01-13,3004,2022-12-19,1621,P669,27,1,5,6,3004,0,0,0,NA,0,015,SOUTH COAST DR,HYLAND AV,381,E,N,A,-,N,NA,NA,NA,NA,NA,NA,NA,NA,NA,N,4,0,1,2,A,-,09,21801,A,N,D,C,A,A,H,-,B,D,0,NA,NA,NA,NA,Y,NA,A,01,0,0,1,0,0,0,0,0,0,-,-,33.69163131713867,-117.92353057861328,ORANGE,COSTA MESA,-117.92372131347656,33.69160461425781
9539035,2022,2023-01-25,3000,2022-07-16,0250,9722,972A5,6,5,4,3029,0,0,0,NA,0,436,STONEHILL DR,DEL OBISPO,350,E,N,A,-,N,NA,NA,NA,NA,NA,NA,NA,NA,NA,Y,4,0,1,1,A,-,01,23152,A,M,E,I,A,A,H,-,C,D,0,NA,NA,NA,NA,Y,Y,A,01,0,0,1,0,0,0,0,0,0,-,-,NA,NA,ORANGE,DANA POINT,-117.68391418457033,33.475257873535156