CASE_ID,ACCIDENT_YEAR,PROC_DATE,JURIS,COLLISION_DATE,COLLISION_TIME,OFFICER_ID,REPORTING_DISTRICT,DAY_OF_WEEK,CHP_SHIFT,POPULATION,CNTY_CITY_LOC,SPECIAL_COND,BEAT_TYPE,CHP_BEAT_TYPE,CITY_DIVISION_LAPD,CHP_BEAT_CLASS,BEAT_NUMBER,PRIMARY_RD,SECONDARY_RD,DISTANCE,DIRECTION,INTERSECTION,WEATHER_1,WEATHER_2,STATE_HWY_IND,CALTRANS_COUNTY,CALTRANS_DISTRICT,STATE_ROUTE,ROUTE_SUFFIX,POSTMILE_PREFIX,POSTMILE,LOCATION_TYPE,RAMP_INTERSECTION,SIDE_OF_HWY,TOW_AWAY,COLLISION_SEVERITY,NUMBER_KILLED,NUMBER_INJURED,PARTY_COUNT,PRIMARY_COLL_FACTOR,PCF_CODE_OF_VIOL,PCF_VIOL_CATEGORY,PCF_VIOLATION,PCF_VIOL_SUBSECTION,HIT_AND_RUN,TYPE_OF_COLLISION,MVIW,PED_ACTION,ROAD_SURFACE,ROAD_COND_1,ROAD_COND_2,LIGHTING,CONTROL_DEVICE,CHP_ROAD_TYPE,PEDESTRIAN_ACCIDENT,BICYCLE_ACCIDENT,MOTORCYCLE_ACCIDENT,TRUCK_ACCIDENT,NOT_PRIVATE_PROPERTY,ALCOHOL_INVOLVED,STWD_VEHTYPE_AT_FAULT,CHP_VEHTYPE_AT_FAULT,COUNT_SEVERE_INJ,COUNT_VISIBLE_INJ,COUNT_COMPLAINT_PAIN,COUNT_PED_KILLED,COUNT_PED_INJURED,COUNT_BICYCLIST_KILLED,COUNT_BICYCLIST_INJURED,COUNT_MC_KILLED,COUNT_MC_INJURED,PRIMARY_RAMP,SECONDARY_RAMP,LATITUDE,LONGITUDE,COUNTY,CITY,POINT_X,POINT_Y
9539580,2022,2023-01-20,3000,2022-06-06,1414,5163,951F4,1,5,5,3040,0,0,0,NA,0,741,ALICIA PKWY,SEA BIRD WY,208,N,N,A,-,N,NA,NA,NA,NA,NA,NA,NA,NA,NA,Y,3,0,1,1,A,-,08,22107,NA,N,E,I,A,A,H,-,A,D,0,NA,NA,NA,NA,Y,NA,A,01,0,1,0,0,0,0,0,0,0,-,-,NA,NA,ORANGE,LAGUNA NIGUEL,-117.71401977539063,33.5338134765625
9539925,2022,2023-02-03,3000,2022-12-07,2330,10576,892B6,3,5,5,3028,0,0,0,NA,0,753,ALICIA PKWY,CORONEL DR,101,W,N,A,-,N,NA,NA,NA,NA,NA,NA,NA,NA,NA,N,4,0,1,1,A,-,08,22107,NA,N,F,I,A,A,H,-,C,A,0,NA,NA,NA,NA,Y,NA,A,01,0,0,1,0,0,0,0,0,0,-,-,NA,NA,ORANGE,MISSION VIEJO,-117.67225646972656,33.62030792236328
9540727,2022,2023-01-26,3004,2022-10-07,1606,P633,09,5,5,6,3004,0,0,0,NA,0,012,VICTORIA AV,CHARLE DR,185,W,N,A,-,N,NA,NA,NA,NA,NA,NA,NA,NA,NA,Y,4,0,1,2,A,-,03,22350,NA,N,C,C,A,A,H,-,A,D,0,NA,NA,NA,NA,Y,NA,A,07,0,0,1,0,0,0,0,0,0,-,-,33.652400970458984,-117.92099761962892,ORANGE,COSTA MESA,-117.92096710205078,33.652530670166016
9540877,2022,2023-01-31,3012,2022-12-12,1438,686,46,1,5,5,3012,0,0,0,NA,0,004,IMPERIAL HWY,LAKEVIEW AV,0,NA,Y,A,-,N,NA,NA,NA,NA,NA,NA,NA,NA,NA,Y,4,0,2,4,A,-,12,21453,A,N,A,C,A,A,H,-,A,A,0,NA,NA,NA,NA,Y,NA,A,01,0,0,2,0,0,0,0,0,0,-,-,NA,NA,ORANGE,LA HABRA,-117.93975830078124,33.917362213134766
9542773,2022,2023-01-17,3000,2022-11-12,1800,10618,892A5,6,5,5,3028,0,0,0,NA,0,0NA,LOS ALISOS BL,VIA PERA,30,E,N,A,-,N,NA,NA,NA,NA,NA,NA,NA,NA,NA,Y,4,0,2,2,A,-,09,21804,A,N,D,C,A,A,H,-,B,A,0,NA,NA,NA,NA,Y,NA,A,01,0,0,2,0,0,0,0,0,0,-,-,NA,NA,ORANGE,MISSION VIEJO,-117.67822265625,33.627201080322266
9542963,2022,2023-01-30,3000,2022-11-27,1908,4246,993B6,7,5,5,3017,0,0,0,NA,0,776,SOUTH EL CAMINO REAL,RT 5,0,NA,Y,A,-,Y,ORA,12,5,-,-,1.257,R,4,N,Y,3,0,1,2,A,-,01,23152,A,N,D,C,A,A,H,-,C,A,0,NA,NA,Y,NA,Y,Y,C,02,0,1,0,0,0,0,0,0,1,-,-,NA,NA,ORANGE,SAN CLEMENTE,-117.60210418701172,33.41324234008789
9543448,2022,2023-02-02,3005,2022-12-26,1539,8272,C41,1,5,4,3005,0,0,0,NA,0,003,VALLEY VIEW ST,WARLAND DR,0,NA,Y,A,-,N,NA,NA,NA,NA,NA,NA,NA,NA,NA,N,3,0,1,2,A,-,12,21453,A,N,D,C,A,A,H,-,A,A,0,NA,NA,NA,NA,Y,NA,A,01,0,1,0,0,0,0,0,0,0,-,-,NA,NA,ORANGE,CYPRESS,-118.02845001220705,33.79759979248047
9548515,2023,2023-02-08,3001,2023-01-13,1745,3712,0000,5,5,7,3001,0,0,0,NA,0,0000,EUCLID ST,BALL RD,1119,NA,N,A,-,N,NA,NA,NA,NA,NA,NA,NA,NA,NA,N,4,0,2,2,A,-,03,22350,NA,N,C,C,A,-,H,-,C,A,0,NA,NA,NA,NA,Y,NA,A,01,0,0,2,0,0,0,0,0,0,-,-,NA,NA,ORANGE,ANAHEIM,-117.9415283203125,33.81787872314453
9549561,2023,2023-04-12,3004,2023-02-15,1508,P462,05,3,5,6,3004,0,0,0,NA,0,015,ORANGE AV,ROCHESTER ST,0,NA,Y,A,-,N,NA,NA,NA,NA,NA,NA,NA,NA,NA,Y,3,0,1,2,A,-,09,21802,A,N,D,C,A,A,H,-,A,D,0,NA,NA,NA,Y,Y,NA,A,01,0,1,0,0,0,0,0,0,0,-,-,33.63713073730469,-117.91689300537108,ORANGE,COSTA MESA,-117.9170379638672,33.63711166381836
9550498,2022,2023-03-14,3003,2022-10-19,1141,1288,3003,3,5,5,3003,0,0,0,NA,0,004,VALLEY VIEW AV,ORANGETHORPE AV,50,N,N,A,-,N,NA,NA,NA,NA,NA,NA,NA,NA,NA,N,4,0,3,2,A,-,08,22100,NA,N,B,C,A,A,H,-,A,D,0,NA,NA,NA,NA,Y,NA,A,01,0,0,3,0,0,0,0,0,0,-,-,33.513179779052734,-118.01367950439452,ORANGE,BUENA PARK,-118.0287628173828,33.8588752746582
9551412,2023,2023-02-23,3000,2023-01-21,1507,10828,921E5,6,5,4,3049,0,0,0,NA,0,181,ALISO CREEK RD,PARK PLZ,0,NA,Y,A,-,N,NA,NA,NA,NA,NA,NA,NA,NA,NA,Y,4,0,1,2,A,-,12,21453,A,N,D,C,A,A,H,-,A,A,0,NA,NA,NA,NA,Y,NA,A,01,0,0,1,0,0,0,0,0,0,-,-,NA,NA,ORANGE,ALISO VIEJO,-117.72354125976563,33.57379913330078
9551416,2023,2023-02-23,3000,2023-01-24,1437,10408,891C6,2,5,3,3051,0,0,0,NA,0,247,SANTA MARIA AV,VIA VISTA,0,NA,Y,A,-,N,NA,NA,NA,NA,NA,NA,NA,NA,NA,Y,4,0,1,1,A,-,09,21804,A,N,F,A,A,A,H,-,B,A,0,NA,Y,NA,NA,Y,Y,L,04,0,0,1,0,0,0,1,0,0,-,-,NA,NA,ORANGE,LAGUNA WOODS,-117.73822021484376,33.61625289916992
9551419,2023,2023-02-23,3000,2023-01-04,917,7734,922B6,3,5,5,3028,0,0,0,NA,0,750,CABOT RD,VISTA VIEJO RD,55,S,N,C,-,N,NA,NA,NA,NA,NA,NA,NA,NA,NA,Y,4,0,1,2,A,-,03,22350,NA,N,C,C,A,B,H,-,A,A,0,NA,NA,NA,NA,Y,NA,A,01,0,0,1,0,0,0,0,0,0,-,-,NA,NA,ORANGE,MISSION VIEJO,-117.6742935180664,33.57217788696289
9551520,2023,2023-02-25,3005,2023-02-14,2137,8331,C25,2,5,4,3005,0,0,0,NA,0,003,BALL RD,DENNI ST,353,W,N,A,-,N,NA,NA,NA,NA,NA,NA,NA,NA,NA,N,4,0,1,1,A,-,03,22350,NA,N,E,I,A,A,H,-,E,D,0,NA,NA,NA,NA,Y,NA,A,01,0,0,1,0,0,0,0,0,0,-,-,NA,NA,ORANGE,CYPRESS,-118.05554962158205,33.81709671020508
9551916,2023,2023-03-03,3000,2023-01-18,1255,10744,770D6,3,5,2,3023,0,0,0,NA,0,014,MESA DR,HENDERSON WY,828,W,N,A,-,N,NA,NA,NA,NA,NA,NA,NA,NA,NA,Y,4,0,1,2,A,-,03,22350,NA,N,A,E,A,A,H,-,A,A,0,NA,NA,NA,NA,Y,NA,A,07,0,0,1,0,0,0,0,0,0,-,-,NA,NA,ORANGE,VILLA PARK,-117.80921173095705,33.82304000854492
9553036,2023,2023-04-05,3012,2023-02-05,1045,702,27,7,5,5,3012,0,0,0,NA,0,002,LA HABRA BL,PALM ST,0,NA,Y,B,-,N,NA,NA,NA,NA,NA,NA,NA,NA,NA,N,3,0,1,2,A,-,12,21453,A,N,D,C,A,A,H,-,A,A,0,NA,NA,NA,NA,Y,NA,A,01,0,1,0,0,0,0,0,0,0,-,-,NA,NA,ORANGE,LA HABRA,-117.92440795898438,33.9318733215332
9554843,2023,2023-03-23,3009,2023-02-24,1441,4156,154,5,5,6,3009,0,0,0,NA,0,2-2,HASTER ST,RT 22,0,NA,Y,C,-,Y,ORA,12,22,-,R,9.072,R,4,W,Y,4,0,1,1,A,-,03,22350,NA,N,F,I,A,B,H,-,A,A,0,NA,NA,NA,NA,Y,NA,A,01,0,0,1,0,0,0,0,0,0,-,WF,33.77450942993164,-117.9061279296875,ORANGE,GARDEN GROVE,-117.9016342163086,33.776187896728516
9555269,2023,2023-04-14,3012,2023-01-27,756,644,45,5,5,5,3012,0,0,0,NA,0,004,IMPERIAL HWY,CYPRESS ST,0,NA,Y,A,-,Y,ORA,12,90,-,-,1.901,I,5,W,N,4,0,1,2,A,-,12,21453,A,N,D,C,A,A,H,-,A,A,0,NA,NA,NA,NA,Y,NA,A,01,0,0,1,0,0,0,0,0,0,-,-,NA,NA,ORANGE,LA HABRA,-117.94374084472656,33.91740417480469
9557512,2023,2023-05-12,3012,2023-04-10,1700,702,25,1,5,5,3012,0,0,0,NA,0,002,EUCLID ST,GREENWOOD AV,0,NA,Y,A,-,N,NA,NA,NA,NA,NA,NA,NA,NA,NA,N,3,0,4,2,A,-,08,22107,NA,N,D,C,A,A,H,-,A,D,0,NA,NA,NA,NA,Y,NA,A,01,0,2,2,0,0,0,0,0,0,-,-,NA,NA,ORANGE,LA HABRA,-117.94615173339844,33.93684005737305
9558323,2023,2023-08-25,3004,2023-03-01,1109,P676,09,3,5,6,3004,0,0,0,NA,0,015,MEYER PL,SURF ST,0,NA,Y,A,-,N,NA,NA,NA,NA,NA,NA,NA,NA,NA,N,3,0,1,2,A,-,09,21801,A,N,D,C,A,A,H,-,A,A,0,NA,NA,NA,NA,Y,NA,A,01,0,1,0,0,0,0,0,0,0,-,-,33.645999908447266,-117.9250030517578,ORANGE,COSTA MESA,-117.92479705810548,33.645599365234375
9558514,2023,2023-03-28,3003,2023-02-27,1905,1248,NA,1,5,5,3003,0,0,0,NA,0,004,KNOTT AV,NORITSU AV,2,E,N,A,-,N,NA,NA,NA,NA,NA,NA,NA,NA,NA,N,3,0,1,2,A,-,12,21453,NA,N,D,C,A,A,H,-,C,A,0,NA,NA,NA,NA,Y,NA,A,01,0,1,0,0,0,0,0,0,0,-,-,NA,NA,ORANGE,BUENA PARK,-118.0112762451172,33.85723876953125
9560553,2023,2023-03-23,3000,2023-02-26,1957,119,798B1,7,5,4,3021,0,0,0,NA,0,022,CERRITOS AV,MAGNOLIA AV,344,E,N,A,-,N,NA,NA,NA,NA,NA,NA,NA,NA,NA,N,3,0,1,2,A,-,11,21954,A,N,G,B,D,A,H,-,C,D,0,Y,NA,NA,NA,Y,NA,N,60,0,1,0,0,1,0,0,0,0,-,-,NA,NA,ORANGE,STANTON,-117.9746322631836,33.81037902832031
9562181,2023,2023-04-19,3009,2023-03-10,1924,4787,122,5,5,6,3009,0,0,0,NA,0,021,CHAPMAN AV,RODGER DR,66,E,N,C,-,N,NA,NA,NA,NA,NA,NA,NA,NA,NA,Y,4,0,1,3,A,-,03,22350,NA,N,C,C,A,B,H,-,C,D,0,NA,NA,NA,NA,Y,NA,A,07,0,0,1,0,0,0,0,0,0,-,-,NA,NA,ORANGE,GARDEN GROVE,-117.93441009521484,33.788719177246094
9562371,2023,2023-04-26,3009,2023-03-23,2117,5054,13,4,5,6,3009,0,0,0,NA,0,103,BROOKHURST ST,LAMPSON AV,41,N,N,A,-,N,NA,NA,NA,NA,NA,NA,NA,NA,NA,N,4,0,1,2,A,-,21,22106,NA,N,C,C,A,A,H,-,C,A,0,NA,NA,NA,NA,Y,NA,A,01,0,0,1,0,0,0,0,0,0,-,-,NA,NA,ORANGE,GARDEN GROVE,-117.95864868164063,33.78141403198242
9562512,2023,2023-04-12,3000,2023-01-24,1535,1010,892C5,2,5,5,3028,0,0,0,NA,0,766,ALICIA PKWY,VIA BURGOS,0,NA,Y,B,-,N,NA,NA,NA,NA,NA,NA,NA,NA,NA,Y,4,0,1,2,A,-,12,21453,A,N,D,C,A,A,H,-,A,A,0,NA,NA,NA,NA,Y,NA,A,07,0,0,1,0,0,0,0,0,0,-,-,NA,NA,ORANGE,MISSION VIEJO,-117.65892791748048,33.622982025146484
9564243,2023,2023-05-04,3004,2023-04-03,1500,P700,NA,1,5,6,3004,0,0,0,NA,0,010,W BAKER ST,NEWPORT BL,12,W,N,A,-,N,NA,NA,NA,NA,NA,NA,NA,NA,NA,N,4,0,1,2,A,-,08,22107,NA,M,C,C,A,A,H,-,A,A,0,NA,NA,NA,NA,Y,NA,-,99,0,0,1,0,0,0,0,0,0,-,-,33.680179595947266,-117.88011932373048,ORANGE,COSTA MESA,NA,NA
9564908,2023,2023-04-21,3000,2023-02-20,1836,11256,892B5,1,5,5,3028,0,0,0,NA,0,754,LOS ALISOS BL,TRABUCO RD,387,N,N,A,-,N,NA,NA,NA,NA,NA,NA,NA,NA,NA,N,3,0,1,2,A,-,09,21801,NA,N,D,C,A,A,H,-,B,D,0,NA,NA,NA,NA,Y,NA,A,01,0,1,0,0,0,0,0,0,0,-,-,NA,NA,ORANGE,MISSION VIEJO,-117.66466522216795,33.62977600097656
9567473,2023,2023-05-19,3003,2023-04-16,2203,1262,NJC,7,5,5,3003,0,0,0,NA,0,NA,WESTERN AV,ORANGETHORPE AV,0,NA,Y,A,-,N,NA,NA,NA,NA,NA,NA,NA,NA,NA,Y,4,0,2,3,A,-,12,21453,A,N,A,C,A,A,H,-,B,A,0,NA,NA,NA,NA,Y,NA,A,01,0,0,2,0,0,0,0,0,0,-,-,35.51319885253906,-118.00080108642578,ORANGE,BUENA PARK,-118.00247955322266,33.85896301269531
9567474,2023,2023-05-19,3003,2023-04-13,2115,1297,NA,4,5,5,3003,0,0,0,NA,0,001,MALVERN AV,DALE ST,0,NA,Y,A,-,N,NA,NA,NA,NA,NA,NA,NA,NA,NA,Y,4,0,1,2,A,-,12,21453,A,N,D,C,A,A,H,-,C,A,0,NA,NA,NA,NA,Y,NA,A,01,0,0,1,0,0,0,0,0,0,-,-,33.877601623535156,-117.99729919433594,ORANGE,BUENA PARK,-117.98715972900392,33.87770080566406
9567557,2023,2023-06-05,3003,2023-05-03,910,652,NA,3,5,5,3003,0,0,0,NA,0,001,WHITAKER ST,LOS ROBLES AV,0,NA,Y,A,-,N,NA,NA,NA,NA,NA,NA,NA,NA,NA,N,4,0,1,2,A,-,09,21801,A,N,A,C,A,A,H,-,A,D,0,NA,NA,NA,NA,Y,NA,A,01,0,0,1,0,0,0,0,0,0,-,-,33.51580047607422,-117.59290313720705,ORANGE,BUENA PARK,-117.99163818359376,33.86627197265625
9568900,2023,2023-06-05,3003,2023-05-21,859,1193,NA,7,5,5,3003,0,0,0,NA,0,NA,BEACH BL,RT 5,0,NA,Y,B,-,Y,ORA,12,39,-,-,15.073,I,5,S,Y,4,0,1,2,A,-,12,21453,A,N,A,C,A,A,H,-,A,A,0,NA,NA,NA,NA,Y,NA,A,01,0,0,1,0,0,0,0,0,0,-,SF,33.866111755371094,-117.99820709228516,ORANGE,BUENA PARK,-117.99826049804688,33.86599349975586
9569088,2023,2023-06-21,3000,2023-05-04,855,1920,797J2,4,5,4,3021,0,0,0,NA,0,721,BEACH BL,CENTRAL AV,63,N,N,B,C,Y,ORA,12,39,-,-,10.82,H,-,S,N,4,0,1,3,A,-,03,22350,NA,N,C,C,A,B,H,-,A,D,0,NA,NA,NA,NA,Y,NA,A,07,0,0,1,0,0,0,0,0,0,-,-,NA,NA,ORANGE,STANTON,-117.99326324462892,33.80500411987305
9569166,2023,2023-06-21,3011,2023-05-27,950,31258,73,6,5,4,3011,0,0,0,NA,0,001,LAGUNA CANYON RD,RT 73,1570,W,N,B,-,Y,ORA,12,133,-,-,3.73,H,-,S,N,2,0,1,1,A,-,03,22350,NA,N,B,I,A,A,H,-,A,D,0,NA,Y,NA,NA,Y,NA,L,04,1,0,0,0,0,0,1,0,0,-,-,NA,NA,ORANGE,LAGUNA BEACH,-117.76083374023438,33.58725357055664
9569264,2023,2023-06-29,3011,2023-05-09,458,31407,23,2,5,4,3011,0,0,0,NA,0,001,RT 1,FAIRVIEW ST,145,N,N,B,-,Y,ORA,12,1,-,-,10.23,H,-,S,Y,3,0,1,2,A,-,03,22350,NA,N,C,C,A,A,H,-,A,A,0,NA,NA,NA,NA,Y,NA,A,01,0,1,0,0,0,0,0,0,0,-,-,NA,NA,ORANGE,LAGUNA BEACH,-117.79820251464844,33.547630310058594
9569510,2023,2023-07-18,3003,2023-06-12,1858,1266,NA,1,5,5,3003,0,0,0,NA,0,003,BEACH BL,AZALEA DR,315,S,-,A,-,N,NA,NA,NA,NA,NA,NA,NA,NA,NA,Y,3,0,3,2,A,-,09,21801,A,N,B,C,A,A,H,-,A,D,0,NA,NA,NA,NA,Y,NA,-,NA,0,1,2,0,0,0,0,0,0,-,-,33.85295867919922,-117.99787139892578,ORANGE,BUENA PARK,-117.99786376953124,33.85296630859375
9570738,2023,2023-04-12,3000,2023-01-03,1744,5455,922B4,2,5,4,3045,0,0,0,NA,0,746,OSO PKWY,CABOT RD,44,W,N,C,-,N,NA,NA,NA,NA,NA,NA,NA,NA,NA,Y,4,0,1,2,A,-,03,22350,NA,N,C,C,A,B,H,-,C,D,0,NA,NA,NA,NA,Y,NA,A,01,0,0,1,0,0,0,0,0,0,-,-,NA,NA,ORANGE,LAGUNA HILLS,-117.67438507080078,33.58023452758789
9573041,2023,2023-05-19,3009,2023-04-11,1522,4021,114,2,5,6,3009,0,0,0,NA,0,2-1,GARDEN GROVE BL,MAIN ST,14,W,N,A,-,N,NA,NA,NA,NA,NA,NA,NA,NA,NA,Y,4,0,1,3,A,-,09,21801,A,N,D,C,A,A,H,-,A,A,0,NA,NA,NA,NA,Y,NA,A,01,0,0,1,0,0,0,0,0,0,-,-,33.774051666259766,-117.94098663330078,ORANGE,GARDEN GROVE,-117.94103240966795,33.774051666259766
9574276,2023,2023-05-05,3005,2023-04-04,802,8272,C23,2,5,4,3005,0,0,0,NA,0,002,VALLEY VIEW ST,FRED DR,504,N,N,A,-,N,NA,NA,NA,NA,NA,NA,NA,NA,NA,N,3,0,1,2,A,-,09,21804,A,N,D,G,A,A,H,-,A,D,0,NA,Y,NA,NA,Y,NA,A,07,0,1,0,0,0,0,1,0,0,-,-,NA,NA,ORANGE,CYPRESS,-118.02835845947266,33.821022033691406
9574803,2023,2023-05-04,3002,2023-04-01,1858,10165,740A4,6,5,5,3025,0,0,0,NA,0,001,YORBA LINDA BL,CASA LOMA CIR,36,E,N,A,-,N,NA,NA,NA,NA,NA,NA,NA,NA,NA,Y,4,0,2,2,A,-,01,23152,A,N,C,C,A,A,H,-,A,A,0,NA,NA,NA,NA,Y,Y,D,22,0,0,2,0,0,0,0,0,0,-,-,NA,NA,ORANGE,YORBA LINDA,-117.82362365722656,33.888511657714844
9575121,2022,2023-04-10,3003,2022-06-09,0150,1277,NA,4,5,5,3003,0,0,0,NA,0,005,VALLEY VIEW AV,CRESENT AV,0,NA,Y,A,-,N,NA,NA,NA,NA,NA,NA,NA,NA,NA,Y,2,0,1,2,A,-,12,21453,A,N,D,C,A,A,H,-,C,A,0,NA,NA,NA,NA,Y,NA,A,01,1,0,0,0,0,0,0,0,0,-,-,NA,NA,ORANGE,BUENA PARK,-118.02864074707033,33.83943176269531
9577123,2023,2023-06-06,3009,2023-04-24,815,4281,111,1,5,6,3009,0,0,0,NA,0,021,EUCLID ST,WAKEFIELD AV,190,S,N,A,-,N,NA,NA,NA,NA,NA,NA,NA,NA,NA,N,4,0,2,2,A,-,09,21801,A,M,C,D,A,A,H,-,A,A,0,NA,NA,NA,NA,Y,NA,A,01,0,0,2,0,0,0,0,0,0,-,-,NA,NA,ORANGE,GARDEN GROVE,-117.94144439697266,33.798458099365234
9577200,2023,2023-05-26,3004,2023-04-25,1203,P648,17,2,5,6,3004,0,0,0,NA,0,015,DRAKE AVE,CORTEZ ST,9,N,N,A,-,N,NA,NA,NA,NA,NA,NA,NA,NA,NA,N,3,0,1,2,A,-,09,21800,B,N,D,G,A,A,H,-,A,D,0,NA,Y,NA,NA,Y,NA,L,04,0,1,0,0,0,0,1,0,0,-,-,NA,NA,ORANGE,COSTA MESA,-117.89080810546876,33.67282485961914
9580131,2023,2023-06-19,3000,2023-04-21,1530,9696,971A3,5,5,5,3040,0,0,0,NA,0,743,DEL CERRO,VIA CERRITO,23,S,N,A,-,N,NA,NA,NA,NA,NA,NA,NA,NA,NA,N,3,0,1,2,D,-,00,NA,NA,N,G,B,C,A,H,-,A,D,0,Y,NA,NA,NA,Y,NA,-,-,0,1,0,0,1,0,0,0,0,-,-,NA,NA,ORANGE,LAGUNA NIGUEL,-117.68372344970705,33.541263580322266
9580138,2023,2023-06-13,3009,2023-04-11,1124,4021,091,2,5,6,3009,0,0,0,NA,0,012,KATELLA AV,GILBERT ST,43,E,N,A,-,N,NA,NA,NA,NA,NA,NA,NA,NA,NA,Y,4,0,1,2,A,-,03,22350,NA,N,C,C,A,A,H,-,A,A,0,NA,NA,NA,NA,Y,NA,A,01,0,0,1,0,0,0,0,0,0,-,-,33.80271911621094,-117.96717834472656,ORANGE,GARDEN GROVE,-117.96742248535156,33.80316162109375
9581131,2023,2023-06-23,3000,2023-04-29,845,10898,922C1,6,5,5,3028,0,0,0,NA,0,151,MARGUERITE PKWY,ALDEANO DR,132,S,N,A,-,N,NA,NA,NA,NA,NA,NA,NA,NA,NA,Y,4,0,1,4,A,-,03,22350,NA,N,C,C,A,A,H,-,A,D,0,NA,NA,NA,NA,Y,NA,A,07,0,0,1,0,0,0,0,0,0,-,-,NA,NA,ORANGE,MISSION VIEJO,-117.65632629394533,33.60194778442383
9581137,2023,2023-06-23,3000,2023-04-21,920,10598,892A6,5,5,5,3028,0,0,0,NA,0,6M57,JERONIMO RD,ACERO,134,S,N,A,-,N,NA,NA,NA,NA,NA,NA,NA,NA,NA,Y,2,0,1,2,A,-,07,21658,A,N,C,C,A,A,H,-,A,A,0,NA,NA,Y,NA,Y,NA,A,08,1,0,0,0,0,0,0,0,1,-,-,NA,NA,ORANGE,MISSION VIEJO,-117.67918395996094,33.616455078125
9581164,2023,2023-06-26,3000,2023-05-10,2204,11136,921H5,3,5,4,3045,0,0,0,NA,0,4A46,OSO PKWY,NELLIE GAIL RD,678,W,N,A,-,N,NA,NA,NA,NA,NA,NA,NA,NA,NA,Y,3,0,2,2,A,-,01,23152,A,N,C,C,A,A,H,-,C,D,0,NA,NA,NA,NA,Y,Y,A,01,0,2,0,0,0,0,0,0,0,-,-,NA,NA,ORANGE,LAGUNA HILLS,-117.69290161132813,33.57440948486328
9582049,2023,2023-06-02,3005,2023-05-14,1214,7997,C34,7,5,4,3005,0,0,0,NA,0,003,KATELLA,WALKER,144,E,N,A,-,N,NA,NA,NA,NA,NA,NA,NA,NA,NA,N,4,0,3,3,A,-,07,21658,A,N,B,C,A,A,H,-,A,D,0,NA,NA,NA,NA,Y,NA,A,01,0,0,3,0,0,0,0,0,0,-,-,NA,NA,ORANGE,CYPRESS,-118.0365982055664,33.80290985107422
9582397,2023,2023-05-30,3004,2023-05-08,1818,P700,02,1,5,6,3004,0,0,0,NA,0,001,E 18TH ST,NEWPORT BL,9,E,N,A,-,N,NA,NA,NA,NA,NA,NA,NA,NA,NA,N,4,0,1,2,A,-,00,22650,1,F,D,G,A,A,H,-,A,A,0,NA,Y,NA,NA,Y,NA,L,04,0,0,1,0,0,0,1,0,0,-,-,33.640480041503906,-117.91915893554688,ORANGE,COSTA MESA,-117.91927337646484,33.64048385620117
9582506,2023,2023-07-05,3003,2023-05-11,1440,1284,NA,4,5,5,3003,0,0,0,NA,0,NA,ARTESIA BL,BOTRYOIDES AV,51,E,N,A,-,N,NA,NA,NA,NA,NA,NA,NA,NA,NA,N,4,0,1,3,A,-,04,21703,NA,N,C,C,A,A,H,-,A,A,0,NA,NA,NA,NA,Y,NA,A,01,0,0,1,0,0,0,0,0,0,-,-,33.52239990234375,-118.02249908447266,ORANGE,BUENA PARK,-118.00643920898438,33.87345886230469
9583145,2023,2023-07-06,3009,2023-06-03,338,5028,104,6,5,6,3009,0,0,0,NA,0,012,GARDEN GROVE BL,BROOKHURST ST,146,W,N,A,-,N,NA,NA,NA,NA,NA,NA,NA,NA,NA,N,4,0,1,2,A,-,09,21804,A,N,G,G,A,A,H,-,C,A,0,NA,Y,NA,NA,Y,Y,A,01,0,0,1,0,0,0,1,0,0,-,-,NA,NA,ORANGE,GARDEN GROVE,-117.95562744140624,33.77403259277344
9583498,2023,2023-07-24,3009,2023-06-21,1713,3927,103,3,5,6,3009,0,0,0,NA,0,012,NUTWOOD ST,LAMPSON AV,0,NA,Y,A,-,N,NA,NA,NA,NA,NA,NA,NA,NA,NA,N,3,0,2,2,A,-,12,22450,A,N,D,C,A,A,H,-,A,A,0,NA,NA,NA,NA,Y,NA,-,-,0,2,0,0,0,0,0,0,0,-,-,NA,NA,ORANGE,GARDEN GROVE,-117.94981384277344,33.78139114379883
9583906,2023,2023-08-17,3009,2023-07-26,1835,4435,101,3,5,6,3009,0,0,0,NA,0,012,BROOKHURST ST,PARLIAMENT AV,43,W,N,A,-,N,NA,NA,NA,NA,NA,NA,NA,NA,NA,Y,3,0,2,2,A,-,09,21802,A,N,D,C,A,A,H,-,A,D,0,NA,NA,NA,NA,Y,NA,A,01,0,1,1,0,0,0,0,0,0,-,-,NA,NA,ORANGE,GARDEN GROVE,-117.95865631103516,33.798179626464844
9583986,2023,2023-08-08,3000,2023-05-27,1228,11092,893C2,6,5,4,3048,0,0,0,NA,0,1A67,ANTONIO PKWY,ALAS DE PAZ,0,NA,Y,A,-,N,NA,NA,NA,NA,NA,NA,NA,NA,NA,Y,4,0,1,2,A,-,12,21453,A,N,D,C,A,A,H,-,A,D,0,NA,NA,NA,NA,Y,NA,A,01,0,0,1,0,0,0,0,0,0,-,-,33.38447952270508,-117.34529113769533,ORANGE,RANCHO SANTA MARGARITA,-117.5815200805664,33.645790100097656