CASE_ID,ACCIDENT_YEAR,PROC_DATE,JURIS,COLLISION_DATE,COLLISION_TIME,OFFICER_ID,REPORTING_DISTRICT,DAY_OF_WEEK,CHP_SHIFT,POPULATION,CNTY_CITY_LOC,SPECIAL_COND,BEAT_TYPE,CHP_BEAT_TYPE,CITY_DIVISION_LAPD,CHP_BEAT_CLASS,BEAT_NUMBER,PRIMARY_RD,SECONDARY_RD,DISTANCE,DIRECTION,INTERSECTION,WEATHER_1,WEATHER_2,STATE_HWY_IND,CALTRANS_COUNTY,CALTRANS_DISTRICT,STATE_ROUTE,ROUTE_SUFFIX,POSTMILE_PREFIX,POSTMILE,LOCATION_TYPE,RAMP_INTERSECTION,SIDE_OF_HWY,TOW_AWAY,COLLISION_SEVERITY,NUMBER_KILLED,NUMBER_INJURED,PARTY_COUNT,PRIMARY_COLL_FACTOR,PCF_CODE_OF_VIOL,PCF_VIOL_CATEGORY,PCF_VIOLATION,PCF_VIOL_SUBSECTION,HIT_AND_RUN,TYPE_OF_COLLISION,MVIW,PED_ACTION,ROAD_SURFACE,ROAD_COND_1,ROAD_COND_2,LIGHTING,CONTROL_DEVICE,CHP_ROAD_TYPE,PEDESTRIAN_ACCIDENT,BICYCLE_ACCIDENT,MOTORCYCLE_ACCIDENT,TRUCK_ACCIDENT,NOT_PRIVATE_PROPERTY,ALCOHOL_INVOLVED,STWD_VEHTYPE_AT_FAULT,CHP_VEHTYPE_AT_FAULT,COUNT_SEVERE_INJ,COUNT_VISIBLE_INJ,COUNT_COMPLAINT_PAIN,COUNT_PED_KILLED,COUNT_PED_INJURED,COUNT_BICYCLIST_KILLED,COUNT_BICYCLIST_INJURED,COUNT_MC_KILLED,COUNT_MC_INJURED,PRIMARY_RAMP,SECONDARY_RAMP,LATITUDE,LONGITUDE,COUNTY,CITY,POINT_X,POINT_Y
9584019,2023,2023-05-15,3003,2023-01-14,1543,1290,NA,6,5,5,3003,0,0,0,NA,0,NA,STANTON AV,LA PALMA,25,S,N,C,-,N,NA,NA,NA,NA,NA,NA,NA,NA,NA,N,3,0,1,2,A,-,00,21955,A,N,G,B,D,B,G,-,A,A,0,Y,NA,NA,NA,Y,NA,N,60,0,1,0,0,1,0,0,0,0,-,-,33.50474166870117,-117.5937271118164,ORANGE,BUENA PARK,-117.99370574951172,33.84654998779297
9584474,2023,2023-05-18,3000,2023-04-13,834,3950,921E6,4,5,4,3049,0,0,0,NA,0,782,DEERHURST,FOXBOROUGH,0,NA,Y,C,-,N,NA,NA,NA,NA,NA,NA,NA,NA,NA,N,3,0,1,2,A,-,05,21650,1,N,D,G,A,B,H,-,A,A,0,NA,Y,NA,NA,Y,NA,L,04,0,1,0,0,0,0,1,0,0,-,-,NA,NA,ORANGE,ALISO VIEJO,-117.7196807861328,33.567100524902344
9586036,2023,2023-05-31,3012,2023-04-23,118,713,41,7,5,5,3012,0,0,0,NA,0,004,LAMBERT RD,CLIFTON ST,0,NA,Y,A,-,N,NA,NA,NA,NA,NA,NA,NA,NA,NA,N,4,0,1,2,A,-,09,21804,B,M,D,C,A,A,H,-,C,D,0,NA,NA,NA,NA,Y,NA,A,01,0,0,1,0,0,0,0,0,0,-,-,NA,NA,ORANGE,LA HABRA,-117.9452667236328,33.924617767333984
9587150,2023,2023-08-24,3003,2023-08-03,106,1300,NA,4,5,5,3003,0,0,0,NA,0,004,KNOTT AV,LA PALMA AV,0,NA,Y,A,-,N,NA,NA,NA,NA,NA,NA,NA,NA,NA,Y,4,0,2,2,A,-,12,21453,A,N,B,C,A,A,H,-,C,A,0,NA,NA,NA,NA,Y,Y,-,NA,0,0,2,0,0,0,0,0,0,-,-,33.504798889160156,-118.0040283203125,ORANGE,BUENA PARK,-118.01119995117188,33.846553802490234
9591456,2023,2023-06-30,3000,2023-04-22,1313,10898,891J7,6,5,5,3028,0,0,0,NA,0,151,ALICIA PKWY,ALTHEA,223,W,N,A,-,N,NA,NA,NA,NA,NA,NA,NA,NA,NA,Y,3,0,6,4,A,-,03,22350,NA,N,C,C,A,A,H,-,A,D,0,NA,NA,NA,NA,Y,NA,A,07,0,2,4,0,0,0,0,0,0,-,-,NA,NA,ORANGE,MISSION VIEJO,-117.68453979492188,33.611446380615234
9592708,2023,2023-08-03,3000,2023-06-13,1228,11797,992J1,2,5,5,3017,0,0,0,NA,0,777,AVENIDA PICO,CALLE AMANECER,0,NA,Y,A,-,N,NA,NA,NA,NA,NA,NA,NA,NA,NA,Y,3,0,2,2,A,-,12,21453,A,N,A,C,A,A,H,-,A,A,0,NA,NA,NA,NA,Y,NA,A,01,0,1,1,0,0,0,0,0,0,-,-,NA,NA,ORANGE,SAN CLEMENTE,-117.60929107666016,33.449947357177734
9593526,2023,2023-07-18,3002,2023-03-31,1703,10165,739H2,5,5,5,3025,0,0,0,NA,0,001,ROSE DR,WABASH AV,0,NA,Y,A,-,N,NA,NA,NA,NA,NA,NA,NA,NA,NA,Y,4,0,1,2,A,-,08,22100,A,N,B,C,A,A,H,-,A,A,0,NA,NA,NA,NA,Y,NA,A,01,0,0,1,0,0,0,0,0,0,-,-,NA,NA,ORANGE,YORBA LINDA,-117.84221649169922,33.90653610229492
9599412,2023,2023-07-28,3000,2023-06-22,910,11752,921J5,4,5,4,3045,0,0,0,NA,0,746,NOTTINGHAM CT,CHELSEA LN,53,N,N,B,-,N,NA,NA,NA,NA,NA,NA,NA,NA,NA,Y,4,0,2,2,A,-,08,22107,NA,N,A,C,A,A,H,-,A,D,0,NA,NA,NA,NA,Y,NA,A,01,0,0,2,0,0,0,0,0,0,-,-,NA,NA,ORANGE,LAGUNA HILLS,-117.68419647216795,33.57415771484375
9599609,2023,2023-08-21,3004,2023-07-03,1658,P555,32,1,5,6,3004,0,0,0,NA,0,005,BRISTOL ST,ANTON BL,28,S,N,A,-,N,NA,NA,NA,NA,NA,NA,NA,NA,NA,N,4,0,1,2,A,-,03,22350,NA,N,C,C,A,A,H,-,C,A,0,NA,NA,NA,NA,Y,NA,A,01,0,0,1,0,0,0,0,0,0,-,-,33.69029998779297,-117.8862075805664,ORANGE,COSTA MESA,-117.88562774658205,33.69001388549805
9602063,2023,2023-08-08,3004,2023-07-25,955,P633,15,2,5,6,3004,0,0,0,NA,0,015,TANAGER DR,GOLF COURSE DR,0,NA,Y,A,-,N,NA,NA,NA,NA,NA,NA,NA,NA,NA,N,3,0,1,2,A,-,11,21950,B,N,G,B,B,A,H,-,A,D,0,Y,NA,NA,NA,Y,NA,N,60,0,1,0,0,1,0,0,0,0,-,-,33.668800354003906,-117.9272003173828,ORANGE,COSTA MESA,-117.92728424072266,33.66874694824219
9603088,2023,2023-07-27,3009,2023-06-21,1825,3752,092,3,5,6,3009,0,0,0,NA,0,012,GILBERT ST,SKYLARK BL,38,S,N,A,-,N,NA,NA,NA,NA,NA,NA,NA,NA,NA,N,2,0,1,2,A,-,03,22350,NA,N,C,C,A,A,H,-,A,A,0,NA,NA,Y,NA,Y,NA,C,02,1,0,0,0,0,0,0,0,1,-,-,NA,NA,ORANGE,GARDEN GROVE,-117.96745300292967,33.79148483276367
9603977,2023,2023-10-18,3004,2023-07-13,1430,P542,12,4,5,6,3004,0,0,0,NA,0,013,W WILSON ST,FORDHAM DR,81,W,N,A,-,N,NA,NA,NA,NA,NA,NA,NA,NA,NA,N,3,0,1,2,A,-,07,21658,A,N,B,-,A,A,H,-,A,D,0,NA,Y,NA,NA,Y,NA,-,-,0,1,0,0,0,0,1,0,0,-,-,33.65599822998047,-117.91400146484376,ORANGE,COSTA MESA,-117.91432189941406,33.65622329711914
9605355,2024,2024-03-28,3004,2024-01-02,1227,P633,10,2,5,6,3004,0,0,0,NA,0,003,HARBOR BL,VICTORIA ST,85,N,N,A,-,N,NA,NA,NA,NA,NA,NA,NA,NA,NA,Y,3,0,1,4,C,-,18,NA,NA,N,C,C,A,A,H,-,A,D,0,NA,NA,NA,NA,Y,NA,-,-,0,1,0,0,0,0,0,0,0,-,-,33.65290069580078,-117.91909790039063,ORANGE,COSTA MESA,-117.91908264160156,33.65276336669922
9606152,2023,2023-09-11,3003,2023-07-20,515,1193,NA,4,5,5,3003,0,0,0,NA,0,NA,STANTON AV,11TH ST,485,W,N,A,-,N,NA,NA,NA,NA,NA,NA,NA,NA,NA,Y,4,0,1,2,C,-,18,NA,NA,N,B,E,A,A,H,-,C,D,0,NA,NA,NA,NA,Y,NA,-,-,0,0,1,0,0,0,0,0,0,-,-,33.861148834228516,-117.99388122558594,ORANGE,BUENA PARK,-117.99378967285156,33.86252975463867
9613118,2023,2023-09-21,3003,2023-08-16,1015,1284,NA,3,5,5,3003,0,0,0,NA,0,NA,LINCOLN AV,KNOTT AV,389,W,N,A,-,N,NA,NA,NA,NA,NA,NA,NA,NA,NA,N,4,0,2,2,A,-,09,21804,A,N,D,C,A,A,H,-,A,D,0,NA,NA,NA,NA,Y,NA,A,01,0,0,2,0,0,0,0,0,0,-,-,33.495399475097656,-118.00440216064452,ORANGE,BUENA PARK,-118.01217651367188,33.831974029541016
9613992,2023,2023-09-25,3000,2023-07-27,2005,11385,891F1,4,5,4,3045,0,0,0,NA,0,446,EL TORO RD,PASEO DE VALENCIA,219,E,N,A,-,N,NA,NA,NA,NA,NA,NA,NA,NA,NA,Y,2,0,4,4,C,-,18,NA,NA,N,E,I,F,A,H,-,A,A,0,Y,NA,NA,NA,Y,NA,-,-,3,0,1,0,3,0,0,0,0,-,-,NA,NA,ORANGE,LAGUNA HILLS,-117.7121353149414,33.612571716308594
9615111,2022,2023-09-07,3013,2022-11-13,0945,211,L04,7,5,3,3013,0,0,0,NA,0,004,KATELLA AV,EPSON WY,107,E,N,A,-,N,NA,NA,NA,NA,NA,NA,NA,NA,NA,Y,3,0,1,1,C,-,18,NA,NA,N,E,J,A,A,H,-,A,D,0,NA,NA,NA,NA,Y,NA,-,-,0,1,0,0,0,0,0,0,0,-,-,NA,NA,ORANGE,LOS ALAMITOS,NA,NA
9615766,2023,2023-09-28,3003,2023-08-13,1510,1290,NA,7,5,5,3003,0,0,0,NA,0,NA,DALE AV,CRESCENT AV,10,N,N,A,-,N,NA,NA,NA,NA,NA,NA,NA,NA,NA,Y,3,0,1,2,A,-,12,21453,A,M,C,C,A,A,H,-,A,A,0,NA,NA,NA,NA,Y,Y,A,01,0,1,0,0,0,0,0,0,0,-,-,33.50225830078125,-117.59053802490234,ORANGE,BUENA PARK,-117.9848175048828,33.839481353759766
9615803,2023,2023-09-20,3000,2023-07-31,1815,12182,862B6,1,5,5,3050,0,0,0,NA,0,765,BAKE PKWY,RANCHO PARKWAY SOUT,12,E,N,A,-,N,NA,NA,NA,NA,NA,NA,NA,NA,NA,N,3,0,1,1,A,-,08,22107,NA,N,F,A,A,A,H,-,B,A,0,NA,Y,NA,NA,Y,NA,L,04,0,1,0,0,0,0,1,0,0,-,-,NA,NA,ORANGE,LAKE FOREST,-117.66670989990234,33.67326354980469
9616997,2023,2023-10-13,3004,2023-09-24,630,P711,02,7,5,6,3004,0,0,0,NA,0,001,W 16TH ST,SUPERIOR AV,0,NA,Y,A,-,N,NA,NA,NA,NA,NA,NA,NA,NA,NA,Y,4,0,2,2,A,-,12,21453,A,N,F,C,A,A,H,-,A,A,0,NA,NA,NA,NA,Y,Y,A,07,0,0,2,0,0,0,0,0,0,-,-,33.63199996948242,-117.927001953125,ORANGE,COSTA MESA,-117.92725372314452,33.632469177246094
9616999,2023,2023-10-13,3004,2023-09-19,550,P721,11,2,5,6,3004,0,0,0,NA,0,015,NEWPORT BL,WEST 19TH ST,0,NA,Y,A,-,N,NA,NA,NA,NA,NA,NA,NA,NA,NA,N,3,0,1,2,A,-,12,21453,A,N,D,C,A,A,H,-,C,A,0,NA,NA,NA,NA,Y,NA,A,01,0,1,0,0,0,0,0,0,0,-,-,33.64337921142578,-117.91645050048828,ORANGE,COSTA MESA,-117.91678619384766,33.64324188232422
9619408,2023,2024-01-23,3000,2023-11-10,1540,11752,891D5,5,5,4,3045,0,0,0,NA,0,746,LAKE FOREST DR,AVENIDA DE LA CARLOTA,0,NA,Y,A,-,N,NA,NA,NA,NA,NA,NA,NA,NA,NA,Y,4,0,1,2,A,-,09,21453,B,N,D,C,A,A,H,-,A,A,0,NA,NA,NA,NA,Y,NA,A,01,0,0,1,0,0,0,0,0,0,-,-,NA,NA,ORANGE,LAGUNA HILLS,-117.72396850585938,33.628662109375
9619784,2023,2024-01-10,3000,2023-11-09,1040,5013,862B5,4,5,5,3050,0,0,0,NA,0,760,BAKE PKWY,RANCHO PKWY,0,NA,Y,A,-,N,NA,NA,NA,NA,NA,NA,NA,NA,NA,Y,3,0,3,2,A,-,12,21453,A,N,D,C,A,A,H,-,A,A,0,NA,NA,NA,NA,Y,NA,A,01,0,1,2,0,0,0,0,0,0,-,-,NA,NA,ORANGE,LAKE FOREST,-117.66674041748048,33.673240661621094
9619870,2023,2024-01-13,3000,2023-11-13,1853,12182,862C5,1,5,5,3050,0,0,0,NA,0,765,PORTOLA PKWY,LAKE FOREST DR,28,S,N,A,-,N,NA,NA,NA,NA,NA,NA,NA,NA,NA,Y,3,0,1,2,A,-,04,21703,NA,N,C,C,A,A,H,-,C,A,0,NA,NA,NA,NA,Y,NA,A,07,0,1,0,0,0,0,0,0,0,-,-,NA,NA,ORANGE,LAKE FOREST,-117.65767669677734,33.67528533935547
9619878,2023,2024-01-13,3000,2023-11-19,841,10898,892D5,7,5,5,3028,0,0,0,NA,0,150,ALICIA PKWY,AUGUSTA CIR,150,E,N,A,-,N,NA,NA,NA,NA,NA,NA,NA,NA,NA,Y,4,0,1,2,A,-,03,22350,NA,N,E,I,A,B,H,-,A,D,0,NA,NA,NA,NA,Y,NA,A,01,0,0,1,0,0,0,0,0,0,-,-,NA,NA,ORANGE,MISSION VIEJO,-117.64348602294922,33.62419891357422
9621740,2023,2023-10-20,3005,2023-09-18,1308,7920,C13,1,5,4,3005,0,0,0,NA,0,001,LINCOLN AV,DENNI ST,0,NA,Y,A,-,N,NA,NA,NA,NA,NA,NA,NA,NA,NA,Y,3,0,1,2,A,-,12,21453,A,N,D,C,A,A,H,-,A,A,0,NA,NA,NA,NA,Y,NA,D,22,0,1,0,0,0,0,0,0,0,-,-,NA,NA,ORANGE,CYPRESS,-118.05461120605467,33.83161926269531
9622492,2023,2023-12-14,3004,2023-10-22,1439,P721,20,7,5,6,3004,0,0,0,NA,0,003,GISLER AV,HARBOR BL,0,NA,Y,A,-,N,NA,NA,NA,NA,NA,NA,NA,NA,NA,Y,4,0,2,2,A,-,12,21453,A,N,D,C,A,A,H,-,A,A,0,NA,NA,NA,NA,Y,NA,A,01,0,0,2,0,0,0,0,0,0,-,-,33.6870002746582,-117.9193878173828,ORANGE,COSTA MESA,-117.9194564819336,33.686981201171875
9622668,2023,2024-03-21,3015,2023-09-13,1950,12182,892B3,3,5,6,3015,0,0,0,NA,0,762,EL TORO RD,CREEKSIDE,0,NA,Y,A,-,N,NA,NA,NA,NA,NA,NA,NA,NA,NA,Y,3,0,2,2,A,-,09,21802,A,N,D,C,A,A,H,-,C,A,0,NA,NA,NA,NA,Y,NA,A,07,0,1,1,0,0,0,0,0,0,-,-,NA,NA,ORANGE,ORANGE,-117.67095184326172,33.6399040222168
9622671,2023,2024-01-19,3000,2023-09-17,25,10362,921D5,7,5,4,3049,0,0,0,NA,0,481,CITY LIGHTS DR,GRAND,0,NA,Y,C,-,N,NA,NA,NA,NA,NA,NA,NA,NA,NA,Y,3,0,3,1,A,-,01,23152,A,N,E,I,A,B,H,-,C,D,0,NA,NA,NA,NA,Y,Y,-,NA,0,2,1,0,0,0,0,0,0,-,-,NA,NA,ORANGE,ALISO VIEJO,-117.72642517089844,33.574337005615234
9622798,2023,2023-11-09,3002,2023-09-01,1726,10165,740B4,5,5,5,3025,0,0,0,NA,0,001,YORBA LINDA BL,MOUNTAIN VIEW DR,319,W,N,B,C,N,NA,NA,NA,NA,NA,NA,NA,NA,NA,Y,4,0,2,2,A,-,03,22350,NA,N,C,C,A,B,H,-,A,D,0,NA,NA,NA,NA,Y,NA,D,22,0,0,2,0,0,0,0,0,0,-,-,NA,NA,ORANGE,YORBA LINDA,-117.81842803955078,33.888431549072266
9623030,2023,2023-11-06,3012,2023-09-28,1712,670,NA,4,5,5,3012,0,0,0,NA,0,002,NORTH HARBOR BL,KERNER WY,120,N,N,A,-,N,NA,NA,NA,NA,NA,NA,NA,NA,NA,N,4,0,1,2,A,-,03,22350,NA,M,C,C,A,A,H,-,A,A,0,NA,NA,NA,NA,Y,NA,A,01,0,0,1,0,0,0,0,0,0,-,-,NA,NA,ORANGE,LA HABRA,-117.9330596923828,33.93539047241211
9623490,2023,2023-11-20,3012,2023-10-06,717,686,12,5,5,5,3012,0,0,0,NA,0,001,HACIENDA RD,EDISON POLE #1660518E,54,W,N,A,-,N,NA,NA,NA,NA,NA,NA,NA,NA,NA,Y,3,0,1,3,A,-,07,21658,A,N,-,C,A,A,H,-,A,A,0,NA,NA,NA,NA,Y,NA,A,01,0,1,0,0,0,0,0,0,0,-,-,NA,NA,ORANGE,LA HABRA,NA,NA
9624127,2022,2023-11-09,3010,2022-04-17,0441,1192,432,7,5,6,3010,0,0,0,NA,0,005,RT 39,NEWLAND CENTER DRIVEWAY,93,N,N,A,-,Y,ORA,12,39,-,-,1.8,H,-,N,Y,1,1,0,2,A,-,11,21954,A,N,-,B,D,A,H,-,C,D,0,Y,NA,NA,NA,Y,Y,N,60,0,0,0,1,0,0,0,0,0,-,-,NA,NA,ORANGE,HUNTINGTON BEACH,-117.98851013183594,33.674659729003906
9624142,2023,2025-06-26,3004,2023-06-16,1216,P542,10,5,5,6,3004,0,0,0,NA,0,012,VICTORIA ST,CHARLE DR,0,NA,Y,A,-,N,NA,NA,NA,NA,NA,NA,NA,NA,NA,Y,1,1,1,2,A,-,08,22107,NA,N,D,C,A,A,H,-,A,D,0,NA,NA,NA,NA,Y,NA,A,01,0,1,0,0,0,0,0,0,0,-,-,33.65299987792969,-117.92099761962892,ORANGE,COSTA MESA,-117.92035675048828,33.652530670166016
9625493,2023,2023-10-09,3004,2023-09-11,1416,P648,10,1,5,6,3004,0,0,0,NA,0,003,HARBOR BL,VICTORIA ST,0,NA,Y,A,-,N,NA,NA,NA,NA,NA,NA,NA,NA,NA,Y,3,0,1,4,A,-,12,21453,A,N,D,C,A,A,H,-,A,A,0,NA,NA,NA,NA,Y,NA,A,01,0,1,0,0,0,0,0,0,0,-,-,33.65250015258789,-117.91899871826172,ORANGE,COSTA MESA,-117.91908264160156,33.652530670166016
9625916,2023,2023-10-06,3000,2023-08-16,1815,8698,891E7,3,5,3,3051,0,0,0,NA,0,480,MOULTON PKWY,EL TORO RD,0,NA,Y,A,-,N,NA,NA,NA,NA,NA,NA,NA,NA,NA,Y,4,0,1,2,A,-,07,21658,A,N,C,C,A,A,H,-,A,A,0,NA,NA,NA,NA,Y,NA,A,01,0,0,1,0,0,0,0,0,0,-,-,NA,NA,ORANGE,LAGUNA WOODS,-117.72521209716795,33.61003112792969
9626769,2023,2023-10-21,3009,2023-09-25,2038,4576,13,1,5,6,3009,0,0,0,NA,0,1 1,VALLEY VIEW ST,LAMPSON AV,489,S,N,A,-,N,NA,NA,NA,NA,NA,NA,NA,NA,NA,N,4,0,1,2,A,-,09,21801,B,N,D,C,A,A,H,-,C,D,0,NA,NA,Y,NA,Y,NA,A,07,0,0,1,0,0,0,0,0,1,-,-,NA,NA,ORANGE,GARDEN GROVE,-118.03058624267578,33.78089141845703
9626771,2023,2023-10-21,3009,2023-09-09,413,5001,111,6,5,6,3009,0,0,0,NA,0,2 1,ORANGEWOOD AV,DOLAN ST,300,E,N,A,-,N,NA,NA,NA,NA,NA,NA,NA,NA,NA,Y,2,0,1,1,A,-,03,22350,NA,N,A,I,A,A,H,-,C,D,0,NA,NA,NA,NA,Y,NA,A,01,1,0,0,0,0,0,0,0,0,-,-,NA,NA,ORANGE,GARDEN GROVE,-117.94518280029295,33.795989990234375
9626835,2023,2023-10-20,3012,2023-08-18,1349,612,NA,5,5,5,3012,0,0,0,NA,0,001,IDAHO,LA HABRA,0,NA,Y,A,-,N,NA,NA,NA,NA,NA,NA,NA,NA,NA,N,4,0,1,2,A,-,03,22350,NA,N,C,C,A,A,H,-,A,A,0,NA,NA,NA,NA,Y,NA,A,01,0,0,1,0,0,0,0,0,0,-,-,NA,NA,ORANGE,LA HABRA,-117.9592056274414,33.931854248046875
9628329,2023,2023-10-30,3000,2023-07-03,233,9177,797J6,1,5,4,3021,0,0,0,NA,0,023,BEACH BL,ACACIA AV,250,S,N,A,-,Y,ORA,12,39,-,-,8.75,H,-,S,Y,4,0,1,2,A,-,00,21652,A,N,E,-,F,A,H,-,C,D,0,Y,NA,NA,NA,Y,Y,A,01,0,0,1,0,1,0,0,0,0,-,-,NA,NA,ORANGE,STANTON,-117.99292755126952,33.77494812011719
9628982,2023,2023-10-30,3004,2023-09-18,1730,P668,05,1,5,6,3004,0,0,0,NA,0,015,ORANGE AV,CABRILLO ST,5,W,N,A,-,N,NA,NA,NA,NA,NA,NA,NA,NA,NA,N,2,0,1,2,A,-,03,22350,NA,F,C,G,A,A,H,-,A,D,0,NA,Y,NA,NA,Y,NA,A,07,1,0,0,0,0,0,1,0,0,-,-,33.63650131225586,-117.9175033569336,ORANGE,COSTA MESA,-117.91768646240234,33.63644027709961
9629572,2023,2023-11-06,3000,2023-07-24,1125,3358,972A4,1,5,4,3018,0,0,0,NA,0,731,VIA DEL ACERO,AVE DEL ROSAL,66,E,N,A,-,N,NA,NA,NA,NA,NA,NA,NA,NA,NA,N,3,0,2,2,A,-,09,21804,A,N,D,G,A,A,H,-,A,D,0,NA,Y,NA,NA,Y,NA,A,01,0,1,1,0,0,0,2,0,0,-,-,NA,NA,ORANGE,SAN JUAN CAPISTRANO,NA,NA
9629576,2023,2023-11-06,3000,2023-07-28,1629,6717,891H5,5,5,5,3050,0,0,0,NA,0,762,EL TORO RD,EL TORO FRONTAGE RD,15,E,N,A,-,N,NA,NA,NA,NA,NA,NA,NA,NA,NA,Y,3,0,2,2,A,-,09,21801,A,N,D,C,A,A,H,-,A,A,0,NA,NA,NA,NA,Y,NA,A,07,0,2,0,0,0,0,0,0,0,-,-,33.372650146484375,-117.4145965576172,ORANGE,LAKE FOREST,-117.69607543945313,33.62411880493164
9630917,2023,2023-11-09,3004,2023-10-24,800,P721,13,2,5,6,3004,0,0,0,NA,0,015,COLUMBIA DR,LOYOLA RD,12,S,N,A,-,N,NA,NA,NA,NA,NA,NA,NA,NA,NA,Y,3,0,1,3,A,-,10,21950,A,N,G,B,B,A,H,-,A,D,0,Y,NA,NA,NA,Y,NA,A,01,0,1,0,0,1,0,0,0,0,-,-,33.66144943237305,-117.9087371826172,ORANGE,COSTA MESA,-117.90866088867188,33.661495208740234
9633599,2023,2023-11-08,3000,2023-06-26,1215,6532,892J3,1,5,4,3048,0,0,0,NA,0,766,SANTA MARGARITA PKWY,INTERCHANGE PLAZA,0,NA,Y,A,-,N,NA,NA,NA,NA,NA,NA,NA,NA,NA,Y,4,0,2,2,A,-,08,22100,A,N,B,C,A,A,H,-,A,A,0,NA,NA,NA,NA,Y,NA,A,01,0,0,2,0,0,0,0,0,0,-,-,NA,NA,ORANGE,RANCHO SANTA MARGARITA,-117.60523223876952,33.64173889160156
9635031,2023,2024-01-23,3005,2023-11-30,1130,8306,C08,4,5,4,3005,0,0,0,NA,0,001,LINCOLN AV,MOODY ST,20,W,N,A,-,N,NA,NA,NA,NA,NA,NA,NA,NA,NA,N,2,0,1,2,A,-,07,21658,A,N,C,C,A,A,H,-,A,A,0,NA,NA,NA,NA,Y,NA,-,99,1,0,0,0,0,0,0,0,0,-,-,NA,NA,ORANGE,CYPRESS,-118.0458755493164,33.831661224365234
9637225,2023,2023-11-29,3000,2023-05-16,2217,10772,971F5,2,5,4,3029,0,0,0,NA,0,435,NIGUEL RD,PCH,0,NA,Y,A,-,N,NA,NA,NA,NA,NA,NA,NA,NA,NA,Y,4,0,1,2,D,-,00,NA,NA,N,H,G,A,A,H,-,C,A,0,NA,Y,NA,NA,Y,NA,-,-,0,0,1,0,0,0,1,0,0,-,-,NA,NA,ORANGE,DANA POINT,-117.71662902832033,33.47593307495117
9637229,2023,2023-11-29,3000,2023-06-07,2200,10900,97IJ6,3,5,4,3029,0,0,0,NA,0,436,PCH,DEL OBISPO,40,N,N,A,-,N,NA,NA,NA,NA,NA,NA,NA,NA,NA,N,4,0,1,2,A,-,03,22350,NA,F,C,C,A,A,H,-,C,A,0,NA,NA,NA,NA,Y,NA,A,07,0,0,1,0,0,0,0,0,0,-,-,NA,NA,ORANGE,DANA POINT,-117.68766021728516,33.46510696411133
9637419,2023,2024-02-13,3004,2023-11-15,1502,P655,22,3,5,6,3004,0,0,0,NA,0,010,BAKER ST,NEWPORT BL,0,NA,Y,C,-,N,NA,NA,NA,NA,NA,NA,NA,NA,NA,N,3,0,1,3,A,-,12,21453,A,N,D,C,A,B,H,-,A,A,0,NA,NA,NA,NA,Y,NA,A,01,0,1,0,0,0,0,0,0,0,-,-,33.68006896972656,-117.88021087646484,ORANGE,COSTA MESA,NA,NA
9640298,2023,2025-06-24,3005,2023-12-14,1522,8221,NA,4,5,4,3005,0,0,0,NA,0,002,VALLEY VIEW TER,LINCOLN AV,0,S,N,A,-,N,NA,NA,NA,NA,NA,NA,NA,NA,NA,Y,1,1,0,2,A,-,03,22350,NA,N,D,C,A,A,H,-,A,D,0,NA,NA,Y,NA,Y,NA,C,02,0,0,0,0,0,0,0,1,0,-,-,NA,NA,ORANGE,CYPRESS,-118.02848815917967,33.831703186035156
9640306,2024,2024-07-31,3004,2024-03-03,22,P542,11,7,5,6,3004,0,0,0,NA,0,001,RT 55,HARBOR BL,12,N,N,C,-,Y,ORA,12,55,-,-,1.82,I,5,S,N,1,1,0,2,A,-,10,21950,A,F,G,B,B,B,H,-,C,A,0,Y,NA,NA,NA,Y,NA,A,01,0,0,0,1,0,0,0,0,0,-,-,33.64099884033203,-117.91799926757813,ORANGE,COSTA MESA,-117.91876220703124,33.64128112792969
9640670,2024,2024-07-03,3008,2024-06-12,2142,1479,ZONE1,3,5,6,3008,0,0,0,NA,0,NA,ORANGETHORPE AV,GILBERT ST,29,W,N,A,-,N,NA,NA,NA,NA,NA,NA,NA,NA,NA,Y,1,1,0,2,A,-,01,23153,A,N,C,C,A,A,H,-,C,A,0,NA,NA,Y,NA,Y,Y,A,01,0,0,0,0,0,0,0,1,0,-,-,33.859039306640625,-117.968017578125,ORANGE,FULLERTON,-117.968017578125,33.85934829711914
9640970,2023,2025-07-23,3001,2023-12-03,1103,A2657,D 2,7,5,7,3001,0,0,0,NA,0,D 2,LINCOLN AV,WEST S ST,34,E,N,A,-,N,NA,NA,NA,NA,NA,NA,NA,NA,NA,Y,1,1,1,4,A,-,01,23153,F,N,G,B,F,A,H,-,A,D,0,Y,NA,NA,NA,Y,Y,A,01,0,0,1,1,1,0,0,0,0,-,-,33.83269119262695,-117.9272232055664,ORANGE,ANAHEIM,-117.92701721191406,33.8326416015625
9641527,2022,2023-12-21,3011,2022-08-03,1632,31241,44,3,5,4,3011,0,0,0,NA,0,003,RT 1,CENTER ST,0,NA,Y,A,-,Y,ORA,12,1,-,-,8.08,H,-,S,Y,4,0,1,3,A,-,01,23152,B,M,C,C,A,A,H,-,A,D,0,NA,NA,NA,NA,Y,Y,A,01,0,0,1,0,0,0,0,0,0,-,-,NA,NA,ORANGE,LAGUNA BEACH,-117.77059936523438,33.52813720703125
9647667,2023,2023-12-19,3004,2023-11-04,1607,P618,03,6,5,6,3004,0,0,0,NA,0,006,EAST 17TH ST,TUSTIN AV,0,NA,N,A,-,N,NA,NA,NA,NA,NA,NA,NA,NA,NA,Y,3,0,1,2,A,-,09,21801,NA,N,D,C,A,A,H,-,A,A,0,NA,NA,NA,NA,Y,NA,A,01,0,1,0,0,0,0,0,0,0,-,-,33.630680084228516,-117.91194152832033,ORANGE,COSTA MESA,-117.9120635986328,33.630760192871094