CASE_ID,ACCIDENT_YEAR,PROC_DATE,JURIS,COLLISION_DATE,COLLISION_TIME,OFFICER_ID,REPORTING_DISTRICT,DAY_OF_WEEK,CHP_SHIFT,POPULATION,CNTY_CITY_LOC,SPECIAL_COND,BEAT_TYPE,CHP_BEAT_TYPE,CITY_DIVISION_LAPD,CHP_BEAT_CLASS,BEAT_NUMBER,PRIMARY_RD,SECONDARY_RD,DISTANCE,DIRECTION,INTERSECTION,WEATHER_1,WEATHER_2,STATE_HWY_IND,CALTRANS_COUNTY,CALTRANS_DISTRICT,STATE_ROUTE,ROUTE_SUFFIX,POSTMILE_PREFIX,POSTMILE,LOCATION_TYPE,RAMP_INTERSECTION,SIDE_OF_HWY,TOW_AWAY,COLLISION_SEVERITY,NUMBER_KILLED,NUMBER_INJURED,PARTY_COUNT,PRIMARY_COLL_FACTOR,PCF_CODE_OF_VIOL,PCF_VIOL_CATEGORY,PCF_VIOLATION,PCF_VIOL_SUBSECTION,HIT_AND_RUN,TYPE_OF_COLLISION,MVIW,PED_ACTION,ROAD_SURFACE,ROAD_COND_1,ROAD_COND_2,LIGHTING,CONTROL_DEVICE,CHP_ROAD_TYPE,PEDESTRIAN_ACCIDENT,BICYCLE_ACCIDENT,MOTORCYCLE_ACCIDENT,TRUCK_ACCIDENT,NOT_PRIVATE_PROPERTY,ALCOHOL_INVOLVED,STWD_VEHTYPE_AT_FAULT,CHP_VEHTYPE_AT_FAULT,COUNT_SEVERE_INJ,COUNT_VISIBLE_INJ,COUNT_COMPLAINT_PAIN,COUNT_PED_KILLED,COUNT_PED_INJURED,COUNT_BICYCLIST_KILLED,COUNT_BICYCLIST_INJURED,COUNT_MC_KILLED,COUNT_MC_INJURED,PRIMARY_RAMP,SECONDARY_RAMP,LATITUDE,LONGITUDE,COUNTY,CITY,POINT_X,POINT_Y
6688949,2014,2014-12-26,3019,2014-10-15,1716,3151,NE,3,5,7,3019,0,0,0,NA,0,002,1ST ST,GRAND AV,0,NA,Y,A,-,N,NA,NA,NA,NA,NA,NA,NA,NA,NA,N,4,0,1,2,A,-,17,21451,A,N,H,G,A,A,H,-,B,A,0,NA,Y,NA,NA,Y,NA,A,01,0,0,1,0,0,0,1,0,0,-,-,NA,NA,ORANGE,SANTA ANA,-117.85184009,33.74548008
6691168,2014,2014-12-03,3019,2014-10-14,2017,2387,SE,2,5,7,3019,0,0,0,NA,0,003,MCFADDEN ST,VILLAGE WY,0,NA,Y,A,-,N,NA,NA,NA,NA,NA,NA,NA,NA,NA,N,4,0,1,2,A,-,08,22107,NA,N,B,C,A,A,H,-,C,A,0,NA,NA,NA,NA,Y,NA,-,NA,0,0,1,0,0,0,0,0,0,-,-,NA,NA,ORANGE,SANTA ANA,-117.83588011,33.73381004
6694318,2014,2014-12-30,3001,2014-10-24,1912,1880,D1,5,5,7,3001,0,0,0,NA,0,NA,CRESCENT AV,MORAGA ST,0,NA,Y,A,-,N,NA,NA,NA,NA,NA,NA,NA,NA,NA,N,3,0,1,2,A,-,03,22350,NA,N,C,C,A,A,H,-,C,D,0,NA,NA,NA,NA,Y,NA,A,01,0,1,0,0,0,0,0,0,0,-,-,NA,NA,ORANGE,ANAHEIM,-117.96496004,33.83977006
6694321,2014,2015-01-02,3001,2014-10-24,1352,1397,NA,5,5,7,3001,0,0,0,NA,0,0D3,SOUTH STATE COLLEGE BL,EAST KATELLA AV,89,N,N,A,-,N,NA,NA,NA,NA,NA,NA,NA,NA,NA,N,4,0,1,2,A,-,21,22106,NA,N,C,C,A,A,D,-,A,A,0,NA,NA,NA,NA,Y,NA,A,01,0,0,1,0,0,0,0,0,0,-,-,NA,NA,ORANGE,ANAHEIM,-117.8891961,33.80360394
6694403,2014,2014-11-19,3015,2014-10-23,2249,1459,22W,4,5,6,3015,0,0,0,NA,0,113,SOUTH MAIN ST,W PALMYRA AV,152,N,N,A,-,N,NA,NA,NA,NA,NA,NA,NA,NA,NA,N,3,0,1,2,A,-,11,21954,A,N,G,B,D,A,H,-,C,D,0,Y,NA,NA,NA,Y,NA,N,60,0,1,0,0,1,0,0,0,0,-,-,NA,NA,ORANGE,ORANGE,-117.8673,33.7843867
6694415,2014,2016-06-18,3015,2014-10-19,1329,1453,015,7,5,6,3015,0,0,0,NA,0,213,WEST ORANGEWOOD AV,RT 57,36,S,N,A,-,Y,ORA,12,57,-,-,11.667,R,4,N,Y,4,0,1,2,A,-,03,22350,NA,N,C,C,A,A,H,-,A,A,0,NA,NA,NA,NA,Y,NA,A,01,0,0,1,0,0,0,0,0,0,-,NF,NA,NA,ORANGE,ORANGE,-117.87863509,33.79377109
6694419,2014,2014-11-19,3015,2014-10-18,1037,1045,25E,6,5,6,3015,0,0,0,NA,0,494,COLLINS AV,LEMON ST,88,E,N,A,-,N,NA,NA,NA,NA,NA,NA,NA,NA,NA,Y,4,0,1,2,A,-,03,22350,NA,N,C,C,A,A,H,-,A,D,0,NA,NA,NA,NA,Y,NA,A,01,0,0,1,0,0,0,0,0,0,-,-,NA,NA,ORANGE,ORANGE,-117.85495103,33.80239
6694479,2014,2016-03-01,3000,2014-10-03,0810,1358,3000,5,5,5,3017,0,0,0,NA,0,174,AVENIDA PICO,TRITON WY,0,NA,Y,A,-,N,NA,NA,NA,NA,NA,NA,NA,NA,NA,Y,4,0,3,2,A,-,12,21453,A,N,D,C,A,A,H,-,A,A,0,NA,NA,NA,NA,Y,NA,D,22,0,0,3,0,0,0,0,0,0,-,-,NA,NA,ORANGE,SAN CLEMENTE,-117.61719006,33.44154009
6694686,2014,2015-01-07,3000,2014-11-04,1435,1920,892D1,2,5,5,3028,0,0,0,NA,0,750,SANTA MARGARITA PKY,PORTOLA PLZ,0,NA,Y,A,-,N,NA,NA,NA,NA,NA,NA,NA,NA,NA,Y,4,0,1,2,A,-,12,21453,A,N,D,C,A,A,H,-,A,A,0,NA,NA,NA,NA,Y,NA,A,01,0,0,1,0,0,0,0,0,0,-,-,NA,NA,ORANGE,MISSION VIEJO,-117.64646,33.652796
6694833,2014,2015-01-02,3015,2014-10-28,1748,1247,1275,2,5,6,3015,0,0,0,NA,0,002,TAFT AV,YUROK ST,0,NA,Y,A,-,N,NA,NA,NA,NA,NA,NA,NA,NA,NA,Y,4,0,2,1,C,-,18,NA,NA,N,E,I,A,A,H,-,A,D,0,NA,NA,NA,NA,Y,NA,-,-,0,0,2,0,0,0,0,0,0,-,-,NA,NA,ORANGE,ORANGE,-117.79744007,33.81780006
6694846,2014,2016-06-18,3001,2014-10-24,1824,1880,NA,5,5,7,3001,0,0,0,NA,0,0D1,SOUTH BEACH BL,STONYBROOK DR,0,NA,Y,A,-,Y,ORA,12,39,-,-,11.949,I,5,N,N,4,0,3,2,A,-,09,21801,A,N,D,C,A,A,H,-,C,D,0,NA,NA,NA,NA,Y,NA,A,01,0,0,3,0,0,0,0,0,0,-,-,NA,NA,ORANGE,ANAHEIM,-117.99323452,33.82138008
6695749,2014,2015-01-06,3014,2014-10-28,1729,1253,RD39,2,5,5,3014,0,0,0,NA,0,0A3,JAMBOREE RD,SANTA BARBARA DR,460,N,N,A,-,N,NA,NA,NA,NA,NA,NA,NA,NA,NA,Y,3,0,2,3,A,-,03,22350,NA,N,C,C,A,A,H,-,A,A,0,NA,NA,NA,NA,Y,NA,A,01,0,1,1,0,0,0,0,0,0,-,-,33.6242,-117.8802,ORANGE,NEWPORT BEACH,-117.88039224,33.62425024
6696752,2014,2016-06-17,9675,2014-10-20,1845,020738,NA,1,2,6,3026,0,1,1,NA,2,406,RT 405,KARMAN AV,600,S,N,A,-,Y,ORA,12,405,-,-,7.51,H,-,S,N,4,0,1,3,A,-,03,22350,NA,N,C,C,A,A,H,-,C,D,6,NA,NA,NA,NA,Y,NA,A,01,0,0,1,0,0,0,0,0,0,-,-,33.67908,-117.84915,ORANGE,IRVINE,-117.85270756,33.68068192
6696764,2014,2016-06-17,9675,2014-10-22,2333,017043,NA,3,3,6,3004,0,1,1,NA,2,406,RT 405,JAMBOREE RD,275,N,N,B,-,Y,ORA,12,405,-,-,6.97,H,-,N,Y,4,0,1,2,A,-,03,22350,NA,F,C,C,A,A,H,-,C,D,6,NA,NA,NA,NA,Y,NA,-,99,0,0,1,0,0,0,0,0,0,-,-,33.67981,-117.84971,ORANGE,COSTA MESA,-117.84427855,33.67725633
6697356,2014,2014-11-19,9675,2014-09-25,1630,018929,NA,4,2,9,3000,0,3,5,NA,2,002,NEWPORT AV,DODGE AV,0,NA,Y,A,-,N,NA,NA,NA,NA,NA,NA,NA,NA,NA,Y,3,0,2,3,A,-,09,21801,A,N,A,C,A,A,H,-,A,A,0,NA,NA,NA,NA,Y,NA,A,07,0,1,1,0,0,0,0,0,0,-,-,33.76563,-117.7963,ORANGE,UNINCORPORATED,-117.79604013,33.76581007
6698526,2014,2014-12-01,3019,2014-10-24,1900,2939,SC,5,5,7,3019,0,0,0,NA,0,004,BRISTOL ST,ALTON ST,260,N,N,A,-,N,NA,NA,NA,NA,NA,NA,NA,NA,NA,N,4,0,2,3,A,-,03,22350,NA,N,C,C,A,A,H,-,C,A,0,NA,NA,NA,NA,Y,NA,A,01,0,0,2,0,0,0,0,0,0,-,-,NA,NA,ORANGE,SANTA ANA,-117.88553845,33.70438278
6698534,2014,2014-12-01,3019,2014-10-22,0916,3150,SC,3,5,7,3019,0,0,0,NA,0,004,FAIRVIEW ST,ALTON AV,100,N,N,A,-,N,NA,NA,NA,NA,NA,NA,NA,NA,NA,N,4,0,1,2,A,-,07,21658,A,N,B,C,A,A,H,-,A,D,0,NA,NA,NA,NA,Y,NA,A,01,0,0,1,0,0,0,0,0,0,-,-,NA,NA,ORANGE,SANTA ANA,-117.90783,33.70382416
6699370,2014,2014-11-18,3015,2014-09-05,1323,1240,775,5,5,6,3015,0,0,0,NA,0,723M,E MEATS AV,N NORDIC ST,114,W,N,A,-,N,NA,NA,NA,NA,NA,NA,NA,NA,NA,Y,4,0,2,2,A,-,09,21804,A,N,D,C,A,A,H,-,A,A,0,NA,NA,NA,NA,Y,NA,A,07,0,0,2,0,0,0,0,0,0,-,-,NA,NA,ORANGE,ORANGE,-117.83840392,33.82268626
6699416,2014,2014-11-18,3022,2014-10-20,1814,1089,NA,1,5,5,3022,0,0,0,NA,0,002,MYRTLE AV,MCFADDEN AV,530,S,N,A,-,N,NA,NA,NA,NA,NA,NA,NA,NA,NA,N,3,0,1,2,A,-,11,21954,A,N,G,B,D,A,H,-,B,D,0,Y,NA,NA,NA,Y,NA,N,60,0,1,0,0,1,0,0,0,0,-,-,33.4355,-117.495,ORANGE,TUSTIN,-117.83059699,33.73241711
6699457,2014,2016-06-16,3003,2014-09-26,1400,1124,2,5,5,5,3003,0,0,0,NA,0,001,BEACH BL,LOS COYOTES DR,932,S,N,A,-,Y,ORA,12,39,-,-,17.07,H,-,N,Y,4,0,1,2,A,-,03,22350,NA,N,C,C,A,A,H,-,A,A,0,NA,NA,NA,NA,Y,NA,A,01,0,0,1,0,0,0,0,0,0,-,-,NA,NA,ORANGE,BUENA PARK,-117.98943114,33.89310964
6701819,2014,2015-01-07,3007,2014-11-06,0935,272,66,4,5,5,3007,0,0,0,NA,0,272,ELLIS AV,WARD ST,0,NA,Y,A,-,N,NA,NA,NA,NA,NA,NA,NA,NA,NA,Y,4,0,1,2,A,-,09,21801,A,N,D,C,A,A,H,-,A,A,0,NA,NA,NA,NA,Y,NA,A,01,0,0,1,0,0,0,0,0,0,-,-,NA,NA,ORANGE,FOUNTAIN VALLEY,-117.94547005,33.69420006
6701829,2014,2014-12-09,3000,2014-10-25,1125,9609,972A6,6,5,4,3029,0,0,0,NA,0,739,DOHENY PARK RD,DOMINGO AV,18,S,N,A,-,N,NA,NA,NA,NA,NA,NA,NA,NA,NA,Y,3,0,3,3,A,-,09,21801,A,N,D,C,A,A,H,-,A,A,0,NA,NA,NA,NA,Y,NA,A,01,0,2,1,0,0,0,0,0,0,-,-,NA,NA,ORANGE,DANA POINT,-117.6780919,33.46555853
6702371,2014,2014-12-08,3019,2014-10-13,1730,3179,WESTE,1,5,7,3019,0,0,0,NA,0,001,N FAIRVIEW,17TH ST,300,S,N,A,-,N,NA,NA,NA,NA,NA,NA,NA,NA,NA,N,4,0,2,2,A,-,03,22350,NA,F,C,C,A,A,H,-,A,A,0,NA,NA,NA,NA,Y,NA,-,99,0,0,2,0,0,0,0,0,0,-,-,NA,NA,ORANGE,SANTA ANA,-117.90286,33.75902754
6704028,2014,2015-01-08,3004,2014-11-06,2007,P429,02,4,5,6,3004,0,0,0,NA,0,003,HARBOR BL,WEST 19TH ST,0,NA,Y,A,-,N,NA,NA,NA,NA,NA,NA,NA,NA,NA,N,3,0,1,2,A,-,-,NA,NA,N,D,G,A,A,H,-,C,A,0,NA,Y,NA,NA,Y,NA,L,04,0,1,0,0,0,0,1,0,0,-,-,33.6436,-117.9193,ORANGE,COSTA MESA,-117.9189701,33.64349005
6704040,2014,2015-01-08,3014,2014-11-04,1458,1379,17,2,5,5,3014,0,0,0,NA,0,0A2,RT 1,SUPERIOR AV,0,NA,Y,A,-,Y,NA,NA,1,NA,NA,NA,NA,NA,NA,N,3,0,1,2,A,-,09,21453,C,N,D,C,A,A,G,-,A,A,0,NA,NA,Y,NA,Y,NA,A,01,0,1,0,0,0,0,0,0,1,-,-,33.6231,-117.9391,ORANGE,NEWPORT BEACH,-117.93913558,33.62300565
6704052,2014,2016-06-15,9670,2014-11-01,0155,20455,NA,6,3,5,3003,0,1,3,NA,2,092,RT 91,ORANGETHORPE AV,100,W,N,C,-,Y,ORA,12,91,-,R,0.47,H,-,E,Y,4,0,3,2,A,-,03,22350,NA,N,E,I,A,B,H,-,D,D,1,NA,NA,NA,NA,Y,NA,A,01,0,0,3,0,0,0,0,0,0,-,-,33.85909,-118.03495,ORANGE,BUENA PARK,-118.03472773,33.8590298
6704648,2014,2016-06-15,9670,2014-11-14,1835,019925,NA,5,2,3,3006,0,1,3,NA,2,091,RT 91,VALLEY VIEW ST,1320,E,N,A,-,Y,ORA,12,91,-,R,1.1,H,-,W,Y,4,0,6,2,A,-,03,22350,NA,N,C,C,A,A,H,-,C,D,1,NA,NA,NA,NA,Y,NA,D,22,0,0,6,0,0,0,0,0,0,-,-,33.85602,-118.02307,ORANGE,LA PALMA,-118.02432773,33.85609163
6706703,2014,2016-07-07,9670,2014-11-06,1810,20453,NA,4,2,5,3007,0,1,1,NA,2,040,RT 405,BUSHARD ST,250,N,N,A,-,Y,ORA,12,405,-,-,14.55,H,-,N,Y,4,0,3,2,A,-,03,22350,NA,N,C,C,A,A,H,-,C,D,1,NA,NA,NA,NA,Y,NA,A,01,0,0,3,0,0,0,0,0,0,-,-,33.71321,-117.96378,ORANGE,FOUNTAIN VALLEY,-117.96379404,33.71337297
6706707,2014,2016-06-15,9670,2014-11-05,1725,18516,NA,3,2,7,3001,0,1,3,NA,2,094,RT 91,BROOKHURST ST,1200,W,N,A,-,Y,ORA,12,91,-,-,1,H,-,E,Y,4,0,1,2,A,-,03,22350,NA,N,C,C,A,A,H,-,B,D,1,NA,NA,NA,NA,Y,NA,A,01,0,0,1,0,0,0,0,0,0,-,-,33.85365,-117.96337,ORANGE,ANAHEIM,-117.96348135,33.85372101
6707729,2014,2014-11-25,9675,2014-10-31,1810,18834,NA,5,2,7,3001,0,1,3,NA,2,093,RT 91,TUSTIN AV,1500,W,N,B,-,Y,NA,NA,91,NA,NA,NA,NA,NA,NA,Y,4,0,1,2,A,-,07,21658,A,N,B,C,A,A,H,-,B,D,0,NA,NA,Y,NA,Y,NA,A,01,0,0,1,0,0,0,0,0,1,-,-,33.85047,-117.84543,ORANGE,ANAHEIM,-117.84544855,33.85054248
6707794,2014,2014-11-25,3004,2014-10-15,0037,P601,20,3,5,6,3004,0,0,0,NA,0,011,ADAMS AV,FAIRVIEW RD,31,W,N,A,-,N,NA,NA,NA,NA,NA,NA,NA,NA,NA,Y,4,0,1,1,A,-,01,23152,A,N,E,I,A,A,H,-,C,A,0,NA,NA,NA,NA,Y,Y,A,01,0,0,1,0,0,0,0,0,0,-,-,33.67573,-117.90812,ORANGE,COSTA MESA,-117.90796443,33.67595853
6707832,2014,2014-12-02,3026,2014-10-10,2056,494,6,5,5,6,3026,0,0,0,NA,0,00C,ALTON,PACIFICA,0,NA,Y,A,-,N,NA,NA,NA,NA,NA,NA,NA,NA,NA,Y,3,0,1,2,A,-,12,21453,A,N,-,C,A,A,H,-,C,A,0,NA,NA,NA,NA,Y,Y,-,-,0,1,0,0,0,0,0,0,0,-,-,NA,NA,ORANGE,IRVINE,-117.75563001,33.65566011
6708114,2014,2015-01-07,3009,2014-11-09,0428,4080,065,7,5,6,3009,0,0,0,NA,0,011,NEWLAND ST,LARSON AV,73,N,N,E,-,N,NA,NA,NA,NA,NA,NA,NA,NA,NA,Y,4,0,1,3,A,-,03,22350,NA,N,C,E,A,A,H,-,C,D,0,NA,NA,NA,NA,Y,Y,A,01,0,0,1,0,0,0,0,0,0,-,-,NA,NA,ORANGE,GARDEN GROVE,-117.98118,33.77225015
6708122,2014,2015-01-07,3009,2014-11-14,1040,4087,114,5,5,6,3009,0,0,0,NA,0,021,GARDEN GROVE BL,NUTWOOD ST,60,E,N,B,-,N,NA,NA,NA,NA,NA,NA,NA,NA,NA,Y,3,0,1,1,A,-,08,22107,NA,N,E,I,A,A,H,-,A,A,0,NA,NA,NA,NA,Y,NA,A,01,0,1,0,0,0,0,0,0,0,-,-,NA,NA,ORANGE,GARDEN GROVE,-117.94953302,33.77415
6708380,2014,2014-12-04,3010,2014-10-22,1248,0197,157,3,5,6,3010,0,0,0,NA,0,008,SPRINGDALE,EDINGER,367,S,N,A,-,N,NA,NA,NA,NA,NA,NA,NA,NA,NA,Y,3,0,1,2,A,-,09,21801,A,N,D,C,A,A,H,-,A,D,0,NA,NA,NA,NA,Y,NA,A,07,0,1,0,0,0,0,0,0,0,-,-,NA,NA,ORANGE,HUNTINGTON BEACH,-118.02419,33.72896617
6709868,2014,2015-01-15,9675,2014-11-12,1747,18832,NA,3,2,6,3026,0,1,1,NA,2,504,RT 5,SAND CANYON AV,400,N,N,A,-,Y,NA,NA,NA,NA,NA,NA,NA,NA,NA,Y,4,0,1,3,A,-,03,22350,NA,N,C,C,A,A,H,-,D,D,0,NA,NA,NA,NA,Y,NA,A,07,0,0,1,0,0,0,0,0,0,-,-,33.80401,-117.83094,ORANGE,IRVINE,-117.75932141,33.6785764
6710038,2014,2015-01-08,3019,2014-11-05,1240,2771,SE,3,5,7,3019,0,0,0,NA,0,003,MCFADDEN AV,STANDARD AV,0,NA,Y,A,-,N,NA,NA,NA,NA,NA,NA,NA,NA,NA,N,4,0,2,2,A,-,12,21453,A,N,D,C,A,A,H,-,A,A,0,NA,NA,NA,NA,Y,NA,A,01,0,0,2,0,0,0,0,0,0,-,-,NA,NA,ORANGE,SANTA ANA,-117.85641011,33.73362007
6710070,2014,2015-01-07,3010,2014-11-05,1717,1122,272,3,5,6,3010,0,0,0,NA,0,006,GOLDENWEST,WARNER,67,S,N,A,-,N,NA,NA,NA,NA,NA,NA,NA,NA,NA,Y,4,0,1,3,A,-,03,22350,NA,N,C,C,A,A,H,-,C,D,0,NA,NA,NA,NA,Y,NA,A,08,0,0,1,0,0,0,0,0,0,-,-,NA,NA,ORANGE,HUNTINGTON BEACH,-118.00667,33.7153063
6712731,2014,2015-01-13,3019,2014-11-13,0658,2001,WE,4,5,7,3019,0,0,0,NA,0,001,HARBOR BL,SEGERSTROM AV,612,N,N,A,-,N,NA,NA,NA,NA,NA,NA,NA,NA,NA,Y,3,0,2,2,A,-,09,21804,A,N,D,C,A,A,H,-,A,D,0,NA,NA,NA,NA,Y,NA,D,22,0,1,1,0,0,0,0,0,0,-,-,NA,NA,ORANGE,SANTA ANA,-117.91977898,33.71043754
6714958,2014,2015-01-05,3000,2014-10-11,0910,3958,893C2,6,5,4,3048,0,0,0,NA,0,167,PLANO TRABUCO,ALAS DE PAZ,0,NA,Y,A,-,N,NA,NA,NA,NA,NA,NA,NA,NA,NA,Y,4,0,2,2,A,-,12,21453,A,N,D,C,A,A,H,-,A,A,0,NA,NA,NA,NA,Y,NA,A,07,0,0,2,0,0,0,0,0,0,-,-,NA,NA,ORANGE,RANCHO SANTA MARGARITA,-117.57799012,33.64443005
6716274,2014,2015-01-13,3001,2014-11-13,0610,41555,NA,4,5,7,3001,0,0,0,NA,0,0D4,RED GUM ST,MIRALOMA AV,0,NA,Y,A,-,N,NA,NA,NA,NA,NA,NA,NA,NA,NA,Y,3,0,2,2,A,-,09,21801,A,N,A,C,A,A,H,-,A,A,0,NA,NA,NA,NA,Y,NA,D,22,0,1,1,0,0,0,0,0,0,-,-,NA,NA,ORANGE,ANAHEIM,-117.86607012,33.8564701
6718093,2014,2016-01-08,3008,2014-12-18,0236,1317,NA,4,5,6,3008,0,0,0,NA,0,0Z2,IMPERIAL HWY,MERVYNS WY,222,W,N,B,-,Y,ORA,12,90,-,-,2.73,H,-,E,Y,1,1,0,2,A,-,01,23152,A,N,E,I,A,A,H,-,C,A,0,NA,NA,NA,NA,Y,Y,D,22,0,0,0,0,0,0,0,0,0,-,-,NA,NA,ORANGE,FULLERTON,-117.92901736,33.91732892
6718812,2014,2015-01-13,3001,2014-11-18,2218,A1252,1144,2,5,7,3001,0,0,0,NA,0,0D4,SAN RANCH PKWY,WEIR CANYON RD,16,W,N,B,-,N,NA,NA,NA,NA,NA,NA,NA,NA,NA,N,4,0,1,2,A,-,12,21453,A,N,D,G,A,A,H,-,C,A,0,NA,Y,NA,NA,Y,NA,A,01,0,0,1,0,0,0,1,0,0,-,-,NA,NA,ORANGE,ANAHEIM,-117.746966,33.873427
6719042,2014,2015-01-05,9675,2014-10-29,0945,15784,NA,3,1,7,3001,0,1,3,NA,2,094,RT 91,LAKEVIEW AV,300,E,N,A,-,Y,NA,NA,91,NA,NA,NA,NA,NA,NA,N,4,0,1,3,A,-,03,22350,NA,F,C,C,A,A,H,-,A,D,0,NA,NA,NA,NA,Y,NA,A,01,0,0,1,0,0,0,0,0,0,-,-,33.85309,-117.81249,ORANGE,ANAHEIM,-117.8122902,33.85282873
6719066,2014,2016-06-18,9675,2014-10-30,0940,020625,NA,4,1,6,3015,0,1,3,NA,2,572,RT 57,CHAPMAN AV,500,S,N,A,-,Y,ORA,12,57,-,-,11.15,H,-,S,Y,4,0,1,2,A,-,03,22350,NA,N,C,C,A,A,H,-,A,D,6,NA,NA,NA,NA,Y,NA,A,01,0,0,1,0,0,0,0,0,0,-,-,33.78648,-117.88006,ORANGE,ORANGE,-117.88003953,33.78637432
6721222,2014,2015-01-08,3024,2014-11-04,2006,384,P15,2,5,5,3024,0,0,0,NA,0,WEST,EDWARDS ST,WESTMINSTER BL,188,S,N,A,-,N,NA,NA,NA,NA,NA,NA,NA,NA,NA,Y,2,0,1,1,A,-,03,22350,NA,N,E,I,A,A,H,-,C,D,0,NA,NA,NA,NA,Y,NA,A,01,1,0,0,0,0,0,0,0,0,-,-,NA,NA,ORANGE,WESTMINSTER,-118.01588299,33.75852456
6721245,2014,2015-01-09,3001,2014-11-14,1955,415,NA,5,5,7,3001,0,0,0,NA,0,NJC,HASTER ST,KATELLA AV,180,S,N,A,-,N,NA,NA,NA,NA,NA,NA,NA,NA,NA,Y,4,0,3,2,A,-,03,22350,NA,N,C,C,A,A,H,-,C,A,0,NA,NA,NA,NA,Y,Y,A,01,0,0,3,0,0,0,0,0,0,-,-,NA,NA,ORANGE,ANAHEIM,-117.90657916,33.80276661
6722173,2014,2016-06-18,9675,2014-11-13,1715,020582,NA,4,2,7,3019,0,1,3,NA,2,052,RT 55,DYER RD,550,N,N,B,-,Y,ORA,12,55,-,R,7.99,H,-,N,Y,4,0,2,3,A,-,03,22350,NA,N,C,C,A,A,H,-,B,D,6,NA,NA,NA,NA,Y,NA,A,01,0,0,2,0,0,0,0,0,0,-,-,33.71278,-117.84717,ORANGE,SANTA ANA,-117.85051115,33.70987823
6723674,2014,2015-01-14,3019,2014-11-24,1200,1561,SE,1,5,7,3019,0,0,0,NA,0,003,EDINGER AV,ORANGE AV,0,NA,Y,A,-,N,NA,NA,NA,NA,NA,NA,NA,NA,NA,N,3,0,1,2,A,-,09,21801,A,N,D,C,A,A,H,-,A,A,0,NA,NA,NA,Y,Y,NA,A,07,0,1,0,0,0,0,0,0,0,-,-,NA,NA,ORANGE,SANTA ANA,-117.86526013,33.72725011
6724182,2014,2015-01-28,3019,2014-11-17,1229,2963,NORTH,1,5,7,3019,0,0,0,NA,0,002,17TH ST,BRISTOL ST,150,W,N,A,-,N,NA,NA,NA,NA,NA,NA,NA,NA,NA,N,4,0,1,2,A,-,03,22350,NA,N,D,G,A,A,H,-,A,A,0,NA,Y,NA,NA,Y,NA,L,04,0,0,1,0,0,0,1,0,0,-,-,NA,NA,ORANGE,SANTA ANA,-117.88557233,33.76012892
6725173,2014,2015-01-22,3016,2014-11-20,2344,1247,10,4,5,5,3016,0,0,0,NA,0,001,YORBA LINDA BL,VALENCIA AV,342,W,N,B,-,N,NA,NA,NA,NA,NA,NA,NA,NA,NA,Y,3,0,1,2,A,-,03,22350,NA,N,C,E,A,A,H,-,C,D,0,NA,NA,NA,NA,Y,NA,-,NA,0,1,0,0,0,0,0,0,0,-,-,NA,NA,ORANGE,PLACENTIA,-117.85597413,33.8893301
6725241,2014,2016-06-18,3012,2014-11-18,1925,288,25,2,5,5,3012,0,0,0,NA,0,002,WHITTIER BL,CYPRESS ST,0,NA,Y,A,-,Y,ORA,12,39,-,-,22.219,I,5,S,Y,4,0,2,2,A,-,09,21801,A,N,D,C,A,A,H,-,C,A,0,NA,NA,NA,NA,Y,NA,A,01,0,0,2,0,0,0,0,0,0,-,-,NA,NA,ORANGE,LA HABRA,-117.94192936,33.93917102
6725245,2014,2015-01-21,3026,2014-11-24,1541,8929/477,NA,1,5,6,3026,0,0,0,NA,0,00C,BAKE PKWY,RT 5,100,W,N,A,-,Y,NA,NA,NA,NA,NA,NA,NA,NA,NA,N,4,0,1,2,A,-,21,22106,NA,N,C,C,A,A,H,-,A,A,0,NA,NA,NA,NA,Y,NA,A,01,0,0,1,0,0,0,0,0,0,-,SF,NA,NA,ORANGE,IRVINE,-117.73125715,33.63907596
6725597,2014,2015-01-27,3008,2014-11-18,1859,1081,Z3,2,5,6,3008,0,0,0,NA,0,NA,NUTWOOD AV,STATE COLLEGE BL,378,E,N,-,-,N,NA,NA,NA,NA,NA,NA,NA,NA,NA,Y,4,0,2,2,A,-,09,21802,A,N,-,-,A,-,-,-,-,-,0,NA,NA,NA,NA,Y,NA,A,01,0,0,2,0,0,0,0,0,0,-,-,NA,NA,ORANGE,FULLERTON,-117.88853391,33.87776264
6726498,2014,2015-01-15,3001,2014-11-21,1425,406,NA,5,5,7,3001,0,0,0,NA,0,0D3,BALL RD,EAST ST,101,W,N,A,-,N,NA,NA,NA,NA,NA,NA,NA,NA,NA,N,4,0,1,2,A,-,03,22350,NA,N,C,C,A,A,H,-,A,B,0,NA,NA,NA,NA,Y,NA,A,01,0,0,1,0,0,0,0,0,0,-,-,NA,NA,ORANGE,ANAHEIM,-117.89645174,33.8181
6726538,2014,2015-01-15,3001,2014-11-18,1251,1670,NA,2,5,7,3001,0,0,0,NA,0,0D2,BROOKHURST ST,HUNTINGTON AV,0,NA,Y,B,-,N,NA,NA,NA,NA,NA,NA,NA,NA,NA,N,4,0,1,2,A,-,03,22350,NA,N,C,C,A,A,H,-,A,D,0,NA,NA,NA,NA,Y,NA,A,07,0,0,1,0,0,0,0,0,0,-,-,NA,NA,ORANGE,ANAHEIM,-117.95921003,33.85162011
6726546,2014,2016-06-18,3014,2014-11-09,0226,1410,RD24,7,5,5,3014,0,0,0,NA,0,0A2,RT 55,HOSPITAL RD,18,N,N,A,-,Y,ORA,12,55,-,-,0.61,H,-,N,N,2,0,1,2,A,-,11,21456,B,F,G,B,B,A,H,-,C,A,0,Y,NA,NA,NA,Y,Y,N,60,1,0,0,0,1,0,0,0,0,-,-,NA,NA,ORANGE,NEWPORT BEACH,-117.92794902,33.62593388
6726593,2014,2016-06-18,9670,2014-11-20,1856,19290,NA,4,2,6,3010,0,1,1,NA,2,040,RT 405,EDINGER AV,200,S,N,A,-,Y,ORA,12,405,-,-,16.24,H,-,N,Y,4,0,1,2,A,-,03,22350,NA,N,C,C,A,A,H,-,D,D,1,NA,NA,NA,NA,Y,NA,D,22,0,0,1,0,0,0,0,0,0,-,-,33.72972,-117.98526,ORANGE,HUNTINGTON BEACH,-117.98501115,33.72984639