CASE_ID,ACCIDENT_YEAR,PROC_DATE,JURIS,COLLISION_DATE,COLLISION_TIME,OFFICER_ID,REPORTING_DISTRICT,DAY_OF_WEEK,CHP_SHIFT,POPULATION,CNTY_CITY_LOC,SPECIAL_COND,BEAT_TYPE,CHP_BEAT_TYPE,CITY_DIVISION_LAPD,CHP_BEAT_CLASS,BEAT_NUMBER,PRIMARY_RD,SECONDARY_RD,DISTANCE,DIRECTION,INTERSECTION,WEATHER_1,WEATHER_2,STATE_HWY_IND,CALTRANS_COUNTY,CALTRANS_DISTRICT,STATE_ROUTE,ROUTE_SUFFIX,POSTMILE_PREFIX,POSTMILE,LOCATION_TYPE,RAMP_INTERSECTION,SIDE_OF_HWY,TOW_AWAY,COLLISION_SEVERITY,NUMBER_KILLED,NUMBER_INJURED,PARTY_COUNT,PRIMARY_COLL_FACTOR,PCF_CODE_OF_VIOL,PCF_VIOL_CATEGORY,PCF_VIOLATION,PCF_VIOL_SUBSECTION,HIT_AND_RUN,TYPE_OF_COLLISION,MVIW,PED_ACTION,ROAD_SURFACE,ROAD_COND_1,ROAD_COND_2,LIGHTING,CONTROL_DEVICE,CHP_ROAD_TYPE,PEDESTRIAN_ACCIDENT,BICYCLE_ACCIDENT,MOTORCYCLE_ACCIDENT,TRUCK_ACCIDENT,NOT_PRIVATE_PROPERTY,ALCOHOL_INVOLVED,STWD_VEHTYPE_AT_FAULT,CHP_VEHTYPE_AT_FAULT,COUNT_SEVERE_INJ,COUNT_VISIBLE_INJ,COUNT_COMPLAINT_PAIN,COUNT_PED_KILLED,COUNT_PED_INJURED,COUNT_BICYCLIST_KILLED,COUNT_BICYCLIST_INJURED,COUNT_MC_KILLED,COUNT_MC_INJURED,PRIMARY_RAMP,SECONDARY_RAMP,LATITUDE,LONGITUDE,COUNTY,CITY,POINT_X,POINT_Y
6769712,2014,2015-07-22,3009,2014-12-07,1225,3445,103,7,5,6,3009,0,0,0,NA,0,1-2,BROOKHURST ST,CHAPMAN,151,N,N,A,-,N,NA,NA,NA,NA,NA,NA,NA,NA,NA,N,4,0,2,3,A,-,03,22350,NA,N,C,C,A,A,H,-,A,D,0,NA,NA,NA,NA,Y,NA,A,01,0,0,2,0,0,0,0,0,0,-,-,NA,NA,ORANGE,GARDEN GROVE,-117.95883862,33.78907393
6770710,2014,2015-02-05,3019,2014-12-07,2049,3317,NE,7,5,7,3019,0,0,0,NA,0,002,10TH ST,BROADWAY AV,0,NA,Y,A,-,N,NA,NA,NA,NA,NA,NA,NA,NA,NA,N,4,0,1,2,A,-,05,21650,1,N,D,G,A,A,H,-,C,A,0,NA,Y,NA,NA,Y,NA,L,04,0,0,1,0,0,0,1,0,0,-,-,NA,NA,ORANGE,SANTA ANA,-117.86969004,33.75336009
6771330,2014,2015-02-10,3026,2014-12-20,1719,381,UNIVE,6,5,6,3026,0,0,0,NA,0,00U,RIDGELINE DR,TURTLE ROCK DR,0,NA,Y,A,-,N,NA,NA,NA,NA,NA,NA,NA,NA,NA,N,3,0,1,2,A,-,10,21950,A,N,G,B,B,A,H,-,C,A,0,Y,NA,NA,NA,Y,NA,A,07,0,1,0,0,1,0,0,0,0,-,-,NA,NA,ORANGE,IRVINE,-117.80427012,33.64103005
6771342,2014,2015-02-10,3026,2014-12-26,1218,6352,NA,5,5,6,3026,0,0,0,NA,0,00C,CREEK RD,BARRANCA PKWY,401,S,N,A,-,N,NA,NA,NA,NA,NA,NA,NA,NA,NA,N,4,0,1,2,A,-,21,22106,NA,N,H,G,A,A,H,-,A,A,0,NA,Y,NA,NA,Y,NA,A,01,0,0,1,0,0,0,1,0,0,-,-,NA,NA,ORANGE,IRVINE,-117.79775173,33.67576347
6771426,2014,2016-06-18,9675,2014-12-23,1413,18834,NA,2,2,6,3004,0,1,3,NA,2,053,RT 55,MACARTHUR BL,550,S,N,A,-,Y,ORA,12,55,-,R,6.87,H,-,S,Y,4,0,2,2,A,-,07,21658,A,N,C,C,A,A,H,-,A,D,6,NA,NA,NA,NA,Y,NA,D,22,0,0,2,0,0,0,0,0,0,-,-,33.69367,-117.86642,ORANGE,COSTA MESA,-117.86278393,33.69734512
6773740,2014,2015-02-10,3000,2014-12-02,1758,9051,891F5,2,5,5,3050,0,0,0,NA,0,765,ROCKFIELD BL,BOEING LN,0,NA,Y,C,-,N,NA,NA,NA,NA,NA,NA,NA,NA,NA,Y,4,0,1,2,A,-,12,21453,A,F,D,C,A,B,H,-,C,A,0,NA,NA,NA,NA,Y,NA,A,07,0,0,1,0,0,0,0,0,0,-,-,NA,NA,ORANGE,LAKE FOREST,-117.71548002,33.62768003
6776830,2014,2015-02-13,3026,2014-12-31,0503,515,NA,3,5,6,3026,0,0,0,NA,0,00C,IRVINE CENTER DR,FONTAINE,707,E,N,G,-,N,NA,NA,NA,NA,NA,NA,NA,NA,NA,Y,4,0,1,1,A,-,03,22350,NA,N,E,J,A,A,C,-,C,D,0,NA,NA,NA,NA,Y,NA,A,01,0,0,1,0,0,0,0,0,0,-,-,NA,NA,ORANGE,IRVINE,-117.78163819,33.68144025
6776987,2014,2016-03-01,3014,2014-12-19,0729,1379,RD44,5,5,5,3014,0,0,0,NA,0,0A4,RT 1,POPPY AV,0,NA,Y,A,-,N,NA,NA,NA,NA,NA,NA,NA,NA,NA,Y,3,0,2,2,A,-,12,21453,A,N,D,C,A,A,H,-,A,A,0,NA,NA,NA,NA,Y,NA,A,01,0,1,1,0,0,0,0,0,0,-,-,33.5937,-117.867,ORANGE,NEWPORT BEACH,-117.866987,33.593728
6780615,2014,2016-06-15,9675,2014-12-11,0720,18929,NA,4,1,7,3001,0,1,1,NA,2,520,RT 5,STATE COLLEGE BL,100,S,N,A,-,Y,ORA,12,5,-,-,35.18,H,-,S,Y,3,0,1,2,A,-,03,22350,NA,N,B,C,A,A,H,-,A,D,1,NA,NA,Y,NA,Y,NA,C,02,0,1,0,0,0,0,0,0,1,-,-,33.79142,-117.89026,ORANGE,ANAHEIM,-117.8897666,33.79118069
6780627,2014,2016-06-23,9675,2014-12-15,1608,15826,NA,1,2,6,3015,0,1,3,NA,2,222,RT 22,THE CITY DR,1200,W,N,B,-,Y,ORA,12,22,-,L,9.74,H,-,W,Y,4,0,1,3,A,-,03,22350,NA,N,C,C,A,A,H,-,A,D,6,NA,NA,NA,NA,Y,NA,A,01,0,0,1,0,0,0,0,0,0,-,-,33.77918,-117.89083,ORANGE,ORANGE,-117.89083,33.77918
6782498,2014,2015-02-13,3012,2014-12-22,0735,604,41,1,5,5,3012,0,0,0,NA,0,004,OLIVE AV,EUCLID ST,36,E,N,A,-,N,NA,NA,NA,NA,NA,NA,NA,NA,NA,N,2,0,1,2,A,-,11,21950,B,N,G,B,B,A,H,-,A,D,0,Y,NA,NA,NA,Y,NA,N,60,1,0,0,0,1,0,0,0,0,-,-,NA,NA,ORANGE,LA HABRA,-117.94609,33.92718
6783012,2014,2016-01-12,3009,2014-12-30,2001,3713,153,2,5,6,3009,0,0,0,NA,0,022,HARBOR BL,TWINTREE AV,93,N,N,C,G,N,NA,NA,NA,NA,NA,NA,NA,NA,NA,Y,1,1,0,2,A,-,11,21954,A,N,G,B,D,B,H,-,C,A,0,Y,NA,NA,NA,Y,Y,N,60,0,0,0,1,0,0,0,0,0,-,-,NA,NA,ORANGE,GARDEN GROVE,-117.91497,33.78413497
6783030,2015,2016-10-21,3012,2015-01-07,0905,541,21,3,5,5,3012,0,0,0,NA,0,002,WHITTIER BL,EUCLID ST,105,W,N,A,-,Y,ORA,12,39,-,-,21.96,H,-,S,N,3,0,1,2,A,-,08,22107,NA,N,D,G,A,A,H,-,A,D,0,NA,Y,NA,NA,Y,NA,D,22,0,1,0,0,0,0,1,0,0,-,-,NA,NA,ORANGE,LA HABRA,-117.94639287,33.93916723
6783841,2016,2016-11-19,3001,2016-07-06,1805,0945,NA,3,5,7,3001,0,0,0,NA,0,0D3,CLIFTON AV,CLAUDINA ST,249,E,N,A,-,N,NA,NA,NA,NA,NA,NA,NA,NA,NA,N,4,0,1,2,A,-,03,22350,NA,N,G,B,D,A,H,-,A,D,0,Y,NA,NA,NA,Y,NA,A,01,0,0,1,0,1,0,0,0,0,-,-,NA,NA,ORANGE,ANAHEIM,-117.90675322,33.82018645
6785491,2015,2015-02-20,3015,2015-01-02,1503,1364,32E,5,5,6,3015,0,0,0,NA,0,001,N GLASSELL ST,W MAPLE AV,100,N,N,A,-,N,NA,NA,NA,NA,NA,NA,NA,NA,NA,N,4,0,3,2,A,-,03,22350,NA,N,C,C,A,A,H,-,A,A,0,NA,NA,NA,NA,Y,NA,A,01,0,0,3,0,0,0,0,0,0,-,-,NA,NA,ORANGE,ORANGE,-117.8531015,33.78995413
6786033,2014,2015-02-13,3019,2014-12-25,1314,3164,SOUTH,4,5,7,3019,0,0,0,NA,0,004,BRISTOL,ST GERTRUDE,0,NA,Y,A,-,N,NA,NA,NA,NA,NA,NA,NA,NA,NA,Y,4,0,3,2,A,-,09,21802,A,N,A,C,A,A,H,-,A,D,0,NA,NA,NA,NA,Y,NA,A,01,0,0,3,0,0,0,0,0,0,-,-,NA,NA,ORANGE,SANTA ANA,-117.88527,33.71935007
6788169,2015,2015-02-25,3019,2015-01-17,1152,3193,NE,6,5,7,3019,0,0,0,NA,0,002,9TH ST,SPURGEON,30,E,N,A,-,N,NA,NA,NA,NA,NA,NA,NA,NA,NA,Y,4,0,1,1,A,-,08,22107,NA,F,H,I,A,A,H,-,A,D,0,NA,NA,NA,NA,Y,NA,-,NA,0,0,1,0,0,0,0,0,0,-,-,NA,NA,ORANGE,SANTA ANA,-117.86546155,33.75228905
6789001,2015,2015-03-04,3016,2015-01-20,1448,1153,20,2,5,5,3016,0,0,0,NA,0,002,PLACENTIA AV,CROWTHER AV,0,NA,Y,B,-,N,NA,NA,NA,NA,NA,NA,NA,NA,NA,N,3,0,1,2,A,-,05,21650,NA,N,H,G,A,A,H,-,A,D,0,NA,Y,NA,NA,Y,NA,L,04,0,1,0,0,0,0,1,0,0,-,-,NA,NA,ORANGE,PLACENTIA,-117.88143004,33.86566008
6789398,2014,2016-06-18,3003,2014-12-23,1918,735,NA,2,5,5,3003,0,0,0,NA,0,NA,BEACH BL,CASCADE WY,18,N,N,A,-,Y,ORA,12,39,-,-,16.14,H,-,N,N,3,0,1,2,A,-,05,21650,1,N,D,G,A,A,H,-,C,A,0,NA,Y,NA,NA,Y,NA,L,04,0,1,0,0,0,0,1,0,0,-,-,NA,NA,ORANGE,BUENA PARK,-117.99786307,33.88172696
6789625,2014,2016-06-15,3003,2014-12-21,1211,1168,40,7,5,5,3003,0,0,0,NA,0,001,BEACH BL,RT 5,0,NA,Y,A,-,Y,ORA,12,39,-,-,15.056,R,4,S,Y,4,0,1,2,A,-,12,21453,A,N,A,C,A,A,H,-,A,A,0,NA,NA,NA,NA,Y,NA,A,01,0,0,1,0,0,0,0,0,0,-,-,33.866,-117.9981,ORANGE,BUENA PARK,-117.99826004,33.86599338
6790567,2015,2016-10-21,9675,2015-01-08,1010,15914,NA,4,1,4,3002,0,1,3,NA,2,570,RT 57,LAMBERT RD,50,N,N,A,-,Y,ORA,12,57,-,-,20.93,H,-,S,N,4,0,2,3,A,-,03,22350,NA,N,C,C,A,A,H,-,A,D,6,NA,NA,NA,NA,Y,NA,D,22,0,0,2,0,0,0,0,0,0,-,-,33.92471,-117.88045,ORANGE,BREA,-117.88031011,33.92571216
6792195,2015,2016-10-18,9670,2015-01-20,1623,15587,NA,2,2,6,3010,0,1,1,NA,2,040,RT 405,BEACH BL,480,N,N,B,-,Y,ORA,12,405,-,-,16.797,R,1,N,N,4,0,1,2,A,-,03,22350,NA,N,C,C,A,A,H,-,A,D,1,NA,NA,NA,NA,Y,NA,A,01,0,0,1,0,0,0,0,0,0,FR,-,33.7341,-117.99091,ORANGE,HUNTINGTON BEACH,-117.99263702,33.73512545
6792473,2015,2015-02-24,3001,2015-01-14,1734,1373,NA,3,5,7,3001,0,0,0,NA,0,0D2,LOARA ST,CRESCENT AV,0,NA,Y,A,-,N,NA,NA,NA,NA,NA,NA,NA,NA,NA,N,4,0,1,2,A,-,09,21801,A,N,D,C,A,A,H,-,C,A,0,NA,NA,NA,NA,Y,NA,D,22,0,0,1,0,0,0,0,0,0,-,-,NA,NA,ORANGE,ANAHEIM,-117.93726,33.83980001
6793180,2015,2016-09-14,9675,2015-01-22,1755,18929,NA,4,2,6,3015,0,1,3,NA,2,551,RT 55,RT 22,200,S,N,A,-,Y,ORA,12,55,-,-,12.89,H,-,N,Y,3,0,2,3,A,-,03,22350,NA,N,C,C,A,A,H,-,C,D,6,NA,NA,NA,NA,Y,NA,A,01,0,1,1,0,0,0,0,0,0,-,-,33.77346,-117.83106,ORANGE,ORANGE,-117.83093964,33.77582779
6794187,2015,2016-04-28,3000,2015-01-15,1730,4601,971H6,4,5,4,3029,0,0,0,NA,0,1730,PACIFIC COAST HWY,STREET OF THE GOLDEN LANTERN,60,S,N,A,-,N,NA,NA,NA,NA,NA,NA,NA,NA,NA,N,4,0,2,3,A,-,03,22350,NA,N,C,C,A,A,H,-,C,A,0,NA,NA,NA,NA,Y,NA,D,22,0,0,2,0,0,0,0,0,0,-,-,33.28227,-117.4152,ORANGE,DANA POINT,-117.698316,33.467156
6794454,2015,2015-02-19,3007,2015-01-11,0254,384,24,7,5,5,3007,0,0,0,NA,0,P21,EDINGER,MITTERBILL,22,W,N,C,-,N,NA,NA,NA,NA,NA,NA,NA,NA,NA,Y,4,0,1,1,A,-,03,22350,NA,N,A,I,A,B,-,-,C,D,0,NA,NA,NA,NA,Y,Y,A,01,0,0,1,0,0,0,0,0,0,-,-,NA,NA,ORANGE,FOUNTAIN VALLEY,-117.95710219,33.73041
6795948,2015,2015-02-20,3000,2015-01-07,0840,9192,921E6,3,5,4,3049,0,0,0,NA,0,6M81,ALISO CREEK,WOLVERINE WY,37,S,N,A,-,N,NA,NA,NA,NA,NA,NA,NA,NA,NA,N,4,0,1,2,A,-,03,22350,NA,N,C,C,A,A,H,-,A,A,0,NA,NA,NA,NA,Y,NA,A,01,0,0,1,0,0,0,0,0,0,-,-,NA,NA,ORANGE,ALISO VIEJO,-117.72502054,33.56410783
6796944,2015,2016-10-06,9670,2015-01-23,1342,017858,NA,5,1,7,3001,0,1,3,NA,2,094,RT 91,EUCLID ST,100,E,N,A,-,Y,ORA,12,91,-,-,2.29,H,-,E,Y,4,0,1,2,A,-,04,21703,NA,N,C,C,A,A,H,-,A,D,1,NA,NA,NA,NA,Y,NA,A,01,0,0,1,0,0,0,0,0,0,-,-,33.85394,-117.93891,ORANGE,ANAHEIM,-117.94107287,33.85407939
6796951,2015,2015-02-24,3000,2015-01-17,1810,4899,921E6,6,5,4,3049,0,0,0,NA,0,382,PACIFIC PARK,ALISO CREEK RD,216,W,N,A,-,N,NA,NA,NA,NA,NA,NA,NA,NA,NA,Y,2,0,1,2,A,-,08,22100,A,N,D,C,A,A,H,-,C,D,0,NA,NA,Y,NA,Y,NA,C,02,1,0,0,0,0,0,0,0,1,-,-,NA,NA,ORANGE,ALISO VIEJO,-117.72415473,33.57081515
6797578,2014,2015-02-11,3008,2014-12-28,1111,1147,NA,7,5,6,3008,0,0,0,NA,0,2 1,SOUTHGATE AV,PACIFIC DR,6,E,N,A,-,N,NA,NA,NA,NA,NA,NA,NA,NA,NA,N,3,0,1,2,A,-,-,NA,NA,F,B,G,A,A,H,-,A,D,0,NA,Y,NA,NA,Y,NA,-,99,0,1,0,0,0,0,1,0,0,-,-,NA,NA,ORANGE,FULLERTON,-117.95543028,33.86142
6797589,2014,2015-02-06,3008,2014-12-12,1156,1297,NA,5,5,6,3008,0,0,0,NA,0,Z 2,HARBOR BL,ELLIS AV,0,NA,Y,B,-,N,NA,NA,NA,NA,NA,NA,NA,NA,NA,N,3,0,1,2,A,-,10,21950,A,N,G,B,B,B,H,-,A,D,0,Y,NA,NA,NA,Y,NA,A,01,0,1,0,0,1,0,0,0,0,-,-,NA,NA,ORANGE,FULLERTON,-117.92435003,33.87493
6797971,2014,2015-02-09,3000,2014-12-16,1930,8418,971H6,2,5,4,3029,0,0,0,NA,0,737,GOLDEN LANTERN,DEL PRADO AV,0,NA,Y,A,-,N,NA,NA,NA,NA,NA,NA,NA,NA,NA,Y,4,0,2,2,A,-,09,21453,C,N,A,C,A,A,H,-,C,A,0,NA,NA,NA,NA,Y,NA,A,07,0,0,2,0,0,0,0,0,0,-,-,NA,NA,ORANGE,DANA POINT,-117.69809013,33.46554007
6798221,2015,2016-09-26,3010,2015-01-16,1400,1198/164,422,5,5,6,3010,0,0,0,NA,0,005,RT 39,OWEN,123,S,N,A,-,Y,ORA,12,39,-,-,2.31,H,-,S,Y,4,0,2,3,A,-,03,22350,NA,N,C,C,A,A,H,-,A,D,0,NA,NA,NA,NA,Y,NA,D,22,0,0,2,0,0,0,0,0,0,-,-,NA,NA,ORANGE,HUNTINGTON BEACH,-117.98881965,33.68190234
6799168,2015,2016-10-06,9670,2015-01-20,2057,019290,NA,2,2,5,3003,0,1,3,NA,2,091,RT 91,BEACH BL,200,W,N,A,-,Y,ORA,12,91,-,R,2.52,H,-,W,Y,4,0,1,1,A,-,03,22350,NA,N,E,J,A,A,H,-,D,D,1,NA,NA,Y,NA,Y,NA,C,02,0,0,1,0,0,0,0,0,1,-,-,33.85623,-118.00013,ORANGE,BUENA PARK,-117.99966309,33.85613664
6799180,2015,2016-11-01,9670,2015-01-26,0615,17192,NA,1,1,4,3020,0,1,1,NA,2,045,RT 405,RT 22,1500,N,N,B,-,Y,ORA,12,405,-,-,21.03,H,-,S,Y,4,0,1,2,A,-,03,22350,NA,N,C,C,A,A,H,-,C,D,1,NA,NA,NA,NA,Y,NA,A,01,0,0,1,0,0,0,0,0,0,-,-,33.77421,-118.0402,ORANGE,SEAL BEACH,-118.04725892,33.77444548
6799332,2015,2015-02-24,3026,2015-01-08,1231,313,NA,4,5,6,3026,0,0,0,NA,0,00P,BRYAN,EL CAMINO REAL N,0,NA,Y,A,-,N,NA,NA,NA,NA,NA,NA,NA,NA,NA,Y,4,0,2,2,A,-,12,21453,A,N,D,C,A,A,H,-,A,A,0,NA,NA,NA,NA,Y,NA,A,08,0,0,2,0,0,0,0,0,0,-,-,NA,NA,ORANGE,IRVINE,-117.78257011,33.72003011
6802880,2015,2016-09-26,3010,2015-01-26,2029,205,252,1,5,6,3010,0,0,0,NA,0,007,RT 39,CENTER,30,N,N,C,-,Y,ORA,12,39,-,-,5.73,H,-,S,Y,4,0,1,2,A,-,01,23152,A,N,C,C,A,B,H,-,C,A,0,NA,NA,NA,NA,Y,Y,D,22,0,0,1,0,0,0,0,0,0,-,-,NA,NA,ORANGE,HUNTINGTON BEACH,-117.98945314,33.73153231
6803045,2015,2016-10-24,3010,2015-01-21,1527,1122,359,3,5,6,3010,0,0,0,NA,0,004,RT 1,GOLDEN WEST,180,N,N,A,-,Y,ORA,12,1,-,-,25.92,H,-,S,Y,4,0,1,2,A,-,01,23152,A,N,C,C,A,A,H,-,A,D,0,NA,NA,NA,NA,Y,Y,A,07,0,0,1,0,0,0,0,0,0,-,-,NA,NA,ORANGE,HUNTINGTON BEACH,-118.01778804,33.6684778
6803570,2015,2015-03-02,3001,2015-01-24,1839,415,NA,6,5,7,3001,0,0,0,NA,0,0D4,EAST SANTA ANA CANYON RD,N FAIRMONT BL,100,W,N,A,-,N,NA,NA,NA,NA,NA,NA,NA,NA,NA,N,4,0,1,2,A,-,02,22400,A,N,C,C,A,A,H,-,C,A,0,NA,NA,NA,NA,Y,NA,A,01,0,0,1,0,0,0,0,0,0,-,-,NA,NA,ORANGE,ANAHEIM,-117.77101394,33.85765209
6805449,2015,2016-10-24,9675,2015-01-17,2225,019618,NA,6,3,7,3001,0,1,3,NA,2,571,RT 57,RT 91,110,S,N,A,-,Y,ORA,12,57,-,-,15.39,H,-,N,Y,4,0,1,3,A,-,03,22350,NA,N,C,C,A,A,H,-,C,D,6,NA,NA,NA,NA,Y,NA,A,01,0,0,1,0,0,0,0,0,0,-,-,33.84465,-117.87583,ORANGE,ANAHEIM,-117.87592272,33.84672277
6805496,2015,2016-10-24,9675,2015-01-27,0920,14558,NA,2,1,6,3026,0,1,1,NA,2,406,RT 405,JAMBOREE RD,400,N,N,A,-,Y,ORA,12,405,-,-,7.29,H,-,S,N,4,0,1,2,A,-,03,22350,NA,N,C,C,A,A,H,-,A,D,6,NA,NA,NA,NA,Y,NA,A,01,0,0,1,0,0,0,0,0,0,-,-,33.67825,-117.84718,ORANGE,IRVINE,-117.84938454,33.67920576
6806901,2015,2016-04-28,3007,2015-01-19,1442,1125,37,1,5,5,3007,0,0,0,NA,0,002,EUCLID ST,STONECRESS,0,NA,Y,A,-,N,NA,NA,NA,NA,NA,NA,NA,NA,NA,Y,4,0,1,2,A,-,09,21802,A,N,D,C,A,A,H,-,A,A,0,NA,NA,NA,NA,Y,NA,A,01,0,0,1,0,0,0,0,0,0,-,-,NA,NA,ORANGE,FOUNTAIN VALLEY,-117.93723001,33.72035009
6806964,2015,2015-03-04,3009,2015-01-26,1854,3625,155,1,5,6,3009,0,0,0,NA,0,023,TRASK AV,ROXEY DR,280,W,N,C,-,N,NA,NA,NA,NA,NA,NA,NA,NA,NA,N,4,0,1,2,A,-,07,21658,A,N,C,E,A,B,H,-,C,A,0,NA,NA,NA,NA,Y,NA,A,01,0,0,1,0,0,0,0,0,0,-,-,NA,NA,ORANGE,GARDEN GROVE,-117.90993913,33.76711
6806967,2015,2015-03-04,3009,2015-01-13,1215,1925,094,2,5,6,3009,0,0,0,NA,0,012,GILBERT ST,GARDEN GROVE BL,149,N,N,A,-,N,NA,NA,NA,NA,NA,NA,NA,NA,NA,Y,3,0,1,2,A,-,17,21461,A,N,D,C,A,A,H,-,A,A,0,NA,NA,Y,NA,Y,NA,A,08,0,1,0,0,0,0,0,0,1,-,-,NA,NA,ORANGE,GARDEN GROVE,-117.96708325,33.77437148
6806970,2015,2015-03-04,3009,2015-01-17,2309,3622,126,6,5,6,3009,0,0,0,NA,0,023,WESTMINSTER AV,EUCLID ST,79,W,N,A,-,N,NA,NA,NA,NA,NA,NA,NA,NA,NA,N,3,0,3,3,A,-,03,22350,NA,N,C,C,A,A,H,-,C,A,0,NA,NA,NA,NA,Y,NA,A,07,0,1,2,0,0,0,0,0,0,-,-,NA,NA,ORANGE,GARDEN GROVE,-117.93797928,33.75969691
6808378,2015,2015-02-27,3000,2015-01-22,1330,3358,972E1,4,5,4,3018,0,0,0,NA,0,731,LA NOVIA,PASEO LA RONDA,17,N,N,A,-,N,NA,NA,NA,NA,NA,NA,NA,NA,NA,Y,4,0,1,2,A,-,03,22350,NA,N,C,C,A,A,H,-,A,D,0,NA,NA,NA,NA,Y,NA,A,01,0,0,1,0,0,0,0,0,0,-,-,NA,NA,ORANGE,SAN JUAN CAPISTRANO,-117.6471204,33.50014335
6808732,2015,2016-10-06,9670,2015-02-02,1727,19290,NA,1,2,3,3006,0,1,3,NA,2,091,RT 91,VALLEY VIEW ST,500,W,N,A,-,Y,ORA,12,91,-,R,0.76,H,-,W,Y,4,0,1,3,A,-,03,22350,NA,N,C,C,A,A,H,-,A,D,1,NA,NA,NA,NA,Y,NA,A,01,0,0,1,0,0,0,0,0,0,-,-,33.86201,-118.04161,ORANGE,LA PALMA,-118.02995886,33.85729774
6808984,2015,2015-02-27,3003,2015-01-21,1822,601,25,3,5,5,3003,0,0,0,NA,0,001,ARTESIA BL,DARLINGTON AV,0,NA,Y,A,-,N,NA,NA,NA,NA,NA,NA,NA,NA,NA,N,4,0,1,2,A,-,09,21804,A,N,D,C,A,A,H,-,C,D,0,NA,NA,NA,NA,Y,NA,-,NA,0,0,1,0,0,0,0,0,0,-,-,NA,NA,ORANGE,BUENA PARK,-117.99597009,33.87350011
6809004,2015,2015-02-27,3003,2015-01-11,1521,1072,6,7,5,5,3003,0,0,0,NA,0,NA,LA MIRADA BL,ALONDRA BL,0,NA,Y,C,-,N,NA,NA,NA,NA,NA,NA,NA,NA,NA,Y,4,0,2,2,A,-,12,21453,A,N,D,C,A,B,H,-,A,A,0,NA,NA,NA,NA,Y,NA,A,01,0,0,2,0,0,0,0,0,0,-,-,NA,NA,ORANGE,BUENA PARK,-117.99939005,33.88817005
6809138,2015,2016-09-12,9670,2015-02-07,0224,019565,NA,6,3,7,3001,0,1,1,NA,2,502,RT 5,HARBOR BL,3300,S,N,E,-,Y,ORA,12,5,-,-,36.68,H,-,N,Y,4,0,1,1,A,-,01,23152,A,N,E,I,A,A,H,-,C,D,6,NA,NA,NA,NA,Y,Y,A,01,0,0,1,0,0,0,0,0,0,-,-,33.80831,-117.90795,ORANGE,ANAHEIM,-117.90711823,33.8077926
6810179,2015,2015-03-03,3001,2015-01-27,1359,1670,NA,2,5,7,3001,0,0,0,NA,0,0D2,SUNKIST ST,E WAGNER AV,0,NA,Y,A,-,N,NA,NA,NA,NA,NA,NA,NA,NA,NA,Y,3,0,3,2,A,-,09,21801,A,N,A,C,A,A,H,-,A,A,0,NA,NA,NA,NA,Y,NA,A,07,0,1,2,0,0,0,0,0,0,-,-,NA,NA,ORANGE,ANAHEIM,-117.88054005,33.82540008
6810570,2015,2015-03-02,3001,2015-01-30,1636,A1740,NA,5,5,7,3001,0,0,0,NA,0,D-1,SOUTH MAGNOLIA AV,WEST BROADWAY,0,NA,Y,B,-,N,NA,NA,NA,NA,NA,NA,NA,NA,NA,Y,3,0,2,2,A,-,09,21801,A,N,A,C,A,A,H,-,A,A,0,NA,NA,NA,NA,Y,NA,A,01,0,1,1,0,0,0,0,0,0,-,-,NA,NA,ORANGE,ANAHEIM,-117.97596004,33.8285801
6812200,2015,2016-10-10,9670,2015-01-27,0430,16199,NA,2,3,6,3009,0,1,3,NA,2,022,RT 22,MAGNOLIA ST,500,E,N,A,-,Y,ORA,12,22,-,R,4.94,H,-,E,Y,3,0,1,2,A,-,01,23152,A,N,B,C,A,A,H,-,D,D,1,NA,NA,NA,NA,Y,Y,A,01,0,1,0,0,0,0,0,0,0,-,-,33.76553,-117.96796,ORANGE,GARDEN GROVE,-117.97063037,33.76576512
6812642,2015,2015-03-05,3026,2015-01-13,1238,294,NA,2,5,6,3026,0,0,0,NA,0,00C,YALE AV,BAYFIELD,8,W,N,A,-,N,NA,NA,NA,NA,NA,NA,NA,NA,NA,Y,4,0,1,1,A,-,08,22107,NA,N,E,I,A,A,H,-,A,D,0,NA,NA,NA,NA,Y,NA,A,01,0,0,1,0,0,0,0,0,0,-,-,NA,NA,ORANGE,IRVINE,-117.80583761,33.66650375
6812646,2015,2015-03-05,3026,2015-01-31,1444,518,NA,6,5,6,3026,0,0,0,NA,0,00U,VON KARMAN,MICHELSON,0,NA,Y,B,-,N,NA,NA,NA,NA,NA,NA,NA,NA,NA,Y,4,0,1,2,A,-,12,21453,A,N,D,C,A,A,H,-,A,A,0,NA,NA,NA,NA,Y,NA,A,07,0,0,1,0,0,0,0,0,0,-,-,NA,NA,ORANGE,IRVINE,-117.85340008,33.67623008
6813551,2015,2016-10-06,9670,2015-02-05,1919,20194,NA,4,2,7,3001,0,1,3,NA,2,093,RT 91,BROOKHURST ST,450,E,N,A,-,Y,ORA,12,91,-,-,1.35,H,-,W,Y,4,0,1,3,A,-,03,22350,NA,F,C,C,A,A,H,-,C,D,1,NA,NA,NA,NA,Y,NA,-,99,0,0,1,0,0,0,0,0,0,-,-,33.85446,-117.95839,ORANGE,ANAHEIM,-117.95742226,33.85402545
6813554,2015,2016-09-22,9675,2015-02-11,1540,018087,NA,3,2,7,3001,0,1,3,NA,2,093,RT 91,RT 57,1000,E,N,A,-,Y,ORA,12,91,-,-,6.31,H,-,W,Y,4,0,2,2,A,-,03,22350,NA,N,C,C,A,A,H,-,A,D,6,NA,NA,NA,NA,Y,NA,A,01,0,0,2,0,0,0,0,0,0,-,-,33.84896,-117.8736,ORANGE,ANAHEIM,-117.87271195,33.84849116
6813558,2015,2015-03-09,9675,2015-02-11,0032,18868,NA,3,3,9,3000,0,2,4,NA,2,035,SILVERADO CANYON RD,KITTERMAN DR,2110,E,N,A,-,N,NA,NA,NA,NA,NA,NA,NA,NA,NA,Y,2,0,2,2,A,-,01,23152,A,N,C,E,A,A,H,-,D,D,0,NA,NA,NA,NA,Y,Y,A,01,1,1,0,0,0,0,0,0,0,-,-,33.74687,-117.63722,ORANGE,UNINCORPORATED,-117.63107948,33.74686623
6814917,2015,2015-04-14,3019,2015-03-26,1245,3151,NE,4,5,7,3019,0,0,0,NA,0,003,GRAND AV,17TH ST,55,S,N,A,-,N,NA,NA,NA,NA,NA,NA,NA,NA,NA,N,4,0,2,2,A,-,03,22350,NA,N,C,C,A,A,H,-,A,A,0,NA,NA,NA,NA,Y,NA,A,01,0,0,2,0,0,0,0,0,0,-,-,NA,NA,ORANGE,SANTA ANA,-117.85192,33.75976922