CASE_ID,ACCIDENT_YEAR,PROC_DATE,JURIS,COLLISION_DATE,COLLISION_TIME,OFFICER_ID,REPORTING_DISTRICT,DAY_OF_WEEK,CHP_SHIFT,POPULATION,CNTY_CITY_LOC,SPECIAL_COND,BEAT_TYPE,CHP_BEAT_TYPE,CITY_DIVISION_LAPD,CHP_BEAT_CLASS,BEAT_NUMBER,PRIMARY_RD,SECONDARY_RD,DISTANCE,DIRECTION,INTERSECTION,WEATHER_1,WEATHER_2,STATE_HWY_IND,CALTRANS_COUNTY,CALTRANS_DISTRICT,STATE_ROUTE,ROUTE_SUFFIX,POSTMILE_PREFIX,POSTMILE,LOCATION_TYPE,RAMP_INTERSECTION,SIDE_OF_HWY,TOW_AWAY,COLLISION_SEVERITY,NUMBER_KILLED,NUMBER_INJURED,PARTY_COUNT,PRIMARY_COLL_FACTOR,PCF_CODE_OF_VIOL,PCF_VIOL_CATEGORY,PCF_VIOLATION,PCF_VIOL_SUBSECTION,HIT_AND_RUN,TYPE_OF_COLLISION,MVIW,PED_ACTION,ROAD_SURFACE,ROAD_COND_1,ROAD_COND_2,LIGHTING,CONTROL_DEVICE,CHP_ROAD_TYPE,PEDESTRIAN_ACCIDENT,BICYCLE_ACCIDENT,MOTORCYCLE_ACCIDENT,TRUCK_ACCIDENT,NOT_PRIVATE_PROPERTY,ALCOHOL_INVOLVED,STWD_VEHTYPE_AT_FAULT,CHP_VEHTYPE_AT_FAULT,COUNT_SEVERE_INJ,COUNT_VISIBLE_INJ,COUNT_COMPLAINT_PAIN,COUNT_PED_KILLED,COUNT_PED_INJURED,COUNT_BICYCLIST_KILLED,COUNT_BICYCLIST_INJURED,COUNT_MC_KILLED,COUNT_MC_INJURED,PRIMARY_RAMP,SECONDARY_RAMP,LATITUDE,LONGITUDE,COUNTY,CITY,POINT_X,POINT_Y
7087151,2015,2015-10-10,3026,2015-09-18,1420,518,NA,5,5,6,3026,0,0,0,NA,0,00C,YALE,SACRAMENTO,0,NA,Y,A,-,N,NA,NA,NA,NA,NA,NA,NA,NA,NA,N,3,0,1,2,A,-,09,21804,A,N,D,G,A,A,H,-,A,D,0,NA,Y,NA,NA,Y,NA,L,04,0,1,0,0,0,0,1,0,0,-,-,NA,NA,ORANGE,IRVINE,-117.77745005,33.69901004
7087747,2015,2015-10-19,3001,2015-09-28,0943,A0591,NA,1,5,7,3001,0,0,0,NA,0,0D2,ANAHEIM BL,CENTER ST,0,NA,Y,B,-,N,NA,NA,NA,NA,NA,NA,NA,NA,NA,Y,4,0,1,2,A,-,12,21453,A,N,D,C,A,A,H,-,A,A,0,NA,NA,NA,NA,Y,NA,-,-,0,0,1,0,0,0,0,0,0,-,-,NA,NA,ORANGE,ANAHEIM,-117.91391011,33.83555001
7088395,2015,2017-01-14,3008,2015-09-19,0826,1441,NA,6,5,6,3008,0,0,0,NA,0,Z 2,RT 90,MERVYNS WY,0,NA,Y,A,-,Y,ORA,12,90,-,-,2.69,H,-,E,Y,4,0,1,1,A,-,08,22107,NA,N,A,I,A,A,H,-,A,D,0,NA,NA,NA,NA,Y,NA,-,NA,0,0,1,0,0,0,0,0,0,-,-,NA,NA,ORANGE,FULLERTON,-117.9297138,33.91732827
7088581,2015,2015-10-13,3004,2015-09-28,1502,P543,22,1,5,6,3004,0,0,0,NA,0,015,JIAN WY,PAULARINO,4,N,N,A,-,N,NA,NA,NA,NA,NA,NA,NA,NA,NA,N,4,0,1,2,A,-,05,21650,1,N,D,C,A,A,H,-,A,A,0,NA,Y,NA,NA,Y,NA,L,04,0,0,1,0,0,0,1,0,0,-,-,33.6825,-117.8837,ORANGE,COSTA MESA,-117.88368985,33.68236097
7088614,2015,2015-10-12,3010,2015-09-27,1719,1226,252,7,5,6,3010,0,0,0,NA,0,007,GOTHARD ST,EDINGER AV,384,S,N,A,-,N,NA,NA,NA,NA,NA,NA,NA,NA,NA,Y,4,0,2,2,A,-,09,21804,A,N,D,C,A,A,H,-,A,D,0,NA,NA,NA,NA,Y,NA,A,01,0,0,2,0,0,0,0,0,0,-,-,NA,NA,ORANGE,HUNTINGTON BEACH,-118.00027002,33.72912718
7088791,2015,2017-02-02,3010,2015-10-05,1759,1108,349,1,5,6,3010,0,0,0,NA,0,004,RT 1,18TH,0,E,N,B,-,Y,ORA,12,1,-,-,25.58,H,-,S,Y,4,0,1,3,A,-,03,22350,NA,N,C,C,A,A,H,-,A,A,0,NA,NA,NA,NA,Y,NA,A,01,0,0,1,0,0,0,0,0,0,-,-,NA,NA,ORANGE,HUNTINGTON BEACH,-118.01330384,33.66526342
7090562,2015,2015-10-07,3004,2015-09-19,1211,P543,32,6,5,6,3004,0,0,0,NA,0,015,SUNFLOWER,AVE OF THE ARTS,0,NA,Y,A,-,N,NA,NA,NA,NA,NA,NA,NA,NA,NA,Y,4,0,1,3,A,-,08,22107,NA,N,D,C,A,A,H,-,A,A,0,NA,NA,NA,NA,Y,NA,A,01,0,0,1,0,0,0,0,0,0,-,-,33.6941,-117.8809,ORANGE,COSTA MESA,-117.88105004,33.69424005
7092219,2015,2015-10-16,3019,2015-09-22,0857,2460,WE,2,5,7,3019,0,0,0,NA,0,001,WESTMINSTER AV,HARBOR BL,65,E,N,A,-,N,NA,NA,NA,NA,NA,NA,NA,NA,NA,N,4,0,3,3,A,-,03,22350,NA,N,C,C,A,A,H,-,A,D,0,NA,NA,NA,NA,Y,NA,A,01,0,0,3,0,0,0,0,0,0,-,-,33.75967,-117.92011,ORANGE,SANTA ANA,-117.92012665,33.75985068
7092231,2015,2015-10-16,3019,2015-09-08,0730,2630,WE,2,5,7,3019,0,0,0,NA,0,001,HARBOR BL,5TH ST,100,N,N,A,-,N,NA,NA,NA,NA,NA,NA,NA,NA,NA,N,3,0,1,1,A,-,03,22350,NA,N,F,A,A,A,H,-,A,A,0,NA,NA,Y,NA,Y,NA,C,02,0,1,0,0,0,0,0,0,1,-,-,NA,NA,ORANGE,SANTA ANA,-117.92022,33.74913416
7092743,2015,2015-10-22,3015,2015-10-01,1634,1372,33,4,5,6,3015,0,0,0,NA,0,732M,EAST CHAPMAN AV,S LINCOLN ST,0,NA,Y,A,-,N,NA,NA,NA,NA,NA,NA,NA,NA,NA,N,4,0,1,3,A,-,09,21802,A,N,D,C,A,A,H,-,A,D,0,NA,Y,NA,NA,Y,NA,A,01,0,0,1,0,0,0,0,0,0,-,-,NA,NA,ORANGE,ORANGE,-117.83795008,33.78782007
7092995,2015,2015-11-12,3019,2015-10-01,1849,2998,SE,4,5,7,3019,0,0,0,NA,0,003,WALNUT,BROADWAY,0,NA,Y,A,-,N,NA,NA,NA,NA,NA,NA,NA,NA,NA,N,4,0,1,2,A,-,09,21802,A,N,B,C,A,A,H,-,A,D,0,NA,NA,NA,NA,Y,NA,A,01,0,0,1,0,0,0,0,0,0,-,-,NA,NA,ORANGE,SANTA ANA,-117.86974009,33.74438005
7093253,2015,2015-10-28,3019,2015-10-05,0832,3388,SE,1,5,7,3019,0,0,0,NA,0,003,MAIN ST,COMMERCIAL ST,0,NA,Y,B,-,N,NA,NA,NA,NA,NA,NA,NA,NA,NA,N,4,0,2,2,A,-,09,21801,A,N,D,C,A,A,H,-,A,A,0,NA,NA,NA,NA,Y,NA,A,01,0,0,2,0,0,0,0,0,0,-,-,NA,NA,ORANGE,SANTA ANA,-117.86784013,33.72341005
7093257,2015,2015-10-28,3019,2015-10-01,1834,3346,SC,4,5,7,3019,0,0,0,NA,0,002,MC FADDEN AV,BRISTOL ST,0,NA,Y,A,-,N,NA,NA,NA,NA,NA,NA,NA,NA,NA,N,4,0,1,2,A,-,10,21950,A,M,G,B,B,A,H,-,A,A,0,Y,NA,NA,NA,Y,NA,A,01,0,0,1,0,1,0,0,0,0,-,-,NA,NA,ORANGE,SANTA ANA,-117.88520008,33.73446002
7094520,2015,2016-07-26,3000,2015-09-02,1755,1916,891F7,3,5,4,3045,0,0,0,NA,0,746,AVENIDA DE LA CARLOTA,EL TORO RD,131,S,N,A,-,N,NA,NA,NA,NA,NA,NA,NA,NA,NA,N,4,0,1,2,B,-,22,NA,NA,N,D,G,A,A,H,-,A,A,0,NA,Y,NA,NA,Y,NA,L,04,0,0,1,0,0,0,1,0,0,-,-,NA,NA,ORANGE,LAGUNA HILLS,-117.70840242,33.61374887
7094790,2015,2015-10-15,3004,2015-09-12,2347,P629,01,6,5,6,3004,0,0,0,NA,0,015,NEWPORT BL,EAST 17TH ST,0,NA,Y,A,-,N,NA,NA,55,NA,NA,NA,NA,NA,NA,N,2,0,1,2,A,-,12,21453,A,N,G,G,A,A,H,-,C,A,0,NA,Y,NA,NA,Y,NA,L,04,1,0,0,0,0,0,1,0,0,-,-,33.63613,-117.9223,ORANGE,COSTA MESA,-117.92213645,33.63609313
7095241,2015,2015-10-26,3022,2015-09-30,0656,1109,SOUTH,3,5,5,3022,0,0,0,NA,0,003,TUSTIN RANCH RD,WALNUT AV,0,NA,Y,A,-,N,NA,NA,NA,NA,NA,NA,NA,NA,NA,Y,3,0,2,2,A,-,09,21453,C,N,D,C,A,A,H,-,A,A,0,NA,NA,NA,NA,Y,NA,H,13,0,2,0,0,0,0,0,0,0,-,-,NA,NA,ORANGE,TUSTIN,-117.8096901,33.71873002
7096843,2015,2015-10-20,3019,2015-09-25,0709,3193,WESTE,5,5,7,3019,0,0,0,NA,0,001,10TH,FREEMAN,0,NA,Y,A,-,N,NA,NA,NA,NA,NA,NA,NA,NA,NA,N,4,0,1,2,D,-,00,NA,NA,N,B,B,B,A,H,-,B,D,0,Y,NA,NA,NA,Y,NA,-,-,0,0,1,0,1,0,0,0,0,-,-,NA,NA,ORANGE,SANTA ANA,-117.87925001,33.75364
7096975,2015,2015-10-21,3026,2015-10-02,0905,308,UNIVE,5,5,6,3026,0,0,0,NA,0,00U,MACARTHUR BL,JAMBOREE RD,74,E,N,A,-,N,NA,NA,NA,NA,NA,NA,NA,NA,NA,Y,4,0,2,2,A,-,17,21461,A,N,D,C,A,A,H,-,A,A,0,NA,NA,NA,NA,Y,NA,A,01,0,0,2,0,0,0,0,0,0,-,-,NA,NA,ORANGE,IRVINE,-117.86274135,33.65715972
7097077,2015,2015-10-23,3019,2015-09-29,1358,2630,SE,2,5,7,3019,0,0,0,NA,0,003,BROADWAY,SAINT GERTRUDE PL,0,NA,Y,A,-,N,NA,NA,NA,NA,NA,NA,NA,NA,NA,Y,4,0,1,2,A,-,09,21802,A,N,D,C,A,A,H,-,A,A,0,NA,NA,NA,NA,Y,NA,-,-,0,0,1,0,0,0,0,0,0,-,-,33.71964,-117.87019,ORANGE,SANTA ANA,-117.86999013,33.71968003
7097352,2015,2015-10-22,3014,2015-09-17,1604,1244,RD36,4,5,5,3014,0,0,0,NA,0,0A3,MACARTHUR BL,UNIVERSITY DR,210,S,N,A,-,N,NA,NA,NA,NA,NA,NA,NA,NA,NA,Y,3,0,1,1,A,-,03,22350,NA,N,F,A,A,A,H,-,A,D,0,NA,Y,NA,NA,Y,NA,L,04,0,1,0,0,0,0,1,0,0,-,-,33.6493,-117.8605,ORANGE,NEWPORT BEACH,-117.85989,33.65012
7097420,2015,2016-06-18,3001,2015-10-12,1220,0368,NA,1,5,7,3001,0,0,0,NA,0,0D1,WEST BALL RD,SOUTH DALE AV,0,NA,Y,A,-,N,NA,NA,NA,NA,NA,NA,NA,NA,NA,Y,4,0,3,3,A,-,12,21453,A,N,D,C,A,A,H,-,A,A,0,NA,NA,NA,NA,Y,NA,A,01,0,0,3,0,0,0,0,0,0,-,-,NA,NA,ORANGE,ANAHEIM,-117.98455002,33.81752002
7097569,2015,2015-10-22,3001,2015-10-07,2159,1373,NA,3,5,7,3001,0,0,0,NA,0,0D1,BROADWAY,MAGNOLIA AV,0,NA,Y,A,-,N,NA,NA,NA,NA,NA,NA,NA,NA,NA,Y,4,0,2,2,A,-,09,21801,A,N,A,C,A,A,H,-,C,A,0,NA,NA,NA,NA,Y,NA,A,01,0,0,2,0,0,0,0,0,0,-,-,NA,NA,ORANGE,ANAHEIM,-117.97596004,33.8285801
7098154,2015,2015-10-24,3019,2015-09-28,0723,2528,WE,1,5,7,3019,0,0,0,NA,0,001,BRISTOL ST,WASHINGTON AV,200,N,N,A,-,N,NA,NA,NA,NA,NA,NA,NA,NA,NA,N,4,0,1,2,D,-,00,NA,NA,N,H,B,F,A,H,-,-,D,0,Y,NA,NA,NA,Y,NA,-,-,0,0,1,0,1,0,0,0,0,-,-,33.75577,-117.88522,ORANGE,SANTA ANA,-117.88504,33.7563183
7098516,2015,2015-10-29,3007,2015-10-13,1552,253,56,2,5,5,3007,0,0,0,NA,0,002,TALBERT,WARD,125,E,N,A,-,N,NA,NA,NA,NA,NA,NA,NA,NA,NA,N,4,0,1,2,A,-,03,22350,NA,N,-,C,A,A,H,-,A,A,0,NA,NA,NA,NA,Y,NA,A,08,0,0,1,0,0,0,0,0,0,-,-,NA,NA,ORANGE,FOUNTAIN VALLEY,-117.94522761,33.70172
7098653,2015,2015-10-20,3001,2015-10-12,0047,A1511,NA,1,5,7,3001,0,0,0,NA,0,0D1,BALL RD,KNOTT AV,0,NA,Y,A,-,N,NA,NA,NA,NA,NA,NA,NA,NA,NA,Y,4,0,2,2,A,-,12,21453,A,N,D,C,A,A,H,-,A,A,0,NA,NA,NA,NA,Y,NA,A,08,0,0,2,0,0,0,0,0,0,-,-,NA,NA,ORANGE,ANAHEIM,-118.01080013,33.81725009
7099060,2015,2017-02-03,3010,2015-10-09,1339,1225,242,5,5,6,3010,0,0,0,NA,0,009,RT 39,EDINGER,665,N,N,A,-,Y,ORA,12,39,-,-,5.77,H,-,S,Y,4,0,1,4,A,-,03,22350,A,N,C,C,A,A,H,-,A,A,0,NA,NA,NA,NA,Y,NA,D,22,0,0,1,0,0,0,0,0,0,-,-,NA,NA,ORANGE,HUNTINGTON BEACH,-117.98946192,33.73210862
7099307,2015,2016-01-25,3022,2015-10-12,0903,1109,SOUTH,1,5,5,3022,0,0,0,NA,0,002,MCFADDEN AV,PASADENA AV,300,W,N,A,-,N,NA,NA,NA,NA,NA,NA,NA,NA,NA,N,4,0,1,2,A,-,03,22350,NA,N,C,C,A,A,H,-,A,A,0,NA,NA,NA,NA,Y,NA,D,22,0,0,1,0,0,0,0,0,0,-,-,NA,NA,ORANGE,TUSTIN,-117.83279403,33.73383012
7099374,2015,2015-10-27,3001,2015-10-01,1423,1278,NA,4,5,7,3001,0,0,0,NA,0,0D1,NORTH MAGNOLIA AV,1 POWER SPUR,0,NA,Y,A,-,N,NA,NA,NA,NA,NA,NA,NA,NA,NA,Y,2,0,2,3,D,-,00,NA,NA,N,D,C,A,A,H,-,A,A,0,NA,NA,NA,NA,Y,NA,-,-,1,0,1,0,0,0,0,0,0,-,-,NA,NA,ORANGE,ANAHEIM,NA,NA
7099951,2015,2015-10-29,3003,2015-10-09,0735,1114,73,5,5,5,3003,0,0,0,NA,0,004,KNOTT AV,NAOMI AV,44,N,N,A,-,N,NA,NA,NA,NA,NA,NA,NA,NA,NA,N,4,0,1,2,A,-,03,22350,NA,N,C,C,A,A,H,-,A,D,0,NA,NA,NA,NA,Y,NA,D,22,0,0,1,0,0,0,0,0,0,-,-,33.85347,-118.01111,ORANGE,BUENA PARK,-118.01127195,33.85329063
7102334,2015,2015-10-26,3001,2015-10-12,0849,A1068,NA,1,5,7,3001,0,0,0,NA,0,0D4,S SERRANO AV,E OAK CANYON DR,0,NA,Y,A,-,N,NA,NA,NA,NA,NA,NA,NA,NA,NA,N,4,0,1,2,A,-,09,21804,A,N,D,G,A,A,H,-,A,A,0,NA,Y,NA,NA,Y,NA,A,01,0,0,1,0,0,0,1,0,0,-,-,NA,NA,ORANGE,ANAHEIM,-117.73516005,33.85513004
7102902,2015,2015-10-30,3004,2015-10-11,1303,P543,22,7,5,6,3004,0,0,0,NA,0,015,W PAULARINO AV,PLATTE DR,0,NA,Y,A,-,N,NA,NA,NA,NA,NA,NA,NA,NA,NA,N,3,0,1,2,A,-,08,22107,NA,N,D,G,A,A,H,-,A,A,0,NA,Y,NA,NA,Y,NA,L,04,0,1,0,0,0,0,1,0,0,-,-,33.4056,-117.5321,ORANGE,COSTA MESA,-117.89000002,33.68235007
7103614,2015,2017-02-03,3010,2015-10-14,0745,1234,262,3,5,6,3010,0,0,0,NA,0,007,WARNER,RT 39,200,W,N,A,-,Y,ORA,12,39,-,-,4.631,I,6,S,N,3,0,1,2,A,-,08,22107,NA,M,C,G,A,A,H,-,A,D,0,NA,Y,NA,NA,Y,NA,A,07,0,1,0,0,0,0,1,0,0,-,-,NA,NA,ORANGE,HUNTINGTON BEACH,-117.98923898,33.71569922
7104222,2015,2015-11-12,3019,2015-10-21,2115,3325,SC,3,5,7,3019,0,0,0,NA,0,003,FAIRVIEW AV,MACARTHUR BL,390,N,N,A,-,N,NA,NA,NA,NA,NA,NA,NA,NA,NA,Y,4,0,1,2,A,-,08,22107,NA,N,B,C,A,A,H,-,C,D,0,NA,NA,NA,NA,Y,NA,A,01,0,0,1,0,0,0,0,0,0,-,-,NA,NA,ORANGE,SANTA ANA,-117.90783,33.70097906
7105445,2015,2016-07-26,3014,2015-09-19,1726,1079,RD45,6,5,5,3014,0,0,0,NA,0,0A4,RT 1,MORNING CANYON RD,475,W,N,A,-,N,NA,NA,NA,NA,NA,NA,NA,NA,NA,Y,4,0,1,3,A,-,01,23152,A,N,C,C,A,A,H,-,A,D,0,NA,NA,NA,NA,Y,Y,A,07,0,0,1,0,0,0,0,0,0,-,-,33.5921,-117.8639,ORANGE,NEWPORT BEACH,-117.861196,33.590719
7105707,2015,2015-12-22,3015,2015-10-10,0626,1500,22W,6,5,6,3015,0,0,0,NA,0,121,WEST CHAPMAN AV,S CITRUS ST,6,E,N,A,-,N,NA,NA,NA,NA,NA,NA,NA,NA,NA,N,2,0,1,2,A,-,10,21950,A,N,A,B,B,A,H,-,C,A,0,Y,NA,NA,NA,Y,NA,A,01,1,0,0,0,1,0,0,0,0,-,-,NA,NA,ORANGE,ORANGE,-117.8629303,33.78788
7105716,2015,2015-12-15,3015,2015-10-10,0729,1432,164,6,5,6,3015,0,0,0,NA,0,003,N JAMBOREE RD,E CHAPMAN,63,N,N,A,-,N,NA,NA,NA,NA,NA,NA,NA,NA,NA,Y,3,0,1,2,A,-,09,21453,B,N,B,C,A,A,H,-,A,A,0,NA,NA,NA,NA,Y,NA,A,01,0,1,0,0,0,0,0,0,0,-,-,NA,NA,ORANGE,ORANGE,-117.7614195,33.79241182
7105951,2015,2015-11-03,3008,2015-10-18,1605,1441,NA,7,5,6,3008,0,0,0,NA,0,NA,HARBOR BL,AMERIGE AV,0,NA,Y,A,-,N,NA,NA,NA,NA,NA,NA,NA,NA,NA,NA,4,0,1,2,A,-,10,21950,NA,N,G,B,B,A,H,-,A,D,0,Y,NA,NA,NA,Y,NA,A,01,0,0,1,0,1,0,0,0,0,-,-,NA,NA,ORANGE,FULLERTON,-117.92438006,33.87138008
7106200,2015,2015-11-06,3024,2015-10-12,1618,383,P42,1,5,5,3024,0,0,0,NA,0,EAST,HEIL AV,NEWLAND ST,188,W,N,B,-,N,NA,NA,NA,NA,NA,NA,NA,NA,NA,N,4,0,1,2,A,-,05,21650,1,F,H,G,A,A,H,-,A,A,0,NA,Y,NA,NA,Y,NA,L,04,0,0,1,0,0,0,1,0,0,-,-,NA,NA,ORANGE,WESTMINSTER,-117.98126686,33.72299
7106227,2015,2015-11-03,3008,2015-10-19,1507,1337,NA,1,5,6,3008,0,0,0,NA,0,ZONE2,LEMON AV,WILSHIRE AV,10,W,N,A,-,N,NA,NA,NA,NA,NA,NA,NA,NA,NA,Y,4,0,1,2,A,-,12,21453,A,N,D,C,A,A,H,-,A,D,0,NA,NA,NA,NA,Y,NA,A,01,0,0,1,0,0,0,0,0,0,-,-,NA,NA,ORANGE,FULLERTON,-117.91984,33.8724
7106374,2015,2015-11-04,3001,2015-10-22,1020,0963,NA,4,5,7,3001,0,0,0,NA,0,0D2,EAST ST,SANTA ANA ST,0,NA,Y,A,-,N,NA,NA,NA,NA,NA,NA,NA,NA,NA,Y,4,0,1,2,A,-,12,21453,A,N,D,C,A,A,H,-,A,A,0,NA,NA,NA,NA,Y,NA,D,22,0,0,1,0,0,0,0,0,0,-,-,NA,NA,ORANGE,ANAHEIM,-117.90122007,33.83368005
7107100,2015,2015-10-28,3008,2015-10-16,1607,1177,Z2,5,5,6,3008,0,0,0,NA,0,NA,POMONA AV,WHITING AV,0,NA,Y,B,-,N,NA,NA,NA,NA,NA,NA,NA,NA,NA,Y,3,0,2,2,A,-,09,21802,A,N,D,C,A,A,H,-,A,A,0,NA,NA,NA,NA,Y,NA,A,01,0,1,1,0,0,0,0,0,0,-,-,NA,NA,ORANGE,FULLERTON,-117.92211006,33.87338005
7107141,2015,2015-10-29,3024,2015-10-06,2011,147,P17,2,5,5,3024,0,0,0,NA,0,WEST,OLIVE ST,PARK ST,200,S,N,A,-,N,NA,NA,NA,NA,NA,NA,NA,NA,NA,Y,4,0,2,2,A,-,06,21750,A,N,D,C,A,A,H,-,C,D,0,NA,NA,NA,NA,Y,NA,A,01,0,0,2,0,0,0,0,0,0,-,-,33.75673,-118.00065,ORANGE,WESTMINSTER,-118.0005715,33.75624168
7110091,2015,2015-11-18,3004,2015-11-01,1238,P543,20,7,5,6,3004,0,0,0,NA,0,004,HARBOR BL,DATE ST,41,N,N,A,-,N,NA,NA,NA,NA,NA,NA,NA,NA,NA,N,4,0,1,2,A,-,03,22350,NA,N,C,C,A,A,H,-,A,A,0,NA,NA,NA,NA,Y,NA,A,01,0,0,1,0,0,0,0,0,0,-,-,NA,NA,ORANGE,COSTA MESA,-117.91946,33.6840224
7110136,2015,2015-11-14,3019,2015-10-26,2000,3014,SC,1,5,7,3019,0,0,0,NA,0,003,W CENTRAL,S BAKER,50,W,N,A,-,N,NA,NA,NA,NA,NA,NA,NA,NA,NA,N,3,0,1,2,A,-,05,21650,1,N,D,G,A,A,H,-,C,D,0,NA,Y,NA,NA,Y,NA,L,04,0,1,0,0,0,0,1,0,0,-,-,NA,NA,ORANGE,SANTA ANA,-117.883514,33.71253241
7110145,2015,2015-11-16,3015,2015-10-24,1657,1098,55E,6,5,6,3015,0,0,0,NA,0,731,NORTH TUSTIN ST,E VAN OWEN AV,0,NA,Y,A,-,N,NA,NA,NA,NA,NA,NA,NA,NA,NA,N,3,0,1,1,A,-,03,22350,NA,N,B,I,A,A,H,-,A,A,0,NA,NA,Y,NA,Y,NA,C,02,0,1,0,0,0,0,0,0,1,-,-,NA,NA,ORANGE,ORANGE,-117.83578008,33.81104011
7110302,2015,2017-01-28,3011,2015-10-18,0001,31403,0,7,5,4,3011,0,0,0,NA,0,NA,BLUEBIRD CANYON DR,RT 1,0,NA,Y,A,-,Y,LA,7,1,-,-,8.271,I,5,S,Y,3,0,2,2,A,-,11,21456,B,N,G,B,B,A,H,-,C,A,0,Y,NA,Y,NA,Y,Y,N,60,0,2,0,0,1,0,0,0,1,-,-,NA,NA,ORANGE,LAGUNA BEACH,-118.22460569,33.78982694
7111232,2015,2015-11-06,3026,2015-10-16,1356,8929,NA,5,5,6,3026,0,0,0,NA,0,00C,WALNUT AV,YALE AV,915,W,N,B,-,N,NA,NA,NA,NA,NA,NA,NA,NA,NA,Y,4,0,3,3,A,-,03,22350,NA,N,C,C,A,A,H,-,A,D,0,NA,NA,NA,NA,Y,NA,A,01,0,0,3,0,0,0,0,0,0,-,-,NA,NA,ORANGE,IRVINE,-117.78003946,33.69916451
7111638,2015,2015-12-01,3001,2015-11-06,1706,415,NA,5,5,7,3001,0,0,0,NA,0,0D2,WEST CRESCENT AV,N EUCLID ST,321,E,N,A,-,N,NA,NA,NA,NA,NA,NA,NA,NA,NA,Y,4,0,3,3,A,-,09,21804,A,N,D,C,A,A,H,-,B,-,0,NA,NA,NA,NA,Y,NA,A,01,0,0,3,0,0,0,0,0,0,-,-,NA,NA,ORANGE,ANAHEIM,-117.94054535,33.8398
7111866,2015,2015-11-23,3019,2015-10-28,1515,3151,SC,3,5,7,3019,0,0,0,NA,0,004,OCCIDENTAL ST,RAITT ST,0,NA,Y,A,-,N,NA,NA,NA,NA,NA,NA,NA,NA,NA,Y,4,0,2,2,A,-,09,21802,A,N,D,C,A,A,H,-,A,A,0,NA,NA,NA,NA,Y,NA,A,01,0,0,2,0,0,0,0,0,0,-,-,33.72382,-117.89423,ORANGE,SANTA ANA,-117.89421013,33.72393001
7111877,2015,2015-11-23,3015,2015-10-14,0800,919,44N,3,5,6,3015,0,0,0,NA,0,712M,CHIPPEWA AV,HEWES ST,0,NA,Y,A,-,N,NA,NA,NA,NA,NA,NA,NA,NA,NA,Y,3,0,1,2,A,-,08,22100,B,N,A,C,A,A,H,-,A,A,0,NA,NA,NA,NA,Y,NA,D,22,0,1,0,0,0,0,0,0,0,-,-,NA,NA,ORANGE,ORANGE,NA,NA
7112009,2015,2015-12-03,3014,2015-10-27,0844,1379,RD46,2,5,5,3014,0,0,0,NA,0,0A4,CAMEO SHORES RD,ORINGTON RD,0,NA,Y,A,-,N,NA,NA,NA,NA,NA,NA,NA,NA,NA,Y,3,0,2,2,A,-,08,22107,NA,N,D,C,A,A,H,-,A,A,0,NA,NA,NA,NA,Y,NA,A,01,0,2,0,0,0,0,0,0,0,-,-,33.5868,-117.8599,ORANGE,NEWPORT BEACH,-117.85992001,33.58678003
7112534,2015,2017-02-02,3012,2015-10-06,2107,526,3012,2,5,5,3012,0,0,0,NA,0,003,IMPERIAL HWY,MARKET PL,0,NA,Y,A,-,Y,ORA,12,90,-,-,0.611,I,5,W,Y,4,0,2,2,A,-,12,21453,A,N,A,C,A,A,H,-,C,A,0,NA,NA,NA,NA,Y,NA,A,01,0,0,2,0,0,0,0,0,0,-,-,NA,NA,ORANGE,LA HABRA,-117.96539256,33.91739748
7114027,2015,2017-01-17,3001,2015-11-08,0211,415,NA,7,5,7,3001,0,0,0,NA,0,0D2,N LEMON ST,RT 91,0,NA,Y,A,-,Y,ORA,12,91,-,-,3.644,R,4,W,Y,4,0,1,3,A,-,01,23152,A,N,D,C,A,A,H,-,D,A,0,NA,NA,NA,NA,Y,Y,D,22,0,0,1,0,0,0,0,0,0,-,WF,NA,NA,ORANGE,ANAHEIM,-117.91755165,33.85418693
7114494,2015,2015-11-09,3007,2015-10-10,1534,294,65,6,5,5,3007,0,0,0,NA,0,003,WARD,ELLIS,0,NA,Y,A,-,N,NA,NA,NA,NA,NA,NA,NA,NA,NA,Y,4,0,2,2,A,-,09,21801,A,N,A,C,A,A,H,-,A,A,0,NA,NA,NA,NA,Y,NA,A,01,0,0,2,0,0,0,0,0,0,-,-,NA,NA,ORANGE,FOUNTAIN VALLEY,-117.94547005,33.69420006
7114559,2015,2015-11-10,3026,2015-10-17,0730,416,NA,6,5,6,3026,0,0,0,NA,0,00U,BARRANCA PKWY,CONSTRUCTION CIR S,55,W,N,B,-,N,NA,NA,NA,NA,NA,NA,NA,NA,NA,N,3,0,1,2,A,-,03,22350,NA,M,C,C,A,A,H,-,A,A,0,NA,NA,Y,NA,Y,NA,A,01,0,1,0,0,0,0,0,0,1,-,-,NA,NA,ORANGE,IRVINE,-117.82450847,33.69262661
7115059,2015,2015-11-18,3026,2015-10-29,1855,544,PORTO,4,5,6,3026,0,0,0,NA,0,00P,BAKE PKWY,ROCKFIELD,1525,W,N,A,-,N,NA,NA,NA,NA,NA,NA,NA,NA,NA,Y,3,0,1,2,A,-,03,22350,NA,N,C,-,A,A,H,-,B,A,0,NA,NA,NA,NA,Y,NA,A,01,0,1,0,0,0,0,0,0,0,-,-,NA,NA,ORANGE,IRVINE,-117.72616665,33.63879472
7118654,2015,2015-11-18,3009,2015-10-05,1352,2724,144,1,5,6,3009,0,0,0,NA,0,022,WEST ST,COLLEGE AV,300,S,N,A,-,N,NA,NA,NA,NA,NA,NA,NA,NA,NA,Y,3,0,6,3,D,-,00,NA,NA,N,D,C,A,A,H,-,A,D,0,NA,NA,NA,NA,Y,NA,-,-,0,1,5,0,0,0,0,0,0,-,-,NA,NA,ORANGE,GARDEN GROVE,-117.92359219,33.77855766
7118928,2015,2015-12-01,3001,2015-11-05,1625,1373,NA,4,5,7,3001,0,0,0,NA,0,0D2,LINCOLN AV,OLANA WY,0,NA,Y,A,-,N,NA,NA,NA,NA,NA,NA,NA,NA,NA,NA,4,0,1,2,A,-,09,21801,A,N,D,C,A,-,H,-,A,D,0,NA,NA,NA,NA,Y,NA,A,01,0,0,1,0,0,0,0,0,0,-,-,NA,NA,ORANGE,ANAHEIM,-117.88719014,33.83964004
7118929,2015,2015-12-01,3001,2015-11-11,1240,A1355,NA,3,5,7,3001,0,0,0,NA,0,0D1,SOUTH BROOKHURST ST,NIOBE AV,0,NA,Y,A,-,N,NA,NA,NA,NA,NA,NA,NA,NA,NA,Y,3,0,1,2,A,-,09,21802,A,N,D,C,A,A,H,-,A,A,0,NA,NA,NA,NA,Y,NA,A,01,0,1,0,0,0,0,0,0,0,-,-,NA,NA,ORANGE,ANAHEIM,-117.95894003,33.82266002