CASE_ID,ACCIDENT_YEAR,PROC_DATE,JURIS,COLLISION_DATE,COLLISION_TIME,OFFICER_ID,REPORTING_DISTRICT,DAY_OF_WEEK,CHP_SHIFT,POPULATION,CNTY_CITY_LOC,SPECIAL_COND,BEAT_TYPE,CHP_BEAT_TYPE,CITY_DIVISION_LAPD,CHP_BEAT_CLASS,BEAT_NUMBER,PRIMARY_RD,SECONDARY_RD,DISTANCE,DIRECTION,INTERSECTION,WEATHER_1,WEATHER_2,STATE_HWY_IND,CALTRANS_COUNTY,CALTRANS_DISTRICT,STATE_ROUTE,ROUTE_SUFFIX,POSTMILE_PREFIX,POSTMILE,LOCATION_TYPE,RAMP_INTERSECTION,SIDE_OF_HWY,TOW_AWAY,COLLISION_SEVERITY,NUMBER_KILLED,NUMBER_INJURED,PARTY_COUNT,PRIMARY_COLL_FACTOR,PCF_CODE_OF_VIOL,PCF_VIOL_CATEGORY,PCF_VIOLATION,PCF_VIOL_SUBSECTION,HIT_AND_RUN,TYPE_OF_COLLISION,MVIW,PED_ACTION,ROAD_SURFACE,ROAD_COND_1,ROAD_COND_2,LIGHTING,CONTROL_DEVICE,CHP_ROAD_TYPE,PEDESTRIAN_ACCIDENT,BICYCLE_ACCIDENT,MOTORCYCLE_ACCIDENT,TRUCK_ACCIDENT,NOT_PRIVATE_PROPERTY,ALCOHOL_INVOLVED,STWD_VEHTYPE_AT_FAULT,CHP_VEHTYPE_AT_FAULT,COUNT_SEVERE_INJ,COUNT_VISIBLE_INJ,COUNT_COMPLAINT_PAIN,COUNT_PED_KILLED,COUNT_PED_INJURED,COUNT_BICYCLIST_KILLED,COUNT_BICYCLIST_INJURED,COUNT_MC_KILLED,COUNT_MC_INJURED,PRIMARY_RAMP,SECONDARY_RAMP,LATITUDE,LONGITUDE,COUNTY,CITY,POINT_X,POINT_Y
8003824,2016,2016-03-29,3026,2016-03-05,1854,547,HJC,6,5,6,3026,0,0,0,NA,0,00U,MAIN,GILLETTE AV,0,NA,Y,A,-,N,NA,NA,NA,NA,NA,NA,NA,NA,NA,Y,4,0,2,2,A,-,12,21453,A,N,D,C,A,A,H,-,C,A,0,NA,NA,NA,NA,Y,NA,A,01,0,0,2,0,0,0,0,0,0,-,-,NA,NA,ORANGE,IRVINE,-117.85017009,33.68458003
8004642,2016,2017-02-11,3010,2016-03-11,0906,1176,242,5,5,6,3010,0,0,0,NA,0,009,RT 39,EDINGER AV,0,NA,Y,A,-,Y,ORA,12,39,-,-,5.641,I,5,S,Y,3,0,2,2,A,-,12,21453,A,N,D,C,A,A,H,-,A,A,0,NA,NA,NA,NA,Y,NA,A,01,0,2,0,0,0,0,0,0,0,-,-,NA,NA,ORANGE,HUNTINGTON BEACH,-117.98943774,33.73025021
8005359,2016,2016-04-08,3019,2016-01-30,2145,3198,SC,6,5,7,3019,0,0,0,NA,0,004,WARNER,LOWELL ST,0,NA,Y,A,-,N,NA,NA,NA,NA,NA,NA,NA,NA,NA,Y,4,0,2,2,A,-,09,21802,A,N,D,C,A,A,H,-,C,D,0,NA,NA,NA,NA,Y,NA,D,22,0,0,2,0,0,0,0,0,0,-,-,NA,NA,ORANGE,SANTA ANA,-117.87879006,33.71617001
8005471,2016,2016-04-01,3019,2016-03-07,0742,1561,SE,1,5,7,3019,0,0,0,NA,0,003,RITCHEY ST,NEWPORT CIR,100,N,N,C,-,N,NA,NA,NA,NA,NA,NA,NA,NA,NA,Y,4,0,1,2,A,-,08,22107,NA,N,B,C,A,B,H,-,A,D,0,NA,NA,NA,NA,Y,NA,A,01,0,0,1,0,0,0,0,0,0,-,-,33.71842,-117.84233,ORANGE,SANTA ANA,-117.84215465,33.71873379
8005785,2016,2016-03-24,3001,2016-03-11,0512,A1854,D3,5,5,7,3001,0,0,0,NA,0,033,EAST BALL RD,SOUTH LEWIS ST,213,E,N,B,-,N,NA,NA,NA,NA,NA,NA,NA,NA,NA,N,2,0,1,2,A,-,08,22107,NA,N,B,C,A,A,H,-,C,D,0,NA,NA,Y,NA,Y,NA,A,01,1,0,0,0,0,0,0,0,1,-,-,NA,NA,ORANGE,ANAHEIM,-117.8972604,33.8181
8006380,2016,2016-04-05,3001,2016-03-22,1215,A0387,NA,2,5,7,3001,0,0,0,NA,0,0D3,EAST BALL RD,SOUTH EAST ST,1320,E,N,A,-,N,NA,NA,NA,NA,NA,NA,NA,NA,NA,Y,4,0,2,2,A,-,09,21804,A,N,D,C,A,A,H,-,A,D,0,NA,NA,NA,NA,Y,NA,D,22,0,0,2,0,0,0,0,0,0,-,-,NA,NA,ORANGE,ANAHEIM,-117.89178446,33.8181
8006756,2016,2016-04-05,3013,2016-03-18,1514,178,NA,5,5,3,3013,0,0,0,NA,0,NA,LOS ALAMITOS BL,KATELLA AV,37,S,N,A,-,N,NA,NA,NA,NA,NA,NA,NA,NA,NA,Y,4,0,1,2,A,-,03,22350,NA,N,-,C,A,A,H,-,A,A,0,NA,NA,NA,NA,Y,NA,A,01,0,0,1,0,0,0,0,0,0,-,-,NA,NA,ORANGE,LOS ALAMITOS,-118.07193675,33.8029287
8007008,2016,2016-04-08,3009,2016-03-17,0656,4437,44,4,5,6,3009,0,0,0,NA,0,1-1,LAMPSON AV,WESTERN AV,0,NA,Y,A,-,N,NA,NA,NA,NA,NA,NA,NA,NA,NA,Y,4,0,1,2,A,-,09,21801,A,N,A,C,A,A,H,-,B,A,0,NA,NA,NA,NA,Y,NA,A,01,0,0,1,0,0,0,0,0,0,-,-,NA,NA,ORANGE,GARDEN GROVE,-118.00146004,33.78106003
8007232,2016,2016-04-04,3014,2016-02-22,0958,1179,RD39,1,5,5,3014,0,0,0,NA,0,0A3,MACARTHUR BL,SAN MIGUEL DR,0,NA,Y,A,-,N,NA,NA,NA,NA,NA,NA,NA,NA,NA,N,4,0,1,2,A,-,03,22350,NA,N,C,C,A,A,H,-,A,A,0,NA,NA,NA,NA,Y,NA,A,01,0,0,1,0,0,0,0,0,0,-,-,33.6116,-117.87,ORANGE,NEWPORT BEACH,-117.86994011,33.61144001
8007526,2016,2016-04-05,3001,2016-03-22,1443,406,NA,2,5,7,3001,0,0,0,NA,0,0D2,SOUTH HARBOR BL,W WATER ST,0,NA,Y,A,-,N,NA,NA,NA,NA,NA,NA,NA,NA,NA,Y,3,0,3,2,A,-,09,21801,A,N,D,C,A,A,H,-,A,A,0,NA,NA,NA,NA,Y,NA,A,01,0,1,2,0,0,0,0,0,0,-,-,NA,NA,ORANGE,ANAHEIM,-117.91746005,33.82758009
8007566,2016,2016-04-05,3001,2016-03-23,2259,415,NA,3,5,7,3001,0,0,0,NA,0,0D1,WEST BALL RD,SOUTH BROOKHURST ST,78,E,N,A,-,N,NA,NA,NA,NA,NA,NA,NA,NA,NA,Y,3,0,3,3,A,-,03,22350,NA,N,C,C,A,A,H,-,C,A,0,NA,NA,NA,NA,Y,NA,A,01,0,1,2,0,0,0,0,0,0,-,-,NA,NA,ORANGE,ANAHEIM,-117.95868386,33.81777483
8009629,2016,2016-04-14,3004,2016-03-01,2212,P627,16,2,5,6,3004,0,0,0,NA,0,011,ADAMS AV,HARBOR BL,0,NA,Y,A,-,N,NA,NA,NA,NA,NA,NA,NA,NA,NA,Y,4,0,2,2,D,-,00,NA,NA,N,D,C,A,A,H,-,C,A,0,NA,NA,NA,NA,Y,NA,-,-,0,0,2,0,0,0,0,0,0,-,-,33.6733,-117.9191,ORANGE,COSTA MESA,-117.91934,33.67330007
8009643,2016,2016-04-14,3004,2016-03-12,2256,P636,20,6,5,6,3004,0,0,0,NA,0,004,GISLER AV,HARBOR BL,50,N,N,A,-,N,NA,NA,NA,NA,NA,NA,NA,NA,NA,Y,3,0,3,3,A,-,00,21350,NA,N,C,C,A,A,H,-,C,A,0,NA,NA,NA,NA,Y,NA,A,01,0,2,1,0,0,0,0,0,0,-,-,33.4114,-117.55101,ORANGE,COSTA MESA,-117.91929647,33.68699
8011016,2016,2016-04-11,3010,2016-03-19,1056,1225,473,6,5,6,3010,0,0,0,NA,0,002,NEWLAND,RT 1,515,N,N,B,-,N,NA,NA,NA,NA,NA,NA,NA,NA,NA,N,4,0,1,2,A,-,05,21650,1,N,D,G,A,A,H,-,A,A,0,NA,Y,NA,NA,Y,NA,L,04,0,0,1,0,0,0,1,0,0,-,-,NA,NA,ORANGE,HUNTINGTON BEACH,-117.980249,33.645503
8011229,2016,2016-04-08,3000,2016-02-15,1716,9051,892B1,1,5,5,3050,0,0,0,NA,0,765,OSTERMAN RD,MONTERRA,199,W,N,A,-,N,NA,NA,NA,NA,NA,NA,NA,NA,NA,Y,3,0,1,1,A,-,01,23152,A,N,E,I,A,A,H,-,A,D,0,NA,NA,NA,NA,Y,Y,A,01,0,1,0,0,0,0,0,0,0,-,-,NA,NA,ORANGE,LAKE FOREST,-117.66903,33.65388
8011324,2016,2016-04-08,3000,2016-03-17,2023,1916,921G1,4,5,4,3045,0,0,0,NA,0,2023,PASEO DE VALENCIA,LOS ALISOS BL,58,N,N,A,-,N,NA,NA,NA,NA,NA,NA,NA,NA,NA,N,4,0,1,3,A,-,03,22350,NA,N,C,C,A,A,H,-,C,A,0,NA,NA,NA,NA,Y,NA,A,01,0,0,1,0,0,0,0,0,0,-,-,NA,NA,ORANGE,LAGUNA HILLS,-117.70391406,33.60480041
8011387,2016,2016-04-08,3000,2016-03-02,0915,4049,892J3,3,5,4,3048,0,0,0,NA,0,667,EMPRESA,AVENTURA,52,S,N,A,-,N,NA,NA,NA,NA,NA,NA,NA,NA,NA,N,4,0,1,2,A,-,03,22350,NA,N,C,C,A,A,H,-,A,A,0,NA,NA,NA,NA,Y,NA,A,01,0,0,1,0,0,0,0,0,0,-,-,NA,NA,ORANGE,RANCHO SANTA MARGARITA,-117.60726353,33.63600759
8011739,2016,2016-04-12,3000,2016-03-18,1548,2785,921E6,5,5,4,3049,0,0,0,NA,0,784,ALISO CREEK,AUTUMN GLEN,356,S,N,A,-,N,NA,NA,NA,NA,NA,NA,NA,NA,NA,Y,3,0,1,2,A,-,09,21801,A,N,D,C,A,A,H,-,A,D,0,NA,NA,NA,NA,Y,NA,A,01,0,1,0,0,0,0,0,0,0,-,-,NA,NA,ORANGE,ALISO VIEJO,-117.72333,33.57276419
8012104,2016,2016-04-05,3026,2016-03-16,1728,7094,NA,3,5,6,3026,0,0,0,NA,0,00U,JAMBOREE RD,DIPLOMA,100,S,N,A,-,N,NA,NA,NA,NA,NA,NA,NA,NA,NA,Y,4,0,1,2,A,-,03,22350,NA,N,C,C,A,A,H,-,A,D,0,NA,NA,NA,NA,Y,NA,A,01,0,0,1,0,0,0,0,0,0,-,-,NA,NA,ORANGE,IRVINE,-117.8526389,33.66755871
8012108,2016,2016-04-05,3026,2016-03-16,1059,6352,NA,3,5,6,3026,0,0,0,NA,0,00C,JEFFREY RD,SMOKETREE,321,S,N,A,-,N,NA,NA,NA,NA,NA,NA,NA,NA,NA,Y,4,0,1,2,A,-,03,22350,NA,N,C,C,A,A,G,-,A,A,0,NA,NA,NA,NA,Y,NA,A,07,0,0,1,0,0,0,0,0,0,-,-,NA,NA,ORANGE,IRVINE,-117.77654253,33.68188314
8012441,2016,2016-04-12,3019,2016-03-25,0719,2460,SC,5,5,7,3019,0,0,0,NA,0,004,MYRTLE ST,TOWNSEND ST,12,W,N,A,-,N,NA,NA,NA,NA,NA,NA,NA,NA,NA,N,4,0,1,4,A,-,01,23152,A,M,D,E,A,A,H,-,A,D,0,NA,NA,NA,NA,Y,Y,A,01,0,0,1,0,0,0,0,0,0,-,-,33.74164,-117.89581,ORANGE,SANTA ANA,-117.89579937,33.74169082
8012527,2016,2016-04-07,3008,2016-02-02,0536,1441,NA,2,5,6,3008,0,0,0,NA,0,0Z3,RAYMOND AV,CHAPMAN AV,0,NA,Y,A,-,N,NA,NA,NA,NA,NA,NA,NA,NA,NA,Y,4,0,1,2,A,-,09,21801,A,N,A,C,A,A,H,-,A,D,0,NA,NA,NA,NA,Y,NA,A,08,0,0,1,0,0,0,0,0,0,-,-,NA,NA,ORANGE,FULLERTON,-117.90703001,33.87410004
8014822,2016,2016-04-06,3019,2016-03-05,1629,3198,SE,6,5,7,3019,0,0,0,NA,0,NA,WARNER AV,MAPLE ST,149,E,N,B,-,N,NA,NA,NA,NA,NA,NA,NA,NA,NA,N,3,0,1,2,A,-,09,21804,A,M,D,G,A,A,H,-,A,A,0,NA,Y,NA,NA,Y,NA,L,04,0,1,0,0,0,0,1,0,0,-,-,33.71615,-117.86422,ORANGE,SANTA ANA,-117.86374121,33.71602
8015130,2016,2016-04-12,3004,2016-03-15,1035,P429,02,2,5,6,3004,0,0,0,NA,0,006,EAST 17TH ST,NEWPORT BL,23,E,N,A,-,N,NA,NA,55,NA,NA,NA,NA,NA,NA,N,4,0,1,2,A,-,03,22350,NA,N,C,C,A,A,H,-,A,A,0,NA,NA,NA,NA,Y,NA,D,22,0,0,1,0,0,0,0,0,0,-,-,33.6376,-117.9214,ORANGE,COSTA MESA,-117.92164466,33.63769915
8015713,2016,2017-02-16,3011,2016-03-26,1415,31241,NA,6,5,4,3011,0,0,0,NA,0,NA,LAGUNA CANYON RD,CANYON ACRES DR,2640,N,N,A,-,Y,ORA,12,133,-,-,1.41,H,-,S,N,3,0,2,2,A,-,03,22350,NA,N,-,C,A,A,H,-,A,D,0,NA,NA,NA,NA,Y,NA,A,08,0,1,1,0,0,0,0,0,0,-,-,NA,NA,ORANGE,LAGUNA BEACH,-117.77304477,33.55997603
8017297,2016,2016-04-21,3001,2016-04-08,1215,A1355,NA,5,5,7,3001,0,0,0,NA,0,0D4,CANYON CREEK RD,SERRANO AV,525,W,N,C,-,N,NA,NA,NA,NA,NA,NA,NA,NA,NA,Y,3,0,1,2,A,-,09,21804,A,N,D,C,A,B,H,-,A,D,0,NA,NA,NA,NA,Y,NA,A,01,0,1,0,0,0,0,0,0,0,-,-,NA,NA,ORANGE,ANAHEIM,-117.7390439,33.86048622
8018117,2016,2016-04-25,3001,2016-04-16,2348,415,02,6,5,7,3001,0,0,0,NA,0,021,EUCLID ST,GLENOAKS AV,0,NA,Y,A,-,N,NA,NA,NA,NA,NA,NA,NA,NA,NA,Y,3,0,1,2,A,-,01,23152,A,N,D,C,A,A,H,-,C,A,0,NA,NA,NA,NA,Y,Y,A,01,0,1,0,0,0,0,0,0,0,-,-,NA,NA,ORANGE,ANAHEIM,-117.94161008,33.84295003
8019649,2016,2016-04-19,3009,2016-04-01,0652,3700,163,5,5,6,3009,0,0,0,NA,0,022,LEWIS ST,LAMPSON AV,0,NA,Y,A,-,N,NA,NA,NA,NA,NA,NA,NA,NA,NA,N,4,0,1,2,A,-,09,21801,B,N,D,C,A,A,H,-,A,A,0,NA,NA,NA,NA,Y,NA,A,01,0,0,1,0,0,0,0,0,0,-,-,NA,NA,ORANGE,GARDEN GROVE,-117.89746007,33.78171003
8019653,2016,2016-04-19,3009,2016-04-03,0945,2724,112,7,5,6,3009,0,0,0,NA,0,021,DOLAN ST,ORANGEWOOD AV,350,S,N,A,-,N,NA,NA,NA,NA,NA,NA,NA,NA,NA,N,3,0,1,1,A,-,08,22107,NA,N,E,I,A,A,H,-,A,D,0,NA,NA,NA,NA,Y,NA,A,07,0,1,0,0,0,0,0,0,0,-,-,NA,NA,ORANGE,GARDEN GROVE,-117.94618577,33.79505073
8020710,2016,2016-05-23,3003,2016-04-04,1317,652,NA,1,5,5,3003,0,0,0,NA,0,NA,VALLEY VIEW ST,PANAMA DR,212,S,N,A,-,N,NA,NA,NA,NA,NA,NA,NA,NA,NA,Y,3,0,4,4,A,-,03,22350,NA,N,C,C,A,A,H,-,A,A,0,NA,NA,NA,Y,Y,NA,A,01,0,1,3,0,0,0,0,0,0,-,-,33.5107,-118.0143,ORANGE,BUENA PARK,-118.0287866,33.85215873
8020722,2016,2016-04-14,3019,2016-04-05,1036,2875,NE,2,5,7,3019,0,0,0,NA,0,002,MAIN ST,BUFFALO AV,0,NA,Y,A,-,N,NA,NA,NA,NA,NA,NA,NA,NA,NA,N,4,0,1,2,A,-,12,21453,A,N,D,C,A,A,H,-,A,A,0,NA,NA,NA,NA,Y,NA,A,01,0,0,1,0,0,0,0,0,0,-,-,33.76582,-117.86736,ORANGE,SANTA ANA,-117.86753005,33.76560006
8020727,2016,2017-02-11,3003,2016-03-29,1023,847,NA,2,5,5,3003,0,0,0,NA,0,008,BEACH BL,DURANGO DR NORTH,21,N,N,A,-,Y,ORA,12,39,-,-,16.9,H,-,S,Y,3,0,3,2,A,-,03,22350,NA,N,C,C,A,A,H,-,A,A,0,NA,NA,NA,NA,Y,NA,A,01,0,2,1,0,0,0,0,0,0,-,-,33.8911,-117.9905,ORANGE,BUENA PARK,-117.99115088,33.89098083
8020785,2016,2016-04-14,3019,2016-04-02,1731,3014,SC,6,5,7,3019,0,0,0,NA,0,002,S CENTER,WARNER,5,N,N,A,-,N,NA,NA,NA,NA,NA,NA,NA,NA,NA,N,4,0,1,2,A,-,09,21802,A,N,D,G,A,A,H,-,A,D,0,NA,Y,NA,NA,Y,NA,A,07,0,0,1,0,0,0,1,0,0,-,-,NA,NA,ORANGE,SANTA ANA,-117.89843013,33.71553371
8020793,2016,2016-04-20,3019,2016-04-03,0909,3327,SC,7,5,7,3019,0,0,0,NA,0,001,EDINGER AV,GREENVILLE ST,0,NA,Y,A,-,N,NA,NA,NA,NA,NA,NA,NA,NA,NA,Y,3,0,2,2,A,-,12,21453,A,N,D,C,A,A,H,-,A,A,0,NA,NA,NA,NA,Y,NA,-,-,0,1,1,0,0,0,0,0,0,-,-,33.72712,-117.90016,ORANGE,SANTA ANA,-117.90012014,33.727240019999996
8020869,2016,2016-04-14,3019,2016-03-23,1104,3150,SC,3,5,7,3019,0,0,0,NA,0,004,FAIRVIEW ST,SUNFLOWER AV,300,N,N,A,-,N,NA,NA,NA,NA,NA,NA,NA,NA,NA,N,4,0,1,2,A,-,00,21760,D,N,H,G,A,A,H,-,A,D,0,NA,Y,NA,NA,Y,NA,A,01,0,0,1,0,0,0,1,0,0,-,-,33.69601,-117.90778,ORANGE,SANTA ANA,-117.9078,33.69662247
8020977,2016,2016-04-15,3010,2016-04-02,1319,1225,454,6,5,6,3010,0,0,0,NA,0,002,ATLANTA,MAGNOLIA,0,NA,Y,A,-,N,NA,NA,NA,NA,NA,NA,NA,NA,NA,N,4,0,1,2,A,-,12,21453,A,N,D,C,A,A,H,-,A,A,0,NA,NA,NA,NA,Y,NA,A,01,0,0,1,0,0,0,0,0,0,-,-,NA,NA,ORANGE,HUNTINGTON BEACH,-117.97105012,33.65773011
8021336,2016,2017-02-14,3004,2016-04-04,1344,P462,02,1,5,6,3004,0,0,0,NA,0,001,EAST 17TH ST,NEWPORT BL,0,NA,Y,A,-,Y,ORA,12,55,-,-,1.444,I,5,N,Y,4,0,1,2,A,-,12,21453,A,N,D,C,A,A,H,-,A,A,0,NA,NA,NA,NA,Y,NA,A,01,0,0,1,0,0,0,0,0,0,-,-,33.636449999999996,-117.92201,ORANGE,COSTA MESA,-117.92202825,33.63653123
8021503,2016,2016-04-14,3022,2016-03-16,1750,1169,NA,3,5,5,3022,0,0,0,NA,0,NA,MITCHELL AV,HEATHERFIELD DR,15,E,N,A,-,N,NA,NA,NA,NA,NA,NA,NA,NA,NA,N,3,0,1,2,A,-,10,21952,NA,N,G,B,D,A,H,-,A,D,0,Y,NA,NA,NA,Y,NA,A,01,0,1,0,0,1,0,0,0,0,-,-,33.7275,-117.81366,ORANGE,TUSTIN,-117.81365219,33.72754368
8021658,2016,2016-04-22,3001,2016-04-02,1004,A1555,NA,6,5,7,3001,0,0,0,NA,0,0D1,KNOTT AV,BALL RD,5,S,N,A,-,N,NA,NA,NA,NA,NA,NA,NA,NA,NA,N,4,0,1,2,D,-,00,NA,NA,N,G,B,B,A,H,-,A,A,0,Y,NA,NA,NA,Y,NA,-,-,0,0,1,0,1,0,0,0,0,-,-,NA,NA,ORANGE,ANAHEIM,-118.01079976,33.81723629
8021669,2016,2016-04-15,3001,2016-04-04,1704,471,NA,1,5,7,3001,0,0,0,NA,0,0D1,SOUTH MAGNOLIA AV,W LINCOLN AV,80,S,N,A,-,N,NA,NA,NA,NA,NA,NA,NA,NA,NA,N,4,0,1,2,A,-,03,22350,NA,M,C,C,A,A,H,-,A,A,0,NA,NA,NA,NA,Y,NA,A,07,0,0,1,0,0,0,0,0,0,-,-,NA,NA,ORANGE,ANAHEIM,-117.97599,33.83195066
8021670,2016,2016-04-15,3001,2016-04-04,1409,471,NA,1,5,7,3001,0,0,0,NA,0,0D2,SOUTH EUCLID ST,W NIOBE PL,67,S,N,A,-,N,NA,NA,NA,NA,NA,NA,NA,NA,NA,Y,4,0,1,2,A,-,03,22350,NA,N,C,C,A,A,H,-,A,A,0,NA,NA,NA,NA,Y,NA,A,01,0,0,1,0,0,0,0,0,0,-,-,NA,NA,ORANGE,ANAHEIM,-117.94146444,33.82222637
8022794,2016,2016-04-20,3003,2016-04-03,2031,657,NA,7,5,5,3003,0,0,0,NA,0,NA,SAN PADRE CIR,SAN PACIFICO CIR,0,NA,Y,A,-,N,NA,NA,NA,NA,NA,NA,NA,NA,NA,Y,3,0,1,4,A,-,01,23152,A,N,C,E,A,A,H,-,E,D,0,NA,NA,NA,NA,Y,Y,A,01,0,1,0,0,0,0,0,0,0,-,-,NA,NA,ORANGE,BUENA PARK,-118.01281001,33.84284005
8023612,2016,2016-04-26,3001,2016-04-17,1506,A1548,D4,7,5,7,3001,0,0,0,NA,0,044,WEIR CANYON RD,RUNNING SPRINGS DR,0,NA,Y,A,-,N,NA,NA,NA,NA,NA,NA,NA,NA,NA,N,4,0,2,2,A,-,03,22350,A,N,C,C,A,A,H,-,A,A,0,NA,NA,NA,NA,Y,NA,A,07,0,0,2,0,0,0,0,0,0,-,-,NA,NA,ORANGE,ANAHEIM,-117.72816002,33.8596301
8025773,2016,2016-04-21,3019,2016-04-07,1705,2771,WE,4,5,7,3019,0,0,0,NA,0,001,EDINGER AV,NEWHOPE ST,400,E,N,B,-,N,NA,NA,NA,NA,NA,NA,NA,NA,NA,Y,4,0,1,2,A,-,08,22107,NA,N,C,E,A,B,H,-,A,D,0,NA,NA,NA,NA,Y,NA,A,01,0,0,1,0,0,0,0,0,0,-,-,33.73123,-117.92852,ORANGE,SANTA ANA,-117.9272688,33.73098171
8025797,2016,2016-04-21,3019,2016-04-09,2242,3325,WE,6,5,7,3019,0,0,0,NA,0,003,MCFADDEN AV,SUSANNE ST,0,NA,Y,A,-,N,NA,NA,NA,NA,NA,NA,NA,NA,NA,N,4,0,1,2,A,-,05,21650,NA,N,G,G,A,A,H,-,A,D,0,NA,Y,NA,NA,Y,NA,L,04,0,0,1,0,0,0,1,0,0,-,-,33.73822,-117.91419,ORANGE,SANTA ANA,-117.91407005,33.73805006
8026620,2016,2016-04-26,3024,2016-03-30,1418,329,P17,3,5,5,3024,0,0,0,NA,0,WEST,GOLDENWEST ST,HOMER ST,0,NA,Y,A,-,N,NA,NA,NA,NA,NA,NA,NA,NA,NA,N,4,0,1,2,A,-,05,21650,1,N,G,G,A,A,H,-,A,D,0,NA,Y,NA,NA,Y,NA,L,04,0,0,1,0,0,0,1,0,0,-,-,NA,NA,ORANGE,WESTMINSTER,-118.00712002,33.75634001
8026809,2016,2016-04-25,3026,2016-04-07,1749,313,NA,4,5,6,3026,0,0,0,NA,0,00U,VON KARMAN,MAIN ST,70,S,N,C,-,N,NA,NA,NA,NA,NA,NA,NA,NA,NA,N,4,0,1,2,A,-,03,22350,NA,M,-,C,A,B,H,-,-,D,0,NA,NA,NA,NA,Y,Y,A,01,0,0,1,0,0,0,0,0,0,-,-,NA,NA,ORANGE,IRVINE,-117.84780523,33.68400139
8027249,2016,2016-04-27,3015,2016-04-10,1358,1098,184,7,5,6,3015,0,0,0,NA,0,731,EAST CHAPMAN AV,N NEWPORT BL,479,E,N,B,-,N,NA,NA,NA,NA,NA,NA,NA,NA,NA,Y,3,0,1,1,A,-,-,NA,NA,N,A,I,A,A,H,-,A,D,0,NA,NA,Y,NA,Y,NA,C,02,0,1,0,0,0,0,0,0,1,-,-,NA,NA,ORANGE,ORANGE,-117.770116,33.79459662
8028077,2016,2016-05-02,3019,2016-03-29,1426,3196,WE,2,5,7,3019,0,0,0,NA,0,NA,5TH ST,SULLIVAN ST,6,E,N,A,-,N,NA,NA,NA,NA,NA,NA,NA,NA,NA,Y,3,0,2,3,A,-,03,22350,NA,N,C,C,A,A,H,-,A,D,0,NA,NA,NA,NA,Y,Y,A,01,0,1,1,0,0,0,0,0,0,-,-,33.74871,-117.90251,ORANGE,SANTA ANA,-117.90256031,33.74869966
8028324,2016,2016-05-04,3001,2016-04-23,0949,A1555,NA,6,5,7,3001,0,0,0,NA,0,0D2,SOUTH STATE COLLEGE BL,E LINCOLN AV,68,S,N,A,-,N,NA,NA,NA,NA,NA,NA,NA,NA,NA,Y,3,0,1,2,A,-,03,22350,NA,N,C,C,A,A,H,-,A,A,0,NA,NA,NA,NA,Y,NA,A,01,0,1,0,0,0,0,0,0,0,-,-,NA,NA,ORANGE,ANAHEIM,-117.88933,33.83983358
8028437,2016,2016-05-19,3001,2016-05-11,1347,A2271,NA,3,5,7,3001,0,0,0,NA,0,0D3,WEST KATELLA AV,SOUTH HARBOR BL,48,W,N,A,-,N,NA,NA,NA,NA,NA,NA,NA,NA,NA,N,4,0,1,2,A,-,03,22350,A,N,C,C,A,A,H,-,A,A,0,NA,NA,NA,NA,Y,NA,A,01,0,0,1,0,0,0,0,0,0,-,-,NA,NA,ORANGE,ANAHEIM,-117.91556763,33.80342
8029702,2016,2016-05-12,3010,2016-04-22,0707,2057,432,5,5,6,3010,0,0,0,NA,0,005,ADAMS,DELAWARE,0,NA,Y,A,-,N,NA,NA,NA,NA,NA,NA,NA,NA,NA,Y,4,0,1,2,A,-,12,21453,A,N,D,C,A,A,H,-,A,A,0,NA,NA,NA,NA,Y,NA,A,01,0,0,1,0,0,0,0,0,0,-,-,NA,NA,ORANGE,HUNTINGTON BEACH,-117.99295009,33.67214001
8029882,2016,2016-04-27,3000,2016-04-04,0939,1644,922A2,1,5,4,3045,0,0,0,NA,0,6M47,LA PAZ RD,MCINTYRE ST,0,NA,Y,A,-,N,NA,NA,NA,NA,NA,NA,NA,NA,NA,N,4,0,1,2,A,-,10,21950,A,N,A,B,B,A,H,-,A,A,0,Y,NA,NA,NA,Y,NA,A,01,0,0,1,0,1,0,0,0,0,-,-,NA,NA,ORANGE,LAGUNA HILLS,-117.6797501,33.59605011
8030807,2016,2016-05-16,3022,2016-04-04,0028,1225,NORTH,1,5,5,3022,0,0,0,NA,0,NA,RED HILL AV,BRYAN AV,0,NA,Y,A,-,N,NA,NA,NA,NA,NA,NA,NA,NA,NA,Y,4,0,2,2,A,-,12,21453,A,N,D,C,A,A,H,-,C,A,0,NA,NA,NA,NA,Y,Y,D,22,0,0,2,0,0,0,0,0,0,-,-,33.73911,-117.80992,ORANGE,TUSTIN,-117.80989013,33.73916002
8031447,2016,2017-02-16,3011,2016-03-15,1625,31241,NA,2,5,4,3011,0,0,0,NA,0,NA,RT 1,10TH ST,90,S,N,A,-,Y,ORA,12,1,-,-,5.3,H,-,N,Y,4,0,2,3,A,-,03,22350,NA,N,-,C,A,A,H,-,A,D,0,NA,NA,NA,NA,Y,NA,A,01,0,0,2,0,0,0,0,0,0,-,-,NA,NA,ORANGE,LAGUNA BEACH,-117.7392441,33.49751812
8032300,2016,2016-05-02,3000,2016-04-19,1712,1916,971F3,2,5,4,3045,0,0,0,NA,0,903,NIGUEL RD,MONARCH BEACH,41,S,N,A,-,N,NA,NA,NA,NA,NA,NA,NA,NA,NA,Y,3,0,2,2,A,-,03,22350,NA,N,C,C,A,A,H,-,A,A,0,NA,NA,NA,NA,Y,NA,A,07,0,2,0,0,0,0,0,0,0,-,-,NA,NA,ORANGE,LAGUNA HILLS,-117.71240405,33.48718126
8033387,2016,2016-05-06,3019,2016-04-14,1350,2875,SC,4,5,7,3019,0,0,0,NA,0,004,MCFADDEN AV,JACKSON ST,365,W,N,A,-,N,NA,NA,NA,NA,NA,NA,NA,NA,NA,Y,4,0,2,1,A,-,12,21453,A,N,E,I,A,A,H,-,A,A,0,NA,NA,NA,NA,Y,NA,A,01,0,0,2,0,0,0,0,0,0,-,-,33.73848,-117.91577,ORANGE,SANTA ANA,-117.91689776,33.73835
8033395,2016,2016-05-06,3019,2016-04-21,1255,3155,SE,4,5,7,3019,0,0,0,NA,0,NA,WARNER AV,EVERGREEN ST E,12,W,N,A,-,N,NA,NA,NA,NA,NA,NA,NA,NA,NA,N,4,0,1,2,A,-,03,22350,NA,N,C,C,A,A,H,-,A,D,0,NA,NA,NA,NA,Y,NA,A,07,0,0,1,0,0,0,0,0,0,-,-,33.716,-117.85722,ORANGE,SANTA ANA,-117.85775936,33.71596073