CASE_ID,ACCIDENT_YEAR,PROC_DATE,JURIS,COLLISION_DATE,COLLISION_TIME,OFFICER_ID,REPORTING_DISTRICT,DAY_OF_WEEK,CHP_SHIFT,POPULATION,CNTY_CITY_LOC,SPECIAL_COND,BEAT_TYPE,CHP_BEAT_TYPE,CITY_DIVISION_LAPD,CHP_BEAT_CLASS,BEAT_NUMBER,PRIMARY_RD,SECONDARY_RD,DISTANCE,DIRECTION,INTERSECTION,WEATHER_1,WEATHER_2,STATE_HWY_IND,CALTRANS_COUNTY,CALTRANS_DISTRICT,STATE_ROUTE,ROUTE_SUFFIX,POSTMILE_PREFIX,POSTMILE,LOCATION_TYPE,RAMP_INTERSECTION,SIDE_OF_HWY,TOW_AWAY,COLLISION_SEVERITY,NUMBER_KILLED,NUMBER_INJURED,PARTY_COUNT,PRIMARY_COLL_FACTOR,PCF_CODE_OF_VIOL,PCF_VIOL_CATEGORY,PCF_VIOLATION,PCF_VIOL_SUBSECTION,HIT_AND_RUN,TYPE_OF_COLLISION,MVIW,PED_ACTION,ROAD_SURFACE,ROAD_COND_1,ROAD_COND_2,LIGHTING,CONTROL_DEVICE,CHP_ROAD_TYPE,PEDESTRIAN_ACCIDENT,BICYCLE_ACCIDENT,MOTORCYCLE_ACCIDENT,TRUCK_ACCIDENT,NOT_PRIVATE_PROPERTY,ALCOHOL_INVOLVED,STWD_VEHTYPE_AT_FAULT,CHP_VEHTYPE_AT_FAULT,COUNT_SEVERE_INJ,COUNT_VISIBLE_INJ,COUNT_COMPLAINT_PAIN,COUNT_PED_KILLED,COUNT_PED_INJURED,COUNT_BICYCLIST_KILLED,COUNT_BICYCLIST_INJURED,COUNT_MC_KILLED,COUNT_MC_INJURED,PRIMARY_RAMP,SECONDARY_RAMP,LATITUDE,LONGITUDE,COUNTY,CITY,POINT_X,POINT_Y
81635176,2021,2021-11-25,3019,2021-11-08,1501,3317,NE,1,5,7,3019,0,0,0,NA,0,002,GRAND AVENUE,FRUIT STREET (N),270,S,N,A,-,N,NA,NA,NA,NA,NA,NA,NA,NA,NA,N,4,0,1,2,A,-,03,22350,NA,N,C,C,A,A,H,-,A,D,0,NA,NA,NA,Y,Y,NA,G,26,0,0,1,0,0,0,0,0,0,-,-,33.75276184082031,-117.85198974609376,ORANGE,SANTA ANA,-117.851806640625,33.75276565551758
81635231,2021,2021-11-25,3007,2021-09-19,1255,317,37,7,5,5,3007,0,0,0,NA,0,002,EUCLID,HEIL,135,S,N,A,-,N,NA,NA,NA,NA,NA,NA,NA,NA,NA,Y,4,0,1,1,A,-,03,22350,NA,N,H,J,A,A,H,-,A,D,0,NA,NA,Y,NA,Y,NA,C,02,0,0,1,0,0,0,0,0,1,-,-,NA,NA,ORANGE,FOUNTAIN VALLEY,-117.93726348876952,33.72325897216797
81636010,2021,2021-11-29,3022,2021-11-03,2008,1391,NA,3,5,5,3022,0,0,0,NA,0,NA,RED HILL AV,EL CAMINO REAL,320,S,N,A,-,Y,NA,NA,5,NA,NA,NA,NA,NA,NA,Y,3,0,1,2,A,-,11,21955,NA,N,G,B,D,A,H,-,C,A,0,Y,NA,NA,NA,Y,NA,N,60,0,1,0,0,1,0,0,0,0,-,-,33.73400115966797,-117.8146514892578,ORANGE,TUSTIN,-117.81504058837892,33.73347091674805
8163733,2016,2016-11-17,3015,2016-10-21,1654,1530,32E,5,5,6,3015,0,0,0,NA,0,311,WEST CHAPMAN AV,N BATAVIA ST,201,E,N,A,-,N,NA,NA,NA,NA,NA,NA,NA,NA,NA,N,3,0,2,2,A,-,09,21804,A,N,D,G,A,A,H,-,A,D,0,NA,Y,NA,NA,Y,NA,L,04,0,2,0,0,0,0,1,0,0,-,-,NA,NA,ORANGE,ORANGE,-117.86118007,33.78788
81637524,2021,2021-11-29,3007,2021-08-06,1919,313,45,5,5,5,3007,0,0,0,NA,0,001,BROOKHURST STREET,LA HACIENDA AVE,0,NA,Y,A,-,N,NA,NA,NA,NA,NA,NA,NA,NA,NA,Y,4,0,2,2,A,-,09,21801,A,N,A,C,A,A,H,-,A,A,0,NA,NA,NA,NA,Y,NA,A,01,0,0,2,0,0,0,0,0,0,-,-,NA,NA,ORANGE,FOUNTAIN VALLEY,-117.95457458496094,33.714271545410156
81638833,2021,2021-12-01,3007,2021-07-26,1622,297,25,1,5,5,3007,0,0,0,NA,0,001,BROOKHURST,CURRANT,0,NA,Y,A,-,N,NA,NA,NA,NA,NA,NA,NA,NA,NA,Y,3,0,2,3,A,-,08,22107,NA,N,B,C,A,A,H,-,A,D,0,NA,NA,NA,NA,Y,NA,D,22,0,1,1,0,0,0,0,0,0,-,-,NA,NA,ORANGE,FOUNTAIN VALLEY,-117.95462036132813,33.71943664550781
81639273,2021,2021-12-01,3007,2021-07-23,1736,312,56,5,5,5,3007,0,0,0,NA,0,003,TALBERT,WARD,0,NA,Y,A,-,N,NA,NA,NA,NA,NA,NA,NA,NA,NA,Y,3,0,3,2,A,-,09,21801,A,N,D,C,A,A,H,-,A,A,0,NA,NA,NA,NA,Y,NA,A,07,0,2,1,0,0,0,0,0,0,-,-,NA,NA,ORANGE,FOUNTAIN VALLEY,-117.94561767578124,33.701786041259766
81641765,2021,2021-12-03,3024,2021-10-26,1700,505,P-10,2,5,5,3024,0,0,0,NA,0,WEST,GOLDENWEST STREET,WESTMINSTER BOULEVARD,0,NA,Y,A,-,N,NA,NA,NA,NA,NA,NA,NA,NA,NA,Y,4,0,1,2,A,-,04,21703,NA,N,C,C,A,A,H,-,B,A,0,NA,NA,NA,NA,Y,NA,A,01,0,0,1,0,0,0,0,0,0,-,-,33.7586784362793,-118.0097427368164,ORANGE,WESTMINSTER,-118.00717163085938,33.7591438293457
81644655,2021,2021-12-07,3015,2021-12-01,0655,1530,33,3,5,6,3015,0,0,0,NA,0,733,LA VETA AVE,FRONTAGE ROAD,136,W,N,E,-,N,NA,NA,NA,NA,NA,NA,NA,NA,NA,Y,4,0,3,2,A,-,09,21804,A,N,D,C,A,B,H,-,A,D,0,NA,NA,NA,NA,Y,NA,D,22,0,0,3,0,0,0,0,0,0,-,-,NA,NA,ORANGE,ORANGE,NA,NA
81644661,2021,2021-12-07,3001,2021-12-05,0153,A2545,NA,7,5,7,3001,0,0,0,NA,0,D-1,MAGNOLIA AVENUE,BALL ROAD,0,NA,Y,A,-,N,NA,NA,NA,NA,NA,NA,NA,NA,NA,Y,1,1,4,3,A,-,01,23153,A,N,D,C,A,A,H,-,C,A,0,NA,NA,NA,NA,Y,Y,A,07,0,2,2,0,0,0,0,0,0,-,-,33.817691802978516,-117.97586059570313,ORANGE,ANAHEIM,-117.9758529663086,33.81760025024414
81644662,2021,2021-12-07,3007,2021-06-12,0032,326,42,6,5,5,3007,0,0,0,NA,0,001,NEWLAND ST,WARNER AVE,42,S,N,A,-,N,NA,NA,NA,NA,NA,NA,NA,NA,NA,Y,3,0,2,3,A,-,01,23152,A,N,C,C,A,A,H,-,C,A,0,NA,NA,NA,NA,Y,Y,A,01,0,1,1,0,0,0,0,0,0,-,-,NA,NA,ORANGE,FOUNTAIN VALLEY,-117.98057556152344,33.7155647277832
81648391,2021,2021-12-10,3001,2021-12-08,1833,A1047,NA,3,5,7,3001,0,0,0,NA,0,D-2,LINCOLN AVENUE,CITRON STREET,9,E,N,A,-,N,NA,NA,NA,NA,NA,NA,NA,NA,NA,N,3,0,1,2,A,-,11,21453,D,N,G,B,B,A,H,-,C,A,0,Y,NA,NA,NA,Y,NA,N,60,0,1,0,0,1,0,0,0,0,-,-,NA,NA,ORANGE,ANAHEIM,-117.9232940673828,33.833335876464844
81651108,2021,2021-12-14,3015,2021-12-06,0735,1563,RD65W,1,5,6,3015,0,0,0,NA,0,731M,ADAMS AVE,CAMBRIDGE ST (S),0,NA,Y,A,-,N,NA,NA,NA,NA,NA,NA,NA,NA,NA,N,4,0,1,2,A,-,10,21950,A,M,G,B,B,A,H,-,A,A,0,Y,NA,NA,NA,Y,NA,A,08,0,0,1,0,1,0,0,0,0,-,-,33.805728912353516,-117.8440399169922,ORANGE,ORANGE,-117.84439849853516,33.80640411376953
81651133,2021,2021-12-14,3001,2021-11-22,1441,A2450,D-3,1,5,7,3001,0,0,0,NA,0,D-3,ZEYN STREET,KATELLA AVENUE,3,N,N,A,-,N,NA,NA,NA,NA,NA,NA,NA,NA,NA,N,4,0,1,2,A,-,09,21802,A,N,D,G,A,A,H,-,A,A,0,NA,Y,NA,NA,Y,NA,D,22,0,0,1,0,0,0,1,0,0,-,-,33.803009033203125,-117.90817260742188,ORANGE,ANAHEIM,-117.90814208984376,33.803428649902344
8165139,2016,2016-11-10,3008,2016-09-06,2224,1477,NA,2,5,6,3008,0,0,0,NA,0,002,COMMONWEALTH AV,HIGHLAND AV,0,NA,Y,A,-,N,NA,NA,NA,NA,NA,NA,NA,NA,NA,Y,4,0,1,2,A,-,09,21801,A,N,B,C,A,A,H,-,C,A,0,NA,NA,NA,NA,Y,NA,A,01,0,0,1,0,0,0,0,0,0,-,-,NA,NA,ORANGE,FULLERTON,-117.92871008,33.87033002
81651692,2021,2021-12-14,3014,2021-12-04,1131,1555,RD24,6,5,5,3014,0,0,0,NA,0,A2,SR-55 (NEWPORT BLVD),SR-1,10,S,N,A,-,Y,NA,NA,55,NA,NA,NA,NA,NA,NA,N,2,0,1,1,A,-,03,22350,NA,N,F,A,A,A,H,-,A,D,0,NA,Y,NA,NA,Y,NA,L,04,1,0,0,0,0,0,1,0,0,-,-,33.62070846557617,-117.9296875,ORANGE,NEWPORT BEACH,-117.9294891357422,33.62065505981445
8165246,2016,2016-11-10,3010,2016-10-19,2228,3024,466,3,5,6,3010,0,0,0,NA,0,002,HAMILTON,BROOKHURST,556,W,N,A,-,N,NA,NA,NA,NA,NA,NA,NA,NA,NA,Y,4,0,1,5,A,-,01,23152,E,N,B,C,A,A,H,-,C,D,0,NA,NA,NA,NA,Y,NA,A,01,0,0,1,0,0,0,0,0,0,-,-,NA,NA,ORANGE,HUNTINGTON BEACH,-117.95551272,33.65058753
8165536,2016,2016-11-14,3019,2016-05-16,2129,2647,WE,1,5,7,3019,0,0,0,NA,0,001,HARBOR BL,1ST ST,658,S,N,A,-,N,NA,NA,NA,NA,NA,NA,NA,NA,NA,N,2,0,1,2,A,-,11,21954,A,N,G,B,D,A,H,-,C,D,0,Y,NA,NA,NA,Y,NA,N,60,1,0,0,0,1,0,0,0,0,-,-,33.74504,-117.92023,ORANGE,SANTA ANA,-117.92018,33.74515
8165693,2016,2016-11-15,3009,2016-10-29,1936,4351,75,6,5,6,3009,0,0,0,NA,0,1 3,YOCKEY ST,TRASK AV,8,N,N,A,-,N,NA,NA,NA,NA,NA,NA,NA,NA,NA,N,4,0,2,2,A,-,12,21453,A,N,-,C,A,A,H,-,C,A,0,NA,NA,NA,NA,Y,NA,A,01,0,0,2,0,0,0,0,0,0,-,-,NA,NA,ORANGE,GARDEN GROVE,-117.97682028,33.76666193
81658301,2021,2021-12-22,3010,2021-12-20,1134,1118,329,1,5,6,3010,0,0,0,NA,0,004,BEACON HILL LN,SUMMIT DR,37,S,N,A,-,N,NA,NA,NA,NA,NA,NA,NA,NA,NA,N,4,0,4,2,A,-,03,22350,NA,N,C,C,A,A,H,-,A,A,0,NA,NA,NA,NA,Y,NA,A,01,0,0,4,0,0,0,0,0,0,-,-,33.682979583740234,-118.00833892822266,ORANGE,HUNTINGTON BEACH,-118.00846099853516,33.682743072509766
81659144,2021,2021-12-22,3014,2021-12-11,1521,1520,RD41,6,5,5,3014,0,0,0,NA,0,A3,BACK BAY VIEW PARK BICYCLE PATH,SR-1 (E. COAST HWY),100,N,N,A,-,N,NA,NA,NA,NA,NA,NA,NA,NA,NA,N,2,0,1,1,B,-,22,NA,NA,N,H,A,A,D,G,-,A,D,0,NA,NA,Y,NA,Y,NA,C,02,1,0,0,0,0,0,0,0,1,-,-,33.61389923095703,-117.89418792724608,ORANGE,NEWPORT BEACH,NA,NA
81659149,2021,2021-12-22,3014,2021-12-12,1409,1462,RD39,7,5,5,3014,0,0,0,NA,0,A3,NEWPORT CENTER DR,ANACAPA DR,0,NA,Y,A,-,N,NA,NA,NA,NA,NA,NA,NA,NA,NA,Y,3,0,1,2,A,-,09,21801,NA,N,D,C,A,A,H,-,A,A,0,NA,NA,NA,NA,Y,NA,A,07,0,1,0,0,0,0,0,0,0,-,-,33.61268997192383,-117.87513732910156,ORANGE,NEWPORT BEACH,-117.8751220703125,33.61254119873047
81659397,2021,2021-12-23,3001,2021-12-21,1449,A1158,D-2,2,5,7,3001,0,0,0,NA,0,NA,LA PALMA AVENUE,HELENA STREET,75,W,N,B,-,N,NA,NA,NA,NA,NA,NA,NA,NA,NA,Y,3,0,2,2,A,-,09,21801,A,M,A,C,A,A,H,-,A,D,0,NA,NA,NA,NA,Y,NA,A,01,0,1,1,0,0,0,0,0,0,-,-,NA,NA,ORANGE,ANAHEIM,-117.923095703125,33.84722137451172
81661711,2021,2021-12-30,3007,2021-12-01,2135,280,75,3,5,5,3007,0,0,0,NA,0,003,BROOKHURST,ELLIS,651,S,N,B,E,N,NA,NA,NA,NA,NA,NA,NA,NA,NA,Y,4,0,3,2,A,-,09,21804,A,N,B,C,A,A,H,-,C,D,0,NA,NA,NA,NA,Y,NA,A,01,0,0,3,0,0,0,0,0,0,-,-,NA,NA,ORANGE,FOUNTAIN VALLEY,-117.95424652099608,33.69235610961914
81661745,2021,2021-12-27,3001,2021-12-03,1855,A1373,D-1,5,5,7,3001,0,0,0,NA,0,D-1,KNOTT AVENUE,ORANGE AVENUE,182,S,N,A,-,N,NA,NA,NA,NA,NA,NA,NA,NA,NA,Y,4,0,1,2,A,-,09,21804,A,N,D,C,A,A,H,-,C,A,0,NA,NA,NA,NA,Y,NA,A,01,0,0,1,0,0,0,0,0,0,-,-,33.824710845947266,-118.01087951660156,ORANGE,ANAHEIM,-118.01087188720705,33.82408142089844
81661763,2021,2021-12-27,3001,2021-12-24,1014,A1825,NA,5,5,7,3001,0,0,0,NA,0,D-3,GENE AUTRY WAY,UNION ST,0,NA,Y,C,-,N,NA,NA,NA,NA,NA,NA,NA,NA,NA,Y,4,0,2,2,A,-,08,22107,NA,N,D,C,A,B,H,-,A,A,0,NA,NA,NA,NA,Y,NA,D,22,0,0,2,0,0,0,0,0,0,-,-,NA,NA,ORANGE,ANAHEIM,-117.89217376708984,33.79971694946289
81662902,2021,2021-12-28,3001,2021-11-16,2321,A2467,D-1,2,5,7,3001,0,0,0,NA,0,D-1,BROOKHURST STREET,ORANGE AVENUE,215,S,N,A,-,N,NA,NA,NA,NA,NA,NA,NA,NA,NA,Y,4,0,1,2,A,-,09,21801,A,N,D,C,A,A,H,-,C,A,0,NA,NA,NA,NA,Y,NA,A,01,0,0,1,0,0,0,0,0,0,-,-,33.82442855834961,-117.9589385986328,ORANGE,ANAHEIM,-117.9589385986328,33.824440002441406
81666058,2021,2021-12-30,3010,2021-12-27,1523,1208,432,1,5,6,3010,0,0,0,NA,0,005,GOLDENWEST ST,DEEP HARBOR DR,0,NA,Y,B,C,N,NA,NA,NA,NA,NA,NA,NA,NA,NA,Y,3,0,2,3,A,-,09,21802,A,N,D,C,A,B,H,-,A,A,0,NA,NA,NA,NA,Y,NA,A,07,0,1,1,0,0,0,0,0,0,-,-,33.67626953125,-118.00901794433594,ORANGE,HUNTINGTON BEACH,-118.00920867919922,33.67634582519531
81666226,2021,2021-12-30,3007,2021-12-10,1230,304,38,5,5,5,3007,0,0,0,NA,0,002,WARNER,WINTERSBURG,0,NA,Y,B,C,N,NA,NA,NA,NA,NA,NA,NA,NA,NA,Y,4,0,1,2,A,-,09,21804,A,N,C,C,A,B,H,-,A,D,0,NA,NA,NA,NA,Y,NA,A,07,0,0,1,0,0,0,0,0,0,-,-,NA,NA,ORANGE,FOUNTAIN VALLEY,-117.92464447021484,33.71610641479492
8166855,2016,2017-04-01,3000,2016-06-26,0010,3331,891H5,7,5,5,3050,0,0,0,NA,0,017,MUIRLANDS BL,TULIP ST,0,NA,Y,A,-,N,NA,NA,NA,NA,NA,NA,NA,NA,NA,Y,1,2,0,1,A,-,01,23152,A,N,E,I,A,A,H,-,C,D,0,NA,NA,Y,NA,Y,Y,C,02,0,0,0,0,0,0,0,2,0,-,-,33.62442,-117.69943,ORANGE,LAKE FOREST,-117.69927012,33.62448002
8166899,2016,2017-04-19,3019,2016-11-22,0615,2859,SC,2,5,7,3019,0,0,0,NA,0,004,SEGERSTROM AV,SPRUCE ST,17,W,N,A,-,N,NA,NA,NA,NA,NA,NA,NA,NA,NA,Y,1,1,0,2,A,-,17,24250,NA,N,F,A,A,A,H,-,B,D,0,NA,NA,Y,NA,Y,NA,C,02,0,0,0,0,0,0,0,1,0,-,-,33.70746,-117.88863,ORANGE,SANTA ANA,-117.88887576,33.70739927
8166919,2016,2017-04-21,3000,2016-07-27,0635,3770,797J3,3,5,4,3021,0,0,0,NA,0,154,BEACH BL,ORANGEWOOD AV,1349,N,N,A,-,Y,ORA,12,39,-,-,10.38,H,-,N,Y,1,1,0,2,A,-,08,22107,NA,N,G,B,F,A,H,-,A,D,0,Y,NA,NA,NA,Y,NA,A,01,0,0,0,1,0,0,0,0,0,-,-,33.79949,-117.99301,ORANGE,STANTON,-117.99298598,33.79860845
81669326,2021,2022-01-04,3010,2021-12-28,1536,2126,477,2,5,6,3010,0,0,0,NA,0,002,HAMILTON AVE,BROOKHURST ST,296,W,N,B,-,N,NA,NA,NA,NA,NA,NA,NA,NA,NA,N,3,0,1,2,A,-,09,21804,A,N,H,G,A,A,H,-,A,D,0,NA,Y,NA,NA,Y,NA,A,01,0,1,0,0,0,0,1,0,0,-,-,33.65058898925781,-117.95401000976563,ORANGE,HUNTINGTON BEACH,-117.95465850830078,33.65058898925781
81670299,2021,2022-01-04,3002,2021-11-19,1156,1696,NA,5,5,4,3002,0,0,0,NA,0,014,FIR ST,MULBERRY AV,252,E,N,A,-,N,NA,NA,NA,NA,NA,NA,NA,NA,NA,N,3,0,1,3,A,-,11,21954,A,N,G,B,D,A,H,-,A,D,0,Y,NA,NA,NA,Y,NA,N,60,0,1,0,0,1,0,0,0,0,-,-,33.91096878051758,-117.90699005126952,ORANGE,BREA,-117.90617370605467,33.91058349609375
81670346,2021,2022-01-04,3002,2021-12-09,1827,1676,NA,4,5,4,3002,0,0,0,NA,0,013,IMPERIAL HY,ASSOCIATED RD,75,E,N,A,-,Y,NA,NA,NA,NA,NA,NA,NA,NA,NA,Y,3,0,2,3,A,-,03,22350,NA,N,C,C,A,B,H,-,C,A,0,NA,NA,NA,NA,Y,NA,A,01,0,1,1,0,0,0,0,0,0,-,-,33.91083908081055,-117.88008880615234,ORANGE,BREA,-117.8798828125,33.91085433959961
81671848,2021,2022-01-06,3019,2021-12-09,1026,2307,SE,4,5,7,3019,0,0,0,NA,0,003,GRAND AVENUE,WAKEHAM AVENUE,111,N,N,B,-,N,NA,NA,NA,NA,NA,NA,NA,NA,NA,Y,3,0,1,2,A,-,09,21804,A,N,E,I,A,B,H,-,A,D,0,NA,NA,NA,NA,Y,NA,D,22,0,1,0,0,0,0,0,0,0,-,-,33.73720932006836,-117.8498992919922,ORANGE,SANTA ANA,-117.85027313232422,33.73753356933594
81671854,2021,2022-01-06,3019,2021-12-11,1555,3767,SC,6,5,7,3019,0,0,0,NA,0,004,MCFADDEN AVENUE,BRISTOL STREET,114,W,N,A,-,N,NA,NA,NA,NA,NA,NA,NA,NA,NA,Y,4,0,1,2,A,-,09,21804,A,N,D,C,A,A,H,-,A,D,0,NA,NA,NA,NA,Y,NA,A,01,0,0,1,0,0,0,0,0,0,-,-,33.733890533447266,-117.8854522705078,ORANGE,SANTA ANA,-117.88557434082033,33.73447036743164
81673092,2021,2022-01-07,3019,2021-11-07,1649,3636,SE,7,5,7,3019,0,0,0,NA,0,003,BROADWAY,BORCHARD AVENUE,0,NA,Y,A,-,N,NA,NA,NA,NA,NA,NA,NA,NA,NA,Y,4,0,2,2,A,-,12,22450,A,N,D,C,A,A,H,-,A,D,0,NA,NA,NA,NA,Y,NA,J,48,0,0,2,0,0,0,0,0,0,-,-,33.7288818359375,-117.86995697021484,ORANGE,SANTA ANA,-117.8698501586914,33.72893142700195
81674091,2021,2022-01-10,3022,2021-12-25,0050,1341,NA,6,5,5,3022,0,0,0,NA,0,NA,EL CAMINO REAL,RED HILL AV,20,E,N,A,-,N,NA,NA,NA,NA,NA,NA,NA,NA,NA,N,4,0,1,2,A,-,03,22350,NA,F,C,C,A,A,H,-,C,A,0,NA,NA,NA,NA,Y,NA,D,22,0,0,1,0,0,0,0,0,0,-,-,33.73445129394531,-117.81468200683594,ORANGE,TUSTIN,-117.81462097167967,33.734230041503906
8167591,2017,2019-04-09,3015,2017-08-06,0822,1017,114,7,5,6,3015,0,0,0,NA,0,751,SANTIAGO CANYON RD,MEADS AV,0,NA,Y,A,-,N,NA,NA,NA,NA,NA,NA,NA,NA,NA,Y,1,1,1,2,A,-,01,23152,F,N,C,C,A,A,H,-,A,A,0,NA,NA,NA,NA,Y,NA,A,01,0,1,0,0,0,0,0,0,0,-,-,NA,NA,ORANGE,ORANGE,-117.77878004,33.81427007
81675917,2022,2022-01-11,3014,2022-01-09,1950,1447,RD36,7,5,5,3014,0,0,0,NA,0,A3,JAMBOREE RD,BRISTOL ST N,0,NA,Y,A,-,N,NA,NA,NA,NA,NA,NA,NA,NA,NA,Y,3,0,2,2,A,-,01,23152,A,N,D,C,A,A,H,-,C,A,0,NA,NA,NA,NA,Y,Y,A,01,0,2,0,0,0,0,0,0,0,-,-,33.65591812133789,-117.86459350585938,ORANGE,NEWPORT BEACH,-117.8644790649414,33.65582275390625
81676232,2021,2022-01-12,3019,2021-12-06,1808,3545,NE,1,5,7,3019,0,0,0,NA,0,002,BROADWAY,3RD STREET,8,N,N,A,-,N,NA,NA,NA,NA,NA,NA,NA,NA,NA,N,4,0,1,2,A,-,03,22350,NA,N,C,C,A,A,H,-,C,A,0,NA,NA,NA,NA,Y,NA,A,08,0,0,1,0,0,0,0,0,0,-,-,33.7463493347168,-117.8698272705078,ORANGE,SANTA ANA,-117.86972808837892,33.74712371826172
81676238,2021,2022-01-12,3019,2021-12-13,1935,3754,SC,1,5,7,3019,0,0,0,NA,0,004,ALLEY E/O BIRCH W/O BROADWAY,CAMILE STREET,188,N,N,A,-,N,NA,NA,NA,NA,NA,NA,NA,NA,NA,N,4,0,1,2,D,-,00,NA,NA,N,G,B,E,A,H,-,C,D,0,Y,NA,NA,NA,Y,NA,-,-,0,0,1,0,1,0,0,0,0,-,-,33.739990234375,-117.87117004394533,ORANGE,SANTA ANA,-117.86976623535156,33.741233825683594
81676265,2021,2022-01-12,3019,2021-12-19,2240,3589,NA,7,5,7,3019,0,0,0,NA,0,NA,BEVERLY PLACE,HALLADAY STREET,60,W,N,-,-,N,NA,NA,NA,NA,NA,NA,NA,NA,NA,N,4,0,1,2,A,-,08,22107,NA,N,C,E,A,A,H,-,A,A,0,NA,NA,NA,NA,Y,NA,A,01,0,0,1,0,0,0,0,0,0,-,-,33.73501968383789,-117.85997009277344,ORANGE,SANTA ANA,-117.85986328125,33.73590850830078
81677186,2021,2022-01-13,3024,2021-12-04,2314,420,P-19,6,5,5,3024,0,0,0,NA,0,EAST,BEACH BOULEVARD (SR39),15TH STREET,0,NA,Y,A,-,Y,NA,NA,NA,NA,NA,NA,NA,NA,NA,Y,4,0,2,2,A,-,09,21801,A,N,D,C,A,A,H,-,C,A,0,NA,NA,NA,NA,Y,NA,A,01,0,0,2,0,0,0,0,0,0,-,-,33.75743103027344,-117.98937225341795,ORANGE,WESTMINSTER,-117.98953247070313,33.757442474365234
81678805,2022,2022-01-17,3001,2022-01-10,1345,A1622,D-1,1,5,7,3001,0,0,0,NA,0,D-1,BROOKHURST STREET,CATALINA AVENUE,0,NA,Y,A,-,N,NA,NA,NA,NA,NA,NA,NA,NA,NA,Y,4,0,1,2,A,-,12,21453,A,N,D,C,A,A,H,-,A,A,0,NA,NA,NA,NA,Y,NA,A,01,0,0,1,0,0,0,0,0,0,-,-,33.83604049682617,-117.95922088623048,ORANGE,ANAHEIM,-117.95899963378906,33.83628463745117
81681344,2022,2022-01-20,3010,2022-01-16,0301,3171,442,7,5,6,3010,0,0,0,NA,0,003,BEACH BL - SR39,ADAMS AVE,14,W,N,A,-,Y,ORA,NA,39,NA,NA,1.619,H,NA,L,Y,4,0,1,1,A,-,08,22107,NA,N,E,I,A,A,H,-,C,A,0,NA,NA,NA,NA,Y,NA,A,01,0,0,1,0,0,0,0,0,0,-,-,33.67203140258789,-117.98877716064452,ORANGE,HUNTINGTON BEACH,-117.98867034912108,33.67203140258789
8168138,2019,2020-01-28,3000,2019-08-30,1600,3358,972D1,5,5,4,3018,0,0,0,NA,0,731,ORTEGA WY,RANCHO VIEJO RD,534,E,N,A,-,Y,ORA,12,74,-,-,0.16,H,-,E,N,3,0,2,2,A,-,08,22107,NA,N,A,C,A,A,H,-,A,D,0,NA,NA,NA,NA,Y,NA,A,07,0,1,1,0,0,0,0,0,0,-,-,NA,NA,ORANGE,SAN JUAN CAPISTRANO,-117.65608215332033,33.50323486328125
81682306,2022,2022-01-21,3010,2022-01-18,1806,1261,426,2,5,6,3010,0,0,0,NA,0,003,GARFIELD AVE,PERSIMMON STREET,105,E,N,A,-,N,NA,NA,NA,NA,NA,NA,NA,NA,NA,N,2,0,1,2,A,-,11,21954,A,N,G,B,C,A,H,-,C,D,0,Y,NA,NA,NA,Y,NA,N,60,1,0,0,0,1,0,0,0,0,-,-,NA,NA,ORANGE,HUNTINGTON BEACH,-117.95868682861328,33.68684768676758
81683092,2021,2022-01-24,3024,2021-12-18,1830,472,P-18,6,5,5,3024,0,0,0,NA,0,WEST,BEACH BOULEVARD (SR 39),11TH STREET,26,S,N,A,-,N,NA,NA,NA,NA,NA,NA,NA,NA,NA,Y,4,0,1,2,A,-,09,21801,A,N,D,C,A,A,H,-,C,D,0,NA,NA,NA,NA,Y,NA,A,08,0,0,1,0,0,0,0,0,0,-,-,33.753150939941406,-117.9923095703125,ORANGE,WESTMINSTER,-117.98970794677734,33.75374984741211
81684239,2021,2022-01-25,3019,2021-12-27,0905,3637,NE,1,5,7,3019,0,0,0,NA,0,002,FAIRHAVEN AVENUE,LINWOOD STREET (E),88,E,N,A,-,N,NA,NA,NA,NA,NA,NA,NA,NA,NA,Y,4,0,1,1,A,-,08,22107,NA,N,E,I,A,A,H,-,A,D,0,NA,NA,NA,NA,Y,NA,D,22,0,0,1,0,0,0,0,0,0,-,-,33.77326965332031,-117.84790802001952,ORANGE,SANTA ANA,-117.84811401367188,33.773311614990234
81684259,2021,2022-01-25,3019,2021-12-29,1401,3444,SE,3,5,7,3019,0,0,0,NA,0,003,MAIN STREET,CUBBON STREET,0,NA,Y,C,-,N,NA,NA,NA,NA,NA,NA,NA,NA,NA,N,4,0,3,2,A,-,12,21453,A,N,D,C,A,B,H,-,A,A,0,NA,NA,NA,NA,Y,NA,A,07,0,0,3,0,0,0,0,0,0,-,-,33.73503112792969,-117.86805725097656,ORANGE,SANTA ANA,-117.86772918701172,33.73579025268555
81685215,2021,2022-01-26,3019,2021-12-28,1758,3410,NE,2,5,7,3019,0,0,0,NA,0,002,TUSTIN AVENUE,1ST STREET,500,N,N,A,-,N,NA,NA,NA,NA,NA,NA,NA,NA,NA,N,4,0,3,2,A,-,09,21804,A,N,D,C,A,B,H,-,C,D,0,NA,NA,NA,NA,Y,NA,A,01,0,0,3,0,0,0,0,0,0,-,-,33.745460510253906,-117.83439636230467,ORANGE,SANTA ANA,-117.83412170410156,33.746551513671875