CASE_ID,ACCIDENT_YEAR,PROC_DATE,JURIS,COLLISION_DATE,COLLISION_TIME,OFFICER_ID,REPORTING_DISTRICT,DAY_OF_WEEK,CHP_SHIFT,POPULATION,CNTY_CITY_LOC,SPECIAL_COND,BEAT_TYPE,CHP_BEAT_TYPE,CITY_DIVISION_LAPD,CHP_BEAT_CLASS,BEAT_NUMBER,PRIMARY_RD,SECONDARY_RD,DISTANCE,DIRECTION,INTERSECTION,WEATHER_1,WEATHER_2,STATE_HWY_IND,CALTRANS_COUNTY,CALTRANS_DISTRICT,STATE_ROUTE,ROUTE_SUFFIX,POSTMILE_PREFIX,POSTMILE,LOCATION_TYPE,RAMP_INTERSECTION,SIDE_OF_HWY,TOW_AWAY,COLLISION_SEVERITY,NUMBER_KILLED,NUMBER_INJURED,PARTY_COUNT,PRIMARY_COLL_FACTOR,PCF_CODE_OF_VIOL,PCF_VIOL_CATEGORY,PCF_VIOLATION,PCF_VIOL_SUBSECTION,HIT_AND_RUN,TYPE_OF_COLLISION,MVIW,PED_ACTION,ROAD_SURFACE,ROAD_COND_1,ROAD_COND_2,LIGHTING,CONTROL_DEVICE,CHP_ROAD_TYPE,PEDESTRIAN_ACCIDENT,BICYCLE_ACCIDENT,MOTORCYCLE_ACCIDENT,TRUCK_ACCIDENT,NOT_PRIVATE_PROPERTY,ALCOHOL_INVOLVED,STWD_VEHTYPE_AT_FAULT,CHP_VEHTYPE_AT_FAULT,COUNT_SEVERE_INJ,COUNT_VISIBLE_INJ,COUNT_COMPLAINT_PAIN,COUNT_PED_KILLED,COUNT_PED_INJURED,COUNT_BICYCLIST_KILLED,COUNT_BICYCLIST_INJURED,COUNT_MC_KILLED,COUNT_MC_INJURED,PRIMARY_RAMP,SECONDARY_RAMP,LATITUDE,LONGITUDE,COUNTY,CITY,POINT_X,POINT_Y
81755046,2022,2022-04-25,3022,2022-04-08,0918,1193,SOUTH,5,5,5,3022,0,0,0,NA,0,NA,RED HILL AV,EDINGER AV,0,NA,Y,A,-,N,NA,NA,NA,NA,NA,NA,NA,NA,NA,Y,3,0,3,2,A,-,12,21457,A,N,D,C,A,A,G,-,A,B,0,NA,NA,NA,NA,Y,NA,A,01,0,1,2,0,0,0,0,0,0,-,-,33.721649169921875,-117.82746887207033,ORANGE,TUSTIN,-117.82743072509766,33.72148895263672
81756225,2022,2022-04-26,3001,2022-04-23,1839,A1047,NA,6,5,7,3001,0,0,0,NA,0,D-3,BALL ROAD,EUCLID STREET,75,W,N,A,-,N,NA,NA,NA,NA,NA,NA,NA,NA,NA,Y,2,0,2,2,A,-,01,23152,A,N,E,B,E,A,H,-,A,D,0,Y,NA,NA,NA,Y,Y,A,01,1,1,0,0,1,0,0,0,0,-,-,NA,NA,ORANGE,ANAHEIM,-117.94178009033205,33.81787872314453
81756280,2022,2022-04-26,3019,2022-03-12,1717,3730,WE,6,5,7,3019,0,0,0,NA,0,001,BRISTOL STREET,MEMORY LANE,238,N,N,A,-,N,NA,NA,NA,NA,NA,NA,NA,NA,NA,Y,4,0,1,2,A,-,09,21801,A,N,A,C,A,A,H,-,A,D,0,NA,NA,NA,NA,Y,NA,A,01,0,0,1,0,0,0,0,0,0,-,-,33.772518157958984,-117.88437652587892,ORANGE,SANTA ANA,-117.88484191894533,33.773780822753906
81758403,2022,2022-04-28,3019,2022-04-09,0217,3603,NE,6,5,7,3019,0,0,0,NA,0,002,4TH STREET,PARKCENTER DRIVE,0,NA,Y,A,-,N,NA,NA,NA,NA,NA,NA,NA,NA,NA,Y,3,0,1,2,A,-,09,21801,A,N,A,C,A,A,H,-,C,D,0,NA,NA,NA,NA,Y,NA,A,01,0,1,0,0,0,0,0,0,0,-,-,33.74699020385742,-117.83638763427734,ORANGE,SANTA ANA,-117.83625030517578,33.748111724853516
81761427,2022,2022-05-02,3015,2022-04-18,0630,1598,43,1,5,6,3015,0,0,0,NA,0,712M,TUSTIN ST,PALMYRA AVE,0,NA,Y,A,-,N,NA,NA,NA,NA,NA,NA,NA,NA,NA,N,3,0,1,2,A,-,10,21950,A,N,G,B,B,A,H,-,A,A,0,Y,NA,NA,NA,Y,NA,A,01,0,1,0,0,1,0,0,0,0,-,-,NA,NA,ORANGE,ORANGE,-117.83574676513672,33.78413772583008
81761858,2022,2022-05-02,3024,2022-03-22,1440,400,P-23,2,5,5,3024,0,0,0,NA,0,WEST,BOLSA AVENUE,CHESTNUT STREET,285,W,N,A,-,N,NA,NA,NA,NA,NA,NA,NA,NA,NA,N,4,0,2,3,A,-,09,21802,A,N,B,C,A,A,H,-,A,D,0,NA,NA,NA,NA,Y,NA,A,01,0,0,2,0,0,0,0,0,0,-,-,33.74443054199219,-118.00260925292967,ORANGE,WESTMINSTER,-118.00360870361328,33.74457931518555
81762764,2022,2022-05-03,3001,2022-04-29,0930,A1825,D-1,5,5,7,3001,0,0,0,NA,0,NA,BROADWAY,GILBERT STREET,38,E,N,B,-,N,NA,NA,NA,NA,NA,NA,NA,NA,NA,N,4,0,1,2,A,-,03,22350,NA,N,C,C,A,A,H,-,A,B,0,NA,NA,NA,NA,Y,NA,A,01,0,0,1,0,0,0,0,0,0,-,-,NA,NA,ORANGE,ANAHEIM,-117.9674835205078,33.8287239074707
81765999,2022,2022-05-06,3019,2022-04-04,1422,3716,NE,1,5,7,3019,0,0,0,NA,0,002,FLOWER STREET,SANTA CLARA AVENUE,0,NA,Y,-,-,N,NA,NA,NA,NA,NA,NA,NA,NA,NA,N,4,0,1,2,A,-,12,22450,A,N,D,C,A,A,H,-,A,D,0,NA,NA,NA,NA,Y,NA,-,-,0,0,1,0,0,0,0,0,0,-,-,33.76618957519531,-117.87589263916016,ORANGE,SANTA ANA,-117.87622833251952,33.7668571472168
81766765,2022,2022-05-09,3010,2022-05-02,1509,0147,441,1,5,6,3010,0,0,0,NA,0,004,17TH ST,AGUA DR,110,S,N,A,-,N,NA,NA,NA,NA,NA,NA,NA,NA,NA,N,4,0,1,1,A,-,03,22350,NA,N,H,I,A,A,H,-,A,D,0,NA,Y,NA,NA,Y,NA,L,04,0,0,1,0,0,0,1,0,0,-,-,33.670921325683594,-118.0061492919922,ORANGE,HUNTINGTON BEACH,-118.0054931640625,33.671592712402344
81766966,2022,2022-05-09,3008,2022-03-20,0228,1609,ZONE,7,5,6,3008,0,0,0,NA,0,NA,CHAPMAN AVE,LADERA VISTA DR,352,W,N,A,-,N,NA,NA,NA,NA,NA,NA,NA,NA,NA,Y,2,0,1,1,A,-,01,23152,A,N,E,I,A,B,H,-,C,D,0,NA,NA,NA,NA,Y,Y,A,01,1,0,0,0,0,0,0,0,0,-,-,NA,NA,ORANGE,FULLERTON,-117.8948974609375,33.87418746948242
81768208,2022,2022-05-10,3001,2022-05-01,2035,A2092,D-2,7,5,7,3001,0,0,0,NA,0,022,HARBOR BOULEVARD,BROADWAY,60,N,N,A,-,N,NA,NA,NA,NA,NA,NA,NA,NA,NA,Y,4,0,2,2,A,-,07,21658,A,N,C,C,A,A,H,-,C,D,0,NA,NA,NA,NA,Y,NA,A,01,0,0,2,0,0,0,0,0,0,-,-,33.83189010620117,-117.9188995361328,ORANGE,ANAHEIM,-117.91895294189452,33.83216857910156
81769257,2022,2022-05-11,3019,2022-04-08,2244,3751,SE,5,5,7,3019,0,0,0,NA,0,003,1ST STREET,MABURY STREET,86,E,N,A,-,N,NA,NA,NA,NA,NA,NA,NA,NA,NA,N,3,0,1,2,A,-,08,22107,NA,F,C,G,A,A,H,-,C,A,0,NA,Y,NA,NA,Y,NA,A,07,0,1,0,0,0,0,1,0,0,-,-,33.74544906616211,-117.84400177001952,ORANGE,SANTA ANA,-117.843505859375,33.7456169128418
81769274,2022,2022-05-11,3019,2022-04-12,1206,3710,SC,2,5,7,3019,0,0,0,NA,0,004,1ST STREET,PACIFIC AVENUE,17,W,N,A,-,N,NA,NA,NA,NA,NA,NA,NA,NA,NA,Y,3,0,2,2,A,-,03,22350,NA,N,C,C,A,A,H,-,A,A,0,NA,NA,NA,NA,Y,NA,A,01,0,1,1,0,0,0,0,0,0,-,-,33.745269775390625,-117.88841247558594,ORANGE,SANTA ANA,-117.88854217529295,33.74544143676758
81769499,2022,2022-05-11,3014,2022-04-29,0228,1471,RD54,5,5,5,3014,0,0,0,NA,0,A4,MACARTHUR BLVD,FORD DRIVE,18,N,N,A,-,N,NA,NA,NA,NA,NA,NA,NA,NA,NA,Y,2,0,2,2,A,-,01,23152,NA,N,C,C,A,A,H,-,C,A,0,NA,NA,NA,NA,Y,Y,A,01,2,0,0,0,0,0,0,0,0,-,-,33.637699127197266,-117.86209106445313,ORANGE,NEWPORT BEACH,-117.86275482177734,33.62946701049805
81770215,2022,2022-05-12,3010,2022-05-04,0750,2206,155,3,5,6,3010,0,0,0,NA,0,008,HEIL AVE,BOLSA CHICA ST,0,NA,Y,A,-,N,NA,NA,NA,NA,NA,NA,NA,NA,NA,N,3,0,1,2,A,-,05,21650,1,N,H,G,A,A,H,-,A,A,0,NA,Y,NA,NA,Y,NA,L,04,0,1,0,0,0,0,1,0,0,-,-,33.72256851196289,-118.04163360595705,ORANGE,HUNTINGTON BEACH,-118.04158020019533,33.72257614135742
81770365,2022,2022-05-12,3024,2022-03-31,1641,504,P-19,4,5,5,3024,0,0,0,NA,0,EAST,BEACH BLVD (SR 39),15TH STREET,15,S,N,A,-,N,NA,NA,NA,NA,NA,NA,NA,NA,NA,Y,4,0,3,2,A,-,08,22107,NA,N,D,C,A,A,H,-,A,A,0,NA,NA,NA,NA,Y,NA,A,01,0,0,3,0,0,0,0,0,0,-,-,NA,NA,ORANGE,WESTMINSTER,-117.9895248413086,33.75740051269531
81772202,2022,2022-05-16,3022,2022-04-13,2216,1329,NA,3,5,5,3022,0,0,0,NA,0,NA,TUSTIN RANCH RD,WARNER AV (E),0,NA,Y,A,-,N,NA,NA,NA,NA,NA,NA,NA,NA,NA,Y,4,0,1,2,A,-,12,21453,A,N,D,C,A,A,H,-,C,A,0,NA,NA,NA,NA,Y,NA,A,01,0,0,1,0,0,0,0,0,0,-,-,33.70100021362305,-117.8222885131836,ORANGE,TUSTIN,-117.82563018798828,33.70075988769531
81772424,2022,2022-05-16,3010,2022-04-24,1333,1118,475,7,5,6,3010,0,0,0,NA,0,002,MAGNOLIA ST,HAMILTON AVE,0,NA,Y,A,-,N,NA,NA,NA,NA,NA,NA,NA,NA,NA,Y,4,0,1,2,A,-,09,21801,A,N,D,C,A,A,H,-,A,A,0,NA,NA,NA,NA,Y,NA,A,01,0,0,1,0,0,0,0,0,0,-,-,33.65037155151367,-117.97074127197266,ORANGE,HUNTINGTON BEACH,-117.97091674804688,33.65048599243164
8177326,2016,2017-03-04,3014,2016-11-04,1210,1410,RD26,5,5,5,3014,0,0,0,NA,0,0A2,RT 1,TUSTIN AV,395,E,N,A,-,Y,ORA,12,1,-,-,19.34,H,-,S,N,3,0,2,2,A,-,17,22517,NA,N,H,G,A,A,H,-,A,D,0,NA,Y,NA,NA,Y,NA,A,01,0,2,0,0,0,0,2,0,0,-,-,33.619,-117.9217,ORANGE,NEWPORT BEACH,-117.92183779,33.61914277
8177343,2016,2017-03-02,3010,2016-11-10,1921,1122,263,4,5,6,3010,0,0,0,NA,0,006,RT 39,ROBIDOUX,6,S,N,A,-,Y,ORA,12,39,-,-,4.751,I,5,N,Y,3,0,1,2,A,-,09,21801,A,F,D,C,A,A,H,-,C,D,0,NA,NA,Y,NA,Y,NA,A,07,0,1,0,0,0,0,0,0,1,-,-,NA,NA,ORANGE,HUNTINGTON BEACH,-117.98902747,33.71741867
81773477,2022,2022-05-17,3019,2022-04-18,0007,3659,SC,1,5,7,3019,0,0,0,NA,0,004,BRISTOL STREET,ALTON AVENUE,0,NA,Y,A,-,N,NA,NA,NA,NA,NA,NA,NA,NA,NA,N,4,0,1,2,A,-,12,21453,A,F,B,C,A,A,H,-,C,A,0,NA,NA,NA,NA,Y,NA,A,01,0,0,1,0,0,0,0,0,0,-,-,33.703651428222656,-117.88542938232422,ORANGE,SANTA ANA,-117.8855438232422,33.70366668701172
81775509,2022,2022-05-19,3015,2022-05-05,1836,1332,54W,4,5,6,3015,0,0,0,NA,0,NA,CHAPMAN AVE,PROSPECT,571,E,N,A,-,N,NA,NA,NA,NA,NA,NA,NA,NA,NA,Y,4,0,1,2,A,-,03,22350,NA,N,C,C,A,A,H,-,A,D,0,NA,NA,Y,NA,Y,NA,C,02,0,0,1,0,0,0,0,0,1,-,-,NA,NA,ORANGE,ORANGE,-117.8165283203125,33.78779983520508
8177629,2016,2016-12-05,3026,2016-11-17,1300,7094,NA,4,5,6,3026,0,0,0,NA,0,00P,JEFFREY RD,HIDE A WY,237,S,N,A,-,N,NA,NA,NA,NA,NA,NA,NA,NA,NA,Y,4,0,1,2,D,-,00,NA,NA,F,B,C,A,A,H,-,A,D,0,NA,NA,NA,NA,Y,NA,-,-,0,0,1,0,0,0,0,0,0,-,-,NA,NA,ORANGE,IRVINE,-117.75972752,33.6987609
81777109,2022,2022-05-23,3001,2022-05-02,1802,A2382,NA,1,5,7,3001,0,0,0,NA,0,D-3,ORANGEWOOD AVENUE,HARBOR BOULEVARD,0,NA,Y,A,-,N,NA,NA,NA,NA,NA,NA,NA,NA,NA,Y,4,0,2,5,A,-,07,21658,A,N,B,C,A,A,H,-,A,A,0,NA,NA,NA,NA,Y,NA,A,01,0,0,2,0,0,0,0,0,0,-,-,33.795860290527344,-117.91525268554688,ORANGE,ANAHEIM,-117.91519165039063,33.79607009887695
81777300,2022,2022-05-23,3007,2022-05-03,0713,1166,45,2,5,5,3007,0,0,0,NA,0,001,BROOKHURST,SLATER,1114,S,N,B,-,N,NA,NA,NA,NA,NA,NA,NA,NA,NA,Y,3,0,1,2,A,-,03,22350,NA,N,C,C,A,A,H,-,A,D,0,NA,NA,Y,NA,Y,NA,C,02,0,1,0,0,0,0,0,0,1,-,-,NA,NA,ORANGE,FOUNTAIN VALLEY,-117.95443725585938,33.705955505371094
81777385,2022,2022-05-23,3007,2022-04-09,0950,313,27,6,5,5,3007,0,0,0,NA,0,002,EUCLID,HEIL AVE,48,S,N,A,-,N,NA,NA,NA,NA,NA,NA,NA,NA,NA,Y,3,0,3,2,A,-,03,22350,NA,N,C,C,A,A,H,-,A,D,0,NA,NA,NA,NA,Y,NA,A,01,0,1,2,0,0,0,0,0,0,-,-,NA,NA,ORANGE,FOUNTAIN VALLEY,-117.93726348876952,33.7234992980957
81778577,2022,2022-05-24,3022,2022-04-26,2030,1359,NORTH,2,5,5,3022,0,0,0,NA,0,NA,JAMBOREE RD,IRVINE BLVD,51,N,N,A,-,N,NA,NA,NA,NA,NA,NA,NA,NA,NA,N,3,0,2,2,A,-,03,22350,NA,N,C,C,A,A,H,-,C,A,0,NA,NA,NA,NA,Y,NA,A,01,0,1,1,0,0,0,0,0,0,-,-,33.7305793762207,-117.78713989257813,ORANGE,TUSTIN,-117.78717803955078,33.73064422607422
81780806,2022,2022-05-26,3001,2022-05-19,2106,A2467,D-2,4,5,7,3001,0,0,0,NA,0,NA,LINCOLN AVENUE,STATE COLLEGE BOULEVARD,45,E,N,A,-,N,NA,NA,NA,NA,NA,NA,NA,NA,NA,Y,4,0,2,2,A,-,03,22350,NA,N,C,C,A,A,H,-,C,A,0,NA,NA,NA,NA,Y,NA,A,07,0,0,2,0,0,0,0,0,0,-,-,33.83998107910156,-117.88934326171876,ORANGE,ANAHEIM,-117.8891830444336,33.839988708496094
81782830,2022,2022-05-27,3001,2022-05-24,0921,A2227,NA,2,5,7,3001,0,0,0,NA,0,NA,ROMNEYA DRIVE,DRESDEN PLACE,0,NA,Y,A,-,N,NA,NA,NA,NA,NA,NA,NA,NA,NA,Y,4,0,2,2,A,-,09,21804,A,N,D,C,A,A,H,-,A,D,0,NA,NA,NA,NA,Y,NA,A,01,0,0,2,0,0,0,0,0,0,-,-,33.85097885131836,-117.93991088867188,ORANGE,ANAHEIM,-117.93994903564452,33.8507194519043
81783725,2022,2022-05-30,3010,2022-05-25,1038,3171,155,3,5,6,3010,0,0,0,NA,0,008,WARNER AVE,GREEN ST,0,NA,Y,B,-,N,NA,NA,NA,NA,NA,NA,NA,NA,NA,N,3,0,1,2,A,-,09,21801,A,N,H,G,A,A,H,-,A,D,0,NA,Y,NA,NA,Y,NA,D,22,0,1,0,0,0,0,1,0,0,-,-,33.71492004394531,-118.04361724853516,ORANGE,HUNTINGTON BEACH,-118.04357147216795,33.71537780761719
81784015,2022,2022-05-30,3022,2022-05-03,1510,1312,NA,2,5,5,3022,0,0,0,NA,0,NA,RED HILL AV,EDINGER AV,395,N,N,B,-,N,NA,NA,NA,NA,NA,NA,NA,NA,NA,N,4,0,1,2,A,-,03,22350,NA,N,C,C,A,A,H,-,A,A,0,NA,NA,NA,NA,Y,NA,A,01,0,0,1,0,0,0,0,0,0,-,-,33.721649169921875,-117.82746887207033,ORANGE,TUSTIN,-117.82656097412108,33.72227096557617
81785468,2022,2022-06-01,3001,2022-05-29,1905,A2700,D-2,7,5,7,3001,0,0,0,NA,0,D-2,EAST STREET,BROADWAY,0,NA,Y,A,-,N,NA,NA,NA,NA,NA,NA,NA,NA,NA,Y,3,0,2,2,A,-,09,21801,A,N,D,C,A,A,H,-,A,A,0,NA,NA,NA,NA,Y,NA,A,01,0,1,1,0,0,0,0,0,0,-,-,33.83607864379883,-117.90213775634766,ORANGE,ANAHEIM,-117.90193939208984,33.83592224121094
81785493,2022,2022-06-01,3010,2022-05-27,1544,3171,127,5,5,6,3010,0,0,0,NA,0,009,SPRINGDALE ST,BOLSA AVE,0,NA,Y,A,-,N,NA,NA,NA,NA,NA,NA,NA,NA,NA,N,4,0,1,2,A,-,12,21453,A,N,D,C,A,A,H,-,A,A,0,NA,NA,NA,NA,Y,NA,A,07,0,0,1,0,0,0,0,0,0,-,-,33.744468688964844,-118.02440643310548,ORANGE,HUNTINGTON BEACH,-118.02446746826172,33.744537353515625
8178605,2016,2016-12-07,3009,2016-11-05,1052,4435,93,6,5,6,3009,0,0,0,NA,0,012,LAMPSON AV,BROOKHURST ST,160,W,N,A,-,N,NA,NA,NA,NA,NA,NA,NA,NA,NA,N,4,0,1,2,A,-,03,22350,NA,N,C,C,A,A,H,-,A,A,0,NA,NA,NA,NA,Y,NA,A,07,0,0,1,0,0,0,0,0,0,-,-,NA,NA,ORANGE,GARDEN GROVE,-117.95917532,33.78129698
81786172,2022,2022-06-01,3014,2022-05-13,1827,1421,RD41,5,5,5,3014,0,0,0,NA,0,A3,SR-1 (E. COAST HWY),PROMONTORY DR,150,E,N,A,-,Y,ORA,NA,1,NA,NA,17.585,H,NA,R,Y,3,0,1,1,A,-,03,22350,NA,N,F,A,A,A,H,-,A,D,0,NA,NA,Y,NA,Y,NA,C,02,0,1,0,0,0,0,0,0,1,-,-,33.61330032348633,-117.8931884765625,ORANGE,NEWPORT BEACH,-117.89318084716795,33.61332321166992
8178726,2016,2016-12-06,3004,2016-11-27,1342,P603,33,7,5,6,3004,0,0,0,NA,0,015,SUNFLOWER AV,BEAR ST,0,NA,Y,B,-,N,NA,NA,NA,NA,NA,NA,NA,NA,NA,Y,4,0,2,2,A,-,12,21453,A,N,D,C,A,A,H,-,A,A,0,NA,NA,NA,NA,Y,NA,A,01,0,0,2,0,0,0,0,0,0,-,-,33.69412,-117.89225,ORANGE,COSTA MESA,-117.89224,33.69429009
81787413,2022,2022-06-03,3001,2022-05-26,2100,A1906,NA,4,5,7,3001,0,0,0,NA,0,NA,BALL ROAD,SUNKIST STREET,140,W,N,A,-,N,NA,NA,NA,NA,NA,NA,NA,NA,NA,N,3,0,1,2,A,-,11,21954,A,F,G,B,D,A,H,-,C,D,0,Y,NA,NA,NA,Y,NA,N,60,0,1,0,0,1,0,0,0,0,-,-,33.81644058227539,-117.8807373046875,ORANGE,ANAHEIM,-117.88101959228516,33.81809997558594
81788592,2022,2022-06-06,3008,2022-04-21,2022,1629,ZONE,4,5,6,3008,0,0,0,NA,0,NA,COMMONWEALTH AVE,DRAKE AVE,42,E,N,A,-,N,NA,NA,NA,NA,NA,NA,NA,NA,NA,N,3,0,1,2,A,-,01,23152,A,N,B,E,A,A,H,-,C,D,0,NA,NA,NA,NA,Y,Y,A,07,0,1,0,0,0,0,0,0,0,-,-,NA,NA,ORANGE,FULLERTON,-117.93515014648438,33.87028121948242
81790578,2022,2022-06-08,3010,2022-05-31,1855,1118,282,2,5,6,3010,0,0,0,NA,0,006,LIBERTY AVE,JACQUELYN LN,335,E,N,A,-,N,NA,NA,NA,NA,NA,NA,NA,NA,NA,Y,4,0,3,2,A,-,09,21804,A,F,D,C,A,A,H,-,A,A,0,NA,NA,NA,NA,Y,NA,A,01,0,0,3,0,0,0,0,0,0,-,-,33.704559326171875,-117.99423217773438,ORANGE,HUNTINGTON BEACH,-117.99288940429688,33.70566940307617
81790586,2022,2022-06-08,3010,2022-06-05,1807,1118,359,7,5,6,3010,0,0,0,NA,0,004,WALNUT AVE,14TH ST,0,NA,Y,A,-,N,NA,NA,NA,NA,NA,NA,NA,NA,NA,Y,4,0,2,2,A,-,12,22450,A,N,D,C,A,A,H,-,A,A,0,NA,NA,NA,NA,Y,NA,A,01,0,0,2,0,0,0,0,0,0,-,-,33.66297149658203,-118.01029205322266,ORANGE,HUNTINGTON BEACH,-118.0091552734375,33.66385269165039
8179212,2016,2017-03-04,3001,2016-11-23,2117,A1252,NA,3,5,7,3001,0,0,0,NA,0,0D4,NORTH KRAEMER BL,RT 91,34,S,N,B,-,Y,ORA,12,91,-,R,7.191,R,4,E,Y,4,0,2,2,A,-,01,23152,A,N,D,C,A,A,H,-,C,A,0,NA,NA,NA,NA,Y,Y,A,01,0,0,2,0,0,0,0,0,0,-,EF,NA,NA,ORANGE,ANAHEIM,-117.87857826,33.85080801
81793877,2022,2022-06-13,3014,2022-05-27,1451,1589,RD15,5,5,5,3014,0,0,0,NA,0,A1,NEWPORT BLVD,VIA LIDO,0,NA,Y,A,-,N,NA,NA,NA,NA,NA,NA,NA,NA,NA,N,2,0,1,2,A,-,12,21453,A,N,G,B,B,A,H,-,A,A,0,Y,NA,NA,NA,Y,NA,A,01,1,0,0,0,1,0,0,0,0,-,-,33.61845016479492,-117.93019104003906,ORANGE,NEWPORT BEACH,-117.9302215576172,33.61859893798828
81794429,2022,2022-06-14,3001,2022-06-11,1604,A2092,D-2,6,5,7,3001,0,0,0,NA,0,D-2,NORTH STREET,LENZ DRIVE,0,W,Y,A,-,N,NA,NA,NA,NA,NA,NA,NA,NA,NA,N,3,0,2,2,A,-,09,21801,A,N,A,C,A,A,H,-,A,D,0,NA,NA,NA,NA,Y,NA,A,01,0,1,1,0,0,0,0,0,0,-,-,33.84159851074219,-117.92829132080078,ORANGE,ANAHEIM,-117.92840576171876,33.841583251953125
81795547,2022,2022-06-15,3008,2022-04-20,1708,1387,ZONE,3,5,6,3008,0,0,0,NA,0,NA,HARBOR BLVD,ORANGETHORPE AVE,0,NA,Y,A,-,N,NA,NA,NA,NA,NA,NA,NA,NA,NA,Y,3,0,2,4,A,-,12,21453,A,N,B,C,A,A,H,-,A,A,0,NA,NA,NA,NA,Y,NA,A,01,0,2,0,0,0,0,0,0,0,-,-,NA,NA,ORANGE,FULLERTON,-117.92436981201172,33.85950469970703
81795552,2022,2022-06-15,3008,2022-04-25,2346,1351,ZONE,1,5,6,3008,0,0,0,NA,0,NA,ORANGETHORPE AVE,MAGNOLIA AVE,195,E,N,A,-,N,NA,NA,NA,NA,NA,NA,NA,NA,NA,Y,4,0,1,2,A,-,09,21801,A,N,D,C,A,A,H,-,C,D,0,NA,NA,NA,NA,Y,NA,A,01,0,0,1,0,0,0,0,0,0,-,-,NA,NA,ORANGE,FULLERTON,-117.97628021240234,33.85911178588867
8179575,2016,2016-12-08,3020,2016-11-04,1942,174,19,5,5,4,3020,0,0,0,NA,0,006,SEAL BEACH BL,TOWNE CENTER,145,S,N,A,-,N,NA,NA,NA,NA,NA,NA,NA,NA,NA,Y,4,0,1,4,A,-,01,23152,A,N,C,C,A,A,H,-,B,A,0,NA,NA,NA,NA,Y,Y,A,NA,0,0,1,0,0,0,0,0,0,-,-,NA,NA,ORANGE,SEAL BEACH,NA,NA
81799327,2022,2022-06-21,3001,2022-06-16,1244,A1740,NA,4,5,7,3001,0,0,0,NA,0,NA,LINCOLN AVENUE,GAIN STREET,37,W,N,A,-,N,NA,NA,NA,NA,NA,NA,NA,NA,NA,Y,3,0,3,3,A,-,07,21658,A,N,D,C,A,A,H,-,A,D,0,NA,NA,NA,NA,Y,NA,A,07,0,2,1,0,0,0,0,0,0,-,-,NA,NA,ORANGE,ANAHEIM,-117.9730987548828,33.83219909667969
8179970,2016,2016-12-09,3024,2016-11-28,1129,420,P-20,1,5,5,3024,0,0,0,NA,0,EAST,NEWLAND ST,OASIS AV,0,NA,Y,A,-,N,NA,NA,NA,NA,NA,NA,NA,NA,NA,N,4,0,1,2,A,-,03,22350,NA,M,C,C,A,A,H,-,A,A,0,NA,NA,NA,NA,Y,NA,-,99,0,0,1,0,0,0,0,0,0,-,-,NA,NA,ORANGE,WESTMINSTER,-117.98101013,33.75608002
81802435,2022,2022-06-24,3001,2022-06-21,1243,A1466,D-4,2,5,7,3001,0,0,0,NA,0,D-4,NOHL RANCH ROAD,CANYON RIM ROAD,0,NA,Y,A,-,N,NA,NA,NA,NA,NA,NA,NA,NA,NA,Y,1,1,6,2,A,-,09,21801,A,N,D,C,A,A,H,-,A,A,0,NA,NA,NA,NA,Y,NA,A,01,0,4,2,0,0,0,0,0,0,-,-,33.840309143066406,-117.77571105957033,ORANGE,ANAHEIM,-117.77597045898438,33.843292236328125
81803514,2022,2022-06-27,3024,2022-04-09,2151,534,P-29,6,5,5,3024,0,0,0,NA,0,EAST,BROOKHURST STREET,HAZARD AVENUE,0,NA,Y,A,-,N,NA,NA,NA,NA,NA,NA,NA,NA,NA,N,4,0,1,2,A,-,09,21804,A,N,B,C,A,A,H,-,C,A,0,NA,NA,NA,NA,Y,NA,A,01,0,0,1,0,0,0,0,0,0,-,-,NA,NA,ORANGE,WESTMINSTER,-117.95491027832033,33.75225830078125
81804511,2022,2022-06-28,3015,2022-06-09,2349,1545,RD41,4,5,6,3015,0,0,0,NA,0,113,THE CITY DR,RT 5 FRONTAGE ROAD,0,NA,Y,A,-,N,NA,NA,NA,NA,NA,NA,NA,NA,NA,Y,3,0,2,2,A,-,12,21453,A,N,D,C,A,A,H,-,C,A,0,NA,NA,NA,NA,Y,NA,A,07,0,1,1,0,0,0,0,0,0,-,-,33.790740966796875,-117.89031982421876,ORANGE,ORANGE,NA,NA
81805580,2022,2022-06-29,3008,2022-05-11,1302,1295,ZONE,3,5,6,3008,0,0,0,NA,0,NA,STERN GOODMAN ST,GILBERT ST,163,E,N,A,-,N,NA,NA,NA,NA,NA,NA,NA,NA,NA,N,3,0,1,2,A,-,03,22350,NA,N,C,G,A,A,H,-,A,A,0,NA,Y,NA,NA,Y,NA,A,01,0,1,0,0,0,0,1,0,0,-,-,NA,NA,ORANGE,FULLERTON,-117.96585845947266,33.879188537597656
81806132,2022,2022-06-29,3014,2022-06-21,1705,1555,RD67,2,5,5,3014,0,0,0,NA,0,A4,SR-1 (E COAST HWY),REEF POINT DR,242,W,N,A,-,Y,ORA,NA,1,NA,NA,12.521,H,NA,R,Y,3,0,2,2,A,-,03,22350,NA,N,C,C,A,A,H,-,A,A,0,NA,NA,NA,NA,Y,NA,A,01,0,2,0,0,0,0,0,0,0,-,-,33.56718826293945,-117.83087158203124,ORANGE,NEWPORT BEACH,-117.83077239990234,33.567298889160156