CASE_ID,ACCIDENT_YEAR,PROC_DATE,JURIS,COLLISION_DATE,COLLISION_TIME,OFFICER_ID,REPORTING_DISTRICT,DAY_OF_WEEK,CHP_SHIFT,POPULATION,CNTY_CITY_LOC,SPECIAL_COND,BEAT_TYPE,CHP_BEAT_TYPE,CITY_DIVISION_LAPD,CHP_BEAT_CLASS,BEAT_NUMBER,PRIMARY_RD,SECONDARY_RD,DISTANCE,DIRECTION,INTERSECTION,WEATHER_1,WEATHER_2,STATE_HWY_IND,CALTRANS_COUNTY,CALTRANS_DISTRICT,STATE_ROUTE,ROUTE_SUFFIX,POSTMILE_PREFIX,POSTMILE,LOCATION_TYPE,RAMP_INTERSECTION,SIDE_OF_HWY,TOW_AWAY,COLLISION_SEVERITY,NUMBER_KILLED,NUMBER_INJURED,PARTY_COUNT,PRIMARY_COLL_FACTOR,PCF_CODE_OF_VIOL,PCF_VIOL_CATEGORY,PCF_VIOLATION,PCF_VIOL_SUBSECTION,HIT_AND_RUN,TYPE_OF_COLLISION,MVIW,PED_ACTION,ROAD_SURFACE,ROAD_COND_1,ROAD_COND_2,LIGHTING,CONTROL_DEVICE,CHP_ROAD_TYPE,PEDESTRIAN_ACCIDENT,BICYCLE_ACCIDENT,MOTORCYCLE_ACCIDENT,TRUCK_ACCIDENT,NOT_PRIVATE_PROPERTY,ALCOHOL_INVOLVED,STWD_VEHTYPE_AT_FAULT,CHP_VEHTYPE_AT_FAULT,COUNT_SEVERE_INJ,COUNT_VISIBLE_INJ,COUNT_COMPLAINT_PAIN,COUNT_PED_KILLED,COUNT_PED_INJURED,COUNT_BICYCLIST_KILLED,COUNT_BICYCLIST_INJURED,COUNT_MC_KILLED,COUNT_MC_INJURED,PRIMARY_RAMP,SECONDARY_RAMP,LATITUDE,LONGITUDE,COUNTY,CITY,POINT_X,POINT_Y
81853813,2022,2022-08-31,3010,2022-08-25,1640,3042,262,4,5,6,3010,0,0,0,NA,0,007,BEACH BL - SR39,HEIL AVE,18,W,N,A,-,Y,ORA,NA,39,NA,NA,5.12,H,NA,L,N,4,0,1,2,A,-,05,21650,1,N,H,G,A,A,H,-,A,A,0,NA,Y,NA,NA,Y,NA,L,04,0,0,1,0,0,0,1,0,0,-,-,33.72269821166992,-117.9893035888672,ORANGE,HUNTINGTON BEACH,-117.98932647705078,33.72269821166992
81853844,2022,2022-08-31,3019,2022-07-10,0040,3767,SE,7,5,7,3019,0,0,0,NA,0,003,RED HILL AVENUE,DYER ROAD,0,NA,Y,A,-,N,NA,NA,NA,NA,NA,NA,NA,NA,NA,N,2,0,1,2,A,-,12,21453,A,F,G,B,B,A,H,-,C,A,0,Y,NA,NA,NA,Y,Y,A,01,1,0,0,0,1,0,0,0,0,-,-,33.70542907714844,-117.84349822998048,ORANGE,SANTA ANA,-117.84331512451172,33.70553970336914
81853889,2022,2022-08-31,3019,2022-07-24,1234,3756,NA,7,5,7,3019,0,0,0,NA,0,NA,SUNFLOWER AVENUE,PLAZA DRIVE,0,NA,Y,A,-,N,NA,NA,NA,NA,NA,NA,NA,NA,NA,N,3,0,3,2,A,-,12,21453,A,N,D,C,A,A,H,-,A,A,0,NA,NA,NA,NA,Y,NA,-,-,0,1,2,0,0,0,0,0,0,-,-,33.69425964355469,-117.88990020751952,ORANGE,SANTA ANA,-117.88992309570313,33.69429016113281
81853934,2022,2022-08-31,3019,2022-07-27,2100,3813,SC,3,5,7,3019,0,0,0,NA,0,004,1ST STREET,LYON STREET,0,NA,Y,A,-,N,NA,NA,NA,NA,NA,NA,NA,NA,NA,N,4,0,1,2,A,-,12,21453,A,N,D,C,A,A,H,-,C,A,0,NA,NA,NA,NA,Y,NA,A,01,0,0,1,0,0,0,0,0,0,-,-,33.74544906616211,-117.84522247314452,ORANGE,SANTA ANA,-117.84491729736328,33.7454719543457
81856564,2022,2022-09-05,3001,2022-08-28,1031,A2194,D-1,7,5,7,3001,0,0,0,NA,0,D-1,LINCOLN AVENUE,CRESCENT WAY,454,E,N,A,-,N,NA,NA,NA,NA,NA,NA,NA,NA,NA,N,3,0,1,2,A,-,09,21804,A,M,D,G,A,A,H,-,A,D,0,NA,Y,NA,NA,Y,NA,A,01,0,1,0,0,0,0,1,0,0,-,-,33.832820892333984,-117.94737243652344,ORANGE,ANAHEIM,-117.94580078125,33.83245086669922
8185666,2016,2016-12-27,3026,2016-11-29,1539,6352,NA,2,5,6,3026,0,0,0,NA,0,00C,ENTERTAINMENT WY,SPECTRUM CENTER DR,275,W,N,A,-,N,NA,NA,NA,NA,NA,NA,NA,NA,NA,Y,4,0,1,2,A,-,03,22350,NA,N,C,C,A,A,H,-,A,A,0,NA,NA,NA,NA,Y,NA,A,01,0,0,1,0,0,0,0,0,0,-,-,NA,NA,ORANGE,IRVINE,-117.74598626,33.64869085
81856841,2022,2022-09-05,3022,2022-08-06,2108,1413,NA,6,5,5,3022,0,0,0,NA,0,NA,RED HILL AV,WALNUT AV,482,S,N,A,-,N,NA,NA,NA,NA,NA,NA,NA,NA,NA,Y,4,0,2,2,A,-,08,22107,NA,N,C,C,A,A,H,-,C,A,0,NA,NA,NA,NA,Y,NA,A,01,0,0,2,0,0,0,0,0,0,-,-,33.72774887084961,-117.82108306884766,ORANGE,TUSTIN,-117.822021484375,33.72699737548828
81857094,2022,2022-09-05,3015,2022-08-24,1802,1686,33,3,5,6,3015,0,0,0,NA,0,331,TUSTIN ST,RT 22 EB OFFRAMP,6,E,N,A,-,Y,NA,NA,NA,NA,NA,NA,NA,NA,NA,Y,3,0,1,2,A,-,09,21804,A,N,D,G,A,A,H,-,A,D,0,NA,Y,NA,NA,Y,NA,L,04,0,1,0,0,0,0,1,0,0,-,-,33.775779724121094,-117.83570861816406,ORANGE,ORANGE,NA,NA
81858483,2022,2022-09-07,3010,2022-09-02,1855,1015,454,5,5,6,3010,0,0,0,NA,0,002,INDIANAPOLIS AVE,SANDPIPER LN,128,W,N,A,-,N,NA,NA,NA,NA,NA,NA,NA,NA,NA,N,3,0,1,2,A,-,08,22107,NA,N,H,G,A,A,H,-,A,D,0,NA,Y,NA,NA,Y,NA,A,01,0,1,0,0,0,0,1,0,0,-,-,33.66490936279297,-117.9813995361328,ORANGE,HUNTINGTON BEACH,-117.98198699951172,33.66488265991211
81859413,2022,2022-09-08,3001,2022-09-07,0743,A2332,D-4,3,5,7,3001,0,0,0,NA,0,D-4,TUSTIN AVENUE,LA PALMA AVENUE,48,S,N,A,-,N,NA,NA,NA,NA,NA,NA,NA,NA,NA,N,4,0,1,2,A,-,03,22350,NA,N,C,C,A,A,H,-,A,A,0,NA,NA,NA,NA,Y,NA,A,01,0,0,1,0,0,0,0,0,0,-,-,NA,NA,ORANGE,ANAHEIM,-117.8374252319336,33.85529708862305
81860485,2022,2022-09-09,3010,2022-09-05,1603,1261,451,1,5,6,3010,0,0,0,NA,0,004,ORANGE AVE,2ND ST,0,NA,Y,A,-,N,NA,NA,NA,NA,NA,NA,NA,NA,NA,N,3,0,1,2,A,-,21,22106,NA,N,H,G,A,A,H,-,A,D,0,NA,Y,NA,NA,Y,NA,A,01,0,1,0,0,0,0,1,0,0,-,-,33.657588958740234,-117.9990234375,ORANGE,HUNTINGTON BEACH,-117.99774169921876,33.65863037109375
81861261,2022,2022-09-12,3022,2022-08-23,2307,1273,NA,2,5,5,3022,0,0,0,NA,0,NA,BRYAN AV,JAMBOREE RD,0,NA,Y,A,-,N,NA,NA,NA,NA,NA,NA,NA,NA,NA,Y,4,0,1,2,A,-,12,21453,A,N,D,C,A,A,H,-,C,A,0,NA,NA,NA,NA,Y,NA,A,01,0,0,1,0,0,0,0,0,0,-,-,33.725311279296875,-117.7900390625,ORANGE,TUSTIN,-117.79002380371094,33.7252311706543
81861385,2022,2022-09-12,3024,2022-08-10,0857,534,P-13,3,5,5,3024,0,0,0,NA,0,EAST,BEACH BOULEVARD (SR-39),TRASK AVENUE,53,S,N,A,-,Y,ORA,NA,39,NA,NA,8.116,H,NA,R,Y,4,0,1,2,A,-,03,22350,NA,N,C,C,A,A,H,-,A,A,0,NA,NA,NA,Y,Y,NA,F,86,0,0,1,0,0,0,0,0,0,-,-,33.76628875732422,-117.98989868164063,ORANGE,WESTMINSTER,-117.98988342285156,33.766292572021484
81866012,2022,2022-09-16,3019,2022-06-05,1505,3736,SC,7,5,7,3019,0,0,0,NA,0,004,BRISTOL STREET,WARNER AVENUE,10,S,N,A,-,N,NA,NA,NA,NA,NA,NA,NA,NA,NA,N,4,0,2,3,A,-,03,22350,NA,F,C,C,A,A,H,-,A,A,0,NA,NA,NA,NA,Y,NA,D,22,0,0,2,0,0,0,0,0,0,-,-,33.716190338134766,-117.8849868774414,ORANGE,SANTA ANA,-117.88533782958984,33.71619415283203
81866066,2022,2022-09-16,3019,2022-08-08,1710,3716,SC,1,5,7,3019,0,0,0,NA,0,004,FAIRVIEW STREET,HIGHLAND STREET,70,N,N,A,-,N,NA,NA,NA,NA,NA,NA,NA,NA,NA,Y,4,0,1,2,A,-,03,22350,NA,N,C,C,A,A,H,-,A,D,0,NA,NA,NA,NA,Y,NA,D,22,0,0,1,0,0,0,0,0,0,-,-,33.73711013793945,-117.9065170288086,ORANGE,SANTA ANA,-117.90677642822266,33.73727035522461
81866073,2022,2022-09-16,3019,2022-08-09,1850,3770,SE,2,5,7,3019,0,0,0,NA,0,003,MAIN STREET,DYER ROAD,15,E,N,-,-,N,NA,NA,NA,NA,NA,NA,NA,NA,NA,N,4,0,1,3,A,-,03,22350,NA,N,C,C,A,A,H,-,A,A,0,NA,NA,NA,NA,Y,NA,D,22,0,0,1,0,0,0,0,0,0,-,-,33.70888137817383,-117.86815643310548,ORANGE,SANTA ANA,-117.8680419921875,33.708709716796875
81866082,2022,2022-09-16,3019,2022-08-11,1206,3813,SC,4,5,7,3019,0,0,0,NA,0,004,HARBOR BOULEVARD,SEGERSTROM AVENUE,519,N,N,A,-,N,NA,NA,NA,NA,NA,NA,NA,NA,NA,N,4,0,1,2,A,-,08,22107,NA,N,C,C,A,A,H,-,A,A,0,NA,NA,NA,NA,Y,NA,A,08,0,0,1,0,0,0,0,0,0,-,-,33.70859146118164,-117.9205322265625,ORANGE,SANTA ANA,-117.91976165771484,33.7100715637207
81866144,2022,2022-09-16,3019,2022-08-19,1242,3439,WE,5,5,7,3019,0,0,0,NA,0,001,POPLAR STREET,21ST STREET,170,N,N,A,-,N,NA,NA,NA,NA,NA,NA,NA,NA,NA,N,4,0,1,2,C,-,18,NA,NA,N,B,G,A,A,H,-,A,D,0,NA,Y,NA,NA,Y,NA,-,-,0,0,1,0,0,0,1,0,0,-,-,33.76325988769531,-117.88677978515624,ORANGE,SANTA ANA,-117.88675689697266,33.763694763183594
81866147,2022,2022-09-16,3019,2022-08-19,1558,3201,SC,5,5,7,3019,0,0,0,NA,0,004,HARBOR BOULEVARD,LAKE CENTER DRIVE,5,S,N,A,-,N,NA,NA,NA,NA,NA,NA,NA,NA,NA,N,4,0,1,2,A,-,03,22350,NA,N,C,C,A,A,H,-,A,A,0,NA,NA,NA,NA,Y,NA,A,01,0,0,1,0,0,0,0,0,0,-,-,33.699100494384766,-117.92056274414063,ORANGE,SANTA ANA,-117.91944885253906,33.699195861816406
81866148,2022,2022-09-16,3019,2022-08-20,2134,3615,NE,6,5,7,3019,0,0,0,NA,0,002,4TH STREET,MCCLAY STREET (E),0,NA,Y,A,-,N,NA,NA,NA,NA,NA,NA,NA,NA,NA,N,4,0,3,2,A,-,09,21801,A,F,D,C,A,A,H,-,C,D,0,NA,NA,NA,NA,Y,NA,A,01,0,0,3,0,0,0,0,0,0,-,-,33.747039794921875,-117.8498992919922,ORANGE,SANTA ANA,-117.85030364990234,33.74809265136719
81866153,2022,2022-09-16,3019,2022-08-22,1750,3382,WE,1,5,7,3019,0,0,0,NA,0,001,1ST STREET,SULLIVAN STREET,34,W,N,A,-,N,NA,NA,NA,NA,NA,NA,NA,NA,NA,Y,4,0,2,2,A,-,03,22350,NA,N,D,C,A,A,H,-,A,A,0,NA,NA,NA,NA,Y,NA,A,01,0,0,2,0,0,0,0,0,0,-,-,33.74528884887695,-117.90255737304688,ORANGE,SANTA ANA,-117.90267181396484,33.74525833129883
81866160,2022,2022-09-16,3019,2022-08-25,1600,3439,NE,4,5,7,3019,0,0,0,NA,0,002,TUSTIN AVENUE,FRUIT STREET,0,NA,Y,A,-,N,NA,NA,NA,NA,NA,NA,NA,NA,NA,Y,4,0,1,2,A,-,12,21453,A,N,D,C,A,A,H,-,A,A,0,NA,NA,NA,NA,Y,NA,A,01,0,0,1,0,0,0,0,0,0,-,-,33.752601623535156,-117.83432769775392,ORANGE,SANTA ANA,-117.83421325683594,33.7528076171875
81867326,2022,2022-09-19,3008,2022-07-10,1629,1378,ZONE,7,5,6,3008,0,0,0,NA,0,NA,EUCLID ST,VALENCIA DR,0,NA,N,A,-,N,NA,NA,NA,NA,NA,NA,NA,NA,NA,N,3,0,1,2,A,-,11,21954,A,N,-,B,D,A,H,-,A,D,0,Y,NA,NA,NA,Y,NA,N,60,0,1,0,0,1,0,0,0,0,-,-,NA,NA,ORANGE,FULLERTON,-117.9419403076172,33.86658477783203
81868436,2022,2022-09-20,3001,2022-09-15,2035,A1047,NA,4,5,7,3001,0,0,0,NA,0,D-3,HARBOR BOULEVARD,HAMPSHIRE AVENUE (N),34,N,N,A,-,N,NA,NA,NA,NA,NA,NA,NA,NA,NA,Y,2,0,1,2,A,-,08,22100,A,N,C,C,A,A,H,-,C,A,0,NA,NA,Y,NA,Y,NA,A,01,1,0,0,0,0,0,0,0,1,-,-,33.8224983215332,-117.91603088378906,ORANGE,ANAHEIM,-117.91577911376952,33.82271957397461
81871582,2022,2022-09-23,3016,2022-08-27,2220,1296,19,6,5,5,3016,0,0,0,NA,0,002,CENTER STREET,EDISON STREET,10,N,Y,A,-,N,NA,NA,NA,NA,NA,NA,NA,NA,NA,Y,3,0,3,2,A,-,08,22107,NA,N,-,C,A,A,H,-,C,D,0,NA,NA,NA,Y,Y,NA,A,01,0,1,2,0,0,0,0,0,0,-,-,33.872310638427734,-117.87782287597656,ORANGE,PLACENTIA,-117.87785339355467,33.87226486206055
81872429,2022,2022-09-26,3015,2022-09-12,1120,1250,RD41,1,5,6,3015,0,0,0,NA,0,711M,STATE COLLEGE BLVD,ANAHEIM WAY,0,NA,Y,A,-,N,NA,NA,NA,NA,NA,NA,NA,NA,NA,Y,4,0,1,2,A,-,12,21453,A,N,D,C,A,A,H,-,A,A,0,NA,NA,NA,NA,Y,NA,A,01,0,0,1,0,0,0,0,0,0,-,-,33.79267883300781,-117.88983917236328,ORANGE,ORANGE,-117.8899383544922,33.792667388916016
81872437,2022,2022-09-26,3015,2022-09-21,1837,1240,RD51,3,5,6,3015,0,0,0,NA,0,723M,CHAPMAN AVE,MAIN ST,0,NA,Y,A,-,N,NA,NA,NA,NA,NA,NA,NA,NA,NA,Y,3,0,2,2,A,-,12,21453,A,N,D,C,A,A,H,-,A,A,0,NA,NA,NA,NA,Y,NA,A,01,0,2,0,0,0,0,0,0,0,-,-,33.78791046142578,-117.86727142333984,ORANGE,ORANGE,-117.86730194091795,33.787899017333984
81872965,2022,2022-09-26,3016,2022-09-05,1540,1288,2,1,5,5,3016,0,0,0,NA,0,001,BASTANCHURY ROAD,TUFFREE BOULEVARD,8,E,N,A,-,N,NA,NA,NA,NA,NA,NA,NA,NA,NA,Y,4,0,3,2,A,-,03,22350,NA,N,C,C,A,A,H,-,A,A,0,NA,NA,NA,NA,Y,NA,A,01,0,0,3,0,0,0,0,0,0,-,-,33.8963508605957,-117.86801147460938,ORANGE,PLACENTIA,-117.86800384521484,33.89649200439453
81873924,2022,2022-09-27,3022,2022-09-10,1405,1395,NA,6,5,5,3022,0,0,0,NA,0,NA,NEWPORT AV,IRVINE BLVD,115,N,N,B,-,N,NA,NA,NA,NA,NA,NA,NA,NA,NA,N,4,0,1,2,A,-,08,22107,NA,N,D,G,A,A,H,-,A,D,0,NA,Y,NA,NA,Y,NA,A,01,0,0,1,0,0,0,1,0,0,-,-,33.74794006347656,-117.81175231933594,ORANGE,TUSTIN,-117.81186676025392,33.74848937988281
81875066,2022,2022-09-28,3001,2022-09-20,1529,A1825,NA,2,5,7,3001,0,0,0,NA,0,D-1,MAGNOLIA AVENUE,BALL ROAD,177,N,N,A,-,N,NA,NA,NA,NA,NA,NA,NA,NA,NA,N,3,0,1,2,A,-,08,22107,NA,N,D,G,A,A,H,-,A,A,0,NA,Y,NA,NA,Y,NA,L,04,0,1,0,0,0,0,1,0,0,-,-,NA,NA,ORANGE,ANAHEIM,-117.97583770751952,33.818084716796875
81876232,2022,2022-09-29,3010,2022-09-26,0758,1208,179,1,5,6,3010,0,0,0,NA,0,007,EDWARDS ST,WARNER AVE,0,NA,Y,A,-,N,NA,NA,NA,NA,NA,NA,NA,NA,NA,Y,3,0,2,2,A,-,09,21801,A,N,A,C,A,A,H,-,A,A,0,NA,NA,NA,NA,Y,NA,A,07,0,1,1,0,0,0,0,0,0,-,-,33.71538162231445,-118.01512908935548,ORANGE,HUNTINGTON BEACH,-118.01527404785156,33.71543884277344
81876241,2022,2022-09-29,3019,2022-09-04,0406,3673,NE,7,5,7,3019,0,0,0,NA,0,004,BROADWAY,20TH STREET,113,S,N,A,-,N,NA,NA,NA,NA,NA,NA,NA,NA,NA,N,3,0,2,2,A,-,09,21804,A,N,D,C,A,A,H,-,C,D,0,NA,NA,NA,NA,Y,NA,A,01,0,1,1,0,0,0,0,0,0,-,-,33.76237106323242,-117.86966705322266,ORANGE,SANTA ANA,-117.86959838867188,33.76224136352539
81876244,2022,2022-09-29,3019,2022-09-05,1753,3769,NE,1,5,7,3019,0,0,0,NA,0,003,17TH STREET,BROADWAY,10,E,N,A,-,N,NA,NA,NA,NA,NA,NA,NA,NA,NA,N,4,0,1,2,A,-,08,22107,NA,M,-,C,A,A,H,-,A,A,0,NA,NA,NA,NA,Y,NA,A,01,0,0,1,0,0,0,0,0,0,-,-,33.76028060913086,-117.86963653564452,ORANGE,SANTA ANA,-117.86959838867188,33.760108947753906
81879715,2022,2022-10-03,3022,2022-09-22,0701,1380,NA,4,5,5,3022,0,0,0,NA,0,NA,SYCAMORE AV,CHARLOMA DR,70,E,N,A,-,N,NA,NA,NA,NA,NA,NA,NA,NA,NA,Y,3,0,1,2,C,-,18,NA,NA,N,C,E,A,A,H,-,A,D,0,NA,NA,NA,NA,Y,NA,-,-,0,1,0,0,0,0,0,0,0,-,-,33.72700881958008,-117.82672119140624,ORANGE,TUSTIN,-117.82642364501952,33.727054595947266
81879839,2022,2022-10-03,3024,2022-03-14,1237,435,P-19,1,5,5,3024,0,0,0,NA,0,EAST,WESTMINSTER BOULEVARD,YOCKEY STREET,453,W,N,A,-,N,NA,NA,NA,NA,NA,NA,NA,NA,NA,N,1,1,0,2,A,-,11,21954,A,N,G,B,D,A,H,-,A,D,0,Y,NA,NA,NA,Y,NA,N,60,0,0,0,1,0,0,0,0,0,-,-,33.75941848754883,-117.97644805908205,ORANGE,WESTMINSTER,-117.97826385498048,33.759368896484375
81879841,2022,2022-10-03,3024,2022-08-17,0439,307,P-01,3,5,5,3024,0,0,0,NA,0,WEST,BOLSA CHICA ROAD,GARDEN GROVE BOULEVARD,0,NA,Y,A,-,N,NA,NA,NA,NA,NA,NA,NA,NA,NA,Y,3,0,2,2,A,-,12,21453,A,N,A,C,A,A,D,-,B,A,0,NA,NA,NA,NA,Y,NA,A,07,0,1,1,0,0,0,0,0,0,-,-,33.77389144897461,-118.03842163085938,ORANGE,WESTMINSTER,-118.03849029541016,33.77394104003906
81881100,2022,2022-10-04,3001,2022-10-02,0526,A2599,NA,7,5,7,3001,0,0,0,NA,0,NA,BEACH BOULEVARD,BALL ROAD,220,S,N,A,-,N,NA,NA,NA,NA,NA,NA,NA,NA,NA,N,3,0,1,2,A,-,11,21954,A,N,G,B,D,A,H,-,C,D,0,Y,NA,NA,NA,Y,Y,A,01,0,1,0,0,1,0,0,0,0,-,-,33.817291259765625,-117.99349975585938,ORANGE,ANAHEIM,-117.99314880371094,33.81682586669922
81882420,2022,2022-10-05,3001,2022-10-03,0038,A2666,D-3,1,5,7,3001,0,0,0,NA,0,032,BALL ROAD,FEATHER STREET,173,W,N,A,-,N,NA,NA,NA,NA,NA,NA,NA,NA,NA,Y,4,0,1,1,A,-,08,22107,NA,N,E,I,A,A,H,-,C,D,0,NA,NA,NA,NA,Y,NA,A,01,0,0,1,0,0,0,0,0,0,-,-,33.8179817199707,-117.92910766601563,ORANGE,ANAHEIM,-117.92993927001952,33.817970275878906
81883507,2022,2022-10-06,3001,2022-10-03,1112,A2792,D-3,1,5,7,3001,0,0,0,NA,0,NA,DOUGLASS ROAD,CERRITOS AVENUE,0,NA,Y,A,-,N,NA,NA,NA,NA,NA,NA,NA,NA,NA,Y,4,0,2,1,A,-,03,22350,NA,N,E,I,A,A,H,-,A,D,0,NA,NA,NA,NA,Y,NA,A,01,0,0,2,0,0,0,0,0,0,-,-,33.81037902832031,-117.87789154052734,ORANGE,ANAHEIM,-117.87789916992188,33.811946868896484
81883582,2022,2022-10-06,3019,2022-09-09,1430,3457,NE,5,5,7,3019,0,0,0,NA,0,002,4TH STREET,GARFIELD STREET,0,NA,Y,C,-,N,NA,NA,NA,NA,NA,NA,NA,NA,NA,Y,4,0,1,1,A,-,03,22350,NA,N,E,I,A,D,H,-,A,D,0,NA,NA,NA,NA,Y,NA,A,01,0,0,1,0,0,0,0,0,0,-,-,33.74811935424805,-117.85930633544922,ORANGE,SANTA ANA,-117.859130859375,33.74801254272461
81883677,2022,2022-10-06,3002,2022-09-20,2020,1576,NA,2,5,4,3002,0,0,0,NA,0,014,IMPERIAL HY,BERRY ST,0,NA,Y,A,-,Y,ORA,NA,90,NA,NA,4.01,H,NA,L,Y,2,0,3,2,A,-,09,21453,C,N,A,C,A,A,H,-,C,A,0,NA,NA,NA,NA,Y,NA,A,07,1,1,1,0,0,0,0,0,0,-,-,33.91749954223633,-117.90691375732422,ORANGE,BREA,-117.90690612792967,33.91743469238281
81885142,2022,2022-10-07,3014,2022-09-14,1627,1501,RD54,3,5,5,3014,0,0,0,NA,0,A4,BONITA CANYON DR,MACARTHUR BLVD,52,E,N,A,-,N,NA,NA,NA,NA,NA,NA,NA,NA,NA,Y,4,0,2,2,A,-,01,23152,A,N,D,C,A,A,H,-,A,A,0,NA,NA,NA,NA,Y,Y,A,01,0,0,2,0,0,0,0,0,0,-,-,33.62910079956055,-117.86209106445313,ORANGE,NEWPORT BEACH,-117.86228942871094,33.629425048828125
81886855,2022,2022-10-11,3001,2022-10-07,2112,A1047,NA,5,5,7,3001,0,0,0,NA,0,D-1,BROOKHURST STREET,WOODLEY AVENUE,0,NA,Y,A,-,N,NA,NA,NA,NA,NA,NA,NA,NA,NA,Y,3,0,3,2,A,-,09,21802,A,N,D,C,A,A,H,-,C,A,0,NA,NA,NA,NA,Y,NA,D,22,0,1,2,0,0,0,0,0,0,-,-,33.83525848388672,-117.95879364013672,ORANGE,ANAHEIM,-117.95899963378906,33.83588790893555
81886909,2022,2022-10-11,3010,2022-09-26,2026,2151,139,1,5,6,3010,0,0,0,NA,0,009,BOLSA AVE,GOLDENWEST ST,159,W,N,A,-,N,NA,NA,NA,NA,NA,NA,NA,NA,NA,N,4,0,1,2,A,-,09,21804,A,N,D,C,A,A,H,-,C,A,0,NA,NA,NA,NA,Y,NA,A,01,0,0,1,0,0,0,0,0,0,-,-,33.74435043334961,-118.00700378417967,ORANGE,HUNTINGTON BEACH,-118.00750732421876,33.744422912597656
81887938,2022,2022-10-12,3015,2022-10-02,1857,1336,21W,7,5,6,3015,0,0,0,NA,0,0K1,THE CITY DR,THE CITY WAY,400,N,N,A,-,N,NA,NA,NA,NA,NA,NA,NA,NA,NA,Y,4,0,2,2,A,-,01,23152,A,F,B,C,A,A,H,-,C,D,0,NA,NA,NA,NA,Y,Y,A,01,0,0,2,0,0,0,0,0,0,-,-,33.78562927246094,-117.8908462524414,ORANGE,ORANGE,-117.89093780517578,33.786834716796875
81890034,2022,2022-10-14,3001,2022-10-11,1911,A2461,D-2,2,5,7,3001,0,0,0,NA,0,D-2,LA PALMA AVENUE,HELENA STREET,0,N,Y,A,-,N,NA,NA,NA,NA,NA,NA,NA,NA,NA,Y,4,0,3,2,A,-,03,22350,NA,N,C,C,A,A,H,-,C,D,0,NA,NA,NA,NA,Y,NA,A,01,0,0,3,0,0,0,0,0,0,-,-,NA,NA,ORANGE,ANAHEIM,-117.9228515625,33.84721755981445
81890210,2022,2022-10-14,3024,2022-08-05,0952,537,P-15,5,5,5,3024,0,0,0,NA,0,WEST,WESTMINSTER BOULEVARD,EDWARDS STREET,0,NA,Y,A,-,N,NA,NA,NA,NA,NA,NA,NA,NA,NA,N,2,0,3,3,A,-,12,21453,A,N,D,D,A,A,H,-,A,A,0,NA,NA,Y,NA,Y,NA,A,01,1,1,1,0,0,0,0,0,1,-,-,33.75912094116211,-118.01569366455078,ORANGE,WESTMINSTER,-118.0158920288086,33.759037017822266
8189110,2016,2016-12-15,3001,2016-12-03,0927,2115,NA,6,5,7,3001,0,0,0,NA,0,031,WEST BALL RD,HARBOR BL,585,W,N,A,-,N,NA,NA,NA,NA,NA,NA,NA,NA,NA,Y,4,0,2,3,A,-,03,22350,NA,N,C,C,A,A,H,-,A,D,0,NA,NA,NA,NA,Y,NA,A,08,0,0,2,0,0,0,0,0,0,-,-,NA,NA,ORANGE,ANAHEIM,-117.91742144,33.818036910000004
81891220,2022,2022-10-17,3007,2022-09-23,1614,322,45,5,5,5,3007,0,0,0,NA,0,001,BROOKHURST STREET,LA HACIENDA AVENUE,0,NA,Y,A,-,N,NA,NA,NA,NA,NA,NA,NA,NA,NA,Y,4,0,1,2,A,-,03,22350,NA,N,C,C,A,A,H,-,A,A,0,NA,NA,NA,NA,Y,NA,A,01,0,0,1,0,0,0,0,0,0,-,-,NA,NA,ORANGE,FOUNTAIN VALLEY,-117.95457458496094,33.714271545410156
81891240,2022,2022-10-17,3022,2022-08-27,1450,1350,NORTH,6,5,5,3022,0,0,0,NA,0,NA,NEWPORT AV,PACKERS CI,0,NA,Y,A,-,N,NA,NA,NA,NA,NA,NA,NA,NA,NA,Y,4,0,1,2,A,-,09,21804,A,F,D,C,A,A,H,-,A,A,0,NA,NA,NA,NA,Y,NA,A,01,0,0,1,0,0,0,0,0,0,-,-,33.747379302978516,-117.81289672851563,ORANGE,TUSTIN,-117.8130111694336,33.74726486206055
81891333,2022,2022-10-17,3002,2022-09-17,0241,1705,NA,6,5,4,3002,0,0,0,NA,0,014,IMPERIAL HY,STATE COLLEGE BL,240,E,N,A,-,Y,ORA,NA,90,NA,NA,5.191,H,NA,L,Y,4,0,1,2,A,-,01,23152,A,N,D,C,A,A,H,-,C,A,0,NA,NA,NA,NA,Y,Y,A,01,0,0,1,0,0,0,0,0,0,-,-,33.911869049072266,-117.88790130615234,ORANGE,BREA,-117.88787078857422,33.91192626953125