CASE_ID,ACCIDENT_YEAR,PROC_DATE,JURIS,COLLISION_DATE,COLLISION_TIME,OFFICER_ID,REPORTING_DISTRICT,DAY_OF_WEEK,CHP_SHIFT,POPULATION,CNTY_CITY_LOC,SPECIAL_COND,BEAT_TYPE,CHP_BEAT_TYPE,CITY_DIVISION_LAPD,CHP_BEAT_CLASS,BEAT_NUMBER,PRIMARY_RD,SECONDARY_RD,DISTANCE,DIRECTION,INTERSECTION,WEATHER_1,WEATHER_2,STATE_HWY_IND,CALTRANS_COUNTY,CALTRANS_DISTRICT,STATE_ROUTE,ROUTE_SUFFIX,POSTMILE_PREFIX,POSTMILE,LOCATION_TYPE,RAMP_INTERSECTION,SIDE_OF_HWY,TOW_AWAY,COLLISION_SEVERITY,NUMBER_KILLED,NUMBER_INJURED,PARTY_COUNT,PRIMARY_COLL_FACTOR,PCF_CODE_OF_VIOL,PCF_VIOL_CATEGORY,PCF_VIOLATION,PCF_VIOL_SUBSECTION,HIT_AND_RUN,TYPE_OF_COLLISION,MVIW,PED_ACTION,ROAD_SURFACE,ROAD_COND_1,ROAD_COND_2,LIGHTING,CONTROL_DEVICE,CHP_ROAD_TYPE,PEDESTRIAN_ACCIDENT,BICYCLE_ACCIDENT,MOTORCYCLE_ACCIDENT,TRUCK_ACCIDENT,NOT_PRIVATE_PROPERTY,ALCOHOL_INVOLVED,STWD_VEHTYPE_AT_FAULT,CHP_VEHTYPE_AT_FAULT,COUNT_SEVERE_INJ,COUNT_VISIBLE_INJ,COUNT_COMPLAINT_PAIN,COUNT_PED_KILLED,COUNT_PED_INJURED,COUNT_BICYCLIST_KILLED,COUNT_BICYCLIST_INJURED,COUNT_MC_KILLED,COUNT_MC_INJURED,PRIMARY_RAMP,SECONDARY_RAMP,LATITUDE,LONGITUDE,COUNTY,CITY,POINT_X,POINT_Y
82080736,2023,2023-05-30,3001,2023-05-28,2027,A1047,NA,7,5,7,3001,0,0,0,NA,0,D-3,SUNKIST STREET,WAGNER AVENUE,0,NA,Y,B,-,N,NA,NA,NA,NA,NA,NA,NA,NA,NA,Y,4,0,1,2,A,-,01,23152,A,N,A,C,A,A,H,-,C,A,0,NA,NA,NA,NA,Y,Y,D,22,0,0,1,0,0,0,0,0,0,-,-,NA,NA,ORANGE,ANAHEIM,-117.88053894042967,33.825401306152344
82084107,2023,2023-06-02,3001,2023-05-31,1136,A2785,D-2,3,5,7,3001,0,0,0,NA,0,D-2,WILSHIRE AVENUE,LOARA STREET,14,S,N,A,B,N,NA,NA,NA,NA,NA,NA,NA,NA,NA,Y,4,0,1,2,A,-,09,21804,A,N,D,C,A,A,H,-,A,D,0,NA,NA,NA,NA,Y,NA,A,07,0,0,1,0,0,0,0,0,0,-,-,33.83538055419922,-117.9372329711914,ORANGE,ANAHEIM,-117.93712615966795,33.83544158935547
82084261,2022,2023-06-08,3024,2022-12-06,2138,465,P-15,2,5,5,3024,0,0,0,NA,0,WEST,WESTMINSTER BOULEVARD,HAMMON PLACE,0,NA,Y,B,-,N,NA,NA,NA,NA,NA,NA,NA,NA,NA,Y,1,1,3,1,A,-,01,23152,A,N,E,I,A,A,D,-,C,A,0,NA,NA,NA,NA,Y,Y,A,01,3,0,0,0,0,0,0,0,0,-,-,NA,NA,ORANGE,WESTMINSTER,-118.02992248535156,33.759063720703125
82085009,2023,2023-06-08,3001,2023-05-31,1829,A2303,D-3,3,5,7,3001,0,0,0,NA,0,D-3,KATELLA AVENUE,HASTER STREET,75,W,N,B,-,N,NA,NA,NA,NA,NA,NA,NA,NA,NA,N,4,0,1,2,A,-,03,22350,NA,M,C,C,A,A,H,-,A,A,0,NA,NA,NA,NA,Y,NA,A,07,0,0,1,0,0,0,0,0,0,-,-,NA,NA,ORANGE,ANAHEIM,-117.90683746337892,33.803260803222656
82085169,2023,2023-06-05,3024,2023-04-11,902,519,P-27,2,5,5,3024,0,0,0,NA,0,EAST,HAZARD AVENUE,MORAN STREET (E),0,NA,Y,B,-,N,NA,NA,NA,NA,NA,NA,NA,NA,NA,Y,4,0,2,2,A,-,09,21802,A,N,D,C,A,A,H,-,A,A,0,NA,NA,NA,NA,Y,NA,A,01,0,0,2,0,0,0,0,0,0,-,-,33.752071380615234,-117.96737670898438,ORANGE,WESTMINSTER,-117.96788787841795,33.75217819213867
82085377,2023,2023-06-05,3024,2023-04-15,1649,530,P-30,6,5,5,3024,0,0,0,NA,0,WEST,GOLDENWEST STREET,BOLSA AVENUE,433,S,N,A,-,N,NA,NA,NA,NA,NA,NA,NA,NA,NA,Y,4,0,2,2,A,-,09,21801,A,N,D,C,A,A,H,-,A,D,0,NA,NA,NA,NA,Y,NA,A,07,0,0,2,0,0,0,0,0,0,-,-,33.74440002441406,-118.00694274902344,ORANGE,WESTMINSTER,-118.00697326660156,33.74330139160156
82086375,2023,2023-06-05,3014,2023-05-20,650,1510,RD15,6,5,5,3014,0,0,0,NA,0,A1,32ND ST,NEWPORT BLVD,10,E,N,A,-,N,NA,NA,NA,NA,NA,NA,NA,NA,NA,N,4,0,1,2,A,-,07,21658,NA,N,H,G,A,A,H,-,A,A,0,NA,NA,NA,NA,Y,NA,-,-,0,0,1,0,0,0,0,0,0,-,-,33.6159782409668,-117.93028259277344,ORANGE,NEWPORT BEACH,-117.93038940429688,33.61598205566406
82087537,2023,2023-06-07,3010,2023-06-02,1422,1261,166,5,5,6,3010,0,0,0,NA,0,008,WARNER AVE,LESLIE LN,0,NA,Y,A,-,N,NA,NA,NA,NA,NA,NA,NA,NA,NA,Y,4,0,1,2,A,-,09,21804,A,N,D,C,A,A,H,-,A,D,0,NA,NA,NA,NA,Y,NA,A,07,0,0,1,0,0,0,0,0,0,-,-,33.71529006958008,-118.03843688964844,ORANGE,HUNTINGTON BEACH,-118.03819274902344,33.71528625488281
82087585,2023,2023-06-07,3019,2023-04-10,2109,3676,SE,1,5,7,3019,0,0,0,NA,0,003,DYER ROAD,ROUTE 55 NB ONRAMP (W),0,NA,Y,A,-,N,NA,NA,NA,NA,NA,NA,NA,NA,NA,Y,1,1,0,2,A,-,11,21954,A,N,G,B,E,A,H,-,C,A,0,Y,NA,NA,NA,Y,NA,N,60,0,0,0,1,0,0,0,0,0,-,-,33.70851135253906,-117.8514404296875,ORANGE,SANTA ANA,NA,NA
82087591,2023,2023-06-07,3019,2023-04-14,1732,3858,SC,5,5,7,3019,0,0,0,NA,0,004,EDINGER AVENUE,TOWNSEND STREET,400,W,N,A,-,N,NA,NA,NA,NA,NA,NA,NA,NA,NA,Y,4,0,1,2,A,-,09,21804,A,N,D,C,A,A,H,-,A,D,0,NA,NA,NA,NA,Y,NA,D,22,0,0,1,0,0,0,0,0,0,-,-,33.72676086425781,-117.89581298828124,ORANGE,SANTA ANA,-117.89662933349608,33.72724151611328
82087655,2023,2023-06-07,3019,2023-05-03,1429,2875,WE,3,5,7,3019,0,0,0,NA,0,001,MCFADDEN AVENUE,NEWHOPE STREET,0,NA,Y,A,-,N,NA,NA,NA,NA,NA,NA,NA,NA,NA,N,4,0,2,2,A,-,09,21801,A,N,D,C,A,A,H,-,A,A,0,NA,NA,NA,NA,Y,NA,A,01,0,0,2,0,0,0,0,0,0,-,-,33.73823165893555,-117.9289779663086,ORANGE,SANTA ANA,-117.92864990234376,33.73822784423828
82087662,2023,2023-06-07,3019,2023-05-03,2115,3410,WE,3,5,7,3019,0,0,0,NA,0,001,NEWHOPE STREET,HAZARD AVENUE,0,NA,Y,B,-,N,NA,NA,NA,NA,NA,NA,NA,NA,NA,Y,4,0,2,2,A,-,12,21453,A,N,D,C,A,A,H,-,C,A,0,NA,NA,NA,NA,Y,NA,A,01,0,0,2,0,0,0,0,0,0,-,-,33.75246047973633,-117.92887115478516,ORANGE,SANTA ANA,-117.9288330078125,33.75244903564453
82087820,2023,2023-06-07,3019,2023-05-19,855,3702,NE,5,5,7,3019,0,0,0,NA,0,002,CIVIC CENTER DRIVE,ROSS STREET,0,NA,Y,A,-,N,NA,NA,NA,NA,NA,NA,NA,NA,NA,N,4,0,1,2,A,-,12,21453,A,N,D,C,A,A,H,-,A,A,0,NA,NA,NA,NA,Y,NA,A,07,0,0,1,0,0,0,0,0,0,-,-,33.75148010253906,-117.87216186523438,ORANGE,SANTA ANA,-117.87248992919922,33.751548767089844
82087849,2023,2023-06-07,3019,2023-05-22,1650,3778,WE,1,5,7,3019,0,0,0,NA,0,001,17TH STREET,ENGLISH STREET,0,NA,Y,A,-,N,NA,NA,NA,NA,NA,NA,NA,NA,NA,Y,4,0,2,3,A,-,12,21453,A,N,D,C,A,A,H,-,A,A,0,NA,NA,NA,NA,Y,NA,D,22,0,0,2,0,0,0,0,0,0,-,-,33.759490966796875,-117.89652252197266,ORANGE,SANTA ANA,-117.89665985107422,33.759910583496094
82088789,2023,2023-06-08,3008,2023-03-17,1710,1484,ZONE,5,5,6,3008,0,0,0,NA,0,NA,PLACENTIA AVE,MADISON AVE,263,N,N,A,-,N,NA,NA,NA,NA,NA,NA,NA,NA,NA,N,3,0,1,2,A,-,08,22107,NA,N,D,E,A,A,H,-,A,D,0,NA,Y,NA,NA,Y,NA,L,04,0,1,0,0,0,0,1,0,0,-,-,NA,NA,ORANGE,FULLERTON,-117.87622833251952,33.88338088989258
82088791,2023,2023-06-08,3008,2023-03-21,1753,1484,ZONE,2,5,6,3008,0,0,0,NA,0,NA,HARBOR BLVD,VALLEY VIEW DR (N),656,N,N,C,-,N,NA,NA,NA,NA,NA,NA,NA,NA,NA,Y,4,0,2,2,A,-,09,21804,A,N,D,C,A,B,H,-,A,D,0,NA,NA,NA,NA,Y,NA,A,01,0,0,2,0,0,0,0,0,0,-,-,NA,NA,ORANGE,FULLERTON,-117.9252471923828,33.883827209472656
82090569,2023,2023-06-12,3015,2023-05-30,1711,1715,RD24,2,5,6,3015,0,0,0,NA,0,711M,CHAPMAN AVE,N/B 55 OFF-RAMP,135,W,N,B,-,Y,NA,NA,NA,NA,NA,NA,NA,NA,NA,N,4,0,1,5,A,-,03,22350,NA,N,C,C,A,A,H,-,A,D,0,NA,NA,NA,NA,Y,NA,A,01,0,0,1,0,0,0,0,0,0,-,-,NA,NA,ORANGE,ORANGE,NA,NA
82090984,2023,2023-06-12,3015,2023-06-10,1638,1690,RD65,6,5,6,3015,0,0,0,NA,0,711M,COLLINS AVE,SHAFFER ST,0,NA,Y,A,-,N,NA,NA,NA,NA,NA,NA,NA,NA,NA,Y,4,0,2,2,A,-,12,21453,A,N,D,C,A,A,H,-,A,A,0,NA,NA,NA,NA,Y,NA,A,01,0,0,2,0,0,0,0,0,0,-,-,33.80170822143555,-117.84842681884766,ORANGE,ORANGE,-117.84870910644533,33.80236053466797
82091870,2023,2023-06-12,3014,2023-06-10,1120,1527,RD47,6,5,5,3014,0,0,0,NA,0,A4,CROWN DR,GOLDENROD AVE,17,E,N,B,-,N,NA,NA,NA,NA,NA,NA,NA,NA,NA,N,2,0,1,1,A,-,03,22350,NA,N,H,A,A,A,H,-,A,D,0,NA,NA,NA,NA,Y,NA,M,91,1,0,0,0,0,0,0,0,0,-,-,33.60810089111328,-117.86898803710938,ORANGE,NEWPORT BEACH,-117.8691635131836,33.60820007324219
82093029,2023,2023-06-14,3015,2023-06-10,2359,1583,RD22W,6,5,6,3015,0,0,0,NA,0,312,MAIN ST,ALMOND AVE,265,N,N,-,-,N,NA,NA,NA,NA,NA,NA,NA,NA,NA,Y,3,0,1,3,A,-,01,23152,A,N,D,C,F,A,H,-,C,A,0,Y,NA,NA,NA,Y,Y,A,01,0,1,0,0,1,0,0,0,0,-,-,33.78609085083008,-117.86730194091795,ORANGE,ORANGE,-117.86729431152344,33.78677749633789
82093040,2023,2023-06-15,3001,2023-05-25,1717,A1278,NA,4,5,7,3001,0,0,0,NA,0,D-3,EUCLID STREET,BEACON AVENUE,32,S,N,B,-,N,NA,NA,NA,NA,NA,NA,NA,NA,NA,Y,4,0,2,4,A,-,03,22350,NA,N,C,C,A,A,H,-,A,A,0,NA,NA,NA,NA,Y,NA,A,01,0,0,2,0,0,0,0,0,0,-,-,33.819881439208984,-117.94140625,ORANGE,ANAHEIM,-117.9414291381836,33.820091247558594
82095263,2023,2023-06-16,3015,2023-06-14,554,1545,RD76,3,5,6,3015,0,0,0,NA,0,721M,CHAPMAN AVE,YORBA ST,45,E,N,B,-,N,NA,NA,NA,NA,NA,NA,NA,NA,NA,Y,4,0,1,2,A,-,03,22350,NA,N,C,C,A,A,H,-,A,A,0,NA,NA,NA,NA,Y,NA,A,01,0,0,1,0,0,0,0,0,0,-,-,33.78786849975586,-117.82701110839844,ORANGE,ORANGE,-117.82693481445313,33.7878303527832
82096207,2023,2023-06-22,3008,2023-04-29,336,1586,ZONE,6,5,6,3008,0,0,0,NA,0,NA,EUCLID ST,ORANGETHORPE AVE,0,NA,Y,A,-,N,NA,NA,NA,NA,NA,NA,NA,NA,NA,Y,2,0,2,2,A,-,01,23152,A,N,D,C,A,A,H,-,C,A,0,NA,NA,NA,NA,Y,Y,A,01,1,1,0,0,0,0,0,0,0,-,-,NA,NA,ORANGE,FULLERTON,-117.94183349609376,33.85934829711914
82097432,2023,2023-06-20,3001,2023-06-16,1651,A2303,D-2,5,5,7,3001,0,0,0,NA,0,021,EUCLID STREET,CRESCENT AVENUE,530,N,N,A,-,N,NA,NA,NA,NA,NA,NA,NA,NA,NA,Y,4,0,2,2,A,-,09,21801,A,N,D,C,A,A,H,-,A,D,0,NA,NA,NA,NA,Y,NA,A,01,0,0,2,0,0,0,0,0,0,-,-,33.83892822265625,-117.94130706787108,ORANGE,ANAHEIM,-117.94159698486328,33.841251373291016
82098668,2023,2023-06-21,3014,2023-06-08,716,1516,RD47,4,5,5,3014,0,0,0,NA,0,A4,SR1 (E COAST HWY),MACARTHUR BLVD,277,E,N,A,-,N,NA,NA,NA,NA,NA,NA,NA,NA,NA,N,2,0,1,2,A,-,09,21804,A,N,H,G,A,A,H,-,A,D,0,NA,Y,NA,NA,Y,NA,A,01,1,0,0,0,0,0,1,0,0,-,-,33.60350036621094,-117.87335205078124,ORANGE,NEWPORT BEACH,-117.87361907958984,33.603519439697266
82098707,2023,2023-06-21,3014,2023-06-12,2010,1418,RD25,1,5,5,3014,0,0,0,NA,0,A2,SR-1 (W COAST HWY),RIVERSIDE AVE,6,W,N,A,-,Y,ORA,NA,1,NA,NA,19.512,H,NA,R,N,3,0,1,2,A,-,09,21804,NA,N,H,G,A,A,H,-,A,A,0,NA,NA,NA,NA,Y,NA,M,91,0,1,0,0,0,0,0,0,0,-,-,33.62030029296875,-117.92440032958984,ORANGE,NEWPORT BEACH,-117.92431640625,33.62042236328125
82099435,2023,2023-06-22,3019,2023-06-14,1557,3698,SC,3,5,7,3019,0,0,0,NA,0,004,BRISTOL STREET,WARNER AVENUE,115,S,N,A,-,N,NA,NA,NA,NA,NA,NA,NA,NA,NA,Y,4,0,2,5,A,-,03,22350,NA,F,C,C,A,A,H,-,A,A,0,NA,NA,NA,NA,Y,NA,-,99,0,0,2,0,0,0,0,0,0,-,-,33.716190338134766,-117.8849868774414,ORANGE,SANTA ANA,-117.88534545898438,33.715904235839844
82099463,2023,2023-06-22,3008,2023-04-27,1514,1676,ZONE,4,5,6,3008,0,0,0,NA,0,NA,OLIVE ST,CITRUS AVE,83,W,N,A,-,N,NA,NA,NA,NA,NA,NA,NA,NA,NA,N,4,0,1,2,A,-,11,21954,A,N,G,B,D,A,H,-,A,D,0,Y,NA,NA,NA,Y,NA,N,60,0,0,1,0,1,0,0,0,0,-,-,NA,NA,ORANGE,FULLERTON,-117.94418334960938,33.86295700073242
82101267,2023,2023-06-26,3015,2023-06-21,1550,1545,RD67,3,5,6,3015,0,0,0,NA,0,721M,LINCOLN AVE,TUSTIN ST,292,W,N,A,-,N,NA,NA,NA,NA,NA,NA,NA,NA,NA,N,4,0,1,2,A,-,09,21804,A,N,D,C,A,A,H,-,A,D,0,NA,NA,Y,NA,Y,NA,A,01,0,0,1,0,0,0,0,0,1,-,-,33.83415985107422,-117.83538055419922,ORANGE,ORANGE,-117.83721160888672,33.834964752197266
82101445,2023,2023-06-26,3008,2023-05-07,138,1523,ZONE,7,5,6,3008,0,0,0,NA,0,NA,BASTANCHURY RD,HUGHES DR,1040,E,N,A,-,N,NA,NA,NA,NA,NA,NA,NA,NA,NA,N,3,0,2,1,A,-,08,22107,NA,N,E,I,A,A,H,-,C,A,0,NA,NA,NA,NA,Y,Y,A,01,0,1,1,0,0,0,0,0,0,-,-,NA,NA,ORANGE,FULLERTON,-117.95177459716795,33.88064956665039
82101607,2023,2023-06-26,3016,2023-06-07,58,1287,12,3,5,5,3016,0,0,0,NA,0,001,VALENCIA AVENUE,BASTANCHURY ROAD,18,N,N,B,-,N,NA,NA,NA,NA,NA,NA,NA,NA,NA,N,3,0,2,1,A,-,01,23153,A,N,E,I,A,A,H,-,C,A,0,NA,NA,NA,NA,Y,Y,A,01,0,2,0,0,0,0,0,0,0,-,-,33.89606857299805,-117.8542709350586,ORANGE,PLACENTIA,-117.85494232177734,33.896690368652344
82101610,2023,2023-06-26,3016,2023-06-14,1014,2182,16,3,5,5,3016,0,0,0,NA,0,001,ROSE DRIVE,IMPERIAL HIGHWAY,0,NA,Y,A,-,N,NA,NA,NA,NA,NA,NA,NA,NA,NA,Y,4,0,1,2,A,-,12,21453,A,N,D,C,A,A,H,-,A,A,0,NA,NA,NA,NA,Y,NA,A,07,0,0,1,0,0,0,0,0,0,-,-,33.90372085571289,-117.8411865234375,ORANGE,PLACENTIA,-117.84217834472656,33.90435791015625
82103724,2023,2023-06-28,3001,2023-06-26,2204,A1962,D-1,1,5,7,3001,0,0,0,NA,0,D-1,MAGNOLIA AVENUE,BROADWAY,0,NA,Y,A,-,N,NA,NA,NA,NA,NA,NA,NA,NA,NA,Y,3,0,2,2,A,-,12,21453,A,N,D,C,A,A,H,-,C,A,0,NA,NA,NA,NA,Y,NA,A,07,0,1,1,0,0,0,0,0,0,-,-,33.828208923339844,-117.97588348388672,ORANGE,ANAHEIM,-117.97595977783205,33.82857894897461
82103766,2023,2023-06-28,3010,2023-06-09,155,1254,451,5,5,6,3010,0,0,0,NA,0,004,MAIN ST,PALM AVE,200,N,N,A,-,N,NA,NA,NA,NA,NA,NA,NA,NA,NA,Y,3,0,1,4,A,-,01,23152,A,N,C,E,A,A,H,-,C,D,0,NA,NA,NA,NA,Y,Y,A,01,0,1,0,0,0,0,0,0,0,-,-,33.66297912597656,-118.00006103515624,ORANGE,HUNTINGTON BEACH,-117.99911499023438,33.66455078125
82106821,2023,2023-06-30,3002,2023-06-02,1209,1719,NA,5,5,4,3002,0,0,0,NA,0,014,IMPERIAL HY,RANDOLPH AV (W),26,W,N,A,-,Y,ORA,NA,90,NA,NA,5.07,H,NA,L,N,4,0,1,2,A,-,03,22350,NA,N,C,C,A,A,H,-,A,A,0,NA,NA,NA,NA,Y,NA,A,07,0,0,1,0,0,0,0,0,0,-,-,33.91263961791992,-117.8898696899414,ORANGE,BREA,-117.88985443115234,33.91267776489258
82110396,2023,2023-07-06,3010,2023-07-03,1607,1208,473,1,5,6,3010,0,0,0,NA,0,002,PACIFIC COAST HWY - SR1,HUNTINGTON ST,544,S,N,A,-,Y,NA,NA,NA,NA,NA,NA,NA,NA,NA,N,3,0,1,2,A,-,08,22107,NA,N,H,G,A,A,H,-,A,D,0,NA,Y,Y,NA,Y,NA,C,02,0,1,0,0,0,0,1,0,0,-,-,33.652069091796875,-117.99696350097656,ORANGE,HUNTINGTON BEACH,-117.99413299560548,33.65226745605469
82112249,2023,2023-07-10,3007,2023-06-25,1947,330,37,7,5,5,3007,0,0,0,NA,0,002,EUCLID,WARNER,0,NA,Y,A,-,N,NA,NA,NA,NA,NA,NA,NA,NA,NA,Y,4,0,1,1,A,-,03,22350,NA,N,F,I,A,A,H,-,B,A,0,NA,NA,NA,NA,Y,NA,A,01,0,0,1,0,0,0,0,0,0,-,-,NA,NA,ORANGE,FOUNTAIN VALLEY,-117.93721771240234,33.71645736694336
82112357,2023,2023-07-10,3010,2023-06-24,2055,6041,168,6,5,6,3010,0,0,0,NA,0,007,SPRINGDALE ST,HEIL AVE,0,NA,Y,A,-,N,NA,NA,NA,NA,NA,NA,NA,NA,NA,Y,4,0,2,2,A,-,12,21453,A,N,D,C,A,A,H,-,C,A,0,NA,NA,NA,NA,Y,NA,A,07,0,0,2,0,0,0,0,0,0,-,-,33.72269821166992,-118.02378082275392,ORANGE,HUNTINGTON BEACH,-118.02409362792967,33.722694396972656
82114568,2023,2023-07-12,3010,2023-06-30,1529,6041,241,5,5,6,3010,0,0,0,NA,0,009,GOTHARD ST,CENTER AVE,525,S,N,A,-,N,NA,NA,NA,NA,NA,NA,NA,NA,NA,Y,4,0,1,2,A,-,09,21804,A,N,D,C,A,A,H,-,A,D,0,NA,NA,NA,NA,Y,NA,A,01,0,0,1,0,0,0,0,0,0,-,-,33.73365020751953,-118.00009155273438,ORANGE,HUNTINGTON BEACH,-118.00033569335938,33.7323112487793
82115577,2023,2023-07-13,3010,2023-07-08,1130,1118,359,6,5,6,3010,0,0,0,NA,0,004,11TH ST,OLIVE AVE,100,N,N,A,-,N,NA,NA,NA,NA,NA,NA,NA,NA,NA,N,3,0,1,1,A,-,03,22350,NA,N,F,I,A,A,H,-,A,D,0,NA,NA,NA,NA,Y,NA,M,93,0,1,0,0,0,0,0,0,0,-,-,33.66291046142578,-118.00595855712892,ORANGE,HUNTINGTON BEACH,-118.00566864013672,33.66316223144531
82117534,2023,2023-07-17,3008,2023-05-03,1141,1484,ZONE,3,5,6,3008,0,0,0,NA,0,NA,BREA BLVD,EVERGREEN AVE,347,S,N,A,-,N,NA,NA,NA,NA,NA,NA,NA,NA,NA,Y,4,0,1,2,A,-,08,22100,B,N,D,C,A,A,H,-,A,D,0,NA,NA,NA,Y,Y,NA,F,26,0,0,1,0,0,0,0,0,0,-,-,NA,NA,ORANGE,FULLERTON,-117.90625,33.90556335449219
82119393,2023,2023-07-19,3008,2023-05-17,1111,1484,ZONE,3,5,6,3008,0,0,0,NA,0,NA,MAGNOLIA AVE,WESTBOUND 91 FREEWAY OFF RAMP,0,NA,Y,A,-,N,NA,NA,NA,NA,NA,NA,NA,NA,NA,Y,3,0,1,2,A,-,01,23152,A,N,D,C,A,A,H,-,A,A,0,NA,NA,Y,NA,Y,Y,C,02,0,1,0,0,0,0,0,0,1,-,-,NA,NA,ORANGE,FULLERTON,NA,NA
82120427,2023,2023-07-19,3010,2023-07-18,828,2126,442,2,5,6,3010,0,0,0,NA,0,003,ADAMS AVE,BEACH BL - SR39,60,W,N,A,-,Y,ORA,NA,39,NA,NA,1.619,H,NA,L,N,3,0,1,2,A,-,09,21801,A,N,B,C,A,A,H,-,A,A,0,NA,NA,Y,NA,Y,Y,C,02,0,1,0,0,0,0,0,0,1,-,-,33.67203140258789,-117.98877716064452,ORANGE,HUNTINGTON BEACH,-117.98867034912108,33.67203140258789
82122640,2023,2023-07-21,3010,2023-07-18,854,6042,169,2,5,6,3010,0,0,0,NA,0,007,HEIL AVE,MYCROFT LN,15,W,N,A,-,N,NA,NA,NA,NA,NA,NA,NA,NA,NA,N,4,0,1,2,A,-,05,21650,1,N,H,G,A,A,H,-,A,D,0,NA,Y,NA,NA,Y,NA,L,04,0,0,1,0,0,0,1,0,0,-,-,33.72196960449219,-118.017822265625,ORANGE,HUNTINGTON BEACH,-118.01798248291016,33.72275161743164
82124889,2023,2023-07-25,3001,2023-07-22,1445,A2814,D-2,6,5,7,3001,0,0,0,NA,0,D-2,SYCAMORE STREET,FLOWER STREET,83,W,N,A,-,N,NA,NA,NA,NA,NA,NA,NA,NA,NA,Y,3,0,1,2,A,-,09,21804,A,N,D,C,A,A,H,-,A,D,0,NA,NA,Y,NA,Y,NA,C,02,0,1,0,0,0,0,0,0,1,-,-,33.84333038330078,-117.9011001586914,ORANGE,ANAHEIM,-117.90127563476563,33.84310531616211
82126030,2023,2023-07-26,3019,2023-06-22,1344,3702,SE,4,5,7,3019,0,0,0,NA,0,003,STANDARD AVENUE,WISTERIA PLACE,0,NA,Y,A,-,N,NA,NA,NA,NA,NA,NA,NA,NA,NA,N,4,0,2,2,A,-,09,21804,A,F,D,C,A,A,H,-,A,D,0,NA,NA,NA,NA,Y,NA,A,01,0,0,2,0,0,0,0,0,0,-,-,33.736328125,-117.85639190673828,ORANGE,SANTA ANA,-117.8564682006836,33.73656463623047
82126123,2023,2023-07-26,3019,2023-07-02,1952,3736,NE,7,5,7,3019,0,0,0,NA,0,002,ROSS STREET,15TH STREET,0,NA,Y,A,-,N,NA,NA,NA,NA,NA,NA,NA,NA,NA,N,4,0,1,2,A,-,10,21950,A,M,G,B,B,A,H,-,A,D,0,Y,NA,NA,NA,Y,NA,A,01,0,0,1,0,1,0,0,0,0,-,-,33.75815963745117,-117.87249755859376,ORANGE,SANTA ANA,-117.87246704101563,33.75784683227539
82126127,2023,2023-07-26,3019,2023-07-03,1256,3454,NE,1,5,7,3019,0,0,0,NA,0,002,3RD STREET,BROADWAY,0,NA,Y,A,-,N,NA,NA,NA,NA,NA,NA,NA,NA,NA,Y,4,0,1,2,A,-,12,21453,A,N,D,C,A,A,H,-,A,A,0,NA,NA,NA,NA,Y,Y,A,01,0,0,1,0,0,0,0,0,0,-,-,33.74702835083008,-117.86946868896484,ORANGE,SANTA ANA,-117.86972808837892,33.747100830078125
82126163,2023,2023-07-26,3019,2023-07-07,1613,3603,WE,5,5,7,3019,0,0,0,NA,0,001,BRISTOL STREET,MEMORY LANE,350,N,N,A,-,N,NA,NA,NA,NA,NA,NA,NA,NA,NA,N,3,0,2,2,A,-,09,21801,A,N,D,C,A,A,H,-,A,D,0,NA,NA,NA,NA,Y,NA,A,01,0,1,1,0,0,0,0,0,0,-,-,33.772518157958984,-117.88437652587892,ORANGE,SANTA ANA,-117.88484191894533,33.77408981323242
82126180,2023,2023-07-26,3019,2023-07-11,1143,3196,SC,2,5,7,3019,0,0,0,NA,0,004,1ST STREET,CLARA STREET,0,NA,Y,A,-,N,NA,NA,NA,NA,NA,NA,NA,NA,NA,N,4,0,1,2,A,-,09,21802,A,N,D,C,A,A,H,-,A,D,0,NA,NA,NA,NA,Y,NA,D,22,0,0,1,0,0,0,0,0,0,-,-,33.744911193847656,-117.9006118774414,ORANGE,SANTA ANA,-117.90048217773438,33.74531173706055
82130295,2023,2023-07-31,3008,2023-06-10,1931,1643,ZONE,6,5,6,3008,0,0,0,NA,0,NA,ACACIA AVE,CHAPMAN AVE,0,NA,Y,A,-,N,NA,NA,NA,NA,NA,NA,NA,NA,NA,N,4,0,1,2,A,-,09,21802,A,N,D,G,A,A,H,-,B,A,0,NA,Y,NA,NA,Y,NA,L,04,0,0,1,0,0,0,1,0,0,-,-,NA,NA,ORANGE,FULLERTON,-117.89833068847656,33.87416458129883
82133696,2023,2023-08-02,3015,2023-07-29,1100,1495,RD87,6,5,6,3015,0,0,0,NA,0,712M,TAFT AVE,TUSTIN ST (N),60,E,N,A,-,N,NA,NA,NA,NA,NA,NA,NA,NA,NA,Y,4,0,2,3,A,-,01,23152,A,N,C,C,A,A,H,-,A,A,0,NA,NA,NA,NA,Y,Y,A,01,0,0,2,0,0,0,0,0,0,-,-,33.81747055053711,-117.83583831787108,ORANGE,ORANGE,-117.83572387695313,33.817466735839844