CASE_ID,ACCIDENT_YEAR,PROC_DATE,JURIS,COLLISION_DATE,COLLISION_TIME,OFFICER_ID,REPORTING_DISTRICT,DAY_OF_WEEK,CHP_SHIFT,POPULATION,CNTY_CITY_LOC,SPECIAL_COND,BEAT_TYPE,CHP_BEAT_TYPE,CITY_DIVISION_LAPD,CHP_BEAT_CLASS,BEAT_NUMBER,PRIMARY_RD,SECONDARY_RD,DISTANCE,DIRECTION,INTERSECTION,WEATHER_1,WEATHER_2,STATE_HWY_IND,CALTRANS_COUNTY,CALTRANS_DISTRICT,STATE_ROUTE,ROUTE_SUFFIX,POSTMILE_PREFIX,POSTMILE,LOCATION_TYPE,RAMP_INTERSECTION,SIDE_OF_HWY,TOW_AWAY,COLLISION_SEVERITY,NUMBER_KILLED,NUMBER_INJURED,PARTY_COUNT,PRIMARY_COLL_FACTOR,PCF_CODE_OF_VIOL,PCF_VIOL_CATEGORY,PCF_VIOLATION,PCF_VIOL_SUBSECTION,HIT_AND_RUN,TYPE_OF_COLLISION,MVIW,PED_ACTION,ROAD_SURFACE,ROAD_COND_1,ROAD_COND_2,LIGHTING,CONTROL_DEVICE,CHP_ROAD_TYPE,PEDESTRIAN_ACCIDENT,BICYCLE_ACCIDENT,MOTORCYCLE_ACCIDENT,TRUCK_ACCIDENT,NOT_PRIVATE_PROPERTY,ALCOHOL_INVOLVED,STWD_VEHTYPE_AT_FAULT,CHP_VEHTYPE_AT_FAULT,COUNT_SEVERE_INJ,COUNT_VISIBLE_INJ,COUNT_COMPLAINT_PAIN,COUNT_PED_KILLED,COUNT_PED_INJURED,COUNT_BICYCLIST_KILLED,COUNT_BICYCLIST_INJURED,COUNT_MC_KILLED,COUNT_MC_INJURED,PRIMARY_RAMP,SECONDARY_RAMP,LATITUDE,LONGITUDE,COUNTY,CITY,POINT_X,POINT_Y
82206629,2023,2023-10-24,3001,2023-10-21,1312,A2051,D-4,6,5,7,3001,0,0,0,NA,0,D-4,NOHL RANCH ROAD,CAMINO GRANDE,0,NA,Y,A,-,N,NA,NA,NA,NA,NA,NA,NA,NA,NA,Y,3,0,1,2,A,-,09,21801,A,N,D,C,A,A,H,-,A,D,0,NA,NA,NA,NA,Y,NA,A,01,0,1,0,0,0,0,0,0,0,-,-,33.83567810058594,-117.76374816894533,ORANGE,ANAHEIM,-117.76322174072266,33.83562469482422
82206636,2023,2023-10-24,3001,2023-10-22,1415,A2823,D-3,7,5,7,3001,0,0,0,NA,0,D-3,EUCLID STREET,ORANGEWOOD AVENUE,0,NA,Y,A,-,N,NA,NA,NA,NA,NA,NA,NA,NA,NA,N,4,0,2,2,A,-,04,21703,NA,N,C,C,A,A,H,-,A,D,0,NA,NA,NA,NA,Y,Y,A,01,0,0,2,0,0,0,0,0,0,-,-,33.79602813720703,-117.9414520263672,ORANGE,ANAHEIM,-117.94125366210938,33.795936584472656
82207801,2023,2023-10-25,3015,2023-10-21,952,1495,RD117,6,5,6,3015,0,0,0,NA,0,712M,SANTIAGO BLVD,VISTA PARK AVE,0,NA,Y,A,-,Y,NA,NA,NA,NA,NA,NA,NA,NA,NA,Y,3,0,1,2,A,-,12,21453,A,N,D,C,A,A,H,-,A,A,0,NA,NA,NA,NA,Y,NA,A,01,0,1,0,0,0,0,0,0,0,-,-,33.83330154418945,-117.8330307006836,ORANGE,ORANGE,-117.83390808105467,33.83411407470703
82207890,2023,2023-10-25,3008,2023-09-13,1912,1526,ZONE,3,5,6,3008,0,0,0,NA,0,NA,BERKELEY AVE,LEMON ST,0,NA,Y,A,-,N,NA,NA,NA,NA,NA,NA,NA,NA,NA,Y,3,0,2,2,A,-,09,21801,A,N,A,C,A,A,H,-,B,A,0,NA,NA,NA,NA,Y,NA,A,01,0,1,1,0,0,0,0,0,0,-,-,NA,NA,ORANGE,FULLERTON,-117.91985321044922,33.8787727355957
82208956,2023,2024-01-02,3024,2023-09-15,1651,519,P-07,5,5,5,3024,0,0,0,NA,0,WEST,WESTMINSTER BOULEVARD,BOLSA CHICA ROAD,210,E,N,A,-,N,NA,NA,NA,NA,NA,NA,NA,NA,NA,Y,3,0,1,2,A,-,06,21750,NA,N,B,C,A,A,H,-,A,D,0,NA,NA,NA,NA,Y,NA,A,07,0,1,0,0,0,0,0,0,0,-,-,NA,NA,ORANGE,WESTMINSTER,-118.0419692993164,33.759498596191406
82223675,2023,2023-11-02,3001,2023-10-23,2158,A2883,D-3,1,5,7,3001,0,0,0,NA,0,D-3,KATELLA AVENUE,AUBURN WAY,0,NA,Y,A,-,Y,NA,NA,NA,NA,NA,NA,NA,NA,NA,N,3,0,1,2,A,-,09,21801,A,N,D,G,A,A,H,-,C,A,0,NA,Y,NA,NA,Y,NA,A,01,0,1,0,0,0,0,1,0,0,-,-,33.803409576416016,-117.89362335205078,ORANGE,ANAHEIM,-117.89356994628906,33.80345916748047
82224856,2023,2023-11-02,3001,2023-10-29,1146,A1508,D-3,7,5,7,3001,0,0,0,NA,0,D-3,HARBOR BOULEVARD,CONVENTION WAY,35,S,N,A,-,N,NA,NA,NA,NA,NA,NA,NA,NA,NA,Y,4,0,2,2,A,-,05,21651,A,N,A,C,A,A,H,-,A,A,0,NA,NA,NA,NA,Y,NA,A,01,0,0,2,0,0,0,0,0,0,-,-,NA,NA,ORANGE,ANAHEIM,-117.915283203125,33.79957580566406
82227980,2023,2023-11-06,3015,2023-10-08,900,1717,RD37,7,5,6,3015,0,0,0,NA,0,222,LINCOLN AVE,ANCHOR AVE,66,W,N,A,-,N,NA,NA,NA,NA,NA,NA,NA,NA,NA,Y,3,0,1,1,A,-,03,22350,NA,N,F,A,A,B,H,-,A,D,0,NA,NA,Y,NA,Y,NA,C,02,0,1,0,0,0,0,0,0,1,-,-,33.836761474609375,-117.842529296875,ORANGE,ORANGE,-117.84282684326172,33.83677673339844
82227986,2023,2023-11-06,3001,2023-10-02,1550,A2540,D-4,1,5,7,3001,0,0,0,NA,0,D-4,IMPERIAL HIGHWAY,LA PALMA AVENUE,1365,S,N,A,-,Y,ORA,NA,90,NA,NA,12.433,H,NA,R,Y,4,0,1,2,A,-,12,21453,A,N,D,C,A,A,H,-,A,A,0,NA,NA,NA,NA,Y,NA,A,01,0,0,1,0,0,0,0,0,0,-,-,33.86014938354492,-117.79058837890624,ORANGE,ANAHEIM,-117.79053497314452,33.86014938354492
82230589,2023,2023-11-08,3015,2023-10-31,1625,1545,NA,2,5,6,3015,0,0,0,NA,0,NA,KATELLA AVE,CAMBRIDGE ST,0,NA,Y,A,-,N,NA,NA,NA,NA,NA,NA,NA,NA,NA,N,4,0,2,2,A,-,12,21453,A,N,A,C,A,A,H,-,A,A,0,NA,NA,NA,NA,Y,NA,A,01,0,0,2,0,0,0,0,0,0,-,-,33.78715133666992,-117.84442138671876,ORANGE,ORANGE,-117.84439849853516,33.809139251708984
82230598,2023,2023-11-09,3001,2023-10-14,1556,A1962,NA,6,5,7,3001,0,0,0,NA,0,NA,SANTA ANA STREET,ANAHEIM BOULEVARD,20,W,N,A,-,N,NA,NA,NA,NA,NA,NA,NA,NA,NA,Y,4,0,1,4,A,-,01,23152,B,M,C,E,A,A,H,-,A,A,0,NA,NA,NA,NA,Y,Y,A,01,0,0,1,0,0,0,0,0,0,-,-,33.83095169067383,-117.91251373291016,ORANGE,ANAHEIM,-117.91242218017578,33.831119537353516
82232758,2023,2023-11-13,3001,2023-11-03,2223,A2883,D-4,5,5,7,3001,0,0,0,NA,0,D-4,KRAEMER BOULEVARD,ORANGETHORPE AVENUE,53,N,N,A,-,N,NA,NA,NA,NA,NA,NA,NA,NA,NA,N,4,0,1,2,A,-,01,23152,A,N,C,C,A,A,H,-,C,A,0,NA,NA,NA,NA,Y,Y,A,01,0,0,1,0,0,0,0,0,0,-,-,33.86518859863281,-117.86238861083984,ORANGE,ANAHEIM,-117.86251831054688,33.86514663696289
82232835,2023,2023-11-13,3016,2023-10-13,2004,1288,22,5,5,5,3016,0,0,0,NA,0,001,KRAEMER BOULEVARD,MADISON AVENUE,0,NA,Y,A,-,N,NA,NA,NA,NA,NA,NA,NA,NA,NA,Y,3,0,2,2,A,-,12,21453,A,N,A,C,A,A,H,-,C,A,0,NA,NA,NA,NA,Y,NA,-,-,0,2,0,0,0,0,0,0,0,-,-,33.87984848022461,-117.86295318603516,ORANGE,PLACENTIA,-117.86360931396484,33.880123138427734
82232878,2023,2023-11-13,3019,2023-09-29,2008,3733,SE,5,5,7,3019,0,0,0,NA,0,003,MACARTHUR BOULEVARD,BIRCH STREET,0,NA,Y,A,-,N,NA,NA,NA,NA,NA,NA,NA,NA,NA,Y,3,0,1,2,A,-,09,21801,A,N,D,C,A,A,H,-,C,A,0,NA,NA,Y,NA,Y,NA,A,01,0,1,0,0,0,0,0,0,1,-,-,33.69981002807617,-117.87168884277344,ORANGE,SANTA ANA,-117.87171936035156,33.69994354248047
82233392,2023,2023-11-13,3019,2023-10-14,152,3729,NE,6,5,7,3019,0,0,0,NA,0,002,1ST STREET,MAIN STREET,0,NA,Y,A,-,N,NA,NA,NA,NA,NA,NA,NA,NA,NA,N,4,0,1,2,A,-,03,22350,NA,M,C,C,A,A,H,-,C,A,0,NA,NA,NA,NA,Y,NA,A,08,0,0,1,0,0,0,0,0,0,-,-,33.7453498840332,-117.867431640625,ORANGE,SANTA ANA,-117.8676528930664,33.745418548583984
82233747,2023,2023-11-13,3026,2023-11-06,922,4779,NA,1,5,6,3026,0,0,0,NA,0,004,WALNUT AVE,FRANCISCAN ST,141,E,N,A,-,N,NA,NA,NA,NA,NA,NA,NA,NA,NA,N,4,0,1,2,A,-,08,22107,NA,N,D,C,A,A,H,-,A,D,0,NA,NA,NA,NA,Y,NA,A,07,0,0,1,0,0,0,0,0,0,-,-,33.703128814697266,-117.78549957275392,ORANGE,IRVINE,-117.78607177734376,33.70359420776367
82236295,2023,2023-11-15,3010,2023-11-06,1749,3042,165,1,5,6,3010,0,0,0,NA,0,008,ALGONQUIN ST,PEARCE ST,74,S,N,A,-,N,NA,NA,NA,NA,NA,NA,NA,NA,NA,N,3,0,1,2,A,-,11,21954,A,N,G,B,D,A,H,-,C,A,0,Y,NA,NA,NA,Y,NA,N,60,0,1,0,0,1,0,0,0,0,-,-,33.71887969970703,-118.05019378662108,ORANGE,HUNTINGTON BEACH,-118.05014038085938,33.71870803833008
82238156,2023,2023-11-16,3014,2023-11-01,755,1483,RD34,3,5,5,3014,0,0,0,NA,0,A3,BRISTOL ST N,BIRCH ST,0,NA,Y,A,-,N,NA,NA,NA,NA,NA,NA,NA,NA,NA,Y,3,0,1,2,A,-,12,21453,A,N,D,C,A,A,H,-,A,A,0,NA,NA,NA,NA,Y,NA,A,01,0,1,0,0,0,0,0,0,0,-,-,33.66149139404297,-117.87268829345705,ORANGE,NEWPORT BEACH,-117.8728256225586,33.6616096496582
82242338,2023,2023-11-22,3001,2023-11-20,2344,A2373,NA,1,5,7,3001,0,0,0,NA,0,NA,JACKSON AVENUE,ARMANDO AVENUE,585,W,N,A,-,N,NA,NA,NA,NA,NA,NA,NA,NA,NA,N,4,0,1,2,A,-,09,21804,A,N,D,C,A,A,H,-,C,D,0,NA,NA,NA,NA,Y,NA,A,01,0,0,1,0,0,0,0,0,0,-,-,33.843231201171875,-117.85867309570313,ORANGE,ANAHEIM,-117.86094665527344,33.84496307373047
82243393,2023,2023-11-23,3010,2023-11-09,1822,6046,425,4,5,6,3010,0,0,0,NA,0,003,BUSHARD ST,GARFIELD AVE,0,NA,Y,A,-,N,NA,NA,NA,NA,NA,NA,NA,NA,NA,N,4,0,1,2,A,-,11,21453,D,N,G,B,B,A,H,-,C,A,0,Y,NA,NA,NA,Y,NA,N,60,0,0,1,0,1,0,0,0,0,-,-,33.68693923950195,-117.96246337890624,ORANGE,HUNTINGTON BEACH,-117.96274566650392,33.686767578125
82243400,2023,2023-11-23,3010,2023-11-21,1015,1107,173,2,5,6,3010,0,0,0,NA,0,008,PACIFIC COAST HWY - SR1,WARNER AVE,0,NA,Y,A,-,Y,ORA,NA,1,NA,NA,29.893,H,NA,R,N,4,0,1,2,A,-,08,22107,NA,N,H,G,A,A,D,-,A,A,0,NA,Y,NA,NA,Y,NA,A,07,0,0,1,0,0,0,1,0,0,-,-,33.711490631103516,-118.06317901611328,ORANGE,HUNTINGTON BEACH,-118.06299591064452,33.71163558959961
82244072,2023,2023-11-27,3019,2023-11-07,1129,3718,SC,2,5,7,3019,0,0,0,NA,0,004,RAITT STREET,EDINGER AVENUE,0,NA,Y,A,-,N,NA,NA,NA,NA,NA,NA,NA,NA,NA,N,3,0,4,2,D,-,00,NA,NA,N,A,C,A,A,H,-,A,A,0,NA,NA,NA,NA,Y,NA,-,-,0,3,1,0,0,0,0,0,0,-,-,33.726741790771484,-117.89456939697266,ORANGE,SANTA ANA,-117.89410400390624,33.727210998535156
82248289,2023,2023-11-29,3026,2023-11-20,1438,680,NA,1,5,6,3026,0,0,0,NA,0,007,PORTOLA PARKWAY,ORCHARD HILLS,0,NA,Y,A,G,N,NA,NA,NA,NA,NA,NA,NA,NA,NA,Y,4,0,2,3,A,-,08,22107,NA,N,E,I,F,A,H,-,A,A,0,Y,NA,NA,NA,Y,NA,A,01,0,0,2,0,2,0,0,0,0,-,-,NA,NA,ORANGE,IRVINE,-117.74861907958984,33.72765350341797
82248433,2023,2023-11-30,3015,2023-11-25,1641,1545,RD76,6,5,6,3015,0,0,0,NA,0,721M,PROSPECT ST,CHAPMAN AVE,26,N,N,A,-,N,NA,NA,NA,NA,NA,NA,NA,NA,NA,Y,4,0,1,2,A,-,01,23152,A,M,A,C,A,A,H,-,A,A,0,NA,NA,NA,NA,Y,Y,A,01,0,0,1,0,0,0,0,0,0,-,-,33.78675842285156,-117.81839752197266,ORANGE,ORANGE,-117.81839752197266,33.78779983520508
82252461,2023,2023-12-07,3001,2023-11-18,114,A2834,D-3,6,5,7,3001,0,0,0,NA,0,033,ANAHEIM BOULEVARD,WINSTON ROAD,243,N,N,A,-,N,NA,NA,NA,NA,NA,NA,NA,NA,NA,Y,4,0,2,2,A,-,08,22107,NA,N,A,C,A,A,H,-,C,D,0,NA,NA,NA,NA,Y,NA,A,01,0,0,2,0,0,0,0,0,0,-,-,33.813629150390625,-117.90708923339844,ORANGE,ANAHEIM,-117.90714263916016,33.81553649902344
82253529,2023,2023-12-06,3001,2023-11-30,1830,A1278,NA,4,5,7,3001,0,0,0,NA,0,D-3,BALL ROAD,STATE COLLEGE BOULEVARD,46,W,N,A,-,N,NA,NA,NA,NA,NA,NA,NA,NA,NA,Y,4,0,1,2,A,-,01,23152,A,N,C,C,A,A,H,-,C,A,0,NA,NA,NA,NA,Y,Y,A,01,0,0,1,0,0,0,0,0,0,-,-,NA,NA,ORANGE,ANAHEIM,-117.88954162597656,33.818092346191406
82255850,2023,2023-12-07,3024,2023-10-18,1155,519,P-10,3,5,5,3024,0,0,0,NA,0,WEST,LA PAT PLACE,WESTMINSTER BOULEVARD,490,N,N,A,-,N,NA,NA,NA,NA,NA,NA,NA,NA,NA,N,4,0,1,2,A,-,10,21952,NA,N,G,B,F,A,H,-,A,D,0,Y,NA,NA,NA,Y,NA,A,01,0,0,1,0,1,0,0,0,0,-,-,33.75910949707031,-118.0146026611328,ORANGE,WESTMINSTER,-118.01483917236328,33.76040267944336
82256777,2023,2023-12-08,3001,2023-11-20,1617,A2367,D-3,1,5,7,3001,0,0,0,NA,0,D-3,LINCOLN AVENUE,EUCLID STREET,0,NA,Y,A,-,N,NA,NA,NA,NA,NA,NA,NA,NA,NA,N,4,0,1,2,D,-,00,NA,NA,N,D,C,A,A,H,-,A,A,0,NA,NA,NA,NA,Y,NA,-,-,0,0,1,0,0,0,0,0,0,-,-,NA,NA,ORANGE,ANAHEIM,-117.94148254394533,33.83243942260742
82256784,2023,2023-12-08,3001,2023-12-05,2154,A1397,NA,2,5,7,3001,0,0,0,NA,0,D-2,EAST STREET,SR91 E/B OFF RAMP,20,S,N,A,-,Y,NA,NA,NA,NA,NA,NA,NA,NA,NA,Y,4,0,1,2,A,-,01,23152,A,N,D,C,A,A,H,-,C,A,0,NA,NA,NA,NA,Y,Y,A,01,0,0,1,0,0,0,0,0,0,-,-,NA,NA,ORANGE,ANAHEIM,-117.90672302246094,33.85370635986328
82256867,2023,2023-12-08,3019,2023-11-30,1650,3698,NE,4,5,7,3019,0,0,0,NA,0,002,CIVIC CENTER DRIVE,MAIN STREET,0,NA,Y,A,-,N,NA,NA,NA,NA,NA,NA,NA,NA,NA,Y,4,0,1,3,A,-,12,21453,A,N,A,C,A,A,H,-,B,A,0,NA,NA,NA,NA,Y,NA,A,07,0,0,1,0,0,0,0,0,0,-,-,33.749820709228516,-117.86763763427734,ORANGE,SANTA ANA,-117.86760711669922,33.75062942504883
82257729,2023,2023-12-11,3019,2023-12-06,646,3439,SC,3,5,7,3019,0,0,0,NA,0,004,GLENWOOD PLACE,TOWNER STREET,10,E,N,A,-,N,NA,NA,NA,NA,NA,NA,NA,NA,NA,N,4,0,1,2,A,-,10,21950,A,N,G,B,B,A,H,-,A,D,0,Y,NA,NA,NA,Y,NA,A,07,0,0,1,0,1,0,0,0,0,-,-,33.721500396728516,-117.87978363037108,ORANGE,SANTA ANA,-117.87957763671876,33.72145080566406
82258045,2023,2023-12-14,3024,2023-02-28,2221,540,P-14,2,5,5,3024,0,0,0,NA,0,WEST,BOLSA CHICA ROAD,RANCHO ROAD,0,NA,Y,B,C,N,NA,NA,NA,NA,NA,NA,NA,NA,NA,Y,1,1,0,1,A,-,01,23152,A,N,E,I,A,B,H,-,C,A,0,NA,NA,NA,NA,Y,NA,A,01,0,0,0,0,0,0,0,0,0,-,-,33.750389099121094,-118.04469299316406,ORANGE,WESTMINSTER,-118.04196166992188,33.750125885009766
82259437,2023,2023-12-18,3008,2023-08-29,1640,1573,ZONE,2,5,6,3008,0,0,0,NA,0,NA,ORANGETHORPE AVE,GILBERT ST,276,E,N,A,-,N,NA,NA,NA,NA,NA,NA,NA,NA,NA,N,2,0,1,2,A,-,07,21658,A,N,D,G,A,A,H,-,A,D,0,NA,Y,NA,NA,Y,NA,L,04,1,0,0,0,0,0,1,0,0,-,-,NA,NA,ORANGE,FULLERTON,-117.96710968017578,33.85935974121094
82260341,2023,2023-12-12,3014,2023-11-28,1003,1483,RD28,2,5,5,3014,0,0,0,NA,0,A2,IRVINE AVE,16TH ST,0,NA,Y,A,-,N,NA,NA,NA,NA,NA,NA,NA,NA,NA,N,3,0,1,2,A,-,09,21802,A,M,H,G,A,A,H,-,A,A,0,NA,NA,NA,NA,Y,NA,A,07,0,1,0,0,0,0,0,0,0,-,-,33.6254997253418,-117.9113998413086,ORANGE,NEWPORT BEACH,-117.91146850585938,33.6256217956543
82262656,2023,2023-12-18,3001,2023-12-09,316,A2821,D-1,6,5,7,3001,0,0,0,NA,0,D-1,BROOKHURST STREET,CRESCENT AVENUE,285,S,N,A,-,N,NA,NA,NA,NA,NA,NA,NA,NA,NA,Y,1,1,1,2,-,-,-,NA,NA,N,A,C,A,A,H,-,C,D,0,NA,NA,NA,NA,Y,NA,-,-,0,0,1,0,0,0,0,0,0,-,-,33.83955001831055,-117.95919036865234,ORANGE,ANAHEIM,-117.95903778076172,33.83903884887695
82262723,2023,2023-12-15,3016,2023-11-30,2021,1291,03,4,5,5,3016,0,0,0,NA,0,001,BASTANCHURY ROAD,PLACENTIA AVENUE,150,E,N,A,-,N,NA,NA,NA,NA,NA,NA,NA,NA,NA,Y,3,0,1,2,A,-,01,23152,A,N,C,C,A,A,H,-,C,A,0,NA,NA,NA,NA,Y,Y,A,01,0,1,0,0,0,0,0,0,0,-,-,33.896358489990234,-117.87242126464844,ORANGE,PLACENTIA,-117.87183380126952,33.89632034301758
82264191,2023,2023-12-18,3024,2023-11-02,1606,505,P-19,4,5,5,3024,0,0,0,NA,0,EAST,15TH STREET,NEWLAND STREET,0,NA,Y,A,-,N,NA,NA,NA,NA,NA,NA,NA,NA,NA,Y,3,0,2,2,A,-,12,21453,A,N,D,C,A,A,H,-,A,A,0,NA,NA,NA,NA,Y,NA,-,-,0,1,1,0,0,0,0,0,0,-,-,33.75790023803711,-117.9807586669922,ORANGE,WESTMINSTER,-117.98104858398438,33.75780487060547
82265365,2023,2023-12-19,3026,2023-12-07,1428,11846,NA,4,5,6,3026,0,0,0,NA,0,003,CALIFORNIA AVE,CAMPUS DR,174,N,N,A,-,N,NA,NA,NA,NA,NA,NA,NA,NA,NA,N,2,0,1,2,A,-,11,21954,A,N,G,B,D,A,H,-,A,D,0,Y,NA,NA,NA,Y,NA,N,60,1,0,0,0,1,0,0,0,0,-,-,33.64868927001953,-117.83022308349608,ORANGE,IRVINE,-117.8302764892578,33.6494026184082
82267968,2023,2023-12-21,3024,2023-11-17,1437,468,P-13,5,5,5,3024,0,0,0,NA,0,EAST,JACKSON STREET,24TH STREET,19,N,N,A,-,N,NA,NA,NA,NA,NA,NA,NA,NA,NA,Y,3,0,1,2,A,-,03,22350,NA,N,B,E,A,A,H,-,A,D,0,NA,NA,NA,NA,Y,NA,A,01,0,1,0,0,0,0,0,0,0,-,-,33.76509094238281,-117.987548828125,ORANGE,WESTMINSTER,-117.98766326904295,33.76543045043945
82268922,2023,2023-12-22,3019,2023-12-13,742,2801,SE,3,5,7,3019,0,0,0,NA,0,003,MAIN STREET,MCFADDEN AVENUE,0,NA,Y,A,-,N,NA,NA,NA,NA,NA,NA,NA,NA,NA,N,4,0,1,2,A,-,12,21453,A,M,D,C,A,A,H,-,A,A,0,NA,NA,NA,NA,Y,NA,-,-,0,0,1,0,0,0,0,0,0,-,-,33.73373031616211,-117.86808776855467,ORANGE,SANTA ANA,-117.86772918701172,33.73343276977539
82270501,2023,2023-12-28,3008,2023-09-15,1410,1582,ZONE,5,5,6,3008,0,0,0,NA,0,NA,COMMONWEALTH AVE,WOODS AVE,381,W,N,A,-,N,NA,NA,NA,NA,NA,NA,NA,NA,NA,Y,4,0,1,2,A,-,09,21804,A,N,D,C,A,A,H,-,A,A,0,NA,NA,NA,NA,Y,NA,A,07,0,0,1,0,0,0,0,0,0,-,-,NA,NA,ORANGE,FULLERTON,-117.93878936767578,33.870243072509766
82271815,2023,2024-02-20,3008,2023-11-10,1506,1676,ZONE,5,5,6,3008,0,0,0,NA,0,NA,HARBOR BLVD,CHAPMAN AVE,0,NA,Y,A,-,N,NA,NA,NA,NA,NA,NA,NA,NA,NA,N,4,0,1,2,A,-,10,21950,A,N,G,B,B,A,H,-,A,A,0,Y,NA,NA,NA,Y,NA,A,01,0,0,1,0,1,0,0,0,0,-,-,NA,NA,ORANGE,FULLERTON,-117.9243392944336,33.873931884765625
82273111,2023,2023-12-29,3001,2023-12-19,1808,A2484,D-3,2,5,7,3001,0,0,0,NA,0,D-3,SUNKIST STREET,SOUTH STREET,0,NA,Y,A,-,N,NA,NA,NA,NA,NA,NA,NA,NA,NA,Y,4,0,2,2,A,-,09,21801,A,N,A,C,A,A,H,-,C,A,0,NA,NA,NA,NA,Y,NA,A,01,0,0,2,0,0,0,0,0,0,-,-,NA,NA,ORANGE,ANAHEIM,-117.88053131103516,33.83265686035156
82273117,2023,2023-12-28,3001,2023-12-20,2321,A1906,D-1,3,5,7,3001,0,0,0,NA,0,D-1,LA PALMA AVENUE,SEQUOIA AVENUE,119,W,N,B,-,N,NA,NA,NA,NA,NA,NA,NA,NA,NA,Y,4,0,1,1,A,-,08,22107,NA,N,E,I,A,B,H,-,C,D,0,NA,NA,NA,NA,Y,NA,A,01,0,0,1,0,0,0,0,0,0,-,-,NA,NA,ORANGE,ANAHEIM,-117.9657974243164,33.846920013427734
82273121,2023,2023-12-28,3001,2023-12-22,1030,A2312,D-1,5,5,7,3001,0,0,0,NA,0,D-1,CRESCENT AVENUE,BROOKHURST STREET,27,W,N,C,-,N,NA,NA,NA,NA,NA,NA,NA,NA,NA,Y,4,0,4,3,A,-,12,21453,A,N,D,C,A,B,H,-,A,A,0,NA,NA,NA,NA,Y,NA,A,07,0,0,4,0,0,0,0,0,0,-,-,NA,NA,ORANGE,ANAHEIM,-117.95913696289063,33.83982467651367
82273127,2023,2023-12-28,3001,2023-12-22,1709,A2332,D-4,5,5,7,3001,0,0,0,NA,0,D-4,LINCOLN AVENUE,SR 57 NB OFF-RAMP,0,W,Y,A,-,N,NA,NA,NA,NA,NA,NA,NA,NA,NA,Y,4,0,1,2,A,-,12,21453,A,N,D,C,A,A,H,-,C,A,0,NA,NA,NA,NA,Y,NA,D,22,0,0,1,0,0,0,0,0,0,-,-,NA,NA,ORANGE,ANAHEIM,-117.8759536743164,33.83781433105469
82274419,2023,2023-12-29,3001,2023-12-12,2210,A1278,NA,2,5,7,3001,0,0,0,NA,0,D-3,ANAHEIM WAY,LEWIS ST,70,S,N,A,-,N,NA,NA,NA,NA,NA,NA,NA,NA,NA,N,4,0,1,2,A,-,17,21657,NA,F,A,C,A,A,H,-,C,A,0,NA,NA,NA,NA,Y,NA,A,01,0,0,1,0,0,0,0,0,0,-,-,NA,NA,ORANGE,ANAHEIM,-117.8982162475586,33.800724029541016
82276172,2023,2024-01-03,3001,2023-12-03,238,A1962,NA,7,5,7,3001,0,0,0,NA,0,NA,SOUTH STREET,RIO VISTA STREET,4,W,N,A,-,N,NA,NA,NA,NA,NA,NA,NA,NA,NA,Y,3,0,1,2,A,-,01,23152,B,N,C,E,A,A,H,-,C,A,0,NA,NA,NA,NA,Y,Y,A,01,0,1,0,0,0,0,0,0,0,-,-,33.83243179321289,-117.87196350097656,ORANGE,ANAHEIM,-117.8717041015625,33.83266067504883
82277461,2023,2024-01-10,3001,2023-12-12,1848,A2092,D-1,2,5,7,3001,0,0,0,NA,0,D-1,BROOKHURST STREET,ORANGE AVENUE,688,N,N,A,-,N,NA,NA,NA,NA,NA,NA,NA,NA,NA,Y,2,0,3,2,A,-,05,21650,NA,N,A,C,A,A,H,-,C,D,0,NA,NA,NA,NA,Y,NA,D,22,2,0,1,0,0,0,0,0,0,-,-,33.82490158081055,-117.95880889892578,ORANGE,ANAHEIM,-117.95894622802734,33.8269157409668
82278788,2023,2024-01-04,3010,2023-12-18,2027,2092,422,1,5,6,3010,0,0,0,NA,0,005,GARFIELD AVE,DELAWARE ST,0,NA,Y,B,-,N,NA,NA,NA,NA,NA,NA,NA,NA,NA,Y,4,0,6,2,A,-,09,21801,A,N,D,C,A,A,H,-,C,A,0,NA,NA,NA,NA,Y,NA,A,07,0,0,6,0,0,0,0,0,0,-,-,33.68655014038086,-117.99302673339844,ORANGE,HUNTINGTON BEACH,-117.9931411743164,33.6866569519043
82280010,2024,2024-01-05,3010,2024-01-01,1726,1224,273,1,5,6,3010,0,0,0,NA,0,006,BEACH BL - SR39,WARNER AVE,20,S,N,A,-,Y,ORA,NA,39,NA,NA,4.632,H,NA,R,N,4,0,1,2,A,-,03,22350,NA,N,C,C,A,A,H,-,C,A,0,NA,NA,NA,NA,Y,NA,A,01,0,0,1,0,0,0,0,0,0,-,-,33.71569061279297,-117.98902893066406,ORANGE,HUNTINGTON BEACH,-117.98899841308594,33.71569061279297