CASE_ID,ACCIDENT_YEAR,PROC_DATE,JURIS,COLLISION_DATE,COLLISION_TIME,OFFICER_ID,REPORTING_DISTRICT,DAY_OF_WEEK,CHP_SHIFT,POPULATION,CNTY_CITY_LOC,SPECIAL_COND,BEAT_TYPE,CHP_BEAT_TYPE,CITY_DIVISION_LAPD,CHP_BEAT_CLASS,BEAT_NUMBER,PRIMARY_RD,SECONDARY_RD,DISTANCE,DIRECTION,INTERSECTION,WEATHER_1,WEATHER_2,STATE_HWY_IND,CALTRANS_COUNTY,CALTRANS_DISTRICT,STATE_ROUTE,ROUTE_SUFFIX,POSTMILE_PREFIX,POSTMILE,LOCATION_TYPE,RAMP_INTERSECTION,SIDE_OF_HWY,TOW_AWAY,COLLISION_SEVERITY,NUMBER_KILLED,NUMBER_INJURED,PARTY_COUNT,PRIMARY_COLL_FACTOR,PCF_CODE_OF_VIOL,PCF_VIOL_CATEGORY,PCF_VIOLATION,PCF_VIOL_SUBSECTION,HIT_AND_RUN,TYPE_OF_COLLISION,MVIW,PED_ACTION,ROAD_SURFACE,ROAD_COND_1,ROAD_COND_2,LIGHTING,CONTROL_DEVICE,CHP_ROAD_TYPE,PEDESTRIAN_ACCIDENT,BICYCLE_ACCIDENT,MOTORCYCLE_ACCIDENT,TRUCK_ACCIDENT,NOT_PRIVATE_PROPERTY,ALCOHOL_INVOLVED,STWD_VEHTYPE_AT_FAULT,CHP_VEHTYPE_AT_FAULT,COUNT_SEVERE_INJ,COUNT_VISIBLE_INJ,COUNT_COMPLAINT_PAIN,COUNT_PED_KILLED,COUNT_PED_INJURED,COUNT_BICYCLIST_KILLED,COUNT_BICYCLIST_INJURED,COUNT_MC_KILLED,COUNT_MC_INJURED,PRIMARY_RAMP,SECONDARY_RAMP,LATITUDE,LONGITUDE,COUNTY,CITY,POINT_X,POINT_Y
8339835,2017,2017-04-06,3010,2017-03-27,1514,1059,445,1,5,6,3010,0,0,0,NA,0,003,ADAMS AV,MAGNOLIA ST,271,E,N,A,-,N,NA,NA,NA,NA,NA,NA,NA,NA,NA,Y,4,0,2,2,A,-,04,21703,NA,N,C,C,A,A,H,-,A,D,0,NA,NA,NA,NA,Y,NA,D,22,0,0,2,0,0,0,0,0,0,-,-,NA,NA,ORANGE,HUNTINGTON BEACH,-117.97041134,33.67219
8339926,2017,2017-04-06,3019,2017-03-22,2500,3477,NE,3,5,7,3019,0,0,0,NA,0,001,LINCOLN AV,21ST ST,0,NA,Y,A,-,N,NA,NA,NA,NA,NA,NA,NA,NA,NA,N,3,0,1,1,A,-,08,22107,NA,M,F,A,A,A,H,-,B,D,0,NA,NA,Y,NA,Y,NA,C,02,0,1,0,0,0,0,0,0,1,-,-,33.76338,-117.85592,ORANGE,SANTA ANA,-117.85605003,33.76329011
8340153,2017,2017-04-17,3019,2017-02-23,0044,3449,NE,4,5,7,3019,0,0,0,NA,0,002,BROADWAY,20TH ST,400,N,N,A,-,N,NA,NA,NA,NA,NA,NA,NA,NA,NA,N,4,0,1,2,A,-,00,21760,A,N,H,G,A,A,H,-,C,D,0,NA,Y,NA,NA,Y,NA,A,01,0,0,1,0,0,0,1,0,0,-,-,NA,NA,ORANGE,SANTA ANA,-117.8695785,33.76364643
8340224,2017,2017-04-06,3019,2017-03-17,1934,3440,NE,5,5,7,3019,0,0,0,NA,0,002,17TH ST,MAIN ST,9,W,N,A,-,N,NA,NA,NA,NA,NA,NA,NA,NA,NA,N,4,0,2,2,A,-,03,22350,NA,N,C,C,A,A,H,-,C,A,0,NA,NA,NA,NA,Y,NA,A,07,0,0,2,0,0,0,0,0,0,-,-,NA,NA,ORANGE,SANTA ANA,-117.86759,33.76011
8340275,2017,2017-04-10,3019,2017-03-15,1742,3317,SE,3,5,7,3019,0,0,0,NA,0,003,SAINT GERTRUDE PL,CEDAR ST,0,NA,Y,A,-,N,NA,NA,NA,NA,NA,NA,NA,NA,NA,Y,4,0,1,2,A,-,09,21802,A,N,D,C,A,A,H,-,A,A,0,NA,NA,NA,NA,Y,NA,A,01,0,0,1,0,0,0,0,0,0,-,-,33.7197,-117.8587,ORANGE,SANTA ANA,-117.85876004,33.71960004
8341249,2017,2017-04-19,3015,2017-03-15,1228,1440,164,3,5,6,3015,0,0,0,NA,0,903,EAST CHAPMAN AV,N JAMBOREE RD,0,NA,Y,A,-,N,NA,NA,NA,NA,NA,NA,NA,NA,NA,Y,4,0,2,3,A,-,12,21453,A,N,A,C,A,A,H,-,A,A,0,NA,NA,NA,NA,Y,NA,A,01,0,0,2,0,0,0,0,0,0,-,-,NA,NA,ORANGE,ORANGE,-117.76144,33.79224006
8341621,2017,2017-04-25,3019,2017-04-06,1339,3198,SC,4,5,7,3019,0,0,0,NA,0,004,MACARTHUR BL,BRISTOL ST,419,E,N,A,-,N,NA,NA,NA,NA,NA,NA,NA,NA,NA,Y,3,0,3,3,A,-,03,22350,NA,N,C,C,A,A,H,-,A,D,0,NA,NA,NA,NA,Y,NA,A,01,0,3,0,0,0,0,0,0,0,-,-,33.69998,-117.88549,ORANGE,SANTA ANA,-117.88423583,33.70007
8341824,2017,2017-04-20,3019,2017-03-31,1451,3196,SC,5,5,7,3019,0,0,0,NA,0,004,BRISTOL ST,HEMLOCK WY,272,N,N,A,-,N,NA,NA,NA,NA,NA,NA,NA,NA,NA,N,4,0,1,2,A,-,09,21804,A,N,H,G,A,A,H,-,A,D,0,NA,Y,NA,NA,Y,NA,A,01,0,0,1,0,0,0,1,0,0,-,-,33.70983,-117.88523,ORANGE,SANTA ANA,-117.88543,33.71058561
8342469,2017,2017-06-30,3012,2017-03-04,1309,640,46,6,5,5,3012,0,0,0,NA,0,004,E IMPERIAL HWY,CYPRESS,410,E,N,A,-,Y,ORA,12,90,-,-,1.98,H,-,W,Y,4,0,2,3,A,-,03,22350,NA,N,C,C,A,A,H,-,A,D,0,NA,NA,NA,NA,Y,NA,A,01,0,0,2,0,0,0,0,0,0,-,-,NA,NA,ORANGE,LA HABRA,-117.94231543,33.91740486
8343347,2017,2017-06-27,3011,2017-03-17,1002,31431,86,5,5,4,3011,0,0,0,NA,0,003,RT 1,VISTA DEL SOL,32,S,N,B,-,Y,ORA,12,1,-,-,4.89,H,-,N,Y,3,0,3,2,A,-,03,22350,NA,N,C,C,A,A,H,-,A,A,0,NA,NA,NA,Y,Y,NA,F,26,0,1,2,0,0,0,0,0,0,-,-,NA,NA,ORANGE,LAGUNA BEACH,-117.73475525,33.49267611
8343953,2017,2017-04-12,3004,2017-03-23,1203,P459,35,4,5,6,3004,0,0,0,NA,0,015,FAIR DR,FAIRVIEW RD,301,E,N,A,-,N,NA,NA,NA,NA,NA,NA,NA,NA,NA,Y,4,0,2,2,A,-,03,22350,NA,N,C,C,A,A,H,-,A,A,0,NA,NA,NA,NA,Y,NA,A,01,0,0,2,0,0,0,0,0,0,-,-,33.395,-117.5423,ORANGE,COSTA MESA,-117.90675405,33.66385
8344243,2017,2017-04-19,3014,2017-03-31,1056,1462,RD34,5,5,5,3014,0,0,0,NA,0,0A3,MACARTHUR BL,CAMPUS DR,0,NA,Y,A,-,N,NA,NA,NA,NA,NA,NA,NA,NA,NA,N,4,0,1,2,A,-,12,21453,A,N,D,C,A,A,H,-,A,A,0,NA,NA,NA,NA,Y,NA,A,07,0,0,1,0,0,0,0,0,0,-,-,33.671,-117.864,ORANGE,NEWPORT BEACH,-117.86403006,33.67171004
8344510,2017,2017-04-19,3019,2017-03-23,0731,029,NA,4,5,7,3019,0,0,0,NA,0,NA,W CENTRAL AV,BRISTOL ST,198,E,N,A,-,N,NA,NA,NA,NA,NA,NA,NA,NA,NA,N,4,0,1,2,D,-,00,NA,NA,N,H,G,A,A,H,-,A,D,0,NA,Y,NA,NA,Y,NA,-,-,0,0,1,0,0,0,1,0,0,-,-,NA,NA,ORANGE,SANTA ANA,-117.88474058,33.71255045
8346194,2017,2017-04-26,3010,2017-03-31,1451,1176,445,5,5,6,3010,0,0,0,NA,0,003,MAGNOLIA,MEDITERRANEAN,245,N,N,A,-,N,NA,NA,NA,NA,NA,NA,NA,NA,NA,Y,3,0,2,4,A,-,03,22350,NA,N,C,C,A,A,H,-,A,A,0,NA,NA,NA,NA,Y,NA,D,22,0,1,1,0,0,0,0,0,0,-,-,NA,NA,ORANGE,HUNTINGTON BEACH,-117.97128,33.67044168
8346310,2017,2017-04-20,3010,2017-04-01,1844,1176,462,6,5,6,3010,0,0,0,NA,0,002,HUNTINGTON,PACIFIC VIEW,0,NA,Y,A,-,N,NA,NA,NA,NA,NA,NA,NA,NA,NA,N,3,0,1,1,A,-,08,22107,NA,N,E,I,A,A,H,-,A,D,0,NA,Y,NA,NA,Y,Y,L,04,0,1,0,0,0,0,1,0,0,-,-,NA,NA,ORANGE,HUNTINGTON BEACH,-117.99490013,33.65429003
8347347,2017,2017-04-19,3000,2017-03-24,1015,1056,890A7,5,5,5,3028,0,0,0,NA,0,051,SALSA VERDE,ENCORVADO LN,44,E,N,A,-,N,NA,NA,NA,NA,NA,NA,NA,NA,NA,Y,3,0,1,1,A,-,03,22350,NA,F,E,I,A,A,H,-,A,A,0,NA,NA,NA,NA,Y,NA,A,01,0,1,0,0,0,0,0,0,0,-,-,33.60889,-117.67469,ORANGE,MISSION VIEJO,-117.67475953,33.60980126
83491222,2024,2024-08-05,3008,2024-06-19,827,1582,NA,3,5,6,3008,0,0,0,NA,0,NA,COMMONWEALTH AVE,GILBERT ST,7,W,N,A,-,N,NA,NA,NA,NA,NA,NA,NA,NA,NA,Y,4,0,2,3,A,-,09,21453,B,N,D,C,A,A,H,-,A,A,0,NA,NA,NA,NA,Y,NA,A,01,0,0,2,0,0,0,0,0,0,-,-,33.86994171142578,-117.96797943115234,ORANGE,FULLERTON,-117.96824645996094,33.87004852294922
8349348,2017,2017-04-20,3012,2017-03-31,1629,288,42,5,5,5,3012,0,0,0,NA,0,0SE,EUCLID ST,ELECTRIC AV,0,NA,Y,A,-,N,NA,NA,NA,NA,NA,NA,NA,NA,NA,N,3,0,1,2,A,-,05,21650,1,N,D,G,A,A,H,-,A,A,0,NA,Y,NA,NA,Y,NA,L,04,0,1,0,0,0,0,1,0,0,-,-,NA,NA,ORANGE,LA HABRA,-117.94608008,33.92801011
8349452,2017,2017-05-01,3003,2017-04-10,1705,665,23,1,5,5,3003,0,0,0,NA,0,008,WESTERN AV,ORANGETHORPE AV,138,N,N,A,-,N,NA,NA,NA,NA,NA,NA,NA,NA,NA,N,4,0,1,2,A,-,03,22350,NA,N,C,C,A,A,H,-,A,A,0,NA,NA,NA,Y,Y,NA,F,26,0,0,1,0,0,0,0,0,0,-,-,33.8595,-118.0025,ORANGE,BUENA PARK,-118.00248676,33.85933833
8349488,2017,2017-05-01,3019,2017-04-11,1438,3490,NE,2,5,7,3019,0,0,0,NA,0,002,MAIN ST,20TH ST,0,NA,Y,A,-,N,NA,NA,NA,NA,NA,NA,NA,NA,NA,Y,3,0,2,3,A,-,03,22350,NA,N,C,C,A,A,H,-,A,A,0,NA,NA,NA,NA,Y,NA,D,22,0,1,1,0,0,0,0,0,0,-,-,33.76277,-117.8675,ORANGE,SANTA ANA,-117.86753001,33.76254009
8350139,2017,2017-04-21,3016,2017-03-21,1504,2157,27,2,5,5,3016,0,0,0,NA,0,002,KRAEMER BL,ALTA VISTA ST,20,S,N,B,-,N,NA,NA,NA,NA,NA,NA,NA,NA,NA,N,4,0,1,2,A,-,03,22350,NA,N,C,C,A,B,H,-,A,A,0,NA,NA,NA,NA,Y,NA,A,01,0,0,1,0,0,0,0,0,0,-,-,33.87645,-117.86188,ORANGE,PLACENTIA,-117.86213658,33.87641633
8350948,2017,2018-03-27,3002,2017-04-12,1723,1657,337X,3,5,4,3002,0,0,0,NA,0,012,CARBON CANYON RD,MPM 5.3,351,W,N,A,-,Y,ORA,12,142,-,-,5.23,H,-,W,Y,4,0,1,1,C,-,18,NA,NA,N,E,I,A,A,H,-,A,D,0,NA,NA,NA,NA,Y,NA,-,-,0,0,1,0,0,0,0,0,0,-,-,NA,NA,ORANGE,BREA,-117.79390291,33.93376145
8350952,2017,2017-05-01,3024,2017-03-13,2012,422,P11,1,5,5,3024,0,0,0,NA,0,WEST,TRASK AV,GOLDENWEST ST,595,E,N,A,-,N,NA,NA,NA,NA,NA,NA,NA,NA,NA,N,4,0,1,2,A,-,03,22350,NA,N,C,C,A,A,H,-,C,A,0,NA,NA,NA,NA,Y,NA,D,22,0,0,1,0,0,0,0,0,0,-,-,NA,NA,ORANGE,WESTMINSTER,-118.00529711,33.7664
8351089,2017,2017-05-02,3010,2017-04-14,1722,1225,437,5,5,6,3010,0,0,0,NA,0,003,BROOKHURST,BEACHMONT AV,0,NA,Y,A,-,N,NA,NA,NA,NA,NA,NA,NA,NA,NA,Y,2,0,4,2,A,-,09,21801,A,N,D,C,A,A,H,-,A,A,0,NA,NA,NA,NA,Y,NA,A,01,1,0,3,0,0,0,0,0,0,-,-,NA,NA,ORANGE,HUNTINGTON BEACH,-117.95398900000001,33.673767
8351211,2017,2017-04-28,3024,2017-03-29,1751,411,P11,3,5,5,3024,0,0,0,NA,0,WEST,WESTMINSTER BL,CHESTNUT ST,134,W,N,A,-,N,NA,NA,NA,NA,NA,NA,NA,NA,NA,Y,4,0,1,2,A,-,09,21804,NA,N,B,C,A,A,H,-,A,D,0,NA,NA,NA,NA,Y,NA,A,01,0,0,1,0,0,0,0,0,0,-,-,NA,NA,ORANGE,WESTMINSTER,-118.00325987,33.75914
8351864,2017,2018-04-23,3026,2017-04-06,0929,4991,NA,4,5,6,3026,0,0,0,NA,0,00U,CULVER,RT 405,57,S,N,A,-,Y,ORA,12,405,-,-,5.733,R,4,S,Y,4,0,1,2,A,-,03,22350,NA,N,C,C,A,A,H,-,A,A,0,NA,NA,NA,NA,Y,NA,A,01,0,0,1,0,0,0,0,0,0,-,SF,NA,NA,ORANGE,IRVINE,-117.82472765,33.66998572
8352943,2017,2017-04-25,3019,2017-03-30,2038,3294,WE,4,5,7,3019,0,0,0,NA,0,001,LAIRD,MONICA,50,N,N,A,-,N,NA,NA,NA,NA,NA,NA,NA,NA,NA,Y,4,0,2,3,A,-,01,23152,A,N,D,E,A,A,H,-,C,D,0,NA,NA,NA,NA,Y,Y,A,01,0,0,2,0,0,0,0,0,0,-,-,NA,NA,ORANGE,SANTA ANA,-117.89913171,33.76873707
8353096,2017,2017-04-26,3019,2017-04-06,1509,3198,SC,4,5,7,3019,0,0,0,NA,0,004,FAIRVIEW ST,WARNER AV,150,S,N,A,-,N,NA,NA,NA,NA,NA,NA,NA,NA,NA,N,4,0,1,2,A,-,03,22350,NA,N,C,C,A,A,H,-,A,D,0,NA,NA,NA,NA,Y,NA,A,07,0,0,1,0,0,0,0,0,0,-,-,33.71525,-117.90805,ORANGE,SANTA ANA,-117.90789663,33.71479878
8354062,2017,2017-05-03,3013,2017-04-07,0756,191,3013,5,5,3,3013,0,0,0,NA,0,NA,LOS ALAMITOS BL,SERPENTINE DR,0,NA,Y,A,-,N,NA,NA,NA,NA,NA,NA,NA,NA,NA,Y,4,0,2,2,A,-,06,21755,A,N,D,C,A,A,H,-,A,D,0,NA,NA,NA,NA,Y,NA,A,01,0,0,2,0,0,0,0,0,0,-,-,NA,NA,ORANGE,LOS ALAMITOS,-118.0718601,33.80795002
8354576,2017,2017-05-08,3000,2017-04-12,0755,2647,972B2,3,5,4,3018,0,0,0,NA,0,833,CAMINO CAPISTRANO,STONEHILL DR,379,N,N,A,-,N,NA,NA,NA,NA,NA,NA,NA,NA,NA,Y,3,0,3,2,A,-,05,21651,A,N,A,C,A,A,H,-,A,D,0,NA,NA,NA,NA,Y,NA,A,01,0,1,2,0,0,0,0,0,0,-,-,NA,NA,ORANGE,SAN JUAN CAPISTRANO,-117.67508989,33.4745221
8354666,2017,2017-05-08,3008,2017-02-12,1846,1515,Z3,7,5,6,3008,0,0,0,NA,0,NA,PLACENTIA AV,GARNET LN,36,N,N,A,-,N,NA,NA,NA,NA,NA,NA,NA,NA,NA,Y,4,0,1,1,A,-,01,23152,E,N,E,I,A,A,H,-,C,A,0,NA,NA,NA,NA,Y,NA,A,01,0,0,1,0,0,0,0,0,0,-,-,NA,NA,ORANGE,FULLERTON,-117.87523375,33.88679623
8354847,2017,2017-05-05,3008,2017-01-24,1021,1407,NA,2,5,6,3008,0,0,0,NA,0,Z-2,BASTANCHURY RD,ASSOCIATED RD,0,NA,Y,A,-,N,NA,NA,NA,NA,NA,NA,NA,NA,NA,N,4,0,1,2,A,-,09,21801,A,N,D,G,A,A,H,-,A,A,0,NA,Y,NA,NA,Y,NA,A,01,0,0,1,0,0,0,1,0,0,-,-,NA,NA,ORANGE,FULLERTON,-117.88563009,33.89336007
8355073,2017,2017-05-09,3004,2017-04-16,2006,P486,02,7,5,6,3004,0,0,0,NA,0,007,WEST 19TH ST,POMONA AV,11,W,N,A,-,N,NA,NA,NA,NA,NA,NA,NA,NA,NA,N,3,0,1,2,A,-,12,21453,A,F,G,B,B,A,H,-,C,A,0,Y,NA,NA,NA,Y,NA,A,01,0,1,0,0,1,0,0,0,0,-,-,33.64341,-117.9276,ORANGE,COSTA MESA,-117.92770606,33.64339
8357229,2017,2017-05-03,3001,2017-03-24,2129,415,NA,5,5,7,3001,0,0,0,NA,0,0D2,HARBOR BL,LINCOLN AV,0,NA,Y,A,-,N,NA,NA,NA,NA,NA,NA,NA,NA,NA,Y,4,0,2,2,A,-,09,21801,A,N,A,C,A,A,H,-,C,A,0,NA,NA,NA,NA,Y,NA,A,01,0,0,2,0,0,0,0,0,0,-,-,NA,NA,ORANGE,ANAHEIM,-117.91962007,33.83418002
8357736,2017,2017-05-05,3000,2017-04-06,1551,1056,922C6,4,5,5,3028,0,0,0,NA,0,051,CROWN VALLEY PKWY,MARGUERITE PKWY,0,NA,Y,B,-,N,NA,NA,NA,NA,NA,NA,NA,NA,NA,Y,4,0,2,4,A,-,09,21453,C,N,D,C,A,A,H,-,A,A,0,NA,NA,NA,NA,Y,NA,A,01,0,0,2,0,0,0,0,0,0,-,-,33.56383,-117.66029,ORANGE,MISSION VIEJO,-117.65821004,33.56336
8357744,2017,2017-05-05,3000,2017-04-25,0725,5348,992H3,2,5,5,3017,0,0,0,NA,0,6M75,AVENIDA PICO,CALLE DE LOS MOLINOS,0,NA,Y,A,-,N,NA,NA,NA,NA,NA,NA,NA,NA,NA,N,4,0,1,2,A,-,09,21453,B,N,D,G,A,A,H,-,A,A,0,NA,Y,NA,NA,Y,NA,A,07,0,0,1,0,0,0,1,0,0,-,-,NA,NA,ORANGE,SAN CLEMENTE,-117.62494005,33.43674011
8358723,2017,2017-06-29,3024,2017-03-31,2207,410,P13,5,5,5,3024,0,0,0,NA,0,EAST,RT 39,WESTMINSTER BL,20,N,N,A,-,Y,ORA,12,39,-,-,7.64,H,-,N,N,4,0,1,3,A,-,03,22350,NA,N,C,C,A,A,H,-,C,A,0,NA,NA,NA,NA,Y,NA,A,01,0,0,1,0,0,0,0,0,0,-,-,NA,NA,ORANGE,WESTMINSTER,-117.98955924,33.75930566
8358948,2017,2017-05-08,3000,2017-03-25,1845,5455,893C2,6,5,4,3048,0,0,0,NA,0,767,PLANO TRABUCO RD,ALAS DE PAZ,0,NA,Y,A,-,N,NA,NA,NA,NA,NA,NA,NA,NA,NA,Y,4,0,5,2,A,-,12,21453,A,N,D,C,A,A,H,-,A,A,0,NA,NA,NA,NA,Y,NA,A,01,0,0,5,0,0,0,0,0,0,-,-,NA,NA,ORANGE,RANCHO SANTA MARGARITA,-117.57799012,33.64443005
8358967,2017,2017-05-08,3004,2017-03-29,2005,P651,01,3,5,6,3004,0,0,0,NA,0,009,PLACENTIA AV,19TH ST,204,N,N,A,-,N,NA,NA,NA,NA,NA,NA,NA,NA,NA,N,4,0,2,2,A,-,03,22350,NA,F,C,C,A,A,H,-,C,A,0,NA,NA,NA,NA,Y,NA,-,99,0,0,2,0,0,0,0,0,0,-,-,33.6442,-117.9322,ORANGE,COSTA MESA,-117.93199948,33.64393924
8360434,2017,2017-05-15,3009,2017-04-21,2328,3445,124,5,5,6,3009,0,0,0,NA,0,2 1,EUCLID ST,STANFORD AV,165,S,N,A,-,N,NA,NA,NA,NA,NA,NA,NA,NA,NA,N,2,0,2,1,A,-,03,22350,NA,N,E,I,A,A,H,-,C,D,0,NA,NA,NA,Y,Y,NA,F,26,2,0,0,0,0,0,0,0,0,-,-,NA,NA,ORANGE,GARDEN GROVE,-117.93825761,33.77693213
8360543,2017,2017-05-17,3009,2017-04-28,2102,4435,80,5,5,6,3009,0,0,0,NA,0,1-2,GILBERT ST,KATELLA AV,125,S,N,A,-,N,NA,NA,NA,NA,NA,NA,NA,NA,NA,Y,3,0,5,2,A,-,09,21801,A,N,-,C,A,A,H,-,C,A,0,NA,NA,NA,NA,Y,NA,A,01,0,3,2,0,0,0,0,0,0,-,-,NA,NA,ORANGE,GARDEN GROVE,-117.96755354,33.80273733
8360555,2017,2017-05-17,3009,2017-04-19,1943,3397,135,3,5,6,3009,0,0,0,NA,0,2-3,TRASK AV,HARBOR BL,170,E,N,A,-,N,NA,NA,NA,NA,NA,NA,NA,NA,NA,N,4,0,1,2,A,-,11,21954,A,M,G,B,D,A,H,-,C,D,0,Y,NA,NA,NA,Y,NA,N,60,0,0,1,0,1,0,0,0,0,-,-,NA,NA,ORANGE,GARDEN GROVE,-117.91989242,33.76709336
8360969,2017,2017-05-16,3019,2017-04-19,1640,3151,WE,3,5,7,3019,0,0,0,NA,0,001,1ST ST,BAKER ST,0,NA,Y,A,-,N,NA,NA,NA,NA,NA,NA,NA,NA,NA,Y,4,0,1,2,A,-,09,21802,A,N,D,C,A,A,H,-,A,A,0,NA,NA,NA,NA,Y,NA,D,22,0,0,1,0,0,0,0,0,0,-,-,33.74554,-117.88256,ORANGE,SANTA ANA,-117.88279007,33.74554007
8361142,2017,2017-05-22,3001,2017-03-26,1246,A1853,NA,7,5,7,3001,0,0,0,NA,0,001,GRAND AV,TYLER AV,0,NA,Y,A,-,N,NA,NA,NA,NA,NA,NA,NA,NA,NA,Y,4,0,1,2,A,-,09,21801,A,N,D,C,A,A,H,-,A,D,0,NA,NA,NA,NA,Y,NA,D,22,0,0,1,0,0,0,0,0,0,-,-,NA,NA,ORANGE,ANAHEIM,-117.99792003,33.83381007
8361519,2017,2017-05-18,3001,2017-04-02,0914,1555,NA,7,5,7,3001,0,0,0,NA,0,0D1,WEST BALL RD,SOUTH BROOKHURST ST,67,W,N,A,-,N,NA,NA,NA,NA,NA,NA,NA,NA,NA,Y,3,0,4,4,A,-,03,22350,NA,N,C,C,A,A,H,-,A,D,0,NA,NA,Y,NA,Y,NA,C,02,0,1,3,0,0,0,0,0,4,-,-,NA,NA,ORANGE,ANAHEIM,-117.95915998,33.8177755
8361781,2016,2018-09-24,3002,2016-10-10,0259,3893,741E7,1,5,5,3025,0,0,0,NA,0,004,GYPSUM CANYON RD,RT 91,125,S,N,A,-,N,NA,NA,NA,NA,NA,NA,NA,NA,NA,Y,2,0,1,1,A,-,03,22350,NA,N,E,I,A,A,H,-,C,A,0,NA,NA,NA,NA,Y,NA,A,01,1,0,0,0,0,0,0,0,0,-,WO,NA,NA,ORANGE,YORBA LINDA,-117.71154,33.86685
8362059,2017,2018-03-21,3019,2017-04-22,1634,3425,WE,6,5,7,3019,0,0,0,NA,0,001,1ST ST,NEWHOPE ST,40,W,N,A,-,N,NA,NA,NA,NA,NA,NA,NA,NA,NA,Y,4,0,2,2,A,-,09,21804,A,N,A,C,A,A,H,-,A,A,0,NA,NA,NA,NA,Y,NA,A,01,0,0,2,0,0,0,0,0,0,-,-,33.7451,-117.92893,ORANGE,SANTA ANA,-117.92889127,33.7451
8365241,2017,2017-05-12,3019,2017-04-09,1434,3440,NE,7,5,7,3019,0,0,0,NA,0,NA,MABURY ST,17TH ST,223,S,N,A,-,N,NA,NA,NA,NA,NA,NA,NA,NA,NA,Y,4,0,1,2,A,-,09,21804,A,N,D,C,A,A,H,-,A,D,0,NA,NA,NA,NA,Y,Y,A,01,0,0,1,0,0,0,0,0,0,-,-,33.75982,-117.84384,ORANGE,SANTA ANA,-117.84383,33.75930874
8365363,2017,2018-03-23,3011,2017-04-26,2138,31401,83,3,5,4,3011,0,0,0,NA,0,003,COAST HWY,CAMEL POINT DR,6,E,N,A,-,Y,ORA,12,1,-,-,6.3,H,-,S,Y,4,0,1,2,A,-,03,22350,NA,N,C,C,A,A,H,-,C,D,0,NA,NA,NA,NA,Y,NA,A,01,0,0,1,0,0,0,0,0,0,-,-,NA,NA,ORANGE,LAGUNA BEACH,-117.75010807,33.50818539
8368072,2017,2017-05-26,3014,2017-05-10,1012,1046,RD34,3,5,5,3014,0,0,0,NA,0,0A3,CAMPUS DR,MACARTHUR BL,128,W,N,B,-,N,NA,NA,NA,NA,NA,NA,NA,NA,NA,N,3,0,2,3,A,-,03,22350,NA,N,C,C,A,A,H,-,A,A,0,NA,NA,NA,NA,Y,NA,A,01,0,1,1,0,0,0,0,0,0,-,-,33.6716,-117.8646,ORANGE,NEWPORT BEACH,-117.86443672,33.67162346
8368218,2017,2018-03-20,3000,2017-05-04,0835,2182,992H3,4,5,5,3017,0,0,0,NA,0,M73,EAST AVENIDA PICO,RT 5,435,E,N,A,B,N,NA,NA,NA,NA,NA,NA,NA,NA,NA,Y,3,0,1,2,A,-,09,21801,A,N,D,C,A,A,H,-,A,D,0,NA,NA,NA,NA,Y,NA,A,01,0,1,0,0,0,0,0,0,0,-,NF,NA,NA,ORANGE,SAN CLEMENTE,-117.62121711,33.43928315
8368247,2017,2018-10-02,3014,2017-04-26,1944,1382,RD15,3,5,5,3014,0,0,0,NA,0,0A1,WEST BALBOA BL,31ST ST,0,NA,Y,A,-,N,NA,NA,NA,NA,NA,NA,NA,NA,NA,N,1,1,0,2,A,-,09,21804,A,N,H,G,A,A,H,-,B,D,0,NA,Y,NA,NA,Y,NA,L,04,0,0,0,0,0,1,0,0,0,-,-,NA,NA,ORANGE,NEWPORT BEACH,-117.93216007,33.61425002
8368443,2017,2017-06-09,3002,2017-05-05,0831,1501,425W,5,5,4,3002,0,0,0,NA,0,B 11,CENTRAL,BREA BL,35,W,N,A,-,N,NA,NA,NA,NA,NA,NA,NA,NA,NA,Y,4,0,2,2,A,-,03,22350,NA,N,C,C,A,A,H,-,A,A,0,NA,NA,NA,NA,Y,NA,A,01,0,0,2,0,0,0,0,0,0,-,-,NA,NA,ORANGE,BREA,-117.89408237,33.93212081
8368566,2017,2017-05-22,3007,2017-04-24,1314,275,16,1,5,5,3007,0,0,0,NA,0,002,EDINGER,WARD,0,NA,Y,A,-,N,NA,NA,NA,NA,NA,NA,NA,NA,NA,N,4,0,1,2,A,-,10,21950,A,N,G,B,B,A,H,-,A,A,0,Y,NA,NA,NA,Y,NA,A,01,0,0,1,0,1,0,0,0,0,-,-,NA,NA,ORANGE,FOUNTAIN VALLEY,-117.94600008,33.73072012
8369294,2017,2017-05-30,3026,2017-05-02,1134,6352,NA,2,5,6,3026,0,0,0,NA,0,NA,JAMBOREE RD,MICHELSON DR,363,N,N,A,-,N,NA,NA,NA,NA,NA,NA,NA,NA,NA,N,4,0,1,3,A,-,03,22350,NA,N,C,C,A,A,H,-,A,A,0,NA,NA,NA,NA,Y,NA,A,01,0,0,1,0,0,0,0,0,0,-,-,NA,NA,ORANGE,IRVINE,-117.84703808,33.67347467
8369356,2017,2017-05-30,3007,2017-05-06,0410,299,28,6,5,5,3007,0,0,0,NA,0,002,HARBOR,HEIL,0,NA,Y,A,-,N,NA,NA,NA,NA,NA,NA,NA,NA,NA,Y,3,0,4,2,A,-,09,21801,A,N,D,C,A,A,H,-,C,A,0,NA,NA,NA,NA,Y,NA,A,01,0,1,3,0,0,0,0,0,0,-,-,NA,NA,ORANGE,FOUNTAIN VALLEY,-117.91982008,33.72377008
8369977,2017,2017-06-01,3012,2017-05-02,1526,649,13,2,5,5,3012,0,0,0,NA,0,001,WHITTIER,CHANTRY,18,W,N,A,-,N,NA,NA,NA,NA,NA,NA,NA,NA,NA,Y,4,0,1,2,A,-,09,21802,A,N,D,C,A,A,H,-,A,D,0,NA,NA,NA,NA,Y,NA,A,01,0,0,1,0,0,0,0,0,0,-,-,NA,NA,ORANGE,LA HABRA,-117.96983921,33.93981
8370366,2017,2017-05-24,3019,2017-05-06,0710,3413,WE,6,5,7,3019,0,0,0,NA,0,NA,1ST ST,COOPER ST,0,NA,Y,B,-,N,NA,NA,NA,NA,NA,NA,NA,NA,NA,Y,3,0,2,2,A,-,09,21802,NA,N,D,C,A,A,H,-,A,D,0,NA,NA,NA,NA,Y,NA,D,22,0,1,1,0,0,0,0,0,0,-,-,NA,NA,ORANGE,SANTA ANA,-117.94141008,33.74504006