CASE_ID,ACCIDENT_YEAR,PROC_DATE,JURIS,COLLISION_DATE,COLLISION_TIME,OFFICER_ID,REPORTING_DISTRICT,DAY_OF_WEEK,CHP_SHIFT,POPULATION,CNTY_CITY_LOC,SPECIAL_COND,BEAT_TYPE,CHP_BEAT_TYPE,CITY_DIVISION_LAPD,CHP_BEAT_CLASS,BEAT_NUMBER,PRIMARY_RD,SECONDARY_RD,DISTANCE,DIRECTION,INTERSECTION,WEATHER_1,WEATHER_2,STATE_HWY_IND,CALTRANS_COUNTY,CALTRANS_DISTRICT,STATE_ROUTE,ROUTE_SUFFIX,POSTMILE_PREFIX,POSTMILE,LOCATION_TYPE,RAMP_INTERSECTION,SIDE_OF_HWY,TOW_AWAY,COLLISION_SEVERITY,NUMBER_KILLED,NUMBER_INJURED,PARTY_COUNT,PRIMARY_COLL_FACTOR,PCF_CODE_OF_VIOL,PCF_VIOL_CATEGORY,PCF_VIOLATION,PCF_VIOL_SUBSECTION,HIT_AND_RUN,TYPE_OF_COLLISION,MVIW,PED_ACTION,ROAD_SURFACE,ROAD_COND_1,ROAD_COND_2,LIGHTING,CONTROL_DEVICE,CHP_ROAD_TYPE,PEDESTRIAN_ACCIDENT,BICYCLE_ACCIDENT,MOTORCYCLE_ACCIDENT,TRUCK_ACCIDENT,NOT_PRIVATE_PROPERTY,ALCOHOL_INVOLVED,STWD_VEHTYPE_AT_FAULT,CHP_VEHTYPE_AT_FAULT,COUNT_SEVERE_INJ,COUNT_VISIBLE_INJ,COUNT_COMPLAINT_PAIN,COUNT_PED_KILLED,COUNT_PED_INJURED,COUNT_BICYCLIST_KILLED,COUNT_BICYCLIST_INJURED,COUNT_MC_KILLED,COUNT_MC_INJURED,PRIMARY_RAMP,SECONDARY_RAMP,LATITUDE,LONGITUDE,COUNTY,CITY,POINT_X,POINT_Y
84418890,2024,2024-10-04,3010,2024-10-02,1918,1251,NA,3,5,6,3010,0,0,0,NA,0,004,SEAPOINT ST,PACIFIC COAST HWY - SR1,34,N,N,A,E,Y,ORA,NA,1,NA,NA,27.046,H,NA,R,Y,4,0,1,1,A,-,01,23152,F,N,E,I,A,A,H,-,C,A,0,NA,NA,NA,NA,Y,Y,A,01,0,0,1,0,0,0,0,0,0,-,-,33.68006134033203,-118.0322036743164,ORANGE,HUNTINGTON BEACH,-118.03215789794922,33.68009567260742
8441892,2017,2017-09-15,3004,2017-08-02,2040,P550,19,3,5,6,3004,0,0,0,NA,0,004,HARBOR BL,GISLER AV,603,S,N,A,-,N,NA,NA,NA,NA,NA,NA,NA,NA,NA,Y,4,0,1,2,A,-,03,22350,NA,N,C,C,A,A,H,-,C,D,0,NA,NA,NA,NA,Y,NA,A,01,0,0,1,0,0,0,0,0,0,-,-,33.68529,-117.91924,ORANGE,COSTA MESA,-117.91946859,33.68532689
8441950,2017,2017-09-01,3000,2017-08-11,1020,9704,892A6,5,5,5,3028,0,0,0,NA,0,051,VIA LINDA,ALICIA PKWY,310,N,N,A,-,N,NA,NA,NA,NA,NA,NA,NA,NA,NA,Y,4,0,1,3,A,-,04,21703,NA,N,C,C,A,A,H,-,A,D,0,NA,NA,NA,NA,Y,NA,D,22,0,0,1,0,0,0,0,0,0,-,-,33.61914,-117.67438,ORANGE,MISSION VIEJO,-117.67505129,33.6198579
8442675,2017,2017-09-05,3008,2017-05-13,1332,1523,NA,6,5,6,3008,0,0,0,NA,0,002,CHAPMAN AV,RAYMOND AV,308,W,N,A,-,N,NA,NA,NA,NA,NA,NA,NA,NA,NA,Y,4,0,3,4,A,-,03,22350,NA,N,C,C,A,A,H,-,A,D,0,NA,NA,NA,NA,Y,NA,D,22,0,0,3,0,0,0,0,0,0,-,-,NA,NA,ORANGE,FULLERTON,-117.90804216,33.87408615
8442774,2017,2017-08-31,3004,2017-08-04,1811,P541,12,5,5,6,3004,0,0,0,NA,0,015,FAIRWAY DR,MONTE VISTA AV,0,NA,Y,A,-,N,NA,NA,NA,NA,NA,NA,NA,NA,NA,N,4,0,1,2,A,-,06,21750,A,N,B,D,A,A,H,-,A,D,0,NA,NA,Y,NA,Y,NA,C,02,0,0,1,0,0,0,0,0,1,-,-,33.6577,-117.9032,ORANGE,COSTA MESA,-117.89528009,33.65687007
8442798,2017,2017-08-31,3009,2017-08-14,0123,3826,107,1,5,6,3009,0,0,0,NA,0,1-3,BROOKHURST ST,11TH ST,75,N,N,A,-,N,NA,NA,NA,NA,NA,NA,NA,NA,NA,Y,3,0,2,2,A,-,01,23152,A,M,A,C,A,A,H,-,C,A,0,NA,NA,NA,NA,Y,Y,A,01,0,1,1,0,0,0,0,0,0,-,-,NA,NA,ORANGE,GARDEN GROVE,-117.955,33.75425563
8442957,2017,2017-08-31,3009,2017-08-02,1516,3965,13,3,5,6,3009,0,0,0,NA,0,011,SAINT MARK ST,LAURELTON AV,25,S,N,B,-,N,NA,NA,NA,NA,NA,NA,NA,NA,NA,N,3,0,1,2,A,-,09,21804,A,N,B,C,A,A,H,-,A,A,0,NA,NA,Y,NA,Y,NA,A,07,0,1,0,0,0,0,0,0,1,-,-,NA,NA,ORANGE,GARDEN GROVE,-118.03289028,33.78579193
84430542,2024,2024-10-14,3014,2024-09-23,1841,1562,NA,1,5,5,3014,0,0,0,NA,0,A4,SR-1 (E COAST HWY),JASMINE AVE,0,NA,Y,B,-,Y,NA,NA,NA,NA,NA,NA,NA,NA,NA,Y,4,0,1,2,A,-,01,23152,A,N,C,C,A,A,H,-,B,D,0,NA,NA,NA,NA,Y,Y,A,01,0,0,1,0,0,0,0,0,0,-,-,33.59819030761719,-117.87159729003906,ORANGE,NEWPORT BEACH,-117.87181854248048,33.598243713378906
84431722,2024,2024-10-15,3014,2024-08-16,1531,1516,NA,5,5,5,3014,0,0,0,NA,0,A3,COAST HWY E (SR-1),AVOCADO AVE,227,E,N,A,-,Y,NA,NA,NA,NA,NA,NA,NA,NA,NA,N,3,0,1,2,A,-,08,22107,NA,F,C,G,A,A,H,-,A,D,0,NA,Y,NA,NA,Y,NA,L,04,0,1,0,0,0,0,1,0,0,-,-,33.605201721191406,-117.87509918212892,ORANGE,NEWPORT BEACH,-117.87543487548828,33.605255126953125
84432966,2024,2024-10-16,3014,2024-10-11,908,1527,NA,5,5,5,3014,0,0,0,NA,0,A4,SR-1 (E COAST HWY),POPPY AVE,218,S,N,E,-,Y,NA,NA,NA,NA,NA,NA,NA,NA,NA,Y,4,0,1,2,A,-,03,22350,NA,N,C,C,A,A,H,-,A,D,0,NA,NA,Y,NA,Y,NA,C,02,0,0,1,0,0,0,0,0,1,-,-,33.59339904785156,-117.86628723144533,ORANGE,NEWPORT BEACH,-117.86628723144533,33.5935173034668
84433317,2024,2024-10-16,3014,2024-10-03,1713,1615,NA,4,5,5,3014,0,0,0,NA,0,A3,BACK BAY DR,SAN JOAQUIN HILLS RD,3898,N,N,B,-,N,NA,NA,NA,NA,NA,NA,NA,NA,NA,N,2,0,1,2,A,-,03,22350,NA,N,H,G,A,A,H,-,A,D,0,NA,Y,NA,NA,Y,NA,L,04,1,0,0,0,0,0,1,0,0,-,-,33.635799407958984,-117.88648986816406,ORANGE,NEWPORT BEACH,-117.88549041748048,33.634429931640625
84434059,2024,2024-10-17,3001,2024-09-19,2106,A1962,NA,4,5,7,3001,0,0,0,NA,0,D-1,ORANGE AVENUE,KNOTT AVENUE,0,NA,Y,A,-,N,NA,NA,NA,NA,NA,NA,NA,NA,NA,Y,3,0,2,2,A,-,12,21453,A,N,D,C,A,A,H,-,C,A,0,NA,NA,NA,NA,Y,NA,A,01,0,1,1,0,0,0,0,0,0,-,-,NA,NA,ORANGE,ANAHEIM,-118.01087951660156,33.824581146240234
84434116,2024,2024-10-17,3019,2024-08-16,750,3783,NA,5,5,7,3019,0,0,0,NA,0,004,WARNER AVENUE,LINDA WAY,0,NA,Y,A,-,N,NA,NA,NA,NA,NA,NA,NA,NA,NA,N,3,0,1,2,A,-,09,21802,A,N,H,G,A,A,H,-,A,D,0,NA,Y,NA,NA,Y,NA,A,01,0,1,0,0,0,0,1,0,0,-,-,33.71538162231445,-117.8940200805664,ORANGE,SANTA ANA,-117.8938217163086,33.715476989746094
84435882,2024,2024-10-18,3010,2024-10-12,1829,6067,NA,6,5,6,3010,0,0,0,NA,0,005,GARFIELD AVE,BEACH BL - SR39 BLVD,166,E,N,A,-,Y,NA,NA,NA,NA,NA,NA,NA,NA,NA,N,3,0,1,2,A,-,11,21954,A,F,G,B,E,A,H,-,C,A,0,Y,NA,NA,NA,Y,Y,N,60,0,1,0,0,1,0,0,0,0,-,-,33.68553161621094,-117.9894790649414,ORANGE,HUNTINGTON BEACH,-117.98811340332033,33.68672561645508
84437673,2024,2024-10-21,3019,2024-09-05,1728,3727,NA,4,5,7,3019,0,0,0,NA,0,004,WILSHIRE AVENUE,BRISTOL STREET,10,E,N,A,-,N,NA,NA,NA,NA,NA,NA,NA,NA,NA,N,4,0,1,2,A,-,03,22350,NA,N,C,C,A,A,H,-,A,A,0,NA,NA,NA,NA,Y,NA,A,08,0,0,1,0,0,0,0,0,0,-,-,33.73025131225586,-117.88551330566406,ORANGE,SANTA ANA,-117.88515472412108,33.730812072753906
84437695,2024,2024-10-21,3019,2024-10-06,515,3753,NA,7,5,7,3019,0,0,0,NA,0,001,FAIRVIEW STREET,CIVIC CENTER DRIVE,0,NA,Y,A,-,N,NA,NA,NA,NA,NA,NA,NA,NA,NA,N,4,0,1,2,A,-,03,22350,NA,F,C,C,A,A,H,-,C,A,0,NA,NA,NA,Y,Y,NA,-,99,0,0,1,0,0,0,0,0,0,-,-,33.751548767089844,-117.90297698974608,ORANGE,SANTA ANA,-117.90322875976563,33.751495361328125
84439557,2024,2024-10-22,3015,2024-10-14,506,1595,NA,1,5,6,3015,0,0,0,NA,0,123,ORANGEWOOD AVE,ANAHEIM WAY,0,NA,Y,A,-,Y,NA,NA,NA,NA,NA,NA,NA,NA,NA,N,3,0,1,2,A,-,10,21950,A,N,G,B,B,A,H,-,C,A,0,Y,NA,NA,NA,Y,NA,D,22,0,1,0,0,1,0,0,0,0,-,-,33.79621124267578,-117.89386749267578,ORANGE,ORANGE,-117.89396667480467,33.796241760253906
84439658,2024,2024-10-22,3019,2024-09-07,1845,3788,NA,6,5,7,3019,0,0,0,NA,0,001,BRISTOL STREET,17TH STREET,12,S,N,A,-,N,NA,NA,NA,NA,NA,NA,NA,NA,NA,N,4,0,1,2,A,-,03,22350,NA,M,C,C,A,A,H,-,C,A,0,NA,NA,NA,NA,Y,NA,A,07,0,0,1,0,0,0,0,0,0,-,-,33.75944900512695,-117.88487243652344,ORANGE,SANTA ANA,-117.88506317138672,33.76009750366211
84439697,2024,2024-10-22,3019,2024-10-09,1752,3931,NA,3,5,7,3019,0,0,0,NA,0,001,5TH STREET,ROSITA STREET,0,NA,Y,A,-,N,NA,NA,NA,NA,NA,NA,NA,NA,NA,N,4,0,2,2,D,-,00,NA,NA,N,A,C,A,A,H,-,B,D,0,NA,NA,NA,NA,Y,NA,-,-,0,0,2,0,0,0,0,0,0,-,-,33.74884033203125,-117.93325042724608,ORANGE,SANTA ANA,-117.93320465087892,33.74879455566406
84443270,2024,2024-10-24,3019,2024-09-16,1532,3483,NA,1,5,7,3019,0,0,0,NA,0,003,FAIRVIEW AVENUE,CENTENNIAL RD,303,N,N,A,-,N,NA,NA,NA,NA,NA,NA,NA,NA,NA,N,4,0,1,3,A,-,08,22107,NA,N,B,C,A,A,H,-,A,D,0,NA,NA,NA,NA,Y,NA,-,-,0,0,1,0,0,0,0,0,0,-,-,33.764671325683594,-117.90290069580078,ORANGE,SANTA ANA,-117.90729522705078,33.724266052246094
84443285,2024,2024-10-24,3019,2024-09-22,1802,3948,NA,7,5,7,3019,0,0,0,NA,0,003,5TH STREET,JENKINS STREET,50,W,N,A,-,N,NA,NA,NA,NA,NA,NA,NA,NA,NA,N,4,0,1,2,A,-,21,22106,NA,N,B,C,A,A,H,-,A,D,0,NA,NA,NA,NA,Y,NA,A,01,0,0,1,0,0,0,0,0,0,-,-,33.74884033203125,-117.93195343017578,ORANGE,SANTA ANA,-117.93204498291016,33.7487907409668
84443288,2024,2024-10-24,3019,2024-09-23,1142,3858,NA,1,5,7,3019,0,0,0,NA,0,001,MELRIC DRIVE,HURLEY STREET,41,W,N,A,-,N,NA,NA,NA,NA,NA,NA,NA,NA,NA,N,3,0,1,2,A,-,02,21654,A,N,A,G,A,A,H,-,A,D,0,NA,Y,NA,NA,Y,NA,L,04,0,1,0,0,0,0,1,0,0,-,-,33.74190139770508,-117.93863677978516,ORANGE,SANTA ANA,-117.93863677978516,33.741790771484375
8444627,2017,2017-09-05,3008,2017-04-04,1807,1117,NA,2,5,6,3008,0,0,0,NA,0,0Z2,BREA BL,HARBOR BL,860,N,N,A,-,N,NA,NA,NA,NA,NA,NA,NA,NA,NA,Y,4,0,3,2,A,-,08,22100,A,N,D,C,A,A,H,-,A,D,0,NA,NA,NA,NA,Y,NA,A,01,0,0,3,0,0,0,0,0,0,-,-,NA,NA,ORANGE,FULLERTON,-117.92341487,33.88507502
84446622,2024,2024-10-28,3022,2024-10-03,1903,1395,NA,4,5,5,3022,0,0,0,NA,0,NA,TUSTIN RANCH RD,WARNER AV (W),56,N,N,A,-,N,NA,NA,NA,NA,NA,NA,NA,NA,NA,N,3,0,1,2,A,-,03,22350,NA,N,D,C,A,A,H,-,C,A,0,NA,NA,NA,NA,Y,NA,A,07,0,1,0,0,0,0,0,0,0,-,-,33.70071029663086,-117.82579040527344,ORANGE,TUSTIN,-117.82581329345705,33.700782775878906
8444956,2017,2017-09-01,3003,2017-08-15,2125,1061,NA,2,5,5,3003,0,0,0,NA,0,NA,KNOTT AV,CRESCENT AV,15,S,N,A,-,N,NA,NA,NA,NA,NA,NA,NA,NA,NA,N,4,0,1,2,A,-,05,21650,1,N,H,G,A,A,H,-,C,A,0,NA,Y,NA,NA,Y,NA,L,04,0,0,1,0,0,0,1,0,0,-,-,NA,NA,ORANGE,BUENA PARK,-118.01112935,33.83920888
84450126,2024,2024-10-30,3008,2024-09-18,814,1495,NA,3,5,6,3008,0,0,0,NA,0,NA,VALENCIA DR,PRITCHARD AVE (W),0,NA,Y,A,-,N,NA,NA,NA,NA,NA,NA,NA,NA,NA,Y,3,0,2,2,A,-,09,21802,A,N,D,C,A,A,H,-,A,A,0,NA,NA,NA,NA,Y,NA,A,01,0,1,1,0,0,0,0,0,0,-,-,33.86640167236328,-117.9734115600586,ORANGE,FULLERTON,-117.97354888916016,33.866432189941406
8445077,2017,2017-09-06,3010,2017-07-13,1538,251,466,4,5,6,3010,0,0,0,NA,0,002,VERDE MAR,VIA STRAITS,76,E,N,A,-,N,NA,NA,NA,NA,NA,NA,NA,NA,NA,N,3,0,1,2,A,-,11,21954,A,N,G,B,D,A,H,-,A,D,0,Y,NA,NA,NA,Y,NA,N,60,0,1,0,0,1,0,0,0,0,-,-,NA,NA,ORANGE,HUNTINGTON BEACH,-117.95851087,33.65106738
8445088,2017,2017-10-10,3010,2017-08-21,1653,1261,166,1,5,6,3010,0,0,0,NA,0,008,BOLSA CHICA,PEARCE,0,NA,Y,A,-,N,NA,NA,NA,NA,NA,NA,NA,NA,NA,Y,2,0,1,2,A,-,09,21802,A,N,D,C,A,A,H,-,A,A,0,NA,NA,NA,NA,Y,NA,D,22,1,0,0,0,0,0,0,0,0,-,-,NA,NA,ORANGE,HUNTINGTON BEACH,-118.04153002,33.71896009
84451076,2024,2024-10-30,3014,2024-10-12,2336,1605,NA,6,5,5,3014,0,0,0,NA,0,A4,MACARTHUR BLVD,SAN JOAQUIN HILLS RD,0,NA,Y,A,-,N,NA,NA,NA,NA,NA,NA,NA,NA,NA,Y,3,0,2,2,A,-,12,21453,NA,N,D,C,A,A,H,-,C,A,0,NA,NA,NA,NA,Y,NA,-,-,0,1,1,0,0,0,0,0,0,-,-,33.6415901184082,-117.86679077148438,ORANGE,NEWPORT BEACH,-117.8670654296875,33.61466598510742
8445152,2017,2017-10-11,3010,2017-08-16,1052,1059,432,3,5,6,3010,0,0,0,NA,0,005,YORKTOWN AV,LAKE ST,0,NA,Y,A,-,N,NA,NA,NA,NA,NA,NA,NA,NA,NA,Y,4,0,2,2,A,-,09,21801,A,N,D,C,A,A,H,-,A,A,0,NA,NA,NA,NA,Y,NA,A,01,0,0,2,0,0,0,0,0,0,-,-,NA,NA,ORANGE,HUNTINGTON BEACH,-117.9979801,33.67845001
8445184,2017,2017-10-11,3012,2017-08-13,0212,618,31,7,5,5,3012,0,0,0,NA,0,003,LA HABRA BL,MISSION ST,110,E,N,A,-,N,NA,NA,NA,NA,NA,NA,NA,NA,NA,N,3,0,1,2,A,-,01,21200,5,N,D,G,A,A,H,-,C,D,0,NA,Y,NA,NA,Y,Y,L,04,0,1,0,0,0,0,1,0,0,-,-,NA,NA,ORANGE,LA HABRA,-117.96942819,33.93185
84453363,2024,2024-11-01,3019,2024-10-30,1919,3575,NA,3,5,7,3019,0,0,0,NA,0,001,WESTMINSTER AVENUE,WEST STREET,0,NA,Y,A,-,N,NA,NA,NA,NA,NA,NA,NA,NA,NA,N,3,0,1,2,A,-,11,21954,A,N,G,B,D,A,H,-,C,D,0,Y,NA,NA,NA,Y,NA,N,60,0,1,0,0,1,0,0,0,0,-,-,33.75968933105469,-117.92366790771484,ORANGE,SANTA ANA,-117.92379760742188,33.75982666015625
8445377,2017,2017-09-13,3019,2017-08-04,0132,3058,SC,5,5,7,3019,0,0,0,NA,0,004,EDINGER AV,FAIRVIEW ST,0,NA,Y,A,-,N,NA,NA,NA,NA,NA,NA,NA,NA,NA,N,2,0,1,2,A,-,11,21456,B,N,G,B,-,A,H,-,C,A,0,Y,NA,NA,NA,Y,NA,N,60,1,0,0,0,1,0,0,0,0,-,-,NA,NA,ORANGE,SANTA ANA,-117.90617007,33.72731011
84455604,2024,2024-11-04,3019,2024-10-23,1221,3295,NA,3,5,7,3019,0,0,0,NA,0,004,ALTON AVENUE,FAIRVIEW STREET,0,NA,Y,A,-,N,NA,NA,NA,NA,NA,NA,NA,NA,NA,N,3,0,3,2,A,-,09,21801,A,N,A,C,A,A,H,-,A,A,0,NA,NA,NA,NA,Y,NA,A,01,0,1,2,0,0,0,0,0,0,-,-,33.703819274902344,-117.90766143798828,ORANGE,SANTA ANA,-117.90782928466795,33.70355224609375
84455610,2024,2024-11-04,3019,2024-10-28,1820,3778,NA,1,5,7,3019,0,0,0,NA,0,003,GRAND AVENUE,EDINGER AVENUE,20,S,N,A,-,N,NA,NA,NA,NA,NA,NA,NA,NA,NA,N,4,0,1,2,A,-,03,22350,NA,N,B,D,A,A,H,-,C,D,0,NA,NA,NA,NA,Y,NA,A,01,0,0,1,0,0,0,0,0,0,-,-,33.72671890258789,-117.85031127929688,ORANGE,SANTA ANA,-117.85050201416016,33.72666549682617
84459392,2024,2024-11-06,3001,2024-10-12,22,A1047,NA,6,5,7,3001,0,0,0,NA,0,D-2,ELSIENA WAY,MELINDA CIRCLE,0,NA,Y,A,-,N,NA,NA,NA,NA,NA,NA,NA,NA,NA,N,3,0,1,1,A,-,03,22350,NA,F,H,A,A,A,H,-,C,D,0,NA,NA,NA,NA,Y,NA,A,07,0,1,0,0,0,0,0,0,0,-,-,33.84075164794922,-117.87889099121094,ORANGE,ANAHEIM,-117.87877655029295,33.84087371826172
8446001,2017,2017-10-02,3026,2017-08-25,1341,417,1,5,5,6,3026,0,0,0,NA,0,00U,VON KARMAN,BARRANCA,609,S,N,A,-,N,NA,NA,NA,NA,NA,NA,NA,NA,NA,N,4,0,1,2,A,-,03,22350,NA,N,C,C,A,A,H,-,A,D,0,NA,NA,NA,NA,Y,NA,D,22,0,0,1,0,0,0,0,0,0,-,-,NA,NA,ORANGE,IRVINE,-117.83459898,33.69729079
84461152,2024,2024-11-08,3008,2024-09-23,1523,1706,NA,1,5,6,3008,0,0,0,NA,0,NA,ORANGETHORPE AVE,BROOKHURST RD,175,E,N,A,-,N,NA,NA,NA,NA,NA,NA,NA,NA,NA,N,4,0,1,2,D,-,00,NA,NA,N,D,G,A,A,H,-,A,A,0,NA,Y,NA,NA,Y,NA,-,-,0,0,1,0,0,0,1,0,0,-,-,33.85895919799805,-117.95931243896484,ORANGE,FULLERTON,-117.95873260498048,33.85921096801758
8446200,2017,2017-09-18,3008,2017-05-18,0815,1284,NA,4,5,6,3008,0,0,0,NA,0,0Z1,1315 ELTHAM PL,ELTHAM PL,0,NA,Y,A,-,N,NA,NA,NA,NA,NA,NA,NA,NA,NA,N,4,0,1,2,A,-,21,22106,NA,N,G,B,E,A,H,-,A,D,0,Y,NA,NA,NA,Y,NA,-,NA,0,0,1,0,1,0,0,0,0,-,-,NA,NA,ORANGE,FULLERTON,-117.970777,33.885953
84465140,2024,2024-11-13,3022,2024-10-05,1357,1360,NA,6,5,5,3022,0,0,0,NA,0,NA,RED HILL AV,WARNER AV,35,N,N,A,-,N,NA,NA,NA,NA,NA,NA,NA,NA,NA,N,4,0,1,2,A,-,03,22350,NA,N,C,C,A,A,H,-,A,A,0,NA,NA,NA,NA,Y,NA,A,01,0,0,1,0,0,0,0,0,0,-,-,33.711299896240234,-117.8376693725586,ORANGE,TUSTIN,-117.83766174316406,33.71128463745117
84467030,2024,2024-11-13,3026,2024-11-08,945,313,NA,5,5,6,3026,0,0,0,NA,0,003,UNIVERSITY DR,CULVER DR,0,NA,Y,A,-,N,NA,NA,NA,NA,NA,NA,NA,NA,NA,N,4,0,1,2,A,-,12,21453,A,N,D,G,A,A,H,-,A,A,0,NA,Y,NA,NA,Y,NA,L,04,0,0,1,0,0,0,1,0,0,-,-,33.65739059448242,-117.82794189453124,ORANGE,IRVINE,-117.82787322998048,33.657264709472656
84467170,2024,2024-11-13,3019,2024-11-02,944,3829,NA,6,5,7,3019,0,0,0,NA,0,003,EDINGER AVENUE,STANDARD AVENUE,141,E,N,A,-,N,NA,NA,NA,NA,NA,NA,NA,NA,NA,N,4,0,1,2,A,-,08,22107,NA,N,D,C,A,A,H,-,A,D,0,NA,NA,NA,NA,Y,NA,A,01,0,0,1,0,0,0,0,0,0,-,-,33.72684860229492,-117.85627746582033,ORANGE,SANTA ANA,-117.85598754882813,33.72677993774414
8446866,2017,2017-09-13,3014,2017-08-06,1914,1329,RD34,7,5,5,3014,0,0,0,NA,0,NA,JAMBOREE RD,BRISTOL ST S,0,NA,Y,A,-,N,NA,NA,NA,NA,NA,NA,NA,NA,NA,N,4,0,3,2,A,-,12,21453,A,N,D,C,A,A,H,-,A,A,0,NA,NA,NA,NA,Y,NA,A,01,0,0,3,0,0,0,0,0,0,-,-,33.65489,-117.86527,ORANGE,NEWPORT BEACH,-117.86541006,33.65495008
8446870,2017,2017-09-13,3014,2017-08-03,1424,1046,RD41,4,5,5,3014,0,0,0,NA,0,0A3,BACK BAY DR,SHELLMAKER RD,1100,S,N,A,-,N,NA,NA,NA,NA,NA,NA,NA,NA,NA,Y,4,0,1,2,A,-,09,21801,A,N,D,C,A,A,H,-,A,D,0,NA,NA,NA,NA,Y,NA,A,01,0,0,1,0,0,0,0,0,0,-,-,33.6177,-117.8905,ORANGE,NEWPORT BEACH,-117.89055006,33.6176458
84470450,2024,2024-11-15,3019,2024-10-10,1647,3778,NA,4,5,7,3019,0,0,0,NA,0,003,BISHOP STREET,MAIN STREET,20,E,N,-,-,N,NA,NA,NA,NA,NA,NA,NA,NA,NA,N,4,0,1,2,A,-,11,21954,A,M,G,B,D,A,H,-,A,D,0,Y,NA,NA,NA,Y,NA,N,60,0,0,1,0,1,0,0,0,0,-,-,33.73931884765625,-117.86759948730467,ORANGE,SANTA ANA,-117.86770629882813,33.73944854736328
8447187,2017,2017-09-14,3012,2017-08-07,0227,618,12,1,5,5,3012,0,0,0,NA,0,001,W RYAN,W RYAN 641,0,NA,Y,A,-,N,NA,NA,NA,NA,NA,NA,NA,NA,NA,N,4,0,1,2,A,-,01,23152,B,N,A,C,A,A,H,-,C,D,0,NA,NA,NA,NA,Y,Y,A,01,0,0,1,0,0,0,0,0,0,-,-,NA,NA,ORANGE,LA HABRA,-117.953139,33.94154
84472338,2024,2024-11-18,3008,2024-09-30,1554,1407,NA,1,5,6,3008,0,0,0,NA,0,NA,LEMON ST,ORANGEFAIR AVE,0,NA,Y,A,-,N,NA,NA,NA,NA,NA,NA,NA,NA,NA,N,4,0,1,2,A,-,09,21801,A,N,D,C,A,A,H,-,A,A,0,NA,NA,NA,NA,Y,NA,A,07,0,0,1,0,0,0,0,0,0,-,-,33.85557174682617,-117.9199676513672,ORANGE,FULLERTON,-117.91986083984376,33.85631561279297
84476278,2024,2024-11-22,3016,2024-10-21,1425,2217,NA,1,5,5,3016,0,0,0,NA,0,002,ORCHARD DRIVE,LAKEVIEW AVENUE,116,E,N,A,-,N,NA,NA,NA,NA,NA,NA,NA,NA,NA,N,4,0,1,1,A,-,08,22107,NA,N,E,I,A,A,H,-,A,D,0,NA,NA,NA,NA,Y,NA,A,07,0,0,1,0,0,0,0,0,0,-,-,33.8695182800293,-117.81783294677734,ORANGE,PLACENTIA,-117.81726837158205,33.86971664428711
8447634,2017,2017-09-28,3008,2017-04-15,1326,1466,NJC,6,5,6,3008,0,0,0,NA,0,002,LEMON ST,VALENCIA DR,159,N,N,A,-,N,NA,NA,NA,NA,NA,NA,NA,NA,NA,N,4,0,1,2,A,-,10,21952,NA,N,A,B,D,A,H,-,A,D,0,Y,NA,NA,NA,Y,NA,A,01,0,0,1,0,1,0,0,0,0,-,-,NA,NA,ORANGE,FULLERTON,-117.91987444,33.86664571
8447679,2017,2017-10-05,3012,2017-08-17,0548,615,21,4,5,5,3012,0,0,0,NA,0,002,WHITTIER BL,EUCLID ST,0,NA,Y,A,-,N,NA,NA,NA,NA,NA,NA,NA,NA,NA,N,4,0,2,2,A,-,09,21801,A,N,-,C,A,A,H,-,A,A,0,NA,NA,NA,NA,Y,NA,A,01,0,0,2,0,0,0,0,0,0,-,-,NA,NA,ORANGE,LA HABRA,-117.94618012,33.93912003
8447686,2017,2018-06-19,3001,2017-08-15,0003,A2423,NA,2,5,7,3001,0,0,0,NA,0,0D1,WEST BALL RD,SOUTH BEACH BL,0,NA,Y,A,-,Y,ORA,12,39,-,-,11.681,I,5,N,Y,3,0,1,2,A,-,12,21453,A,N,A,C,A,A,H,-,C,A,0,NA,NA,NA,NA,Y,NA,-,-,0,1,0,0,0,0,0,0,0,-,-,NA,NA,ORANGE,ANAHEIM,-117.99318435,33.81749057
84477841,2024,2024-11-21,3010,2024-10-28,2146,2086,NA,1,5,6,3010,0,0,0,NA,0,009,EDINGER AVE,SPRINGDALE ST,0,NA,Y,A,-,N,NA,NA,NA,NA,NA,NA,NA,NA,NA,N,4,0,1,2,A,-,03,22350,NA,N,C,C,A,A,H,-,C,A,0,NA,NA,NA,NA,Y,NA,D,22,0,0,1,0,0,0,0,0,0,-,-,33.72996139526367,-118.02448272705078,ORANGE,HUNTINGTON BEACH,-118.02413177490234,33.72996520996094
8447930,2017,2018-05-29,3002,2017-08-28,1522,1562,629X,1,5,4,3002,0,0,0,NA,0,014,IMPERIAL HWY,PLACENTIA AV,479,W,N,A,-,Y,ORA,12,90,-,-,5.84,H,-,E,N,4,0,1,2,A,-,03,22350,NA,N,C,C,A,A,H,-,A,A,0,NA,NA,NA,NA,Y,NA,A,01,0,0,1,0,0,0,0,0,0,-,-,NA,NA,ORANGE,BREA,-117.87688955,33.91079199