CASE_ID,ACCIDENT_YEAR,PROC_DATE,JURIS,COLLISION_DATE,COLLISION_TIME,OFFICER_ID,REPORTING_DISTRICT,DAY_OF_WEEK,CHP_SHIFT,POPULATION,CNTY_CITY_LOC,SPECIAL_COND,BEAT_TYPE,CHP_BEAT_TYPE,CITY_DIVISION_LAPD,CHP_BEAT_CLASS,BEAT_NUMBER,PRIMARY_RD,SECONDARY_RD,DISTANCE,DIRECTION,INTERSECTION,WEATHER_1,WEATHER_2,STATE_HWY_IND,CALTRANS_COUNTY,CALTRANS_DISTRICT,STATE_ROUTE,ROUTE_SUFFIX,POSTMILE_PREFIX,POSTMILE,LOCATION_TYPE,RAMP_INTERSECTION,SIDE_OF_HWY,TOW_AWAY,COLLISION_SEVERITY,NUMBER_KILLED,NUMBER_INJURED,PARTY_COUNT,PRIMARY_COLL_FACTOR,PCF_CODE_OF_VIOL,PCF_VIOL_CATEGORY,PCF_VIOLATION,PCF_VIOL_SUBSECTION,HIT_AND_RUN,TYPE_OF_COLLISION,MVIW,PED_ACTION,ROAD_SURFACE,ROAD_COND_1,ROAD_COND_2,LIGHTING,CONTROL_DEVICE,CHP_ROAD_TYPE,PEDESTRIAN_ACCIDENT,BICYCLE_ACCIDENT,MOTORCYCLE_ACCIDENT,TRUCK_ACCIDENT,NOT_PRIVATE_PROPERTY,ALCOHOL_INVOLVED,STWD_VEHTYPE_AT_FAULT,CHP_VEHTYPE_AT_FAULT,COUNT_SEVERE_INJ,COUNT_VISIBLE_INJ,COUNT_COMPLAINT_PAIN,COUNT_PED_KILLED,COUNT_PED_INJURED,COUNT_BICYCLIST_KILLED,COUNT_BICYCLIST_INJURED,COUNT_MC_KILLED,COUNT_MC_INJURED,PRIMARY_RAMP,SECONDARY_RAMP,LATITUDE,LONGITUDE,COUNTY,CITY,POINT_X,POINT_Y
8455721,2017,2017-10-02,3001,2017-09-13,1437,A1218,NA,3,5,7,3001,0,0,0,NA,0,0D2,W LINCOLN AV,N MULLER ST,0,NA,Y,A,-,N,NA,NA,NA,NA,NA,NA,NA,NA,NA,Y,4,0,1,2,A,-,12,21453,A,N,D,C,A,A,H,-,A,A,0,NA,NA,NA,NA,Y,NA,A,01,0,0,1,0,0,0,0,0,0,-,-,NA,NA,ORANGE,ANAHEIM,-117.95016008,33.83257001
8455771,2017,2017-09-20,3001,2017-08-30,1701,415,NA,3,5,7,3001,0,0,0,NA,0,00D,WEST BALL RD,SOUTH WALNUT ST,130,E,N,A,-,N,NA,NA,NA,NA,NA,NA,NA,NA,NA,N,4,0,1,2,A,-,03,22350,NA,N,C,C,A,A,H,-,A,A,0,NA,NA,NA,NA,Y,NA,A,07,0,0,1,0,0,0,0,0,0,-,-,NA,NA,ORANGE,ANAHEIM,-117.92807303,33.81798346
84558309,2025,2025-02-03,3010,2025-01-23,855,1015,NA,4,5,6,3010,0,0,0,NA,0,006,GOLDENWEST ST,LYDIA DR,355,S,N,A,-,N,NA,NA,NA,NA,NA,NA,NA,NA,NA,Y,4,0,1,4,A,-,05,21460,NA,N,C,E,A,A,H,-,A,D,0,NA,NA,NA,NA,Y,NA,I,11,0,0,1,0,0,0,0,0,0,-,-,33.71883010864258,-118.00669860839844,ORANGE,HUNTINGTON BEACH,-118.00660705566406,33.71784591674805
84558343,2024,2025-02-03,3008,2024-12-10,2239,1542,NA,2,5,6,3008,0,0,0,NA,0,NA,COMMONWEALTH AVE,JEFFERSON AVE,73,E,N,A,-,N,NA,NA,NA,NA,NA,NA,NA,NA,NA,Y,4,0,1,2,A,-,01,23152,A,N,C,E,A,A,H,-,C,D,0,NA,NA,NA,NA,Y,Y,A,07,0,0,1,0,0,0,0,0,0,-,-,33.870201110839844,-117.93933868408205,ORANGE,FULLERTON,-117.9393310546875,33.8702392578125
84560613,2024,2025-02-03,3002,2024-12-19,1724,1671,NA,4,5,4,3002,0,0,0,NA,0,014,IMPERIAL HY,PINE AV,68,E,N,A,-,Y,ORA,NA,90,NA,NA,4.945,H,NA,R,Y,4,0,1,2,A,-,09,21804,A,N,D,C,A,A,H,-,C,D,0,NA,NA,NA,NA,Y,NA,A,01,0,0,1,0,0,0,0,0,0,-,-,33.91307830810547,-117.89203643798828,ORANGE,BREA,-117.89192199707033,33.913291931152344
84563688,2025,2025-02-04,3019,2025-01-24,1754,3736,NA,5,5,7,3019,0,0,0,NA,0,004,BRISTOL STREET,1ST STREET,0,NA,Y,A,-,N,NA,NA,NA,NA,NA,NA,NA,NA,NA,N,4,0,1,2,A,-,11,21954,A,N,A,G,A,A,H,-,C,A,0,NA,Y,NA,NA,Y,NA,L,04,0,0,1,0,0,0,1,0,0,-,-,33.7452507019043,-117.88514709472656,ORANGE,SANTA ANA,-117.88516998291016,33.7454719543457
8456405,2017,2017-10-19,3019,2017-08-23,2025,3504,SC,3,5,7,3019,0,0,0,NA,0,004,FAIRVIEW ST,MCFADDEN AV,200,N,N,A,-,N,NA,NA,NA,NA,NA,NA,NA,NA,NA,Y,3,0,1,3,A,-,03,22350,NA,M,C,C,A,A,H,-,C,D,0,NA,NA,NA,NA,Y,NA,A,01,0,1,0,0,0,0,0,0,0,-,-,33.7345,-117.90655,ORANGE,SANTA ANA,-117.90678963,33.73504831
84566825,2025,2025-02-06,3001,2025-01-22,1509,A2687,NA,3,5,7,3001,0,0,0,NA,0,NA,WEIR CANYON ROAD,SERRANO AVENUE,367,N,N,A,-,N,NA,NA,NA,NA,NA,NA,NA,NA,NA,N,4,0,1,2,A,-,05,21650,1,N,D,G,A,A,H,-,A,D,0,NA,Y,NA,NA,Y,NA,L,04,0,0,1,0,0,0,1,0,0,-,-,33.86138916015625,-117.73687744140624,ORANGE,ANAHEIM,-117.73794555664063,33.86198806762695
84569360,2025,2025-02-06,3014,2025-01-23,1727,1658,NA,4,5,5,3014,0,0,0,NA,0,A3,COAST HIGHWAY EAST,IRVINE TERRACE,866,W,N,A,-,N,NA,NA,NA,NA,NA,NA,NA,NA,NA,N,4,0,1,2,A,-,03,22350,NA,N,E,I,A,A,H,-,B,D,0,NA,NA,NA,NA,Y,NA,A,01,0,0,1,0,0,0,0,0,0,-,-,33.611228942871094,-117.8842315673828,ORANGE,NEWPORT BEACH,-117.88390350341795,33.611263275146484
84570538,2025,2025-02-10,3001,2025-01-07,1935,A1397,NA,2,5,7,3001,0,0,0,NA,0,D-1,BEACH BOULEVARD,ORANGE AVENUE,413,N,N,A,G,Y,NA,NA,NA,NA,NA,NA,NA,NA,NA,N,4,0,1,2,A,-,07,21658,A,N,D,C,A,A,H,-,C,D,0,NA,NA,NA,NA,Y,NA,A,01,0,0,1,0,0,0,0,0,0,-,-,NA,NA,ORANGE,ANAHEIM,-117.99324798583984,33.82589340209961
84577415,2025,2025-02-13,3001,2025-01-18,1328,A2291,NA,6,5,7,3001,0,0,0,NA,0,D-4,MONTE VISTA ROAD,ROOSEVELT ROAD,55,E,N,A,-,N,NA,NA,NA,NA,NA,NA,NA,NA,NA,Y,4,0,1,2,A,-,08,22107,NA,N,B,C,A,A,H,-,A,D,0,NA,NA,NA,NA,Y,NA,A,07,0,0,1,0,0,0,0,0,0,-,-,33.8614387512207,-117.74536895751952,ORANGE,ANAHEIM,-117.74542236328124,33.864471435546875
84578828,2025,2025-02-13,3014,2025-01-23,1320,1508,NA,4,5,5,3014,0,0,0,NA,0,A2,SR-1 (W. COAST HWY),PROSPECT AVE,900,W,N,A,-,Y,ORA,NA,1,NA,NA,21.161,H,NA,R,N,3,0,1,1,A,-,03,22350,NA,N,E,J,A,A,H,-,A,D,0,NA,Y,NA,NA,Y,NA,L,04,0,1,0,0,0,0,1,0,0,-,-,33.627288818359375,-117.95108795166016,ORANGE,NEWPORT BEACH,-117.9509506225586,33.627464294433594
84580581,2025,2025-02-26,3001,2025-02-06,2109,A2959,NA,4,5,7,3001,0,0,0,NA,0,D-3,PALM LANE,PALM WAY,200,E,N,C,-,N,NA,NA,NA,NA,NA,NA,NA,NA,NA,N,3,0,1,2,A,-,03,22350,NA,N,C,E,A,B,H,-,C,D,0,NA,NA,NA,NA,Y,Y,A,01,0,1,0,0,0,0,0,0,0,-,-,NA,NA,ORANGE,ANAHEIM,-117.93857574462892,33.81610107421875
8458259,2017,2017-10-02,3008,2017-05-27,1515,1511,NA,6,5,6,3008,0,0,0,NA,0,003,N PACIFIC AV,MADISON AV,420,S,N,A,-,N,NA,NA,NA,NA,NA,NA,NA,NA,NA,Y,4,0,1,4,A,-,09,21804,A,N,D,C,A,A,H,-,A,D,0,NA,NA,NA,NA,Y,NA,A,01,0,0,1,0,0,0,0,0,0,-,-,NA,NA,ORANGE,FULLERTON,-117.876785,33.881579
84585895,2024,2025-02-21,3019,2024-12-15,1545,3795,NA,7,5,7,3019,0,0,0,NA,0,002,4TH STREET,TERMINAL STREET,100,E,N,A,-,N,NA,NA,NA,NA,NA,NA,NA,NA,NA,N,4,0,1,2,A,-,11,21954,A,N,G,B,E,A,H,-,A,D,0,Y,NA,NA,NA,Y,NA,N,60,0,0,1,0,1,0,0,0,0,-,-,33.74808883666992,-117.85507202148438,ORANGE,SANTA ANA,-117.85453033447266,33.74803161621094
84587053,2025,2025-02-24,3016,2025-01-29,1240,2217,NA,3,5,5,3016,0,0,0,NA,0,002,PLACENTIA AVENUE,CHAPMAN AVENUE,0,NA,Y,A,-,N,NA,NA,NA,NA,NA,NA,NA,NA,NA,N,4,0,1,2,A,-,17,21367,C,N,D,D,A,A,D,-,A,A,0,NA,NA,NA,NA,Y,NA,A,07,0,0,1,0,0,0,0,0,0,-,-,33.8739013671875,-117.87899017333984,ORANGE,PLACENTIA,-117.87901306152344,33.87389373779297
84591101,2025,2025-02-27,3022,2025-02-19,1843,1370,NA,3,5,5,3022,0,0,0,NA,0,NA,BRYAN AV,CINDY LN,350,W,N,A,-,N,NA,NA,NA,NA,NA,NA,NA,NA,NA,N,3,0,2,1,A,-,01,23152,A,F,E,I,A,A,H,-,C,A,0,NA,NA,NA,NA,Y,Y,A,01,0,1,1,0,0,0,0,0,0,-,-,33.74137878417969,-117.81340026855467,ORANGE,TUSTIN,-117.81436920166016,33.7422981262207
84591553,2025,2025-02-27,3026,2025-02-25,1402,4779,NA,2,5,6,3026,0,0,0,NA,0,009,IRVINE BLVD,AXIS,0,NA,Y,A,-,N,NA,NA,NA,NA,NA,NA,NA,NA,NA,Y,4,0,2,2,A,-,12,21453,A,N,D,C,A,A,H,-,A,A,0,NA,NA,NA,NA,Y,NA,A,01,0,0,2,0,0,0,0,0,0,-,-,33.67247009277344,-117.70854949951172,ORANGE,IRVINE,-117.70903778076172,33.67262649536133
84592377,2025,2025-02-28,3019,2025-02-25,1443,3449,NA,2,5,7,3019,0,0,0,NA,0,001,17TH STREET,ALONA STREET,350,W,N,A,-,N,NA,NA,NA,NA,NA,NA,NA,NA,NA,Y,4,0,4,2,A,-,07,21658,A,N,B,C,A,A,H,-,A,D,0,NA,NA,NA,NA,Y,NA,D,22,0,0,4,0,0,0,0,0,0,-,-,33.759490966796875,-117.8935089111328,ORANGE,SANTA ANA,-117.89482879638672,33.75994110107422
84596757,2025,2025-03-05,3010,2025-02-26,742,1015,NA,3,5,6,3010,0,0,0,NA,0,007,WARNER AVE,EDWARDS ST,74,E,N,B,E,N,NA,NA,NA,NA,NA,NA,NA,NA,NA,Y,4,0,1,2,A,-,01,23152,A,N,C,C,A,A,H,-,A,D,0,NA,NA,NA,NA,Y,Y,A,01,0,0,1,0,0,0,0,0,0,-,-,33.71561813354492,-118.0151596069336,ORANGE,HUNTINGTON BEACH,-118.01502990722656,33.7154426574707
84599314,2025,2025-03-17,3019,2025-02-28,1600,3983,NA,5,5,7,3019,0,0,0,NA,0,001,LYON STREET,CHESTNUT AVENUE,0,NA,Y,A,-,N,NA,NA,NA,NA,NA,NA,NA,NA,NA,N,4,0,1,2,D,-,00,NA,NA,N,D,C,A,A,H,-,A,A,0,NA,NA,NA,NA,Y,NA,-,-,0,0,1,0,0,0,0,0,0,-,-,33.74222183227539,-117.84522247314452,ORANGE,SANTA ANA,-117.84488677978516,33.74226760864258
8459947,2017,2017-09-29,3019,2017-08-20,2126,2938,WE,7,5,7,3019,0,0,0,NA,0,001,NEWHOPE ST,1ST ST,170,S,N,A,-,N,NA,NA,NA,NA,NA,NA,NA,NA,NA,N,4,0,1,2,A,-,08,22107,NA,N,B,C,A,A,H,-,C,D,0,NA,NA,Y,NA,Y,NA,A,01,0,0,1,0,0,0,0,0,1,-,-,33.7451,-117.92893,ORANGE,SANTA ANA,-117.92876,33.7451
84600335,2025,2025-03-18,3019,2025-03-03,840,3449,NA,1,5,7,3019,0,0,0,NA,0,002,SPURGEON STREET,17TH STREET,282,N,N,A,-,N,NA,NA,NA,NA,NA,NA,NA,NA,NA,N,4,0,1,2,A,-,11,21954,A,N,G,B,D,A,H,-,A,D,0,Y,NA,NA,NA,Y,NA,N,60,0,0,1,0,1,0,0,0,0,-,-,33.76020050048828,-117.86518096923828,ORANGE,SANTA ANA,-117.8651885986328,33.76073455810547
8460132,2017,2017-10-03,3016,2017-09-11,1336,1153,10,1,5,5,3016,0,0,0,NA,0,001,YORBA LINDA BL,VALENCIA AV,71,W,N,A,-,N,NA,NA,NA,NA,NA,NA,NA,NA,NA,Y,4,0,2,3,A,-,03,22350,NA,N,C,C,A,A,H,-,A,A,0,NA,NA,NA,NA,Y,NA,A,01,0,0,2,0,0,0,0,0,0,-,-,33.88932,-117.85496,ORANGE,PLACENTIA,-117.85508337,33.88933795
84603298,2025,2025-03-18,3001,2025-01-23,1829,A2786,NA,4,5,7,3001,0,0,0,NA,0,NA,IMPERIAL HIGHWAY,LA PALMA AVENUE,0,NA,Y,A,-,N,NA,NA,NA,NA,NA,NA,NA,NA,NA,Y,4,0,1,2,A,-,08,22107,NA,F,B,C,A,A,H,-,C,A,0,NA,NA,NA,Y,Y,NA,F,25,0,0,1,0,0,0,0,0,0,-,-,33.856990814208984,-117.78986358642578,ORANGE,ANAHEIM,-117.79054260253906,33.859619140625
84603391,2025,2025-03-18,3010,2025-02-19,1635,2096,NA,3,5,6,3010,0,0,0,NA,0,007,BEACH BL - SR39 BLVD,STARK DR,0,NA,Y,A,-,Y,ORA,NA,39,NA,NA,5.452,H,NA,R,N,3,0,1,2,A,-,05,21650,1,M,A,G,A,A,H,-,A,D,0,NA,Y,NA,NA,Y,Y,L,04,0,1,0,0,0,0,1,0,0,-,-,33.72747039794922,-117.98927307128906,ORANGE,HUNTINGTON BEACH,-117.98917388916016,33.72747039794922
84604233,2025,2025-03-18,3026,2025-03-05,1354,12434,NA,3,5,6,3026,0,0,0,NA,0,006,ALTON PKWY,GATEWAY BLVD,0,NA,Y,B,C,N,NA,NA,NA,NA,NA,NA,NA,NA,NA,Y,3,0,1,2,A,-,12,21453,A,N,D,C,A,B,H,-,A,A,0,NA,NA,NA,NA,Y,NA,A,07,0,1,0,0,0,0,0,0,0,-,-,33.65414810180664,-117.74688720703124,ORANGE,IRVINE,-117.74690246582033,33.65544509887695
84604497,2025,2025-03-18,3026,2025-02-20,1822,12434,NA,4,5,6,3026,0,0,0,NA,0,001,JAMBOREE RD,MCGAW AVE,0,NA,Y,A,-,N,NA,NA,NA,NA,NA,NA,NA,NA,NA,N,2,0,1,2,A,-,12,21453,A,N,D,G,A,A,H,-,C,A,0,NA,Y,NA,NA,Y,NA,M,91,1,0,0,0,0,0,1,0,0,-,-,33.685550689697266,-117.83426666259766,ORANGE,IRVINE,-117.83492279052734,33.68574905395508
84604688,2025,2025-03-18,3019,2025-03-06,823,3982,NA,4,5,7,3019,0,0,0,NA,0,002,15TH STREET,FLOWER STREET,10,E,N,A,-,N,NA,NA,NA,NA,NA,NA,NA,NA,NA,N,3,0,1,2,A,-,05,21650,1,N,D,G,A,A,H,-,A,A,0,NA,Y,NA,NA,Y,NA,L,04,0,1,0,0,0,0,1,0,0,-,-,33.757179260253906,-117.87632751464844,ORANGE,SANTA ANA,-117.87651824951172,33.757869720458984
84609103,2025,2025-03-18,3026,2025-03-15,1859,729,NA,6,5,6,3026,0,0,0,NA,0,003,CAMPUS,INTERSECTION OF CULVER,200,E,N,B,-,N,NA,NA,NA,NA,NA,NA,NA,NA,NA,Y,4,0,1,1,A,-,03,22350,NA,N,A,I,A,A,H,-,B,D,0,NA,NA,NA,NA,Y,NA,A,01,0,0,1,0,0,0,0,0,0,-,-,NA,NA,ORANGE,IRVINE,NA,NA
8461215,2017,2017-10-16,3008,2017-06-05,0310,1496,Z2,1,5,6,3008,0,0,0,NA,0,NA,HARBOR BL,BASTANCHURY RD,0,NA,Y,A,-,N,NA,NA,NA,NA,NA,NA,NA,NA,NA,Y,4,0,2,2,A,-,09,21453,C,N,B,C,A,A,H,-,C,A,0,NA,NA,NA,NA,Y,NA,A,01,0,0,2,0,0,0,0,0,0,-,-,NA,NA,ORANGE,FULLERTON,-117.92890002,33.89562011
8461410,2017,2017-10-13,3015,2017-08-31,0658,1386,33,4,5,6,3015,0,0,0,NA,0,711,E PALMYRA AV,GARDNER,150,W,N,A,-,N,NA,NA,NA,NA,NA,NA,NA,NA,NA,Y,3,0,1,3,A,-,08,22107,NA,N,A,E,A,A,H,-,A,D,0,NA,NA,Y,NA,Y,NA,A,01,0,1,0,0,0,0,0,0,0,-,-,NA,NA,ORANGE,ORANGE,-117.84166242,33.78419481
8461434,2017,2017-10-16,3015,2017-08-18,0417,1559,31,5,5,6,3015,0,0,0,NA,0,111,W GARDEN GROVE BL,SOUTH LEWIS ST,173,E,N,A,-,N,NA,NA,NA,NA,NA,NA,NA,NA,NA,Y,3,0,1,4,A,-,08,22107,NA,N,A,E,A,A,H,-,C,A,0,NA,NA,NA,NA,Y,NA,A,01,0,1,0,0,0,0,0,0,0,-,-,NA,NA,ORANGE,ORANGE,-117.89715043,33.77425018
8461869,2017,2017-10-06,3024,2017-09-10,2336,440,P21,7,5,5,3024,0,0,0,NA,0,EAST,MAGNOLIA ST,WESTMINSTER BL,0,NA,Y,A,-,N,NA,NA,NA,NA,NA,NA,NA,NA,NA,N,4,0,1,2,D,-,00,NA,NA,F,D,C,A,A,H,-,C,A,0,NA,NA,NA,NA,Y,NA,-,-,0,0,1,0,0,0,0,0,0,-,-,33.75939,-117.97209,ORANGE,WESTMINSTER,-117.97242008,33.75941003
8462160,2017,2017-11-03,3001,2017-09-24,0758,A2332,D3,7,5,7,3001,0,0,0,NA,0,NA,WEST BALL RD,SOUTH LOARA ST,0,NA,Y,A,-,N,NA,NA,NA,NA,NA,NA,NA,NA,NA,Y,3,0,2,2,A,-,12,21453,A,N,D,C,A,A,H,-,A,A,0,NA,NA,NA,NA,Y,NA,-,-,0,1,1,0,0,0,0,0,0,-,-,NA,NA,ORANGE,ANAHEIM,-117.9376501,33.81801002
8463033,2017,2017-10-20,3024,2017-10-05,0739,329,P17,4,5,5,3024,0,0,0,NA,0,WEST,OLIVE ST,MAIN ST,0,NA,Y,A,-,N,NA,NA,NA,NA,NA,NA,NA,NA,NA,Y,3,0,2,2,A,-,12,22450,A,N,D,C,A,A,H,-,A,D,0,NA,NA,NA,NA,Y,NA,A,07,0,1,1,0,0,0,0,0,0,-,-,NA,NA,ORANGE,WESTMINSTER,-118.00056009,33.75550005
84631636,2025,2025-04-03,3008,2025-01-21,936,1692,NA,2,5,6,3008,0,0,0,NA,0,NA,CHAPMAN AVE,ACACIA AVE,0,NA,Y,A,-,N,NA,NA,NA,NA,NA,NA,NA,NA,NA,N,4,0,1,3,A,-,10,21950,A,N,G,B,B,A,H,-,A,A,0,Y,NA,NA,NA,Y,NA,A,08,0,0,1,0,1,0,0,0,0,-,-,NA,NA,ORANGE,FULLERTON,-117.89833068847656,33.87416458129883
8463273,2017,2017-11-22,3019,2017-09-30,0130,3481,NE,6,5,7,3019,0,0,0,NA,0,NA,MAIN ST,SANTA CLARA AV,0,NA,Y,A,-,N,NA,NA,NA,NA,NA,NA,NA,NA,NA,Y,4,0,1,2,A,-,01,23152,A,N,D,C,A,A,H,-,C,A,0,NA,NA,NA,NA,Y,Y,A,01,0,0,1,0,0,0,0,0,0,-,-,33.76663,-117.86743,ORANGE,SANTA ANA,-117.86750002,33.76684005
8463283,2017,2017-11-13,3000,2017-08-28,1225,5036,892C7,1,5,5,3028,0,0,0,NA,0,750,MARGUERITE PKWY,JERONIMO RD,0,NA,Y,A,-,N,NA,NA,NA,NA,NA,NA,NA,NA,NA,Y,2,0,3,2,A,-,09,21453,C,N,D,C,A,A,H,-,A,A,0,NA,NA,NA,NA,Y,NA,A,01,1,1,1,0,0,0,0,0,0,-,-,NA,NA,ORANGE,MISSION VIEJO,-117.65543003,33.60710005
84633699,2025,2025-04-02,3019,2025-03-16,1741,3575,NA,7,5,7,3019,0,0,0,NA,0,NA,1ST STREET,HARBOR BOULEVARD,39,E,N,A,-,N,NA,NA,NA,NA,NA,NA,NA,NA,NA,N,4,0,1,2,A,-,03,22350,NA,M,C,C,A,A,H,-,A,A,0,NA,NA,NA,NA,Y,NA,D,22,0,0,1,0,0,0,0,0,0,-,-,33.74504089355469,-117.92022705078124,ORANGE,SANTA ANA,-117.92005157470705,33.74515151977539
8463446,2017,2017-10-24,3000,2017-08-30,0735,5805,891J4,3,5,5,3050,0,0,0,NA,0,764,TOLEDO WY,PRADO LN,0,NA,Y,A,-,N,NA,NA,NA,NA,NA,NA,NA,NA,NA,Y,3,0,1,2,A,-,09,21801,A,N,D,C,A,A,H,-,A,A,0,NA,NA,NA,NA,Y,NA,A,01,0,1,0,0,0,0,0,0,0,-,-,NA,NA,ORANGE,LAKE FOREST,-117.68903008,33.63557005
84636971,2025,2025-04-04,3001,2025-03-05,722,A1007,NA,3,5,7,3001,0,0,0,NA,0,D-2,OLIVE STREET,WATER STREET,0,N,Y,A,-,N,NA,NA,NA,NA,NA,NA,NA,NA,NA,Y,4,0,1,2,A,-,09,21802,A,N,A,C,A,A,H,-,A,A,0,NA,NA,NA,NA,Y,NA,A,01,0,0,1,0,0,0,0,0,0,-,-,33.829551696777344,-117.90812683105467,ORANGE,ANAHEIM,-117.90795135498048,33.829837799072266
84637046,2025,2025-04-04,3010,2025-03-27,1123,0147,NA,4,5,6,3010,0,0,0,NA,0,003,ADAMS AVE,FLORIDA ST,0,NA,Y,A,-,N,NA,NA,NA,NA,NA,NA,NA,NA,NA,Y,4,0,1,2,A,-,03,22350,NA,N,C,C,A,A,D,-,A,A,0,NA,NA,NA,NA,Y,NA,A,01,0,0,1,0,0,0,0,0,0,-,-,33.67203140258789,-117.99095153808594,ORANGE,HUNTINGTON BEACH,-117.99080657958984,33.6722297668457
84638978,2025,2025-04-07,3022,2025-03-14,2124,1479,NA,5,5,5,3022,0,0,0,NA,0,NA,ANGLIN LN,PROSPECT AV,19,W,N,A,-,N,NA,NA,NA,NA,NA,NA,NA,NA,NA,N,3,0,1,2,A,-,10,21950,A,N,G,B,B,A,H,-,C,D,0,Y,NA,NA,NA,Y,NA,A,01,0,1,0,0,1,0,0,0,0,-,-,33.76308822631836,-117.82032012939452,ORANGE,TUSTIN,-117.82048034667967,33.76304626464844
84640446,2025,2025-05-16,3022,2025-03-25,1715,1109,NA,2,5,5,3022,0,0,0,NA,0,NA,NEWPORT AV,MAIN ST (W),108,N,N,A,-,N,NA,NA,NA,NA,NA,NA,NA,NA,NA,N,4,0,1,3,A,-,03,22350,NA,N,C,C,A,A,H,-,A,A,0,NA,NA,NA,NA,Y,NA,I,11,0,0,1,0,0,0,0,0,0,-,-,33.74203109741211,-117.81817626953124,ORANGE,TUSTIN,-117.81795501708984,33.74237060546875
84642176,2025,2025-04-09,3026,2025-03-29,1259,548,NA,6,5,6,3026,0,0,0,NA,0,004,YALE AVE,IRVINE CENTER DR,69,S,N,B,-,N,NA,NA,NA,NA,NA,NA,NA,NA,NA,Y,3,0,2,2,A,-,09,21453,B,N,D,C,A,A,H,-,A,A,0,NA,NA,NA,NA,Y,NA,D,22,0,2,0,0,0,0,0,0,0,-,-,33.68547058105469,-117.78774261474608,ORANGE,IRVINE,-117.7885513305664,33.6860237121582
84642255,2025,2025-04-09,3022,2025-03-25,1125,1109,NA,2,5,5,3022,0,0,0,NA,0,NA,1ST ST,B ST (W),0,NA,Y,A,-,N,NA,NA,NA,NA,NA,NA,NA,NA,NA,Y,4,0,2,2,D,-,00,NA,NA,N,D,C,A,A,H,-,A,A,0,NA,NA,NA,NA,Y,NA,-,-,0,0,2,0,0,0,0,0,0,-,-,33.74570846557617,-117.8260498046875,ORANGE,TUSTIN,-117.82592010498048,33.745643615722656
8464286,2017,2017-10-16,3004,2017-09-17,2144,P641,14,7,5,6,3004,0,0,0,NA,0,009,PLACENTIA AV,SWAN CIR,219,S,N,A,-,N,NA,NA,NA,NA,NA,NA,NA,NA,NA,Y,3,0,1,1,A,-,03,22350,NA,N,E,I,A,A,H,-,C,D,0,NA,NA,NA,NA,Y,NA,A,01,0,1,0,0,0,0,0,0,0,-,-,33.668,-117.937,ORANGE,COSTA MESA,-117.93728,33.66836966
8464311,2017,2017-10-19,3019,2017-09-05,1540,3317,NE,2,5,7,3019,0,0,0,NA,0,002,17TH ST,GRAND AV,122,E,N,A,-,N,NA,NA,NA,NA,NA,NA,NA,NA,NA,N,4,0,1,2,A,-,03,22350,NA,N,C,C,A,A,H,-,A,D,0,NA,NA,NA,NA,Y,NA,A,01,0,0,1,0,0,0,0,0,0,-,-,33.75993,-117.85192,ORANGE,SANTA ANA,-117.85151958,33.75992
8464477,2017,2017-10-12,3019,2017-08-22,0800,016,NA,2,5,7,3019,0,0,0,NA,0,129,W WARNER,BRISTOL ST,150,E,N,A,-,N,NA,NA,NA,NA,NA,NA,NA,NA,NA,N,3,0,1,2,A,-,21,22106,NA,F,H,G,A,A,H,-,A,D,0,NA,Y,NA,NA,Y,NA,A,01,0,1,0,0,0,0,1,0,0,-,-,NA,NA,ORANGE,SANTA ANA,-117.88484805,33.71621054
84646779,2025,2025-04-11,3026,2025-04-09,740,4779,NA,3,5,6,3026,0,0,0,NA,0,007,CULVER DR,SETTLERS,2,S,N,A,-,N,NA,NA,NA,NA,NA,NA,NA,NA,NA,N,3,0,1,2,A,-,09,21453,B,N,H,G,A,A,H,-,A,A,0,NA,Y,NA,NA,Y,NA,A,07,0,1,0,0,0,0,1,0,0,-,-,33.73646926879883,-117.75653076171876,ORANGE,IRVINE,-117.75812530517578,33.737525939941406
84646952,2025,2025-04-14,3001,2025-03-15,1646,A2576,NA,6,5,7,3001,0,0,0,NA,0,026,LINCOLN AVENUE,PEREGRINE STREET,161,W,N,A,-,Y,NA,NA,NA,NA,NA,NA,NA,NA,NA,N,4,0,1,2,A,-,03,22350,NA,N,C,C,A,A,H,-,A,A,0,NA,NA,NA,NA,Y,NA,A,01,0,0,1,0,0,0,0,0,0,-,-,33.83903121948242,-117.8840103149414,ORANGE,ANAHEIM,-117.88439178466795,33.83918762207031
84646959,2025,2025-04-14,3001,2025-03-19,1726,A2687,NA,3,5,7,3001,0,0,0,NA,0,NA,SOUTH STREET,PEREGRINE STREET,402,W,N,A,-,N,NA,NA,NA,NA,NA,NA,NA,NA,NA,N,4,0,1,2,A,-,01,23152,A,M,C,C,A,A,H,-,A,D,0,NA,NA,NA,NA,Y,Y,D,22,0,0,1,0,0,0,0,0,0,-,-,33.83103942871094,-117.8828125,ORANGE,ANAHEIM,-117.88426208496094,33.83264923095703