CASE_ID,ACCIDENT_YEAR,PROC_DATE,JURIS,COLLISION_DATE,COLLISION_TIME,OFFICER_ID,REPORTING_DISTRICT,DAY_OF_WEEK,CHP_SHIFT,POPULATION,CNTY_CITY_LOC,SPECIAL_COND,BEAT_TYPE,CHP_BEAT_TYPE,CITY_DIVISION_LAPD,CHP_BEAT_CLASS,BEAT_NUMBER,PRIMARY_RD,SECONDARY_RD,DISTANCE,DIRECTION,INTERSECTION,WEATHER_1,WEATHER_2,STATE_HWY_IND,CALTRANS_COUNTY,CALTRANS_DISTRICT,STATE_ROUTE,ROUTE_SUFFIX,POSTMILE_PREFIX,POSTMILE,LOCATION_TYPE,RAMP_INTERSECTION,SIDE_OF_HWY,TOW_AWAY,COLLISION_SEVERITY,NUMBER_KILLED,NUMBER_INJURED,PARTY_COUNT,PRIMARY_COLL_FACTOR,PCF_CODE_OF_VIOL,PCF_VIOL_CATEGORY,PCF_VIOLATION,PCF_VIOL_SUBSECTION,HIT_AND_RUN,TYPE_OF_COLLISION,MVIW,PED_ACTION,ROAD_SURFACE,ROAD_COND_1,ROAD_COND_2,LIGHTING,CONTROL_DEVICE,CHP_ROAD_TYPE,PEDESTRIAN_ACCIDENT,BICYCLE_ACCIDENT,MOTORCYCLE_ACCIDENT,TRUCK_ACCIDENT,NOT_PRIVATE_PROPERTY,ALCOHOL_INVOLVED,STWD_VEHTYPE_AT_FAULT,CHP_VEHTYPE_AT_FAULT,COUNT_SEVERE_INJ,COUNT_VISIBLE_INJ,COUNT_COMPLAINT_PAIN,COUNT_PED_KILLED,COUNT_PED_INJURED,COUNT_BICYCLIST_KILLED,COUNT_BICYCLIST_INJURED,COUNT_MC_KILLED,COUNT_MC_INJURED,PRIMARY_RAMP,SECONDARY_RAMP,LATITUDE,LONGITUDE,COUNTY,CITY,POINT_X,POINT_Y
84888574,2025,2025-10-16,3019,2025-09-27,2017,4025,NA,6,5,7,3019,0,0,0,NA,0,004,EDINGER AVENUE,SULLIVAN STREET,0,NA,Y,A,-,N,NA,NA,NA,NA,NA,NA,NA,NA,NA,Y,3,0,1,3,A,-,03,22350,NA,N,C,C,A,A,H,-,C,A,0,NA,NA,NA,NA,Y,NA,A,01,0,1,0,0,0,0,0,0,0,-,-,33.72721862792969,-117.90252685546876,ORANGE,SANTA ANA,-117.90254974365234,33.72730255126953
84890362,2025,2025-10-17,3011,2025-10-03,901,31629,NA,5,5,4,3011,0,0,0,NA,0,NA,PARK AVE,HILLVIEW DR,67,E,-,B,-,N,NA,NA,NA,NA,NA,NA,NA,NA,NA,N,4,0,1,2,A,-,05,21202,A,N,H,G,A,A,H,-,A,D,0,NA,Y,NA,NA,Y,NA,L,04,0,0,1,0,0,0,1,0,0,-,-,NA,NA,ORANGE,LAGUNA BEACH,-117.76210021972656,33.54998016357422
84890590,2025,2025-10-17,3010,2025-10-13,1629,0147,NA,1,5,6,3010,0,0,0,NA,0,002,ATLANTA AVE,MAGNOLIA ST,401,E,N,A,-,N,NA,NA,NA,NA,NA,NA,NA,NA,NA,N,4,0,1,2,A,-,03,22350,NA,N,D,G,A,A,H,-,A,D,0,NA,Y,NA,NA,Y,NA,M,91,0,0,1,0,0,0,1,0,0,-,-,33.657588958740234,-117.97104644775392,ORANGE,HUNTINGTON BEACH,-117.96973419189452,33.65774154663086
8489062,2017,2017-12-06,3008,2017-10-18,0538,869,NA,3,5,6,3008,0,0,0,NA,0,003,YORBA LINDA BL,ASSOCIATED RD,308,W,N,A,-,N,NA,NA,NA,NA,NA,NA,NA,NA,NA,N,3,0,1,2,A,-,11,21954,A,N,G,B,E,A,H,-,C,D,0,Y,NA,NA,NA,Y,NA,N,60,0,1,0,0,1,0,0,0,0,-,-,NA,NA,ORANGE,FULLERTON,-117.88657827,33.88890023
8489453,2017,2018-07-10,3010,2017-10-19,1950,1109,413,4,5,6,3010,0,0,0,NA,0,005,RT 39,ELLIS,88,S,N,A,-,Y,ORA,12,39,-,-,3.1,H,-,N,Y,4,0,1,2,A,-,08,22107,NA,N,D,C,A,A,H,-,C,A,0,NA,NA,NA,NA,Y,NA,A,01,0,0,1,0,0,0,0,0,0,-,-,NA,NA,ORANGE,HUNTINGTON BEACH,-117.98874727,33.69344828
8489501,2017,2018-07-09,3011,2017-11-02,0640,31407,73,4,5,4,3011,0,0,0,NA,0,001,LAGUNA CANYON RD,RT 73,30,S,N,B,C,Y,ORA,12,133,-,R,4.003,I,5,S,Y,4,0,1,2,A,-,09,21453,B,N,B,C,A,B,H,-,B,A,0,NA,NA,Y,NA,Y,NA,C,02,0,0,1,0,0,0,0,0,1,-,-,NA,NA,ORANGE,LAGUNA BEACH,-117.7596411,33.59108664
84898644,2025,2025-10-23,3001,2025-08-04,2222,A3031,NA,1,5,7,3001,0,0,0,NA,0,D-2,LEMON STREET,91 FRWY OFFRAMP,0,NA,Y,A,-,N,NA,NA,NA,NA,NA,NA,NA,NA,NA,N,4,0,2,2,A,-,12,21453,A,N,B,C,A,A,H,-,C,A,0,NA,NA,NA,NA,Y,NA,A,01,0,0,2,0,0,0,0,0,0,-,-,33.854488372802734,-117.91983795166016,ORANGE,ANAHEIM,NA,NA
84898649,2025,2025-10-23,3001,2025-09-05,1958,A2894,NA,5,5,7,3001,0,0,0,NA,0,D-1,BALL RD,S KINGS COURT DR,176,E,N,A,-,N,NA,NA,NA,NA,NA,NA,NA,NA,NA,N,4,0,1,2,A,-,03,22350,NA,N,A,C,A,A,H,-,C,D,0,NA,NA,NA,NA,Y,NA,M,94,0,0,1,0,0,0,0,0,0,-,-,NA,NA,ORANGE,ANAHEIM,-117.94414520263672,33.8178596496582
84898738,2025,2025-10-23,3019,2025-08-26,2314,3729,NA,2,5,7,3019,0,0,0,NA,0,001,1ST STREET,BRISTOL STREET,10,W,N,A,-,N,NA,NA,NA,NA,NA,NA,NA,NA,NA,Y,4,0,1,2,A,-,01,23152,A,N,C,C,A,A,H,-,C,A,0,NA,NA,Y,NA,Y,Y,D,22,0,0,1,0,0,0,0,0,1,-,-,33.7452507019043,-117.88514709472656,ORANGE,SANTA ANA,-117.88520050048828,33.74546813964844
8489944,2017,2017-12-01,3002,2017-10-10,1100,9196,741F5,2,5,5,3025,0,0,0,NA,0,004,MEADOW LAND DR,GREEN MEADOW WY,0,NA,Y,A,-,N,NA,NA,NA,NA,NA,NA,NA,NA,NA,Y,4,0,3,2,A,-,09,21801,A,N,A,C,A,A,H,-,A,D,0,NA,NA,NA,NA,Y,NA,A,01,0,0,3,0,0,0,0,0,0,-,-,NA,NA,ORANGE,YORBA LINDA,-117.7062701,33.87930001
8490181,2017,2017-11-29,3000,2017-10-31,0807,5377,922A7,2,5,5,3040,0,0,0,NA,0,741,CROWN VALLEY PKWY,CABOT RD,135,W,N,B,-,N,NA,NA,NA,NA,NA,NA,NA,NA,NA,N,4,0,1,2,A,-,03,22350,NA,N,C,C,A,A,H,-,A,A,0,NA,NA,NA,NA,Y,NA,A,07,0,0,1,0,0,0,0,0,0,-,-,NA,NA,ORANGE,LAGUNA NIGUEL,-117.67950031,33.55699563
84903008,2025,2025-10-27,3001,2025-10-05,1522,A2540,NA,7,5,7,3001,0,0,0,NA,0,NA,VERMONT AVENUE,STATE COLLEGE BOULEVARD,410,W,N,A,-,N,NA,NA,NA,NA,NA,NA,NA,NA,NA,N,3,0,1,2,A,-,08,22107,NA,N,B,E,A,A,A,-,A,D,0,NA,NA,NA,NA,Y,NA,A,01,0,1,0,0,0,0,0,0,0,-,-,NA,NA,ORANGE,ANAHEIM,-117.8906478881836,33.82759475708008
8490326,2017,2017-11-29,3024,2017-10-25,1347,329,P30,3,5,5,3024,0,0,0,NA,0,WEST,GOLDENWEST ST,OXFORD DR,300,N,N,A,-,N,NA,NA,NA,NA,NA,NA,NA,NA,NA,N,4,0,1,2,A,-,03,22350,NA,N,C,C,A,A,H,-,A,D,0,NA,NA,NA,NA,Y,NA,A,01,0,0,1,0,0,0,0,0,0,-,-,33.74228,-119.00695,ORANGE,WESTMINSTER,-118.00696829,33.7432225
8490338,2017,2017-11-29,3024,2017-10-23,1753,426,P10,1,5,5,3024,0,0,0,NA,0,WEST,TRASK AV,SISKIYOU ST,8,E,N,A,-,N,NA,NA,NA,NA,NA,NA,NA,NA,NA,N,4,0,1,2,A,-,10,21950,A,F,G,B,B,A,H,-,A,D,0,Y,NA,NA,NA,Y,NA,A,08,0,0,1,0,1,0,0,0,0,-,-,33.76646,-118.01133,ORANGE,WESTMINSTER,-118.01113374,33.76638027
84904941,2025,2025-10-28,3019,2025-10-15,129,3602,NA,3,5,7,3019,0,0,0,NA,0,002,1ST STREET,MCCLAY STREET,193,E,N,A,-,N,NA,NA,NA,NA,NA,NA,NA,NA,NA,Y,4,0,1,2,A,-,09,21804,A,F,D,C,A,A,H,-,C,D,0,NA,NA,NA,NA,Y,NA,D,22,0,0,1,0,0,0,0,0,0,-,-,33.74546813964844,-117.85053253173828,ORANGE,SANTA ANA,-117.84967041015624,33.74555969238281
84906740,2025,2025-10-29,3019,2025-10-24,1545,3823,NA,5,5,7,3019,0,0,0,NA,0,001,NEWHOPE STREET,KENT AVENUE (N),40,N,N,A,-,N,NA,NA,NA,NA,NA,NA,NA,NA,NA,N,4,0,1,2,A,-,03,22350,NA,N,C,C,A,A,H,-,A,A,0,NA,NA,NA,NA,Y,NA,A,01,0,0,1,0,0,0,0,0,0,-,-,33.734989166259766,-117.9289779663086,ORANGE,SANTA ANA,-117.92863464355467,33.734519958496094
8490695,2017,2017-11-17,3019,2017-10-30,1620,3198,SE,1,5,7,3019,0,0,0,NA,0,003,DYER RD,GRAND AV,218,W,N,B,-,N,NA,NA,NA,NA,NA,NA,NA,NA,NA,Y,4,0,2,3,A,-,03,22350,NA,N,C,C,A,A,H,-,A,D,0,NA,NA,NA,NA,Y,NA,D,22,0,0,2,0,0,0,0,0,0,-,-,NA,NA,ORANGE,SANTA ANA,-117.85325506,33.70850231
84910162,2025,2025-10-31,3010,2025-10-28,1839,2050,NA,2,5,6,3010,0,0,0,NA,0,007,HEIL AVE,REDLANDS LN,0,NA,Y,A,-,N,NA,NA,NA,NA,NA,NA,NA,NA,NA,Y,4,0,1,2,A,-,09,21801,A,N,B,C,A,A,H,-,C,D,0,NA,NA,Y,NA,Y,NA,A,01,0,0,1,0,0,0,0,0,1,-,-,33.72285079956055,-118.01168823242188,ORANGE,HUNTINGTON BEACH,-118.01173400878906,33.722801208496094
8491142,2017,2017-11-30,3015,2017-10-19,1946,1506,57,4,5,6,3015,0,0,0,NA,0,111,N ECKHOFF ST,WEST ORANGEWOOD AV,0,NA,Y,A,-,N,NA,NA,NA,NA,NA,NA,NA,NA,NA,Y,4,0,1,2,A,-,09,21801,A,N,A,C,A,A,H,-,C,A,0,NA,NA,NA,NA,Y,NA,A,01,0,0,1,0,0,0,0,0,0,-,-,NA,NA,ORANGE,ORANGE,-117.87374,33.79579004
84911551,2025,2025-11-05,3001,2025-10-29,2154,A1278,NA,3,5,7,3001,0,0,0,NA,0,D-1,MULLER STREET,BAYPORT CIRCLE (N),0,NA,Y,A,-,N,NA,NA,NA,NA,NA,NA,NA,NA,NA,Y,1,1,1,1,-,-,-,NA,NA,N,E,I,A,A,H,-,C,A,0,NA,NA,NA,NA,Y,Y,-,-,1,0,0,0,0,0,0,0,0,-,-,NA,NA,ORANGE,ANAHEIM,-117.95018005371094,33.83620071411133
84914127,2025,2025-11-06,3014,2025-10-16,119,1661,NA,4,5,5,3014,0,0,0,NA,0,A4,MACARTHUR BLVD,E. COAST HWY,116,N,N,A,-,N,NA,NA,NA,NA,NA,NA,NA,NA,NA,Y,2,0,1,1,A,-,01,23152,A,N,E,I,A,A,H,-,C,A,0,NA,NA,NA,NA,Y,Y,A,07,1,0,0,0,0,0,0,0,0,-,-,33.6044807434082,-117.87362670898438,ORANGE,NEWPORT BEACH,-117.87380981445313,33.60436248779297
8491503,2017,2017-11-28,3019,2017-10-23,1633,3524,SC,1,5,7,3019,0,0,0,NA,0,004,GREENVILLE ST,PENDLETON AV,0,NA,Y,A,-,N,NA,NA,NA,NA,NA,NA,NA,NA,NA,N,4,0,1,2,A,-,05,21460,A,N,D,C,A,A,H,-,A,D,0,NA,NA,NA,NA,Y,NA,A,01,0,0,1,0,0,0,0,0,0,-,-,33.71685,-117.90392,ORANGE,SANTA ANA,-117.90375009,33.71660006
84916026,2025,2025-11-07,3014,2025-10-24,1502,1561,NA,5,5,5,3014,0,0,0,NA,0,A2,IRVINE AVE,LAUREL PL,60,N,N,A,-,N,NA,NA,NA,NA,NA,NA,NA,NA,NA,N,3,0,1,2,A,-,03,22350,NA,N,H,G,A,A,H,-,A,A,0,NA,NA,NA,NA,Y,NA,M,91,0,1,0,0,0,0,0,0,0,-,-,33.625099182128906,-117.91190338134766,ORANGE,NEWPORT BEACH,-117.91203308105467,33.625038146972656
8492264,2017,2017-11-21,3010,2017-11-06,1239,1059,455,1,5,6,3010,0,0,0,NA,0,002,ATLANTA AV,KIMBERWICK LN,24,W,N,A,-,N,NA,NA,NA,NA,NA,NA,NA,NA,NA,N,4,0,1,2,A,-,05,21650,1,N,D,G,A,A,H,-,A,A,0,NA,Y,NA,NA,Y,NA,L,04,0,0,1,0,0,0,1,0,0,-,-,NA,NA,ORANGE,HUNTINGTON BEACH,-117.96506867,33.65777862
8492304,2017,2017-11-21,3000,2017-10-21,1615,9704,892C7,6,5,5,3028,0,0,0,NA,0,754,MARGUERITE PKWY,JERONIMO RD,215,N,N,A,-,N,NA,NA,NA,NA,NA,NA,NA,NA,NA,Y,3,0,1,1,A,-,03,22350,NA,N,F,A,A,A,H,-,A,A,0,NA,NA,Y,NA,Y,NA,C,02,0,1,0,0,0,0,0,0,1,-,-,NA,NA,ORANGE,MISSION VIEJO,-117.6551557,33.60764262
84924030,2025,2025-11-12,3001,2025-10-10,1950,A2959,NA,5,5,7,3001,0,0,0,NA,0,D-1,GILBERT STREET,BALL ROAD,100,S,N,A,-,N,NA,NA,NA,NA,NA,NA,NA,NA,NA,Y,4,0,2,2,A,-,03,22350,NA,N,D,C,A,A,H,-,C,A,0,NA,NA,NA,NA,Y,NA,A,01,0,0,2,0,0,0,0,0,0,-,-,NA,NA,ORANGE,ANAHEIM,-117.96764373779295,33.81741714477539
84924481,2025,2025-11-12,3008,2025-09-22,1709,1387,NA,1,5,6,3008,0,0,0,NA,0,NA,VALENCIA DR,HARBOR BLVD,0,NA,Y,A,-,N,NA,NA,NA,NA,NA,NA,NA,NA,NA,Y,4,0,2,2,A,-,09,21801,A,N,A,C,A,A,H,-,A,A,0,NA,NA,NA,NA,Y,NA,A,07,0,0,2,0,0,0,0,0,0,-,-,NA,NA,ORANGE,FULLERTON,-117.9242706298828,33.8661994934082
84927036,2025,2025-11-13,3001,2025-10-22,1807,A1278,NA,3,5,7,3001,0,0,0,NA,0,D-2,PAMPAS LANE,EUCLID STREET,239,E,N,A,-,N,NA,NA,NA,NA,NA,NA,NA,NA,NA,N,3,0,2,2,A,-,09,21804,A,N,A,C,A,A,H,-,D,D,0,NA,NA,NA,NA,Y,NA,A,07,0,1,1,0,0,0,0,0,0,-,-,NA,NA,ORANGE,ANAHEIM,-117.94072723388672,33.83070755004883
84927043,2025,2025-11-13,3001,2025-10-25,1603,A2960,NA,6,5,7,3001,0,0,0,NA,0,D-3,EUCLID STREET,PALM LANE,0,NA,Y,A,-,N,NA,NA,NA,NA,NA,NA,NA,NA,NA,Y,3,0,2,2,A,-,09,21801,A,N,D,C,A,A,H,-,A,D,0,NA,NA,NA,NA,Y,NA,A,07,0,2,0,0,0,0,0,0,0,-,-,NA,NA,ORANGE,ANAHEIM,-117.94142150878906,33.81608581542969
84927244,2025,2025-11-13,3019,2025-11-02,1348,3829,NA,7,5,7,3019,0,0,0,NA,0,001,HARBOR BOULEVARD,1ST STREET,700,S,N,A,-,N,NA,NA,NA,NA,NA,NA,NA,NA,NA,N,3,0,1,2,D,-,00,NA,NA,N,D,C,A,A,H,-,A,D,0,NA,NA,NA,NA,Y,NA,-,-,0,1,0,0,0,0,0,0,0,-,-,33.74504089355469,-117.92022705078124,ORANGE,SANTA ANA,-117.92015075683594,33.74323272705078
84928981,2025,2025-11-17,3001,2025-10-27,1312,A2813,NA,1,5,7,3001,0,0,0,NA,0,D-1,DALE AVE,ORANGE AVE,0,NA,Y,A,-,N,NA,NA,NA,NA,NA,NA,NA,NA,NA,Y,4,0,1,2,A,-,09,21801,A,N,D,C,A,A,H,-,A,A,0,NA,NA,NA,NA,Y,NA,A,01,0,0,1,0,0,0,0,0,0,-,-,33.824588775634766,-117.98467254638672,ORANGE,ANAHEIM,-117.98464965820313,33.824825286865234
84929341,2025,2025-11-14,3019,2025-11-09,727,3908,NA,7,5,7,3019,0,0,0,NA,0,001,EUCLID STREET,MCFADDEN AVENUE,6,S,N,B,-,N,NA,NA,NA,NA,NA,NA,NA,NA,NA,Y,3,0,1,2,A,-,10,21950,A,N,G,B,B,A,H,-,A,A,0,Y,NA,NA,NA,Y,NA,A,01,0,1,0,0,1,0,0,0,0,-,-,33.73828125,-117.93766784667967,ORANGE,SANTA ANA,-117.93739318847656,33.73813247680664
84934645,2025,2025-11-18,3001,2025-10-09,1236,A2461,NA,4,5,7,3001,0,0,0,NA,0,D-3,ORANGEWOOD AVENUE,LEWIS STREET,0,NA,Y,A,-,N,NA,NA,NA,NA,NA,NA,NA,NA,NA,N,4,0,2,2,A,-,12,21453,A,N,D,C,A,A,H,-,A,A,0,NA,NA,NA,NA,Y,NA,A,01,0,0,2,0,0,0,0,0,0,-,-,NA,NA,ORANGE,ANAHEIM,-117.89769744873048,33.79611587524414
84934909,2025,2025-11-18,3019,2025-11-08,1900,3201,NA,6,5,7,3019,0,0,0,NA,0,001,6TH STREET,WESTERN AVENUE,0,NA,Y,A,-,N,NA,NA,NA,NA,NA,NA,NA,NA,NA,N,2,0,1,2,A,-,10,21950,A,F,G,B,B,A,H,-,C,D,0,Y,NA,NA,NA,Y,NA,-,99,1,0,0,0,1,0,0,0,0,-,-,33.749141693115234,-117.89151763916016,ORANGE,SANTA ANA,-117.89151000976563,33.7496223449707
84934924,2025,2025-11-18,3010,2025-11-13,1835,2211,NA,4,5,6,3010,0,0,0,NA,0,006,WARNER AVE,NICHOLS LN,2,E,N,A,-,Y,NA,NA,NA,NA,NA,NA,NA,NA,NA,N,3,0,1,2,A,-,05,21651,A,N,D,G,A,A,H,-,C,A,0,NA,Y,NA,NA,Y,NA,L,04,0,1,0,0,0,0,1,0,0,-,-,33.71548080444336,-117.99585723876952,ORANGE,HUNTINGTON BEACH,-117.99573516845705,33.71567916870117
84934937,2025,2025-11-18,3019,2025-11-12,1219,3884,NA,3,5,7,3019,0,0,0,NA,0,001,5TH STREET,BEWLEY STREET (W),0,NA,Y,A,-,N,NA,NA,NA,NA,NA,NA,NA,NA,NA,Y,3,0,2,2,A,-,09,21802,A,N,D,C,A,A,H,-,A,A,0,NA,NA,NA,NA,Y,NA,D,22,0,1,1,0,0,0,0,0,0,-,-,33.74871063232422,-117.91805267333984,ORANGE,SANTA ANA,-117.91799926757813,33.74884796142578
84936766,2025,2025-11-19,3019,2025-11-14,1236,3575,NA,5,5,7,3019,0,0,0,NA,0,001,5TH STREET,SUSAN STREET,0,NA,Y,A,C,N,NA,NA,NA,NA,NA,NA,NA,NA,NA,Y,4,0,2,2,A,-,09,21802,A,N,D,C,A,B,H,-,A,A,0,NA,NA,NA,NA,Y,NA,A,01,0,0,2,0,0,0,0,0,0,-,-,33.74903106689453,-117.91355895996094,ORANGE,SANTA ANA,-117.9136199951172,33.74885559082031
84940861,2025,2025-11-21,3019,2025-11-19,1253,3884,NA,3,5,7,3019,0,0,0,NA,0,002,TUSTIN AVENUE,17TH STREET,90,N,N,A,-,N,NA,NA,NA,NA,NA,NA,NA,NA,NA,Y,4,0,1,3,A,-,03,22350,NA,N,C,C,A,A,H,-,A,A,0,NA,NA,NA,NA,Y,NA,A,07,0,0,1,0,0,0,0,0,0,-,-,33.758628845214844,-117.83412933349608,ORANGE,SANTA ANA,-117.83422088623048,33.759891510009766
8494142,2017,2017-11-21,3022,2017-11-06,0810,728,NA,1,5,5,3022,0,0,0,NA,0,NA,MAIN ST,CALIFORNIA ST,0,NA,Y,A,-,N,NA,NA,NA,NA,NA,NA,NA,NA,NA,N,4,0,1,2,A,-,05,21650,1,N,G,G,A,A,H,-,A,D,0,NA,Y,NA,NA,Y,NA,L,04,0,0,1,0,0,0,1,0,0,-,-,33.74213,-117.82852,ORANGE,TUSTIN,-117.82853011,33.74210009
84943309,2025,2025-11-24,3001,2025-11-07,1325,A2973,NA,5,5,7,3001,0,0,0,NA,0,D-2,LA PALMA AVENUE,EAST STREET,170,E,N,A,-,N,NA,NA,NA,NA,NA,NA,NA,NA,NA,Y,3,0,1,2,A,-,09,21804,A,N,D,C,A,A,H,-,A,D,0,NA,NA,NA,NA,Y,NA,A,01,0,1,0,0,0,0,0,0,0,-,-,NA,NA,ORANGE,ANAHEIM,-117.90514373779295,33.84728240966797
8494691,2017,2018-07-10,3010,2017-10-29,1852,2023,173,7,5,6,3010,0,0,0,NA,0,008,PACIFIC COAST HWY,CORAL CAY LN,5,E,N,B,-,Y,ORA,12,1,-,-,30.141,I,5,N,N,3,0,1,2,A,-,09,21453,C,N,G,B,B,A,H,-,C,A,0,Y,NA,NA,NA,Y,NA,N,60,0,1,0,0,1,0,0,0,0,-,-,NA,NA,ORANGE,HUNTINGTON BEACH,-118.06599938,33.71427461
8494739,2017,2017-11-29,3016,2017-10-29,0225,1267,13,7,5,5,3016,0,0,0,NA,0,001,MCCORMACK LN,BERKENSTOCK LN,0,NA,Y,A,-,N,NA,NA,NA,NA,NA,NA,NA,NA,NA,Y,2,0,1,1,A,-,03,22350,NA,N,E,I,A,A,H,-,C,A,0,NA,NA,Y,NA,Y,NA,C,02,1,0,0,0,0,0,0,0,1,-,-,33.8967,-117.84845,ORANGE,PLACENTIA,-117.84840005,33.89663
8494854,2017,2017-12-07,3014,2017-11-09,1731,958,RD26,4,5,5,3014,0,0,0,NA,0,0A2,DOVER DR,RT 1,376,N,N,A,-,N,NA,NA,NA,NA,NA,NA,NA,NA,NA,N,3,0,1,1,A,-,08,22107,NA,N,E,I,A,A,H,-,C,D,0,NA,Y,NA,NA,Y,NA,L,04,0,1,0,0,0,0,1,0,0,-,-,33.3732,-117.5424,ORANGE,NEWPORT BEACH,-117.906851,33.617182
84955107,2025,2025-12-03,3001,2025-11-19,1518,A2813,NA,3,5,7,3001,0,0,0,NA,0,D-1,WESTCHESTER DRIVE,LINCOLN AVENUE,13,S,N,A,-,N,NA,NA,NA,NA,NA,NA,NA,NA,NA,N,3,0,1,2,A,-,08,22107,NA,N,D,G,A,A,H,-,A,A,0,NA,Y,NA,NA,Y,NA,A,07,0,1,0,0,0,0,1,0,0,-,-,NA,NA,ORANGE,ANAHEIM,-118.0054168701172,33.83186340332031
84955264,2025,2025-12-03,3019,2025-11-24,623,4023,NA,1,5,7,3019,0,0,0,NA,0,001,17TH STREET,MAR LES DRIVE,0,NA,Y,A,-,N,NA,NA,NA,NA,NA,NA,NA,NA,NA,Y,4,0,1,2,A,-,09,21801,A,N,D,C,A,A,H,-,C,D,0,NA,NA,NA,NA,Y,NA,D,22,0,0,1,0,0,0,0,0,0,-,-,33.759910583496094,-117.90537261962892,ORANGE,SANTA ANA,NA,NA
8495921,2017,2017-12-12,3010,2017-10-22,1806,1261,437,7,5,6,3010,0,0,0,NA,0,003,ADAMS,RANGER,0,NA,Y,B,-,N,NA,NA,NA,NA,NA,NA,NA,NA,NA,Y,3,0,1,2,A,-,12,21453,A,N,D,C,A,A,H,-,A,A,0,NA,NA,NA,NA,Y,Y,A,01,0,1,0,0,0,0,0,0,0,-,-,NA,NA,ORANGE,HUNTINGTON BEACH,-117.94913011,33.67260005
8495987,2017,2017-12-06,3000,2017-10-24,1610,8553,797J2,2,5,4,3021,0,0,0,NA,0,022,KATELLA AV,COURT AV,328,W,N,A,-,N,NA,NA,NA,NA,NA,NA,NA,NA,NA,Y,4,0,1,2,A,-,08,21460,5,N,D,C,A,A,H,-,A,D,0,NA,NA,NA,NA,Y,NA,A,01,0,0,1,0,0,0,0,0,0,-,-,NA,NA,ORANGE,STANTON,-117.99213714,33.80292
8495991,2017,2017-12-06,3000,2017-10-07,2123,4758,921F6,6,5,5,3040,0,0,0,NA,0,3A43,PACIFIC PARK,HEATHER RIDGE,0,NA,Y,A,-,N,NA,NA,NA,NA,NA,NA,NA,NA,NA,Y,4,0,1,2,D,-,00,NA,NA,N,D,C,A,A,H,-,C,A,0,NA,NA,NA,NA,Y,NA,-,-,0,0,1,0,0,0,0,0,0,-,-,NA,NA,ORANGE,LAGUNA NIGUEL,-117.71153002,33.56987001
84961178,2025,2025-12-08,3010,2025-12-01,1712,1107,NA,1,5,6,3010,0,0,0,NA,0,NA,GRAHAM ST,RIDGEBURY DR,249,N,N,A,-,N,NA,NA,NA,NA,NA,NA,NA,NA,NA,N,3,0,1,2,A,-,03,22350,NA,N,C,E,A,A,H,-,C,D,0,NA,Y,NA,NA,Y,NA,M,91,0,1,0,0,0,0,1,0,0,-,-,33.70642852783203,-118.03253936767578,ORANGE,HUNTINGTON BEACH,-118.03253936767578,33.70698165893555
84961181,2025,2025-12-08,3010,2025-12-02,2052,6067,NA,2,5,6,3010,0,0,0,NA,0,006,BEACH BL - SR39 BLVD,WARNER AVE,0,NA,Y,A,-,Y,ORA,NA,39,NA,NA,4.632,H,NA,R,Y,4,0,2,2,A,-,12,21453,A,N,A,C,A,A,H,-,C,A,0,NA,NA,NA,NA,Y,NA,A,01,0,0,2,0,0,0,0,0,0,-,-,33.71569061279297,-117.98902893066406,ORANGE,HUNTINGTON BEACH,-117.98899841308594,33.71569061279297
84964958,2025,2025-12-10,3019,2025-10-23,2309,3991,NA,4,5,7,3019,0,0,0,NA,0,NA,CIVIC CENTER DRIVE,PACIFIC AVENUE,121,E,N,A,-,N,NA,NA,NA,NA,NA,NA,NA,NA,NA,Y,4,0,4,2,A,-,05,21651,B,N,A,C,A,A,H,-,C,D,0,NA,NA,NA,NA,Y,NA,D,22,0,0,4,0,0,0,0,0,0,-,-,33.75135040283203,-117.88831329345705,ORANGE,SANTA ANA,-117.88807678222656,33.751529693603516
84967232,2025,2025-12-11,3019,2025-12-01,1809,3653,NA,1,5,7,3019,0,0,0,NA,0,001,CLARA STREET,MCFADDEN AVENUE,7,S,N,A,-,N,NA,NA,NA,NA,NA,NA,NA,NA,NA,N,3,0,1,2,A,-,10,21950,A,F,G,B,B,A,H,-,C,A,0,Y,NA,NA,NA,Y,NA,A,07,0,1,0,0,1,0,0,0,0,-,-,33.734100341796875,-117.9006576538086,ORANGE,SANTA ANA,-117.90033721923828,33.73451232910156
84969202,2025,2025-12-12,3019,2025-12-10,800,2676,NA,3,5,7,3019,0,0,0,NA,0,002,GRAND AVENUE,21ST STREET,100,S,N,A,-,N,NA,NA,NA,NA,NA,NA,NA,NA,NA,N,4,0,3,2,A,-,06,21755,NA,N,A,C,A,A,H,-,A,D,0,NA,NA,NA,NA,Y,NA,D,22,0,0,3,0,0,0,0,0,0,-,-,33.76251983642578,-117.85150909423828,ORANGE,SANTA ANA,-117.85179138183594,33.763240814208984
84975364,2025,2025-12-17,3010,2025-12-09,1844,2199,NA,2,5,6,3010,0,0,0,NA,0,005,BEACH BL - SR39 BLVD,UTICA AVE,200,S,N,A,-,Y,ORA,NA,39,NA,NA,1.83,H,NA,L,N,4,0,1,2,A,-,08,22107,NA,N,B,C,A,A,H,-,A,A,0,NA,NA,NA,NA,Y,NA,A,01,0,0,1,0,0,0,0,0,0,-,-,33.67509841918945,-117.98876190185548,ORANGE,HUNTINGTON BEACH,-117.98871612548828,33.67510223388672