CASE_ID,ACCIDENT_YEAR,PROC_DATE,JURIS,COLLISION_DATE,COLLISION_TIME,OFFICER_ID,REPORTING_DISTRICT,DAY_OF_WEEK,CHP_SHIFT,POPULATION,CNTY_CITY_LOC,SPECIAL_COND,BEAT_TYPE,CHP_BEAT_TYPE,CITY_DIVISION_LAPD,CHP_BEAT_CLASS,BEAT_NUMBER,PRIMARY_RD,SECONDARY_RD,DISTANCE,DIRECTION,INTERSECTION,WEATHER_1,WEATHER_2,STATE_HWY_IND,CALTRANS_COUNTY,CALTRANS_DISTRICT,STATE_ROUTE,ROUTE_SUFFIX,POSTMILE_PREFIX,POSTMILE,LOCATION_TYPE,RAMP_INTERSECTION,SIDE_OF_HWY,TOW_AWAY,COLLISION_SEVERITY,NUMBER_KILLED,NUMBER_INJURED,PARTY_COUNT,PRIMARY_COLL_FACTOR,PCF_CODE_OF_VIOL,PCF_VIOL_CATEGORY,PCF_VIOLATION,PCF_VIOL_SUBSECTION,HIT_AND_RUN,TYPE_OF_COLLISION,MVIW,PED_ACTION,ROAD_SURFACE,ROAD_COND_1,ROAD_COND_2,LIGHTING,CONTROL_DEVICE,CHP_ROAD_TYPE,PEDESTRIAN_ACCIDENT,BICYCLE_ACCIDENT,MOTORCYCLE_ACCIDENT,TRUCK_ACCIDENT,NOT_PRIVATE_PROPERTY,ALCOHOL_INVOLVED,STWD_VEHTYPE_AT_FAULT,CHP_VEHTYPE_AT_FAULT,COUNT_SEVERE_INJ,COUNT_VISIBLE_INJ,COUNT_COMPLAINT_PAIN,COUNT_PED_KILLED,COUNT_PED_INJURED,COUNT_BICYCLIST_KILLED,COUNT_BICYCLIST_INJURED,COUNT_MC_KILLED,COUNT_MC_INJURED,PRIMARY_RAMP,SECONDARY_RAMP,LATITUDE,LONGITUDE,COUNTY,CITY,POINT_X,POINT_Y
8943169,2019,2019-09-20,3006,2019-07-27,1256,331,15,6,5,3,3006,0,0,0,NA,0,002,VALLEY VIEW ST,LA PALMA AV,282,N,N,A,-,N,NA,NA,NA,NA,NA,NA,NA,NA,NA,N,4,0,1,2,A,-,07,21658,A,N,B,C,A,A,H,-,A,D,0,NA,NA,NA,NA,Y,NA,A,01,0,0,1,0,0,0,0,0,0,-,-,NA,NA,ORANGE,LA PALMA,-118.02861785888672,33.847251892089844
8943824,2019,2019-09-26,3009,2019-08-13,2355,4762,072,2,5,6,3009,0,0,0,NA,0,012,CHAPMAN AV,MACNAB ST,0,NA,Y,A,-,N,NA,NA,NA,NA,NA,NA,NA,NA,NA,Y,3,0,1,2,A,-,09,21801,A,N,A,C,A,A,H,-,C,D,0,NA,NA,NA,NA,Y,NA,A,01,0,1,0,0,0,0,0,0,0,-,-,NA,NA,ORANGE,GARDEN GROVE,-117.97823333740234,33.78845977783203
8943916,2019,2019-10-01,3001,2019-08-25,2029,1278,NA,7,5,7,3001,0,0,0,NA,0,0D1,ORANGE AV,BROOKHURST ST,0,NA,Y,A,-,N,NA,NA,NA,NA,NA,NA,NA,NA,NA,Y,3,0,1,2,A,-,09,21801,A,N,A,C,A,A,H,-,C,A,0,NA,NA,NA,NA,Y,NA,A,01,0,1,0,0,0,0,0,0,0,-,-,NA,NA,ORANGE,ANAHEIM,-117.9589385986328,33.82503128051758
8945038,2019,2019-09-26,3001,2019-08-28,1609,1830,NA,3,5,7,3001,0,0,0,NA,0,D 1,LINCOLN AV,EMPIRE ST,0,NA,Y,A,-,N,NA,NA,NA,NA,NA,NA,NA,NA,NA,N,4,0,2,2,A,-,09,21802,A,N,D,C,A,A,H,-,A,A,0,NA,NA,NA,NA,Y,NA,A,01,0,0,2,0,0,0,0,0,0,-,-,NA,NA,ORANGE,ANAHEIM,-117.95453643798828,33.83245849609375
8945364,2019,2019-10-03,3003,2019-09-13,1644,1244,BUENA,5,5,5,3003,0,0,0,NA,0,004,LA PALMA AV,BEACH BL,47,W,N,A,-,N,NA,NA,NA,NA,NA,NA,NA,NA,NA,N,4,0,1,2,A,-,03,22350,NA,N,C,C,A,A,H,-,A,A,0,NA,NA,NA,Y,Y,NA,F,26,0,0,1,0,0,0,0,0,0,-,-,33.8465690612793,-117.9982681274414,ORANGE,BUENA PARK,-117.99820709228516,33.846649169921875
8945853,2019,2019-10-01,3003,2019-09-09,1521,1160,67,1,5,5,3003,0,0,0,NA,0,003,STANTON AV,PAGE ST,277,N,N,A,-,N,NA,NA,NA,NA,NA,NA,NA,NA,NA,Y,4,0,3,2,A,-,09,21804,A,N,D,C,A,A,H,-,A,D,0,NA,NA,NA,NA,Y,NA,A,01,0,0,3,0,0,0,0,0,0,-,-,NA,NA,ORANGE,BUENA PARK,-117.99373626708984,33.85725021362305
8945924,2019,2019-10-01,3004,2019-09-18,1855,P634,01,3,5,6,3004,0,0,0,NA,0,009,PLACENTIA AV,WEST 19TH ST,220,N,N,A,-,N,NA,NA,NA,NA,NA,NA,NA,NA,NA,Y,4,0,1,1,A,-,01,23152,A,N,E,I,A,A,H,-,B,D,0,NA,NA,NA,NA,Y,Y,A,07,0,0,1,0,0,0,0,0,0,-,-,33.644100189208984,-117.93190002441406,ORANGE,COSTA MESA,-117.93199920654295,33.64398193359375
8946226,2019,2019-10-08,3012,2019-09-12,1942,662,26,4,5,5,3012,0,0,0,NA,0,002,HARBOR BL,WHITTIER BL,65,S,N,A,-,N,NA,NA,NA,NA,NA,NA,NA,NA,NA,N,4,0,1,2,A,-,03,22350,NA,N,C,C,A,A,H,-,C,A,0,NA,NA,NA,NA,Y,NA,A,01,0,0,1,0,0,0,0,0,0,-,-,NA,NA,ORANGE,LA HABRA,-117.93306732177734,33.93893051147461
8947864,2019,2019-10-09,3003,2019-07-31,0853,1093,NA,3,5,5,3003,0,0,0,NA,0,NA,BEACH BL,STAGE/CASCADE RD,45,N,N,A,-,N,NA,NA,NA,NA,NA,NA,NA,NA,NA,N,3,0,1,2,A,-,03,22350,A,F,C,C,A,A,H,-,A,A,0,NA,NA,NA,NA,Y,NA,A,01,0,1,0,0,0,0,0,0,0,-,-,33.52159881591797,-117.59529876708984,ORANGE,BUENA PARK,-117.99799346923828,33.88186264038086
8948312,2019,2019-10-02,3004,2019-08-09,2120,P672,22,5,5,6,3004,0,0,0,NA,0,005,BRISTOL ST,HOTEL WY,63,S,N,A,-,N,NA,NA,NA,NA,NA,NA,NA,NA,NA,N,2,0,1,2,A,-,11,21954,A,N,G,B,D,A,H,-,C,A,0,Y,NA,NA,NA,Y,NA,N,60,1,0,0,0,1,0,0,0,0,-,-,33.68387985229492,-117.88568878173828,ORANGE,COSTA MESA,-117.88573455810548,33.68391799926758
8948917,2019,2019-10-07,3007,2019-09-15,0710,318,33,7,5,5,3007,0,0,0,NA,0,001,WARNER,MAGNOLIA,274,E,N,B,-,N,NA,NA,NA,NA,NA,NA,NA,NA,NA,Y,4,0,1,2,A,-,09,21804,A,N,D,C,A,A,H,-,A,D,0,NA,NA,NA,NA,Y,NA,A,01,0,0,1,0,0,0,0,0,0,-,-,NA,NA,ORANGE,FOUNTAIN VALLEY,-117.97106170654295,33.715763092041016
8950018,2019,2019-10-08,3009,2019-08-23,1206,3486,042,5,5,6,3009,0,0,0,NA,0,1 1,WESTERN AV,SANTA RITA CIR,164,N,N,A,-,N,NA,NA,NA,NA,NA,NA,NA,NA,NA,N,4,0,1,2,A,-,03,22350,NA,N,C,C,A,A,H,-,A,D,0,NA,NA,Y,NA,Y,NA,C,02,0,0,1,0,0,0,0,0,1,-,-,NA,NA,ORANGE,GARDEN GROVE,-118.00155639648438,33.78995895385742
8950724,2019,2019-10-25,3009,2019-09-18,1745,3927,155,3,5,6,3009,0,0,0,NA,0,2-3,FAIRVIEW ST,GARDEN GROVE BL,0,NA,Y,A,-,N,NA,NA,NA,NA,NA,NA,NA,NA,NA,Y,3,0,1,2,A,-,08,22100,A,N,B,C,A,A,H,-,A,A,0,NA,NA,Y,NA,Y,NA,C,02,0,1,0,0,0,0,0,0,1,-,-,NA,NA,ORANGE,GARDEN GROVE,-117.90303802490234,33.77452087402344
8950821,2019,2019-12-30,3022,2019-09-05,1205,1343,NA,4,5,5,3022,0,0,0,NA,0,NA,17TH ST,TREEHAVEN LN,5,E,N,A,-,N,NA,NA,NA,NA,NA,NA,NA,NA,NA,Y,3,0,2,2,A,-,09,21801,A,N,D,C,A,A,H,-,A,D,0,NA,NA,NA,NA,Y,NA,A,01,0,2,0,0,0,0,0,0,0,-,-,33.759918212890625,-117.82460784912108,ORANGE,TUSTIN,-117.82464599609376,33.759891510009766
8950825,2019,2020-01-15,3022,2019-08-26,2013,1260,SOUTH,1,5,5,3022,0,0,0,NA,0,NA,RED HILL AV,WALNUT AV,68,N,N,A,-,N,NA,NA,NA,NA,NA,NA,NA,NA,NA,Y,4,0,2,4,A,-,08,22107,NA,N,B,C,A,A,H,-,C,A,0,NA,NA,NA,NA,Y,NA,D,22,0,0,2,0,0,0,0,0,0,-,-,33.72795867919922,-117.82096862792967,ORANGE,TUSTIN,-117.82080841064452,33.72810363769531
8953345,2019,2020-02-21,3024,2019-10-14,0907,400,P-1,1,5,5,3024,0,0,0,NA,0,WEST,GOLDENWEST ST,21ST ST,265,N,N,B,-,N,NA,NA,NA,NA,NA,NA,NA,NA,NA,NA,3,0,1,2,A,-,09,21801,A,N,D,C,A,A,H,-,A,A,0,NA,NA,NA,Y,Y,NA,F,26,0,1,0,0,0,0,0,0,0,-,-,33.76277160644531,-118.00714111328124,ORANGE,WESTMINSTER,-118.00720977783205,33.76344680786133
8953933,2019,2019-10-16,3024,2019-08-31,0222,195,P25,6,5,5,3024,0,0,0,NA,0,EAST,BEACH BL,BOLSA ST,10,N,N,A,-,N,NA,NA,NA,NA,NA,NA,NA,NA,NA,N,3,0,1,1,A,-,01,23152,A,N,E,I,A,A,H,-,C,A,0,NA,NA,NA,NA,Y,Y,A,07,0,1,0,0,0,0,0,0,0,-,-,33.74401092529297,-117.99240112304688,ORANGE,WESTMINSTER,-117.98960876464844,33.74473571777344
8956700,2019,2019-10-22,3009,2019-09-20,1850,4432,163,5,5,6,3009,0,0,0,NA,0,022,BAYPORT ST,NEWPORT AV,33,S,N,A,-,N,NA,NA,NA,NA,NA,NA,NA,NA,NA,Y,4,0,1,2,A,-,07,21658,A,N,B,C,A,A,H,-,B,D,0,NA,NA,NA,NA,Y,NA,A,01,0,0,1,0,0,0,0,0,0,-,-,NA,NA,ORANGE,GARDEN GROVE,-117.90335845947266,33.7863883972168
8956747,2019,2019-10-30,3000,2019-08-13,1705,6532,971H4,2,5,4,3029,0,0,0,NA,0,737,ACAPULCO DR,CHRISTINA DR,0,NA,Y,A,-,N,NA,NA,NA,NA,NA,NA,NA,NA,NA,Y,4,0,2,2,A,-,09,21802,A,N,D,C,A,A,H,-,A,D,0,NA,NA,NA,NA,Y,NA,D,22,0,0,2,0,0,0,0,0,0,-,-,NA,NA,ORANGE,DANA POINT,-117.69921875,33.4792594909668
8956936,2019,2019-10-17,3000,2019-07-25,1651,4246,993A4,4,5,5,3017,0,0,0,NA,0,775,AVENIDA PRESIDIO,N LA ESPERANZA,70,S,N,A,-,N,NA,NA,NA,NA,NA,NA,NA,NA,NA,Y,3,0,1,2,A,-,08,22107,NA,N,C,E,A,A,H,-,A,D,0,NA,NA,NA,NA,Y,NA,A,07,0,1,0,0,0,0,0,0,0,-,-,NA,NA,ORANGE,SAN CLEMENTE,-117.6096649169922,33.428062438964844
8956938,2019,2019-10-16,3000,2019-08-01,2035,2742,992-G,4,5,5,3017,0,0,0,NA,0,778,AVENIDA VISTA HERMOSA,CALLE FRONTERA,0,NA,Y,A,-,N,NA,NA,NA,NA,NA,NA,NA,NA,NA,Y,4,0,1,2,A,-,09,21453,C,N,A,C,A,-,H,-,C,A,0,NA,NA,NA,NA,Y,NA,A,01,0,0,1,0,0,0,0,0,0,-,-,NA,NA,ORANGE,SAN CLEMENTE,-117.62896728515624,33.44681167602539
8957436,2019,2019-10-21,3008,2019-06-05,2000,1571,NA,3,5,6,3008,0,0,0,NA,0,001,COMMONWEALTH AV,LLOYD AV,0,NA,Y,A,-,N,NA,NA,NA,NA,NA,NA,NA,NA,NA,Y,3,0,1,2,A,-,08,22107,NA,N,A,C,A,A,H,-,A,D,0,NA,NA,NA,NA,Y,NA,A,01,0,1,0,0,0,0,0,0,0,-,-,NA,NA,ORANGE,FULLERTON,-117.96312713623048,33.87010192871094
8957816,2019,2019-10-16,3004,2019-08-29,1824,P680,35,4,5,6,3004,0,0,0,NA,0,008,FAIRVIEW RD,WILSON ST,414,N,N,A,-,N,NA,NA,NA,NA,NA,NA,NA,NA,NA,Y,3,0,1,2,A,-,03,22350,NA,N,G,B,F,A,H,-,A,D,0,Y,NA,NA,NA,Y,NA,A,01,0,1,0,0,1,0,0,0,0,-,-,33.657588958740234,-117.90754699707033,ORANGE,COSTA MESA,-117.90773010253906,33.65742492675781
8958538,2019,2019-11-05,3004,2019-10-03,1520,P651,33,4,5,6,3004,0,0,0,NA,0,005,BRISTOL ST,ANTON BL,0,NA,Y,A,-,N,NA,NA,NA,NA,NA,NA,NA,NA,NA,Y,4,0,1,3,A,-,09,21802,A,N,D,C,A,A,H,-,A,A,0,NA,NA,NA,NA,Y,NA,A,01,0,0,1,0,0,0,0,0,0,-,-,33.69020080566406,-117.8856201171875,ORANGE,COSTA MESA,-117.88562774658205,33.69021987915039
8958717,2019,2019-10-29,3004,2019-09-30,1540,P631,01,1,5,6,3004,0,0,0,NA,0,015,MONROVIA AV,CENTER ST,0,NA,Y,A,-,N,NA,NA,NA,NA,NA,NA,NA,NA,NA,Y,4,0,1,2,A,-,12,22450,A,M,D,C,A,A,H,-,A,A,0,NA,NA,NA,NA,Y,NA,A,07,0,0,1,0,0,0,0,0,0,-,-,33.641998291015625,-117.93628692626952,ORANGE,COSTA MESA,-117.93633270263672,33.64202117919922
8958786,2019,2019-11-01,3004,2019-10-03,1748,P549,23,4,5,6,3004,0,0,0,NA,0,015,SUNFLOWER AV,AVENUE OF THE ARTS,0,NA,Y,A,-,N,NA,NA,NA,NA,NA,NA,NA,NA,NA,Y,2,0,2,2,A,-,09,21801,A,N,D,C,A,A,H,-,A,A,0,NA,NA,NA,NA,Y,NA,A,01,1,0,1,0,0,0,0,0,0,-,-,33.6939697265625,-117.8808364868164,ORANGE,COSTA MESA,-117.88105010986328,33.69424057006836
8959517,2019,2019-11-01,3024,2019-10-17,1354,476,P-15,4,5,5,3024,0,0,0,NA,0,WEST,EDWARDS ST,HOMER ST,5,S,N,A,-,N,NA,NA,NA,NA,NA,NA,NA,NA,NA,Y,4,0,2,2,A,-,09,21804,A,N,D,C,A,A,H,-,A,A,0,NA,NA,NA,NA,Y,NA,A,01,0,0,2,0,0,0,0,0,0,-,-,33.75593948364258,-118.01571655273438,ORANGE,WESTMINSTER,-118.0158462524414,33.755855560302734
8960112,2019,2019-10-28,3024,2019-10-06,0205,426,P34,7,5,5,3024,0,0,0,NA,0,EAST,BOLSA AV,BOLSA AV 9060,0,NA,Y,A,-,N,NA,NA,NA,NA,NA,NA,NA,NA,NA,NA,3,0,2,2,A,-,01,23153,F,N,A,C,A,B,H,-,C,D,0,NA,NA,NA,NA,Y,NA,A,01,0,1,1,0,0,0,0,0,0,-,-,NA,NA,ORANGE,WESTMINSTER,NA,NA
8960785,2019,2019-12-16,3015,2019-10-25,1913,1530,21W,5,5,6,3015,0,0,0,NA,0,113,THE CITY DR,CHAPMAN AV,170,N,N,A,-,N,NA,NA,NA,NA,NA,NA,NA,NA,NA,Y,4,0,2,3,A,-,01,23152,F,N,C,C,A,A,H,-,C,A,0,NA,NA,NA,NA,Y,NA,A,01,0,0,2,0,0,0,0,0,0,-,-,NA,NA,ORANGE,ORANGE,-117.89090728759766,33.78952407836914
8963840,2019,2019-10-30,3022,2019-08-31,2211,1281,NA,6,5,5,3022,0,0,0,NA,0,NA,NEWPORT AV,EL CAMINO REAL,240,S,N,A,-,N,NA,NA,NA,NA,NA,NA,NA,NA,NA,N,2,0,1,2,A,-,09,21801,NA,N,D,C,A,A,H,-,C,A,0,NA,NA,Y,NA,Y,NA,A,07,1,0,0,0,0,0,0,0,1,-,-,33.73807144165039,-117.82225799560548,ORANGE,TUSTIN,-117.82272338867188,33.73762893676758
8963959,2019,2019-11-04,3001,2019-10-19,1002,2261,NA,6,5,7,3001,0,0,0,NA,0,NJC,N FASHION LN,E PARK LN,2,S,N,A,-,N,NA,NA,NA,NA,NA,NA,NA,NA,NA,N,4,0,2,2,A,-,21,22106,NA,N,H,C,A,A,H,-,A,D,0,NA,NA,NA,NA,Y,NA,A,07,0,0,2,0,0,0,0,0,0,-,-,NA,NA,ORANGE,ANAHEIM,-117.87745666503906,33.855003356933594
8964164,2019,2019-11-06,3022,2019-08-08,1036,1323,NORTH,4,5,5,3022,0,0,0,NA,0,NA,TUSTIN AV,1ST ST,0,NA,Y,A,-,N,NA,NA,NA,NA,NA,NA,NA,NA,NA,N,4,0,1,2,A,-,10,21950,A,N,G,B,B,A,H,-,A,A,0,Y,NA,NA,NA,Y,NA,N,60,0,0,1,0,1,0,0,0,0,-,-,33.74562072753906,-117.83393096923828,ORANGE,TUSTIN,-117.83412933349608,33.74571990966797
8964168,2019,2019-11-06,3022,2019-08-15,1806,1193,SOUTH,4,5,5,3022,0,0,0,NA,0,NA,NEWPORT AV,MITCHELL AV,86,S,N,A,-,N,NA,NA,NA,NA,NA,NA,NA,NA,NA,Y,3,0,2,4,A,-,03,22350,NA,N,C,C,A,A,H,-,A,A,0,NA,NA,NA,NA,Y,NA,A,07,0,1,1,0,0,0,0,0,0,-,-,33.7352294921875,-117.82485198974608,ORANGE,TUSTIN,-117.82512664794922,33.73523712158203
8964316,2019,2020-02-04,3010,2019-10-08,1315,1208,282,2,5,6,3010,0,0,0,NA,0,006,RT 39,RONALD,0,NA,Y,A,-,Y,ORA,12,39,-,-,3.791,I,5,S,Y,4,0,2,2,A,-,09,21802,A,N,D,C,A,A,H,-,A,A,0,NA,NA,NA,NA,Y,NA,A,01,0,0,2,0,0,0,0,0,0,-,-,NA,NA,ORANGE,HUNTINGTON BEACH,-117.98929595947266,33.703556060791016
8965987,2019,2020-02-07,3003,2019-09-16,1414,1253,NA,1,5,5,3003,0,0,0,NA,0,NA,BEACH BL,AUTO CENTER,0,S,N,A,-,Y,ORA,12,39,-,-,15.14,H,-,N,Y,4,0,1,2,A,-,08,22107,NA,N,B,C,A,A,H,-,A,A,0,NA,NA,NA,Y,Y,NA,G,25,0,0,1,0,0,0,0,0,0,-,-,NA,NA,ORANGE,BUENA PARK,-117.99808502197266,33.867210388183594
8966293,2019,2019-11-01,3003,2019-10-03,1553,1206,NA,4,5,5,3003,0,0,0,NA,0,005,HOLDER ST,LINCOLN AV,0,NA,Y,A,-,N,NA,NA,NA,NA,NA,NA,NA,NA,NA,Y,3,0,2,3,A,-,12,21453,A,N,D,C,A,A,H,-,A,A,0,NA,NA,NA,NA,Y,NA,A,01,0,1,1,0,0,0,0,0,0,-,-,33.83169937133789,-118.01959991455078,ORANGE,BUENA PARK,-118.01969146728516,33.83189010620117
8967634,2019,2019-11-19,3010,2019-10-23,1240,1019,157,3,5,6,3010,0,0,0,NA,0,008,EDINGER,LILES LN,274,E,N,A,-,N,NA,NA,NA,NA,NA,NA,NA,NA,NA,Y,4,0,1,2,A,-,03,22350,NA,N,D,C,A,A,H,-,A,A,0,NA,NA,NA,NA,Y,NA,A,01,0,0,1,0,0,0,0,0,0,-,-,NA,NA,ORANGE,HUNTINGTON BEACH,-118.03407287597656,33.72990036010742
8970228,2019,2019-11-19,3007,2019-10-08,1709,273,37,2,5,5,3007,0,0,0,NA,0,002,MCGEE RIVER CIR,MOUNT CITADEL ST,99,E,N,A,-,N,NA,NA,NA,NA,NA,NA,NA,NA,NA,N,3,0,1,2,A,-,09,21804,A,N,D,G,A,A,H,-,A,D,0,NA,Y,NA,NA,Y,NA,L,04,0,1,0,0,0,0,1,0,0,-,-,NA,NA,ORANGE,FOUNTAIN VALLEY,-117.93421173095705,33.7177734375
8971536,2019,2019-11-18,3000,2019-09-12,0800,9573,891J4,4,5,5,3050,0,0,0,NA,0,760,TOLEDO WY,KILLY ST,3,E,N,A,-,N,NA,NA,NA,NA,NA,NA,NA,NA,NA,N,4,0,1,2,D,-,00,NA,NA,F,D,G,A,A,H,-,A,A,0,NA,Y,NA,NA,Y,NA,-,-,0,0,1,0,0,0,1,0,0,-,-,NA,NA,ORANGE,LAKE FOREST,-117.687255859375,33.63401412963867
8971540,2019,2019-11-18,3000,2019-09-25,1747,9563,891G3,3,5,5,3050,0,0,0,NA,0,460,LAKE FOREST DR,JERONIMO RD,0,NA,Y,A,-,N,NA,NA,NA,NA,NA,NA,NA,NA,NA,Y,3,0,1,2,A,-,09,21453,C,N,D,C,A,A,H,-,A,A,0,NA,NA,NA,NA,Y,NA,A,01,0,1,0,0,0,0,0,0,0,-,-,NA,NA,ORANGE,LAKE FOREST,-117.70333099365234,33.64064025878906
8971800,2019,2019-11-19,3000,2019-10-02,0637,5036,892C5,3,5,5,3028,0,0,0,NA,0,750,TRABUCO RD,VIA SAN GABRIEL,454,S,N,A,-,N,NA,NA,NA,NA,NA,NA,NA,NA,NA,N,3,0,1,2,A,-,06,21760,C,N,B,G,A,A,H,-,B,D,0,NA,Y,NA,NA,Y,NA,A,07,0,1,0,0,0,0,1,0,0,-,-,NA,NA,ORANGE,MISSION VIEJO,-117.66205596923828,33.62651824951172
8972315,2019,2019-11-21,3000,2019-08-19,1704,10020,993G3,1,5,5,3017,0,0,0,NA,0,074,NORTH EL CAMINO REAL,CALLE DE LOS MOLINOS,250,N,N,A,-,N,NA,NA,NA,NA,NA,NA,NA,NA,NA,N,3,0,2,3,A,-,09,21804,A,N,G,B,F,A,H,-,A,D,0,Y,NA,NA,NA,Y,NA,D,22,0,1,1,0,2,0,0,0,0,-,-,NA,NA,ORANGE,SAN CLEMENTE,-117.62857055664063,33.43254470825195
8973224,2019,2019-11-14,3009,2019-10-30,1720,3739,043,3,5,6,3009,0,0,0,NA,0,011,LAMPSON AV,WESTERN AV,331,W,N,A,-,N,NA,NA,NA,NA,NA,NA,NA,NA,NA,N,3,0,1,2,A,-,05,21650,1,N,D,G,A,A,H,-,A,D,0,NA,Y,NA,NA,Y,NA,L,04,0,1,0,0,0,0,1,0,0,-,-,NA,NA,ORANGE,GARDEN GROVE,-118.00254821777344,33.78106689453125
8973924,2019,2019-11-19,3009,2019-10-01,1227,3972,093,2,5,6,3009,0,0,0,NA,0,1-2,BROOKHURST ST,CHAPMAN AV,783,S,N,A,-,N,NA,NA,NA,NA,NA,NA,NA,NA,NA,Y,3,0,1,3,A,-,08,22107,NA,N,D,C,A,A,H,-,A,A,0,NA,NA,NA,NA,Y,NA,A,07,0,1,0,0,0,0,0,0,0,-,-,33.78120040893555,-117.97545623779295,ORANGE,GARDEN GROVE,-117.95877075195313,33.78651428222656
8975407,2019,2019-11-26,3003,2019-10-25,1511,1093,118,5,5,5,3003,0,0,0,NA,0,005,FILLMORE DR,WESTERN AV,11,E,N,A,-,N,NA,NA,NA,NA,NA,NA,NA,NA,NA,N,4,0,1,2,A,-,05,21650,1,N,D,G,A,A,H,-,A,D,0,NA,Y,NA,NA,Y,NA,L,04,0,0,1,0,0,0,1,0,0,-,-,33.50115966796875,-118.00070190429688,ORANGE,BUENA PARK,-118.00228118896484,33.83715057373047
8976619,2019,2019-12-02,3004,2019-10-30,2050,P658,07,3,5,6,3004,0,0,0,NA,0,015,NEWPORT BL,22ND ST,0,NA,Y,A,-,N,NA,NA,55,NA,NA,NA,NA,NA,NA,N,4,0,2,2,A,-,08,22107,NA,N,B,C,A,A,H,-,C,A,0,NA,NA,NA,NA,Y,NA,A,07,0,0,2,0,0,0,0,0,0,-,-,33.65171813964844,-117.90821838378906,ORANGE,COSTA MESA,-117.908447265625,33.65198516845703
8976692,2019,2020-01-23,3004,2019-11-01,1622,P675,11,5,5,6,3004,0,0,0,NA,0,001,NEWPORT BL,E 19TH ST,0,NA,Y,A,-,N,NA,NA,55,NA,NA,NA,NA,NA,NA,N,4,0,1,3,A,-,03,22350,A,N,C,C,A,A,H,-,A,A,0,NA,NA,NA,NA,Y,NA,A,07,0,0,1,0,0,0,0,0,0,-,-,33.643428802490234,-117.91661071777344,ORANGE,COSTA MESA,-117.91654205322266,33.643367767333984
8976733,2019,2020-01-23,3002,2019-11-05,0808,1562,NA,2,5,4,3002,0,0,0,NA,0,012,BREA CANYON RD,CANYON COUNTRY RD,1584,N,N,A,-,N,NA,NA,NA,NA,NA,NA,NA,NA,NA,N,4,0,2,2,A,-,03,22350,NA,N,C,C,A,A,H,-,A,A,0,NA,NA,NA,NA,Y,NA,A,07,0,0,2,0,0,0,0,0,0,-,-,NA,NA,ORANGE,BREA,-117.89034271240234,33.94016647338867
8979846,2019,2019-11-25,3009,2019-10-31,1859,3005,114,4,5,6,3009,0,0,0,NA,0,021,GARDEN GROVE BL,NELSON ST,0,NA,Y,A,-,N,NA,NA,NA,NA,NA,NA,NA,NA,NA,N,2,0,1,2,A,-,10,21950,A,N,G,B,B,A,H,-,C,A,0,Y,NA,NA,NA,Y,NA,A,01,1,0,0,0,1,0,0,0,0,-,-,NA,NA,ORANGE,GARDEN GROVE,-117.94516754150392,33.774200439453125
8983567,2019,2020-01-15,3001,2019-11-13,0542,A1218,NA,3,5,7,3001,0,0,0,NA,0,0D3,SOUTH LOARA ST,WEST BALL RD,18,N,N,E,-,N,NA,NA,NA,NA,NA,NA,NA,NA,NA,N,4,0,1,2,A,-,10,21950,A,N,G,B,B,A,H,-,C,A,0,Y,NA,NA,NA,Y,NA,A,01,0,0,1,0,1,0,0,0,0,-,-,NA,NA,ORANGE,ANAHEIM,-117.93765258789063,33.81800842285156
8984531,2019,2019-12-30,3015,2019-11-07,1811,1419,61,4,5,6,3015,0,0,0,NA,0,722M,PALMYRA AV,LA LINDA DR,71,E,N,A,-,N,NA,NA,NA,NA,NA,NA,NA,NA,NA,Y,3,0,1,2,A,-,05,21650,NA,N,B,C,A,A,H,-,C,D,0,NA,NA,NA,NA,Y,NA,A,01,0,1,0,0,0,0,0,0,0,-,-,33.783668518066406,-117.87198638916016,ORANGE,ORANGE,-117.87168884277344,33.783992767333984
8984532,2019,2020-01-22,3015,2019-11-06,1215,1507,RD41,3,5,6,3015,0,0,0,NA,0,721M,THE CITY DR,CHAPMAN AV,0,NA,Y,A,-,N,NA,NA,NA,NA,NA,NA,NA,NA,NA,Y,4,0,2,2,A,-,12,21453,A,N,D,C,A,A,H,-,A,A,0,NA,NA,NA,NA,Y,NA,-,-,0,0,2,0,0,0,0,0,0,-,-,33.78886032104492,-117.89080810546876,ORANGE,ORANGE,-117.89095306396484,33.789058685302734
8984838,2019,2019-12-31,3026,2019-10-31,1637,8929,CROSS,4,5,6,3026,0,0,0,NA,0,004,DEER PARK ST,OLD MILL ST,80,S,N,A,-,N,NA,NA,NA,NA,NA,NA,NA,NA,NA,N,3,0,2,2,A,-,09,21801,A,N,D,C,A,A,H,-,A,D,0,NA,NA,NA,NA,Y,NA,A,01,0,2,0,0,0,0,0,0,0,-,-,33.70167922973633,-117.78833770751952,ORANGE,IRVINE,-117.78938293457033,33.70219802856445
8984854,2019,2019-12-31,3001,2019-10-07,1802,A1880,NA,1,5,7,3001,0,0,0,NA,0,D 2,ROMNEYA DR,LIBERTY LN,0,NA,Y,A,-,N,NA,NA,NA,NA,NA,NA,NA,NA,NA,Y,3,0,3,3,A,-,09,21801,A,N,D,C,A,A,H,-,A,D,0,NA,NA,NA,NA,Y,NA,A,01,0,1,2,0,0,0,0,0,0,-,-,33.85105895996094,-117.90122985839844,ORANGE,ANAHEIM,-117.90122222900392,33.85089874267578