CASE_ID,ACCIDENT_YEAR,PROC_DATE,JURIS,COLLISION_DATE,COLLISION_TIME,OFFICER_ID,REPORTING_DISTRICT,DAY_OF_WEEK,CHP_SHIFT,POPULATION,CNTY_CITY_LOC,SPECIAL_COND,BEAT_TYPE,CHP_BEAT_TYPE,CITY_DIVISION_LAPD,CHP_BEAT_CLASS,BEAT_NUMBER,PRIMARY_RD,SECONDARY_RD,DISTANCE,DIRECTION,INTERSECTION,WEATHER_1,WEATHER_2,STATE_HWY_IND,CALTRANS_COUNTY,CALTRANS_DISTRICT,STATE_ROUTE,ROUTE_SUFFIX,POSTMILE_PREFIX,POSTMILE,LOCATION_TYPE,RAMP_INTERSECTION,SIDE_OF_HWY,TOW_AWAY,COLLISION_SEVERITY,NUMBER_KILLED,NUMBER_INJURED,PARTY_COUNT,PRIMARY_COLL_FACTOR,PCF_CODE_OF_VIOL,PCF_VIOL_CATEGORY,PCF_VIOLATION,PCF_VIOL_SUBSECTION,HIT_AND_RUN,TYPE_OF_COLLISION,MVIW,PED_ACTION,ROAD_SURFACE,ROAD_COND_1,ROAD_COND_2,LIGHTING,CONTROL_DEVICE,CHP_ROAD_TYPE,PEDESTRIAN_ACCIDENT,BICYCLE_ACCIDENT,MOTORCYCLE_ACCIDENT,TRUCK_ACCIDENT,NOT_PRIVATE_PROPERTY,ALCOHOL_INVOLVED,STWD_VEHTYPE_AT_FAULT,CHP_VEHTYPE_AT_FAULT,COUNT_SEVERE_INJ,COUNT_VISIBLE_INJ,COUNT_COMPLAINT_PAIN,COUNT_PED_KILLED,COUNT_PED_INJURED,COUNT_BICYCLIST_KILLED,COUNT_BICYCLIST_INJURED,COUNT_MC_KILLED,COUNT_MC_INJURED,PRIMARY_RAMP,SECONDARY_RAMP,LATITUDE,LONGITUDE,COUNTY,CITY,POINT_X,POINT_Y
9014045,2019,2020-02-19,3026,2019-12-05,1516,7094,NA,4,5,6,3026,0,0,0,NA,0,00U,UNIVERSITY DR,GOLDENGLOW ST,907,W,N,A,-,N,NA,NA,NA,NA,NA,NA,NA,NA,NA,Y,4,0,1,4,A,-,03,22350,NA,N,C,C,A,A,H,-,A,A,0,NA,NA,NA,NA,Y,NA,A,07,0,0,1,0,0,0,0,0,0,-,-,NA,NA,ORANGE,IRVINE,-117.82432556152344,33.65731430053711
9014134,2019,2020-01-17,3001,2019-11-22,0605,A1555,D1,5,5,7,3001,0,0,0,NA,0,0D1,BEACH BL,BALL RD,20,S,N,A,-,N,NA,NA,39,NA,NA,NA,NA,NA,NA,N,4,0,2,2,D,-,00,NA,NA,N,D,C,A,A,H,-,A,A,0,NA,NA,NA,NA,Y,NA,-,-,0,0,2,0,0,0,0,0,0,-,-,33.817291259765625,-117.99349975585938,ORANGE,ANAHEIM,-117.99340057373048,33.817291259765625
90141350,2016,2016-03-22,9675,2016-03-13,1705,021224,NA,7,2,6,3004,0,1,3,NA,2,553,SR-55 NORTHBOUND,DEL MAR AVENUE,350,S,N,A,-,Y,NA,NA,55,NA,NA,NA,NA,NA,N,Y,3,0,2,1,A,-,08,22107,NA,N,E,I,A,A,H,-,A,D,0,NA,NA,NA,NA,Y,Y,A,07,0,2,0,0,0,0,0,0,0,-,-,33.66233,-117.89836,ORANGE,COSTA MESA,-117.89839066,33.66236067
90142669,2016,2016-03-24,9675,2016-03-11,2052,018868,NA,5,2,6,3004,0,1,3,NA,2,073,SR-73 NORTHBOUND,RED HILL AVE,200,S,N,A,-,Y,NA,NA,NA,NA,NA,NA,NA,NA,NA,Y,4,0,1,2,A,-,07,21658,A,N,B,C,A,B,H,-,C,D,0,NA,NA,NA,NA,Y,NA,A,01,0,0,1,0,0,0,0,0,0,-,-,33.6684,-117.88046,ORANGE,COSTA MESA,-117.88059909,33.66721987
9014287,2019,2020-01-17,3000,2019-10-31,1724,6717,891F4,4,5,5,3050,0,0,0,NA,0,18760,MUIRLANDS BL,LAKE FOREST DR,40,N,N,A,-,N,NA,NA,NA,NA,NA,NA,NA,NA,NA,Y,4,0,1,2,A,-,03,22350,NA,M,C,C,A,A,H,-,B,A,0,NA,NA,NA,NA,Y,NA,A,01,0,0,1,0,0,0,0,0,0,-,-,33.38037872314453,-117.42362213134766,ORANGE,LAKE FOREST,-117.70989990234376,33.63434600830078
90142872,2016,2016-04-07,9675,2016-03-19,1100,021225,NA,6,1,7,3019,0,1,3,NA,2,551,SR-55 SOUTHBOUND,MCFADDEN AVE.,300,S,N,A,-,Y,NA,NA,55,NA,NA,NA,NA,NA,S,Y,4,0,2,3,A,-,07,21658,A,N,B,C,A,A,H,-,A,D,0,NA,NA,NA,NA,Y,NA,A,01,0,0,2,0,0,0,0,0,0,-,-,33.7331,-117.83395,ORANGE,SANTA ANA,-117.83393123,33.73310392
90146986,2016,2016-03-29,9675,2016-03-23,1513,021224,NA,3,2,6,3015,0,1,3,NA,2,222,SR-22 WESTBOUND,THE CITY DRIVE,300,W,N,A,-,Y,NA,NA,22,NA,NA,NA,NA,NA,W,Y,4,0,1,3,A,-,03,22350,NA,N,C,C,A,A,H,-,A,D,0,NA,NA,NA,NA,Y,NA,A,01,0,0,1,0,0,0,0,0,0,-,-,33.77907,-117.88922,ORANGE,ORANGE,-117.88921999,33.77909243
90147986,2016,2016-03-30,9675,2016-03-18,1636,016944,NA,5,2,9,3000,0,3,5,NA,2,002,17TH ST. W/B,ESPLANADE AVE,50,W,N,A,-,N,NA,NA,NA,NA,NA,NA,NA,NA,NA,N,4,0,1,2,A,-,03,22350,NA,N,C,C,A,A,H,-,A,D,0,NA,NA,NA,NA,Y,NA,A,01,0,0,1,0,0,0,0,0,0,-,-,33.75986,-117.81214,ORANGE,UNINCORPORATED,-117.81203345,33.7598222
9014859,2019,2020-02-08,3001,2019-12-14,2103,A1047,NA,6,5,7,3001,0,0,0,NA,0,0D3,HARBOR BL,VERMONT AV,0,NA,Y,A,B,N,NA,NA,NA,NA,NA,NA,NA,NA,NA,Y,4,0,1,2,A,-,09,21801,A,N,D,C,A,A,H,-,C,A,0,NA,NA,NA,NA,Y,NA,A,01,0,0,1,0,0,0,0,0,0,-,-,33.82170104980469,-117.915771484375,ORANGE,ANAHEIM,-117.91548919677734,33.82183837890625
90150331,2016,2016-04-04,9675,2016-03-21,0615,012857,NA,1,1,6,3004,0,1,3,NA,2,073,SR-73 SOUTHBOUND TO SR-55 SOUTHBOUND,BRISTOL STREET,700,S,N,B,-,Y,NA,NA,73,NA,NA,NA,R,NA,S,Y,3,0,1,1,A,-,08,22107,NA,N,E,I,A,A,H,-,C,D,0,NA,NA,NA,NA,Y,NA,A,01,0,1,0,0,0,0,0,0,0,-,-,33.67473,-117.88772,ORANGE,COSTA MESA,-117.88772,33.67473
90150571,2016,2016-04-05,9670,2016-03-26,1717,020860,NA,6,2,6,3008,0,1,3,NA,2,093,SR-91 W/B,MAGNOLIA AVE,2300,E,N,A,-,Y,NA,NA,91,NA,NA,NA,NA,NA,W,Y,4,0,1,1,A,-,08,22107,NA,N,E,I,A,A,H,-,A,D,0,NA,NA,NA,NA,Y,NA,A,01,0,0,1,0,0,0,0,0,0,-,-,33.85493,-117.96811,ORANGE,FULLERTON,-117.96815225,33.85480341
90151654,2016,2016-04-06,9675,2016-04-03,0724,018929,NA,7,1,6,3026,0,1,1,NA,2,503,I-5 NORTHBOUND,CULVER DR,1000,N,N,A,-,Y,NA,NA,5,NA,NA,NA,NA,NA,N,Y,3,0,2,2,A,-,07,21658,A,N,C,C,A,A,H,-,A,D,0,NA,NA,NA,NA,Y,NA,A,01,0,1,1,0,0,0,0,0,0,-,-,33.7164,-117.79008,ORANGE,IRVINE,-117.79014288,33.71630959
90152689,2016,2016-04-07,9690,2016-03-25,1450,018953,NA,5,2,4,3018,0,1,1,NA,2,057,I-5 N/B (SAN DIEGO FRWY),CAMINO LAS RAMBLAS,2000,N,N,A,-,Y,NA,NA,5,NA,NA,NA,NA,NA,N,Y,4,0,1,3,A,-,08,22107,NA,N,B,C,A,A,D,-,A,D,0,NA,NA,NA,Y,Y,NA,F,25,0,0,1,0,0,0,0,0,0,-,-,33.47157,-117.6744,ORANGE,SAN JUAN CAPISTRANO,-117.67446355,33.47155737
90152747,2016,2016-04-07,9675,2016-03-29,0730,015011,NA,2,1,9,3000,0,3,5,NA,2,002,SPRING STREET (18900 BLOCK),RANCHO SANTIAGO BLVD,190,W,N,A,-,Y,NA,NA,NA,NA,NA,NA,NA,NA,NA,N,3,0,1,2,A,-,03,22350,NA,N,C,C,A,A,H,-,A,D,0,NA,NA,NA,NA,Y,NA,A,01,0,1,0,0,0,0,0,0,0,-,-,33.79138,-117.80207,ORANGE,UNINCORPORATED,-117.80196372,33.79136179
90153005,2016,2016-04-07,9675,2016-03-19,1140,018005,NA,6,1,6,3004,0,1,1,NA,2,405,SR-55 NORTHBOUND FROM PAULARINO AVE.,PAULARINO AVE,650,N,N,B,-,Y,NA,NA,55,NA,NA,NA,R,NA,N,Y,3,0,1,2,A,-,08,22107,NA,N,B,C,A,A,H,-,A,D,0,NA,NA,Y,NA,Y,NA,C,02,0,1,0,0,0,0,0,0,1,-,-,33.68343,-117.87516,ORANGE,COSTA MESA,-117.87516,33.68343
9015375,2019,2020-01-16,3009,2019-11-23,2249,4761,092,6,5,6,3009,0,0,0,NA,0,012,GILBERT ST,ROYAL PALM BL,174,S,N,A,-,N,NA,NA,NA,NA,NA,NA,NA,NA,NA,Y,4,0,2,3,A,-,08,22107,NA,N,B,C,A,A,H,-,C,D,0,NA,NA,NA,NA,Y,NA,A,01,0,0,2,0,0,0,0,0,0,-,-,NA,NA,ORANGE,GARDEN GROVE,-117.96749114990234,33.79448318481445
9015379,2019,2020-01-17,3009,2019-12-09,1625,4656,136,1,5,6,3009,0,0,0,NA,0,023,WESTMINSTER AV,SEABOARD CIR,0,NA,Y,A,-,N,NA,NA,NA,NA,NA,NA,NA,NA,NA,Y,4,0,1,2,A,-,09,21801,A,N,B,C,A,A,H,-,B,A,0,NA,NA,NA,NA,Y,NA,A,01,0,0,1,0,0,0,0,0,0,-,-,NA,NA,ORANGE,GARDEN GROVE,-117.92259979248048,33.759830474853516
90155488,2016,2016-04-12,9670,2016-04-08,1750,019120,NA,5,2,6,3009,0,1,3,NA,2,021,SR-22 W/B,VALLEY VIEW ST,2112,E,N,B,-,Y,NA,NA,22,NA,NA,NA,NA,NA,W,Y,3,0,1,2,A,-,03,22350,NA,N,C,C,A,A,H,-,A,D,0,NA,NA,NA,NA,Y,NA,A,07,0,1,0,0,0,0,0,0,0,-,-,33.77434,-118.03037,ORANGE,GARDEN GROVE,-118.03036917,33.77441986
90160238,2016,2016-07-07,9675,2016-04-03,0158,021233,NA,7,3,6,3015,0,1,3,NA,2,551,SR-55 SOUTHBOUND,LINCOLN AVE,871,N,N,A,-,Y,NA,NA,55,NA,NA,NA,NA,NA,S,Y,3,0,2,2,A,-,01,23152,A,N,A,C,A,A,H,-,C,D,0,NA,NA,NA,NA,Y,Y,A,01,0,2,0,0,0,0,0,0,0,-,-,33.83784,-117.83494,ORANGE,ORANGE,-117.83483751,33.83779252
9016428,2020,2020-05-28,3010,2020-02-08,0215,2046,177,6,5,6,3010,0,0,0,NA,0,008,WARNER AV,GRAHAM ST,0,NA,Y,A,-,N,NA,NA,NA,NA,NA,NA,NA,NA,NA,Y,3,0,1,2,A,-,11,21954,A,N,G,B,D,A,H,-,C,A,0,Y,NA,NA,NA,Y,Y,N,60,0,1,0,0,1,0,0,0,0,-,-,NA,NA,ORANGE,HUNTINGTON BEACH,-118.0326919555664,33.7153205871582
90164385,2016,2016-04-25,9675,2016-04-08,1650,019979,NA,5,2,7,3019,0,1,1,NA,2,502,I-5 NORTHBOUND,MAIN ST,60,S,N,B,-,Y,NA,NA,NA,NA,NA,NA,NA,NA,NA,Y,4,0,1,3,A,-,03,22350,NA,F,C,C,A,A,H,-,A,D,0,NA,NA,NA,NA,Y,NA,A,08,0,0,1,0,0,0,0,0,0,-,-,33.76697,-118.86671,ORANGE,SANTA ANA,-117.86741465,33.76827176
90164700,2016,2016-04-25,9690,2016-04-15,0855,018840,NA,5,1,5,3017,0,1,1,NA,2,059,I-5 S/B (SAN DIEGO FRWY),AVENIDA VISTA HERMOSA,2000,N,N,A,-,Y,NA,NA,5,NA,NA,NA,NA,NA,S,N,4,0,1,2,A,-,03,22350,NA,N,C,C,A,A,C,D,A,D,0,NA,NA,NA,NA,Y,NA,A,01,0,0,1,0,0,0,0,0,0,-,-,33.44813,-117.63688,ORANGE,SAN CLEMENTE,-117.63686632,33.44815408
90164729,2016,2016-04-25,9690,2016-04-15,1345,018840,NA,5,1,4,3029,0,1,1,NA,2,058,I-5 S/B (SAN DIEGO FRWY),CAMINO DE ESTRELLA,1200,N,N,A,-,Y,NA,NA,5,NA,NA,NA,NA,NA,S,Y,2,0,1,2,A,-,07,21658,A,N,C,C,A,A,D,-,A,D,0,NA,NA,Y,NA,Y,NA,C,02,1,0,0,0,0,0,0,0,1,-,-,33.46063,-117.66,ORANGE,DANA POINT,-117.66000803,33.46061068
90165674,2016,2016-04-26,9675,2016-04-11,1735,019407,NA,1,2,6,3015,0,1,3,NA,2,222,SR-22 EASTBOUND,MAIN ST,850,W,N,A,-,Y,NA,NA,22,NA,NA,NA,NA,NA,E,Y,2,0,1,4,A,-,07,21658,A,N,C,C,A,A,H,-,A,D,0,NA,NA,Y,NA,Y,NA,A,01,1,0,0,0,0,0,0,0,1,-,-,33.77825,-117.86841,ORANGE,ORANGE,-117.86841003,33.77817435
90166003,2016,2016-04-26,9670,2016-04-17,1050,018757,NA,7,1,6,3009,0,1,3,NA,2,024,SR-22 E/B,LEWIS ST,550,W,N,A,-,Y,NA,NA,22,NA,NA,NA,NA,NA,E,Y,4,0,1,2,A,-,03,22350,NA,N,C,C,A,A,H,-,A,D,0,NA,NA,NA,NA,Y,NA,A,01,0,0,1,0,0,0,0,0,0,-,-,33.7773,-117.89898,ORANGE,GARDEN GROVE,-117.89903805,33.77741609
90166971,2016,2016-04-27,9675,2016-04-14,1716,020746,NA,4,2,5,3016,0,1,3,NA,2,571,SR-57 SOUTHBOUND,ORANGETHORPE AVE,500,S,N,A,-,Y,NA,NA,57,NA,NA,NA,NA,NA,S,Y,4,0,2,5,A,-,03,22350,NA,N,C,C,A,A,H,-,A,D,0,NA,NA,NA,NA,Y,NA,A,01,0,0,2,0,0,0,0,0,0,-,-,33.85983,-117.87699,ORANGE,PLACENTIA,-117.87691743,33.85985306
90169523,2016,2016-04-29,9670,2016-04-07,0850,018887,NA,4,1,5,3024,0,1,1,NA,2,043,I-405 S/B FROM WESTMINSTER AVE. E/B,WESTMINSTER AVE,34,S,N,B,-,Y,NA,NA,405,NA,NA,NA,R,NA,S,Y,4,0,1,1,A,-,08,22107,NA,N,F,A,A,A,H,-,A,D,0,NA,NA,Y,NA,Y,NA,C,02,0,0,1,0,0,0,0,0,1,-,-,33.75875,-118.02381,ORANGE,WESTMINSTER,-118.02381,33.75875
90170260,2016,2016-05-02,9675,2016-04-15,1700,019492,NA,5,2,7,3001,0,1,3,NA,2,095,SR-91 WESTBOUND,COAL CYN RD,1000,E,N,A,-,Y,NA,NA,91,NA,NA,NA,NA,NA,W,N,3,0,1,2,A,-,07,21658,A,F,E,I,A,A,H,-,C,D,0,NA,NA,Y,NA,Y,Y,A,01,0,1,0,0,0,0,0,0,1,-,-,33.87142,-117.68658,ORANGE,ANAHEIM,-117.68633893,33.87196317
90171225,2016,2016-05-03,9675,2016-04-19,0815,015011,NA,2,1,6,3004,0,1,1,NA,2,405,I-405 N/B TO HARBOR BLVD.,HARBOR BLVD,45,S,N,A,-,Y,NA,NA,405,NA,NA,NA,R,NA,N,N,4,0,1,2,A,-,21,22106,NA,N,C,C,A,A,H,-,A,D,0,NA,NA,NA,NA,Y,NA,A,01,0,0,1,0,0,0,0,0,0,-,-,33.69039,-117.91904,ORANGE,COSTA MESA,-117.91904,33.69039
90171257,2016,2016-05-03,9690,2016-04-26,1816,019089,NA,2,2,9,3000,0,2,4,NA,2,034,ANTONIO PKWY,CROWN VALLEY PKWY,0,NA,Y,A,-,Y,NA,NA,NA,NA,NA,NA,NA,NA,NA,Y,3,0,2,2,A,-,12,21453,A,N,D,C,A,A,H,-,A,A,0,NA,NA,NA,NA,Y,NA,A,01,0,1,1,0,0,0,0,0,0,-,-,33.56532,-117.629,ORANGE,UNINCORPORATED,-117.62899009,33.56550003
90171296,2016,2016-05-03,9690,2016-04-26,1815,016749,NA,2,2,5,3028,0,1,1,NA,2,056,I-5 S/B (SAN DIEGO FRWY),OSO CREEK,333,N,N,A,-,Y,NA,NA,5,NA,NA,NA,NA,NA,S,Y,4,0,1,4,A,-,03,22350,NA,F,C,C,A,A,H,-,A,D,0,NA,NA,NA,NA,Y,NA,A,01,0,0,1,0,0,0,0,0,0,-,-,33.5755,-117.67209,ORANGE,MISSION VIEJO,-117.67198261,33.57549785
90173031,2016,2016-05-04,9670,2016-04-26,1240,018212,NA,2,1,5,3007,0,1,1,NA,2,040,I-405 N/B (SAN DIEGO FREEWAY),SLATER AVE,528,N,N,A,-,Y,NA,NA,405,NA,NA,NA,NA,NA,N,Y,4,0,1,2,A,-,03,22350,NA,N,C,C,A,A,H,-,A,D,0,NA,NA,NA,NA,Y,NA,D,22,0,0,1,0,0,0,0,0,0,-,-,33.71028,-117.95997,ORANGE,FOUNTAIN VALLEY,-117.96001782,33.7102232
90178676,2016,2016-05-13,9675,2016-04-30,1035,018005,NA,6,1,6,3026,0,1,1,NA,2,407,I-405 NORTHBOUND,IRVINE CENTER DR,950,S,N,B,-,Y,NA,NA,405,NA,NA,NA,NA,NA,N,Y,3,0,2,2,A,-,03,22350,NA,N,C,C,A,A,H,-,A,D,0,NA,NA,NA,Y,Y,NA,G,25,0,2,0,0,0,0,0,0,0,-,-,33.64718,-117.74301,ORANGE,IRVINE,-117.74304822,33.6470487
90179580,2016,2016-05-16,9675,2016-05-01,0250,020535,NA,7,3,9,3000,0,3,5,NA,2,001,BREA CANYON RD.,TONNER CANYON RD.,3240,N,N,A,-,Y,NA,NA,NA,NA,NA,NA,NA,NA,NA,Y,3,0,1,1,A,-,01,23152,A,N,F,A,A,A,H,-,D,D,0,NA,NA,NA,NA,Y,Y,D,22,0,1,0,0,0,0,0,0,0,-,-,33.94474,-117.8718,ORANGE,UNINCORPORATED,-117.86987562,33.94614169
90179903,2016,2016-05-16,9690,2016-05-15,2020,020629,NA,7,2,5,3017,0,1,1,NA,2,059,I-5 S/B TO CAMINO DE ESTRELLA,CAMINO DE ESTRELLA,20,N,N,A,-,Y,NA,NA,5,NA,NA,NA,R,NA,S,Y,3,0,1,2,A,-,01,23152,A,N,C,C,A,A,H,-,C,A,0,NA,NA,NA,NA,Y,Y,A,01,0,1,0,0,0,0,0,0,0,-,-,33.4585,-117.65668,ORANGE,SAN CLEMENTE,-117.65668,33.4585
90180630,2016,2016-05-17,9675,2016-04-11,1710,017192,NA,1,2,6,3026,0,1,3,NA,2,130,SR-133 S/B,MARINE WAY,15,N,N,A,-,Y,NA,NA,133,NA,NA,NA,NA,NA,S,Y,2,0,3,1,A,-,01,23152,A,N,E,I,A,A,H,-,A,D,0,NA,NA,NA,NA,Y,Y,A,01,1,2,0,0,0,0,0,0,0,-,-,33.66627,-117.75318,ORANGE,IRVINE,-117.75352377,33.666285189999996
90180675,2016,2016-07-28,9670,2016-05-01,1933,019290,NA,7,2,5,3007,0,1,1,NA,2,041,I-405 S/B (SAN DIEGO FWY),BROOKHURST ST,1050,N,N,A,-,Y,NA,NA,405,NA,NA,NA,NA,NA,S,Y,4,0,1,2,A,-,08,22107,NA,N,E,I,A,A,H,-,B,D,0,NA,NA,NA,NA,Y,NA,D,22,0,0,1,0,0,0,0,0,0,-,-,33.70703,-117.95646,ORANGE,FOUNTAIN VALLEY,-117.95654337,33.70693121
90181382,2016,2016-05-17,9675,2016-05-10,1435,018834,NA,2,2,5,3022,0,1,3,NA,2,551,SR-55 SOUTHBOUND,4TH ST,1400,N,N,A,-,Y,NA,NA,55,NA,NA,NA,NA,NA,S,Y,4,0,1,3,A,-,03,22350,NA,N,C,C,A,A,H,-,A,D,0,NA,NA,NA,NA,Y,NA,A,01,0,0,1,0,0,0,0,0,0,-,-,33.75045,-117.83186,ORANGE,TUSTIN,-117.83202731,33.75046457
90182527,2016,2016-05-18,9675,2016-05-07,1800,019942,NA,6,2,6,3004,0,1,1,NA,2,405,I-405 SOUTHBOUND,FAIRVIEW RD,500,N,N,B,-,Y,NA,NA,NA,NA,NA,NA,NA,NA,NA,Y,4,0,2,2,A,-,03,22350,NA,N,C,C,A,A,H,-,A,D,0,NA,NA,NA,NA,Y,NA,A,01,0,0,2,0,0,0,0,0,0,-,-,33.34764,-117.45233,ORANGE,COSTA MESA,-117.90794,33.68772
90183267,2016,2016-05-19,9675,2016-05-14,0956,020746,NA,6,1,5,3016,0,1,3,NA,2,571,SR-57 SOUTHBOUND,ORANGETHORPE AVE,60,N,N,A,-,Y,NA,NA,57,NA,NA,NA,NA,NA,S,N,4,0,1,4,A,-,03,22350,NA,N,C,C,A,A,H,-,A,D,0,NA,NA,NA,NA,Y,NA,A,01,0,0,1,0,0,0,0,0,0,-,-,33.86186,-117.87703,ORANGE,PLACENTIA,-117.87750662,33.86171554
90183523,2016,2016-05-20,9675,2016-05-12,1630,019979,NA,4,2,6,3015,0,1,3,NA,2,550,SR-55 NORTHBOUND,TAFT AVE,100,N,N,A,-,Y,NA,NA,55,NA,NA,NA,NA,NA,N,Y,3,0,1,2,A,-,03,22350,NA,N,C,C,A,A,H,-,A,D,0,NA,NA,NA,NA,Y,NA,D,22,0,1,0,0,0,0,0,0,0,-,-,33.81849,-117.83187,ORANGE,ORANGE,-117.83186649,33.81848999
90185036,2016,2016-05-23,9690,2016-05-22,0955,018953,NA,7,1,4,3018,0,1,1,NA,2,057,I-5 S/B (SAN DIEGO FRWY),TRABUCO CREEK ROAD,525,N,N,A,-,Y,NA,NA,5,NA,NA,NA,NA,NA,S,Y,3,0,1,2,A,-,07,21658,NA,N,B,C,A,A,H,-,A,D,0,NA,NA,Y,NA,Y,NA,C,02,0,1,0,0,0,0,0,0,1,-,-,33.52958,-117.67323,ORANGE,SAN JUAN CAPISTRANO,-117.67314201,33.52967009
90186494,2016,2016-05-24,9675,2016-05-21,0309,020027,NA,6,3,7,3001,0,1,3,NA,2,572,SR-57 SOUTHBOUND,SOUTH ST,25,N,N,A,-,Y,NA,NA,57,NA,NA,NA,NA,NA,S,Y,4,0,2,2,A,-,07,21658,A,N,E,I,A,A,H,-,C,D,0,NA,NA,NA,NA,Y,NA,A,01,0,0,2,0,0,0,0,0,0,-,-,33.83174,-117.87621,ORANGE,ANAHEIM,-117.87627449,33.83174041
90189863,2016,2016-05-31,9675,2016-05-25,1637,018832,NA,3,2,6,3015,0,1,3,NA,2,572,SR-57 S/B,CHAPMAN AVE.,50,N,N,A,-,Y,NA,NA,57,NA,NA,NA,NA,NA,S,Y,4,0,1,4,A,-,03,22350,NA,N,C,C,A,A,H,-,A,D,0,NA,NA,NA,NA,Y,NA,A,01,0,0,1,0,0,0,0,0,0,-,-,33.78668,-117.87999,ORANGE,ORANGE,-117.88005682,33.78667617
90193201,2016,2016-06-02,9675,2016-05-31,1655,013300,NA,2,2,6,3026,0,1,1,NA,2,046,I-405 SOUTHBOUND,YALE AVE PEDESTRIAN O/C,1000,N,N,B,-,Y,NA,NA,NA,NA,NA,NA,NA,NA,NA,Y,4,0,1,2,A,-,07,21658,A,N,C,C,A,A,H,-,A,D,0,NA,NA,Y,NA,Y,NA,A,07,0,0,1,0,0,0,0,0,1,-,-,33.76443,-117.88442,ORANGE,IRVINE,NA,NA
90194189,2016,2016-06-03,9690,2016-05-29,0130,020472,NA,7,3,9,3000,0,1,3,NA,1,074,SR 74 E/B (ORTEGA HWY),SAN JUAN CREEK BRIDGE,80,W,N,B,-,Y,NA,NA,74,NA,NA,NA,NA,NA,E,Y,3,0,2,1,A,-,08,22107,NA,N,E,I,A,A,H,-,D,D,0,NA,NA,NA,NA,Y,NA,A,01,0,1,1,0,0,0,0,0,0,-,-,33.59026,-117.50227,ORANGE,UNINCORPORATED,-117.50229096,33.59033212
90194949,2016,2016-06-06,9670,2016-05-19,2255,019120,NA,4,3,6,3009,0,1,3,NA,2,025,SR-22 W/B,HARBOR BLVD,528,E,N,A,-,Y,NA,NA,22,NA,NA,NA,NA,NA,W,Y,4,0,1,2,A,-,03,22350,NA,N,C,C,A,A,H,-,C,D,0,NA,NA,NA,NA,Y,NA,D,22,0,0,1,0,0,0,0,0,0,-,-,33.76901,-117.91751,ORANGE,GARDEN GROVE,-117.91746699,33.76888482
90196004,2016,2016-06-07,9675,2016-05-28,2000,019954,NA,6,2,6,3004,0,1,3,NA,2,553,SR-55 NORTHBOUND,DYER RD,200,S,N,A,-,Y,NA,NA,NA,NA,NA,NA,NA,NA,NA,N,4,0,1,2,A,-,03,22350,NA,N,C,A,A,A,H,-,A,D,0,NA,NA,NA,NA,Y,NA,A,01,0,0,1,0,0,0,0,0,0,-,-,33.70445,-117.85513,ORANGE,COSTA MESA,-117.85212651,33.70805643
90196409,2016,2016-06-07,9675,2016-06-03,1758,018834,NA,5,2,6,3004,0,1,1,NA,2,405,I-405 NORTHBOUND,HARBOR BLVD,1000,S,N,A,-,Y,NA,NA,405,NA,NA,NA,NA,NA,N,N,4,0,1,2,A,-,03,22350,NA,N,C,C,A,A,H,-,A,D,0,NA,NA,NA,NA,Y,NA,A,01,0,0,1,0,0,0,0,0,0,-,-,33.68835,-117.91602,ORANGE,COSTA MESA,-117.91601837,33.68835653
90196490,2016,2016-06-08,9675,2016-05-31,0159,017043,NA,2,3,6,3004,0,1,3,NA,2,553,SR-55 NORTHBOUND,PAULARINO AVE,285,N,N,B,-,Y,NA,NA,55,NA,NA,NA,NA,NA,N,Y,3,0,1,2,A,-,01,23152,A,N,C,C,A,A,H,-,C,C,0,NA,NA,NA,NA,Y,Y,A,01,0,1,0,0,0,0,0,0,0,-,-,33.68295,-117.87629,ORANGE,COSTA MESA,-117.87639785,33.68306461
90199025,2016,2016-06-10,9675,2016-06-04,0552,021224,NA,6,3,5,3022,0,1,1,NA,2,503,I-5 NORTHBOUND,NEWPORT AVE,330,S,N,B,-,Y,NA,NA,5,NA,NA,NA,NA,NA,N,Y,4,0,1,3,A,-,03,22350,NA,F,C,C,A,A,H,-,A,D,0,NA,NA,NA,Y,Y,NA,A,01,0,0,1,0,0,0,0,0,0,-,-,33.73679,-117.82208,ORANGE,TUSTIN,-117.82203829,33.73691637
90200560,2016,2016-06-13,9675,2016-06-07,0805,015109,NA,2,1,4,3002,0,1,3,NA,2,570,SR-57 SOUTHBOUND,LAMBERT ROAD,200,S,N,A,-,Y,NA,NA,57,NA,NA,NA,NA,NA,S,N,4,0,1,2,A,-,03,22350,NA,N,C,C,A,A,H,-,A,D,0,NA,NA,NA,NA,Y,NA,A,01,0,0,1,0,0,0,0,0,0,-,-,33.92304,-117.88027,ORANGE,BREA,-117.88031607,33.92304014
90201310,2016,2016-06-14,9675,2016-06-09,1705,018714,NA,4,2,6,3015,0,1,3,NA,2,222,SR-22 W/B,MAIN ST,25,W,N,A,-,Y,NA,NA,22,NA,NA,NA,NA,NA,W,N,4,0,1,3,A,-,03,22350,NA,N,C,C,A,A,H,-,A,D,0,NA,NA,NA,NA,Y,NA,A,01,0,0,1,0,0,0,0,0,0,-,-,33.77829,-117.86763,ORANGE,ORANGE,-117.86762995,33.77834614
90202832,2016,2016-06-16,9670,2016-05-23,1720,020325,NA,1,2,6,3009,0,1,3,NA,2,024,SR-22 E/B,GARDEN GROVE BLVD.,500,W,N,A,-,Y,NA,NA,NA,NA,NA,NA,NA,NA,NA,Y,4,0,1,4,A,-,03,22350,NA,N,C,C,A,A,H,-,A,D,0,NA,NA,NA,NA,Y,NA,A,01,0,0,1,0,0,0,0,0,0,-,-,33.4625,-117.54206,ORANGE,GARDEN GROVE,-118.00751179,33.77425615