CASE_ID,ACCIDENT_YEAR,PROC_DATE,JURIS,COLLISION_DATE,COLLISION_TIME,OFFICER_ID,REPORTING_DISTRICT,DAY_OF_WEEK,CHP_SHIFT,POPULATION,CNTY_CITY_LOC,SPECIAL_COND,BEAT_TYPE,CHP_BEAT_TYPE,CITY_DIVISION_LAPD,CHP_BEAT_CLASS,BEAT_NUMBER,PRIMARY_RD,SECONDARY_RD,DISTANCE,DIRECTION,INTERSECTION,WEATHER_1,WEATHER_2,STATE_HWY_IND,CALTRANS_COUNTY,CALTRANS_DISTRICT,STATE_ROUTE,ROUTE_SUFFIX,POSTMILE_PREFIX,POSTMILE,LOCATION_TYPE,RAMP_INTERSECTION,SIDE_OF_HWY,TOW_AWAY,COLLISION_SEVERITY,NUMBER_KILLED,NUMBER_INJURED,PARTY_COUNT,PRIMARY_COLL_FACTOR,PCF_CODE_OF_VIOL,PCF_VIOL_CATEGORY,PCF_VIOLATION,PCF_VIOL_SUBSECTION,HIT_AND_RUN,TYPE_OF_COLLISION,MVIW,PED_ACTION,ROAD_SURFACE,ROAD_COND_1,ROAD_COND_2,LIGHTING,CONTROL_DEVICE,CHP_ROAD_TYPE,PEDESTRIAN_ACCIDENT,BICYCLE_ACCIDENT,MOTORCYCLE_ACCIDENT,TRUCK_ACCIDENT,NOT_PRIVATE_PROPERTY,ALCOHOL_INVOLVED,STWD_VEHTYPE_AT_FAULT,CHP_VEHTYPE_AT_FAULT,COUNT_SEVERE_INJ,COUNT_VISIBLE_INJ,COUNT_COMPLAINT_PAIN,COUNT_PED_KILLED,COUNT_PED_INJURED,COUNT_BICYCLIST_KILLED,COUNT_BICYCLIST_INJURED,COUNT_MC_KILLED,COUNT_MC_INJURED,PRIMARY_RAMP,SECONDARY_RAMP,LATITUDE,LONGITUDE,COUNTY,CITY,POINT_X,POINT_Y
90202963,2016,2016-06-16,9670,2016-05-25,2154,019120,NA,3,2,6,3009,0,1,3,NA,2,023,SR-22 W/B TO BROOKHURST STREET,TRASK AVENUE,110,E,N,A,-,Y,NA,NA,22,NA,NA,NA,R,NA,W,Y,2,0,1,1,A,-,03,22350,NA,N,F,A,A,A,H,-,C,D,0,NA,NA,Y,NA,Y,NA,C,02,1,0,0,0,0,0,0,0,1,-,-,33.7664,-117.95838,ORANGE,GARDEN GROVE,-117.95838,33.7664
90203733,2016,2016-06-17,9670,2016-06-04,1533,021286,NA,6,2,6,3009,0,1,3,NA,2,021,SR-22 WESTBOUND ( GARDEN GROVE FREEWAY),SPRINGDALE STREET O/C,130,W,N,A,-,Y,NA,NA,22,NA,NA,NA,NA,NA,W,Y,4,0,2,3,A,-,03,22350,NA,N,C,C,A,A,H,-,A,D,0,NA,NA,NA,NA,Y,NA,A,01,0,0,2,0,0,0,0,0,0,-,-,33.77439,-118.0208,ORANGE,GARDEN GROVE,-118.0208001,33.77440309
9020417,2019,2020-01-24,3008,2019-10-26,0640,1544,2,6,5,6,3008,0,0,0,NA,0,NA,COMMONWEALTH AV,HARBOR BL,0,NA,Y,A,-,N,NA,NA,NA,NA,NA,NA,NA,NA,NA,Y,3,0,2,2,A,-,09,21801,A,N,D,C,A,A,H,-,A,A,0,NA,NA,NA,NA,Y,NA,A,08,0,1,1,0,0,0,0,0,0,-,-,NA,NA,ORANGE,FULLERTON,-117.92430877685548,33.870361328125
9020425,2019,2020-01-25,3008,2019-10-07,1808,1548,3,1,5,6,3008,0,0,0,NA,0,003,STATE COLLEGE BL,DELICATA DR,0,NA,Y,-,-,N,NA,NA,NA,NA,NA,NA,NA,NA,NA,N,3,0,1,2,A,-,05,21650,1,N,D,G,A,A,H,-,C,A,0,NA,Y,NA,NA,Y,NA,L,04,0,1,0,0,0,0,1,0,0,-,-,NA,NA,ORANGE,FULLERTON,-117.89025115966795,33.90032958984375
90204771,2016,2016-06-20,9670,2016-05-28,1830,021139,NA,6,2,3,3013,0,1,1,NA,2,061,I-605 S/B,I-405,528,N,N,A,-,Y,NA,NA,605,NA,NA,NA,NA,NA,S,Y,3,0,4,3,A,-,03,22350,NA,N,C,C,A,A,H,-,A,D,0,NA,NA,NA,NA,Y,NA,D,22,0,1,3,0,0,0,0,0,0,-,-,33.78596,-118.09098,ORANGE,LOS ALAMITOS,-118.09093901,33.78594067
9020504,2019,2020-01-28,3001,2019-12-31,0718,A1555,D3,2,5,7,3001,0,0,0,NA,0,0D3,STATE COLLEGE BL,VERMONT AV,6,N,N,A,-,N,NA,NA,NA,NA,NA,NA,NA,NA,NA,NA,3,0,1,2,A,-,10,21950,A,N,G,B,B,A,H,-,A,A,0,Y,NA,NA,NA,Y,NA,A,01,0,1,0,0,1,0,0,0,0,-,-,33.826419830322266,-117.88921356201172,ORANGE,ANAHEIM,-117.88935089111328,33.82791519165039
90207207,2016,2016-06-22,9670,2016-06-09,1502,015587,NA,4,2,7,3001,0,1,3,NA,2,093,SR-91 W/B (RIVERSIDE FREEWAY),GILBERT STREET,292,W,N,A,-,Y,NA,NA,91,NA,NA,NA,NA,NA,W,Y,4,0,4,3,A,-,03,22350,NA,F,C,C,A,A,H,-,A,D,0,NA,NA,NA,NA,Y,NA,A,01,0,0,4,0,0,0,0,0,0,-,-,33.85515,-117.96876,ORANGE,ANAHEIM,-117.96880317,33.85502067
90207315,2016,2016-06-22,9675,2016-06-14,1725,018714,NA,2,2,7,3001,0,1,3,NA,2,194,SR-91 E/B (RIVERSIDE FWY),WEIR CYN RD,1000,W,N,A,-,Y,NA,NA,91,NA,NA,NA,NA,NA,E,Y,4,0,1,3,A,-,07,21658,A,N,B,C,A,A,H,-,A,D,0,NA,NA,Y,NA,Y,NA,A,01,0,0,1,0,0,0,0,0,1,-,-,33.86873,-117.75827,ORANGE,ANAHEIM,-117.75825897,33.86865027
9020960,2019,2020-01-27,3015,2019-12-10,1715,1519,15,2,5,6,3015,0,0,0,NA,0,001,ORANGEWOOD AV,RT 57,321,E,N,A,-,N,NA,NA,NA,NA,NA,NA,NA,NA,NA,Y,4,0,4,3,A,-,08,22107,NA,N,A,C,A,A,H,-,C,A,0,NA,NA,NA,NA,Y,NA,A,07,0,0,4,0,0,0,0,0,0,-,NO,NA,NA,ORANGE,ORANGE,-117.87772369384766,33.795780181884766
90214940,2016,2016-07-01,9670,2016-06-27,0920,012956,NA,1,1,5,3024,0,1,1,NA,2,043,I-405 SOUTHBOUND (SAN DIEGO FREEWAY),GOLDENWEST STREET,273,N,N,A,-,Y,NA,NA,405,NA,NA,NA,NA,NA,S,N,4,0,1,3,A,-,03,22350,NA,N,C,C,A,A,H,-,A,D,0,NA,NA,NA,NA,Y,NA,A,01,0,0,1,0,0,0,0,0,0,-,-,33.74707,-118.00774,ORANGE,WESTMINSTER,-118.00779499,33.7470031
90215004,2016,2016-07-01,9675,2016-06-20,1730,019471,NA,1,2,6,3015,0,1,1,NA,2,502,I-5 S/B (SANTA ANA FWY),LA VETA AVE,500,N,N,A,-,Y,NA,NA,5,NA,NA,NA,NA,NA,S,Y,4,0,1,2,A,-,03,22350,NA,N,C,C,A,A,H,-,A,D,0,NA,NA,NA,NA,Y,NA,A,01,0,0,1,0,0,0,0,0,0,-,-,33.78381,-117.88254,ORANGE,ORANGE,-117.88258551,33.7837629
9021682,2019,2020-01-13,3000,2019-10-24,1020,1644,95IJ,4,5,5,3040,0,0,0,NA,0,1020,GOLDEN LANTERN ST,SAINT CHRISTOPHER,0,NA,Y,A,-,N,NA,NA,NA,NA,NA,NA,NA,NA,NA,Y,4,0,1,2,A,-,01,23152,A,N,C,C,A,A,H,-,A,A,0,NA,NA,NA,NA,Y,Y,A,01,0,0,1,0,0,0,0,0,0,-,-,NA,NA,ORANGE,LAGUNA NIGUEL,-117.68393707275392,33.508121490478516
90217674,2016,2016-07-07,9670,2016-06-12,1405,021207,NA,7,2,4,3020,0,1,1,NA,2,440,I-405 N/B,SEAL BEACH BLVD,2640,S,N,B,-,Y,NA,NA,405,NA,NA,NA,NA,NA,N,N,4,0,2,2,A,-,03,22350,NA,N,C,C,A,A,H,-,A,D,0,NA,NA,NA,NA,Y,NA,A,07,0,0,2,0,0,0,0,0,0,-,-,33.77443,-118.06529,ORANGE,SEAL BEACH,-118.06529062,33.77446245
90219094,2016,2016-07-08,9690,2016-07-05,2015,020463,NA,2,2,4,3018,0,1,1,NA,2,057,I-5 S/B (SAN DIEGO FRWY),SR 1 (PACIFIC COAST HWY),681,N,N,A,-,Y,NA,NA,5,NA,NA,NA,NA,NA,S,Y,4,0,1,2,A,-,07,21658,A,N,B,C,A,A,D,-,A,D,0,NA,NA,NA,Y,Y,NA,G,25,0,0,1,0,0,0,0,0,0,-,-,33.46786,-117.67204,ORANGE,SAN JUAN CAPISTRANO,-117.67202059,33.46789221
90219964,2016,2016-07-11,9675,2016-06-27,1430,020668,NA,1,2,6,3004,0,1,1,NA,2,405,I-405 S/B,FAIRVIEW RD,500,S,N,A,-,Y,NA,NA,405,NA,NA,NA,NA,NA,S,Y,3,0,6,6,A,-,07,21658,A,N,C,C,A,A,H,-,A,D,0,NA,NA,NA,NA,Y,NA,A,01,0,1,5,0,0,0,0,0,0,-,-,33.68728,-117.8996,ORANGE,COSTA MESA,-117.89959751,33.68751394
90219971,2016,2016-07-11,9675,2016-07-03,0440,020766,NA,7,3,7,3019,0,1,1,NA,2,502,I-5 N/B TO 4TH ST,4TH ST,50,S,N,B,-,Y,NA,NA,5,NA,NA,NA,R,NA,N,Y,3,0,1,1,A,-,01,23152,A,N,E,I,A,A,H,-,C,A,0,NA,NA,NA,NA,Y,Y,D,22,0,1,0,0,0,0,0,0,0,-,-,33.74779,-117.84244,ORANGE,SANTA ANA,-117.84244,33.74779
90221631,2016,2016-07-13,9670,2016-06-28,1040,016209,NA,2,1,6,3009,0,1,3,NA,2,024,SR-22 E/B (GARDEN GROVE FREEWAY),LEWIS ST.,600,W,N,A,-,Y,NA,NA,22,NA,NA,NA,NA,NA,E,Y,4,0,1,2,A,-,03,22350,NA,N,C,C,A,A,H,-,A,D,0,NA,NA,NA,NA,Y,NA,A,01,0,0,1,0,0,0,0,0,0,-,-,33.77751,-117.89841,ORANGE,GARDEN GROVE,-117.89848901,33.77768003
90223185,2016,2016-07-14,9675,2016-07-05,0530,015670,NA,2,3,4,3002,0,1,3,NA,2,570,SR-57 S/B,TONNER CYN RD,100,S,N,B,-,Y,NA,NA,57,NA,NA,NA,NA,NA,S,N,4,0,1,2,A,-,07,21658,A,N,B,C,A,A,H,-,B,D,0,NA,NA,NA,Y,Y,NA,G,25,0,0,1,0,0,0,0,0,0,-,-,33.93646,-117.87817,ORANGE,BREA,-117.87807535,33.93642798
90223252,2016,2016-07-14,9675,2016-07-05,1440,019348,NA,2,2,6,3026,0,1,3,NA,2,553,SR-55 SOUTHBOUND,BAKER ST,100,N,N,A,-,Y,NA,NA,NA,NA,NA,NA,NA,NA,NA,Y,4,0,1,2,A,-,03,22350,NA,N,C,C,A,A,H,-,A,D,0,NA,NA,NA,NA,Y,NA,A,01,0,0,1,0,0,0,0,0,0,-,-,33.6865,-117.87324,ORANGE,IRVINE,NA,NA
90223331,2016,2016-07-15,9675,2016-06-29,1300,019652,NA,3,1,6,3004,0,1,3,NA,2,553,SR-55 NORTHBOUND,MACARTHUR BLVD,1000,S,N,A,-,Y,NA,NA,NA,NA,NA,NA,NA,NA,NA,Y,4,0,2,4,A,-,03,22350,NA,N,C,C,A,A,H,-,A,D,0,NA,NA,NA,NA,Y,NA,A,01,0,0,2,0,0,0,0,0,0,-,-,33.69644,-117.86312,ORANGE,COSTA MESA,-117.86340053,33.69629421
90223778,2016,2016-07-15,9675,2016-06-30,1555,019979,NA,4,2,6,3026,0,1,1,NA,2,504,I-5 SOUTHBOUND,ALTON PKWY,300,S,N,A,-,Y,NA,NA,5,NA,NA,NA,NA,NA,S,Y,4,0,4,5,A,-,03,22350,NA,N,C,C,A,A,H,-,A,D,0,NA,NA,NA,NA,Y,NA,D,22,0,0,4,0,0,0,0,0,0,-,-,33.65157,-117.74073,ORANGE,IRVINE,-117.74076325,33.65154326
90226745,2016,2016-07-20,9675,2016-07-13,1650,017993,NA,3,2,7,3001,0,1,3,NA,2,195,SR-91 EASTBOUND,WEIR CANYON RD.,1500,E,N,A,-,Y,NA,NA,91,NA,NA,NA,NA,NA,E,Y,4,0,4,2,A,-,08,22107,NA,N,C,C,A,A,H,-,A,D,0,NA,NA,NA,NA,Y,NA,A,01,0,0,4,0,0,0,0,0,0,-,-,33.87102,-117.73817,ORANGE,ANAHEIM,-117.7381862,33.87080833
90227149,2016,2016-07-21,9675,2016-07-06,1614,018733,NA,3,2,6,3015,0,1,3,NA,2,222,SR-22 WESTBOUND,THE CITY DRIVE,50,W,N,A,-,Y,NA,NA,22,NA,NA,NA,NA,NA,W,Y,4,0,1,4,A,-,03,22350,NA,F,C,C,A,A,H,-,A,D,0,NA,NA,NA,NA,Y,NA,A,01,0,0,1,0,0,0,0,0,0,-,-,33.77911,-117.88916,ORANGE,ORANGE,-117.88916001,33.77909241
90227168,2015,2016-07-21,9670,2015-12-06,0009,020860,NA,7,3,5,3024,0,1,1,NA,2,400,INTERSTATE 405 NORTHBOUND,SOUTH EDGE NEWLAND STREET OVERCROSSING,12,N,N,A,-,Y,NA,NA,405,NA,NA,NA,NA,NA,N,Y,1,1,1,1,A,-,01,23152,A,N,E,I,A,A,H,-,D,D,0,NA,NA,NA,NA,Y,Y,A,07,1,0,0,0,0,0,0,0,0,-,-,33.72685,-117.98073,ORANGE,WESTMINSTER,-117.98072842,33.72685237
90227951,2016,2016-07-22,9675,2016-07-15,2320,020780,NA,5,3,6,3015,0,1,1,NA,2,502,I-5 S/B,SR-22,800,S,N,A,-,Y,NA,NA,5,NA,NA,NA,NA,NA,S,Y,3,0,2,3,A,-,07,21658,A,N,C,C,A,A,H,-,C,D,0,NA,NA,NA,Y,Y,Y,A,01,0,2,0,0,0,0,0,0,0,-,-,33.77605,-117.87478,ORANGE,ORANGE,-117.87436139,33.77639359
90229745,2016,2016-07-25,9690,2016-07-13,1625,014329,NA,3,2,4,3045,0,1,1,NA,2,055,I-5 S/B (SAN DIEGO FRWY),EL TORO RD,100,S,N,A,-,Y,NA,NA,5,NA,NA,NA,NA,NA,S,Y,3,0,3,3,A,-,03,22350,NA,N,C,C,A,A,H,-,A,D,0,NA,NA,NA,NA,Y,NA,A,01,0,1,2,0,0,0,0,0,0,-,-,33.61414,-117.70707,ORANGE,LAGUNA HILLS,-117.70712812,33.61407231
90230100,2016,2016-07-26,9675,2016-07-24,0300,020732,NA,7,3,7,3001,0,1,3,NA,2,571,SR-57 NORTHBOUND,LINCOLN AVE,400,N,N,A,-,Y,NA,NA,57,NA,NA,NA,NA,NA,N,Y,3,0,3,2,A,-,01,23152,A,N,C,C,A,A,D,-,C,D,0,NA,NA,NA,NA,Y,Y,D,22,0,1,2,0,0,0,0,0,0,-,-,33.83914,-117.8759,ORANGE,ANAHEIM,-117.87592392,33.83913901
90230279,2016,2016-07-26,9690,2016-07-21,1640,020463,NA,4,2,9,3000,0,2,4,NA,2,037,LIVE OAK CANYON ROAD,SHELTER CANYON RD,115,N,N,A,-,N,NA,NA,NA,NA,NA,NA,NA,NA,NA,Y,4,0,1,1,A,-,08,22107,NA,N,E,I,A,A,H,-,A,D,0,NA,NA,NA,NA,Y,NA,A,07,0,0,1,0,0,0,0,0,0,-,-,33.67397,-117.60164,ORANGE,UNINCORPORATED,-117.601668,33.67394
90230864,2016,2016-07-26,9675,2016-07-07,0830,015207,NA,4,1,6,3026,0,1,1,NA,2,407,I-405 N/B,LAGUNA CANYON RD.,800,N,N,A,-,Y,NA,NA,405,NA,NA,NA,NA,NA,N,N,4,0,2,3,A,-,03,22350,NA,N,C,C,A,A,H,-,A,D,0,NA,NA,NA,NA,Y,NA,A,01,0,0,2,0,0,0,0,0,0,-,-,33.65631,-117.77502,ORANGE,IRVINE,-117.77507301,33.65621755
90231430,2016,2016-07-27,9690,2016-06-30,0102,018526,NA,4,3,9,3000,0,3,5,NA,2,005,COTO DE CAZA DRIVE N/B,SHOAL CREEK,398,S,N,B,-,N,NA,NA,NA,NA,NA,NA,NA,NA,NA,Y,3,0,1,1,A,-,01,23152,A,N,E,I,A,A,H,-,C,D,0,NA,NA,NA,NA,Y,Y,A,01,0,1,0,0,0,0,0,0,0,-,-,33.59411,-117.5863,ORANGE,UNINCORPORATED,-117.58653,33.59408784
90233351,2016,2016-07-29,9675,2016-07-24,1042,021206,NA,7,1,6,3004,0,1,3,NA,2,553,SR-55 SOUTHBOUND,I-405 NORTHBOUND,550,S,N,A,-,Y,NA,NA,55,NA,NA,NA,NA,NA,S,Y,4,0,1,2,A,-,03,22350,NA,N,C,C,A,A,H,-,A,D,0,NA,NA,NA,NA,Y,NA,A,01,0,0,1,0,0,0,0,0,0,-,-,33.6853,-117.8744,ORANGE,COSTA MESA,-117.8743043,33.68521357
90237471,2016,2016-08-04,9675,2016-07-19,1850,019618,NA,2,2,5,3022,0,1,3,NA,2,552,SR-55 N/B,MCFADDEN ST,200,S,N,A,-,Y,NA,NA,55,NA,NA,NA,NA,NA,N,Y,4,0,1,2,A,-,03,22350,NA,N,C,C,A,A,H,-,A,D,0,NA,NA,NA,Y,Y,NA,A,01,0,0,1,0,0,0,0,0,0,-,-,33.7336,-117.83344,ORANGE,TUSTIN,-117.83354621,33.73360217
90237549,2016,2016-08-04,9670,2016-07-15,1750,021180,NA,5,2,5,3003,0,1,3,NA,2,091,SR-91 W/B,BEACH BLVD,528,E,N,A,-,Y,NA,NA,91,NA,NA,NA,NA,NA,W,N,4,0,1,3,A,-,03,22350,NA,N,C,C,A,A,H,-,A,D,0,NA,NA,NA,NA,Y,NA,A,07,0,0,1,0,0,0,0,0,0,-,-,33.85634,-117.99149,ORANGE,BUENA PARK,-117.99148854,33.85623663
90239419,2016,2016-08-08,9675,2016-07-26,1210,015109,NA,2,1,7,3019,0,1,1,NA,2,502,I-5 SOUTHBOUND,4TH ST,100,S,N,A,-,Y,NA,NA,5,NA,NA,NA,NA,NA,S,N,4,0,1,2,A,-,03,22350,NA,N,C,C,A,A,H,-,A,D,0,NA,NA,NA,Y,Y,NA,F,26,0,0,1,0,0,0,0,0,0,-,-,33.74714,-117.84295,ORANGE,SANTA ANA,-117.84306322,33.74710056
90240566,2016,2016-08-09,9675,2016-07-30,1214,021206,NA,6,1,5,3022,0,1,1,NA,2,503,I-5 NORTHBOUND,SR-55 NORTHBOUND,990,S,N,A,-,Y,NA,NA,NA,NA,NA,NA,NA,NA,NA,Y,3,0,3,4,A,-,03,22350,NA,F,C,C,A,A,H,-,A,D,0,NA,NA,NA,NA,Y,NA,A,01,0,1,2,0,0,0,0,0,0,-,-,33.44223,-117.49498,ORANGE,TUSTIN,-117.83375,33.74079
9024160,2019,2020-02-18,3001,2019-12-21,2004,A2584,D-3,6,5,7,3001,0,0,0,NA,0,D-3,KATELLA AV,CLEMENTINE ST,0,NA,Y,A,-,N,NA,NA,NA,NA,NA,NA,NA,NA,NA,NA,4,0,2,2,A,-,03,22350,NA,M,C,C,A,A,H,-,C,A,0,NA,NA,NA,NA,Y,NA,A,01,0,0,2,0,0,0,0,0,0,-,-,33.80303955078125,-117.91004180908205,ORANGE,ANAHEIM,-117.91001892089844,33.803409576416016
90242189,2016,2016-08-16,9670,2016-07-17,1430,021302,NA,7,2,5,3007,0,1,1,NA,2,040,I-405 N/B (SAN DIEGO FWY),SLATER AVE,500,N,N,A,-,Y,NA,NA,405,NA,NA,NA,NA,NA,N,Y,4,0,1,4,A,-,08,22107,NA,N,B,C,A,A,H,-,A,D,0,NA,NA,NA,NA,Y,NA,M,47,0,0,1,0,0,0,0,0,0,-,-,33.70997,-117.95968,ORANGE,FOUNTAIN VALLEY,-117.95969538,33.70995173
90242664,2016,2016-08-17,9675,2016-08-06,0037,018868,NA,6,3,6,3026,0,1,3,NA,2,130,SR-133 NORTHBOUND,IRVINE BLVD,4000,S,N,A,-,Y,NA,NA,133,NA,NA,NA,NA,NA,N,Y,3,0,1,3,A,-,01,23152,A,N,C,C,A,A,H,-,C,D,0,NA,NA,NA,NA,Y,Y,A,07,0,1,0,0,0,0,0,0,0,-,-,33.69035,-117.74056,ORANGE,IRVINE,-117.74085765,33.69060279
90242732,2016,2016-08-11,9675,2016-08-04,0804,016923,NA,4,1,6,3004,0,1,1,NA,2,405,I-405 S/B (SAN DIEGO FWY),FAIRVIEW RD,50,S,N,A,-,Y,NA,NA,405,NA,NA,NA,NA,NA,S,Y,4,0,2,4,A,-,03,22350,NA,N,C,C,A,A,H,-,A,D,0,NA,NA,NA,NA,Y,NA,D,22,0,0,2,0,0,0,0,0,0,-,-,33.68754,-117.9066,ORANGE,COSTA MESA,-117.90659692,33.68770673
90243623,2016,2016-08-12,9675,2016-08-09,1402,018832,NA,2,2,6,3026,0,1,1,NA,2,504,I-5 N/B,LAKE FOREST DR,900,N,N,A,-,Y,NA,NA,5,NA,NA,NA,NA,NA,N,N,3,0,1,2,A,-,03,22350,NA,N,C,C,A,A,H,-,A,D,0,NA,NA,NA,NA,Y,NA,A,01,0,1,0,0,0,0,0,0,0,-,-,33.63451,-117.72661,ORANGE,IRVINE,-117.72671132,33.63442475
90244014,2016,2016-08-12,9670,2016-07-16,1240,021242,NA,6,1,4,3020,0,1,1,NA,2,061,I-605 S/B,I-405 N/B UNDERCROSSING,300,N,N,A,-,Y,NA,NA,605,NA,NA,NA,NA,NA,S,Y,4,0,2,4,A,-,03,22350,NA,N,C,C,A,A,H,-,A,D,0,NA,NA,NA,NA,Y,NA,A,08,0,0,2,0,0,0,0,0,0,-,-,33.78589,-118.09105,ORANGE,SEAL BEACH,-118.09097875,33.7858564
90244875,2016,2016-08-15,9675,2016-07-23,1530,019942,NA,6,2,6,3026,0,1,3,NA,2,130,SR-133 SOUTHBOUND FROM IRVINE BLVD.,IRVINE BLVD,796,S,N,A,-,Y,NA,NA,133,NA,NA,NA,R,NA,S,Y,2,0,1,1,A,-,08,22107,NA,N,F,A,A,A,H,-,A,D,0,NA,NA,Y,NA,Y,NA,C,02,1,0,0,0,0,0,0,0,1,-,-,33.69521,-117.73769,ORANGE,IRVINE,-117.73769,33.69521
90244955,2016,2016-08-15,9675,2016-08-07,0656,016944,NA,7,1,9,3000,0,1,3,NA,2,240,SR-241 S/B,SANTIAGO CREEK O/C,2640,N,N,A,B,Y,NA,NA,241,NA,NA,NA,NA,NA,S,Y,3,0,1,1,A,-,08,22107,NA,N,F,A,A,A,H,-,A,D,0,NA,NA,NA,NA,Y,NA,A,07,0,1,0,0,0,0,0,0,0,-,-,33.80297,-117.72546,ORANGE,UNINCORPORATED,-117.72558983,33.80300646
90244988,2016,2016-08-15,9675,2016-08-08,1605,015041,NA,1,2,7,3001,0,1,3,NA,2,094,SR-91 W/B (RIVERSIDE FREEWAY),IMPERIAL HIGHWAY,150,W,N,A,-,Y,NA,NA,91,NA,NA,NA,NA,NA,W,Y,4,0,1,3,A,-,03,22350,NA,N,C,C,A,A,H,-,A,A,0,NA,NA,NA,Y,Y,NA,G,25,0,0,1,0,0,0,0,0,0,-,-,33.85437,-117.79601,ORANGE,ANAHEIM,-117.79600873,33.85442323
9024736,2019,2020-01-21,3013,2019-10-20,2134,203,L05,7,5,3,3013,0,0,0,NA,0,005,LOS ALAMITOS BL,BRADBURY RD,508,N,N,A,-,N,NA,NA,NA,NA,NA,NA,NA,NA,NA,Y,2,0,1,2,A,-,11,21955,NA,N,G,B,E,A,H,-,C,A,0,Y,NA,NA,NA,Y,NA,N,60,1,0,0,0,1,0,0,0,0,-,-,NA,NA,ORANGE,LOS ALAMITOS,-118.07203674316406,33.788944244384766
90247365,2016,2016-08-18,9675,2016-08-13,1304,019407,NA,6,1,7,3001,0,1,3,NA,2,195,SR-91 WESTBOUND,WEIR CYN RD,1575,E,N,A,-,Y,NA,NA,91,NA,NA,NA,NA,NA,W,Y,2,0,1,3,A,-,08,22107,NA,N,E,I,A,A,H,-,A,D,0,NA,NA,NA,Y,Y,NA,A,01,1,0,0,0,0,0,0,0,0,-,-,33.86727,-117.72489,ORANGE,ANAHEIM,-117.72485204,33.86745664
90249678,2016,2016-08-22,9675,2016-08-11,1530,021225,NA,4,2,5,3022,0,1,1,NA,2,503,I-5 NORTHBOUND,RED HILL AVE,1000,S,N,A,-,Y,NA,NA,5,NA,NA,NA,NA,NA,N,Y,3,0,3,2,A,-,03,22350,NA,N,C,C,A,A,H,-,A,D,0,NA,NA,NA,NA,Y,NA,A,01,0,3,0,0,0,0,0,0,0,-,-,33.73162,-117.81238,ORANGE,TUSTIN,-117.81238087,33.7316187
90249820,2016,2016-11-21,9675,2016-08-15,1700,019652,NA,1,2,7,3019,0,1,3,NA,2,552,SR-55 NORTHBOUND,DYER RD,1350,N,N,A,-,Y,NA,NA,55,NA,NA,NA,NA,NA,N,Y,3,0,1,2,A,-,03,22350,NA,N,B,C,A,A,H,-,A,D,0,NA,NA,Y,NA,Y,NA,C,02,0,1,0,0,0,0,0,0,1,-,-,33.71401,-117.84635,ORANGE,SANTA ANA,-117.84639763,33.71405705
90250103,2016,2016-08-22,9690,2016-08-17,1020,017988,NA,3,1,5,3017,0,1,1,NA,2,059,I-5 N/B (SAN DIEGO FRWY),AVENIDA VAQUERO,650,N,N,A,-,Y,NA,NA,5,NA,NA,NA,NA,NA,N,Y,4,0,4,2,A,-,03,22350,NA,N,C,C,A,A,D,-,A,D,0,NA,NA,NA,NA,Y,NA,D,22,0,0,4,0,0,0,0,0,0,-,-,33.45363,-117.6457,ORANGE,SAN CLEMENTE,-117.64560938,33.45381703
90253207,2016,2016-08-26,9675,2016-08-23,1329,017993,NA,2,1,7,3001,0,1,3,NA,2,193,SR-91 EASTBOUND,LAKEVIEW AVE,200,W,N,A,-,Y,NA,NA,91,NA,NA,NA,NA,NA,E,Y,4,0,2,2,A,-,03,22350,NA,N,C,C,A,A,H,-,A,D,0,NA,NA,NA,NA,Y,NA,A,01,0,0,2,0,0,0,0,0,0,-,-,33.85011,-117.81525,ORANGE,ANAHEIM,-117.8151817,33.85003051
90254343,2016,2016-08-26,9690,2016-08-10,2223,020966,NA,3,3,4,3018,0,1,1,NA,2,057,I-5 N/B (SAN DIEGO FRWY),AVERY PKWY,4224,S,N,A,-,Y,NA,NA,5,NA,NA,NA,NA,NA,N,Y,3,0,1,4,A,-,03,22350,NA,F,C,C,A,A,H,-,D,D,0,NA,NA,NA,Y,Y,NA,A,01,0,1,0,0,0,0,0,0,0,-,-,33.53563,-117.67462,ORANGE,SAN JUAN CAPISTRANO,-117.67474928,33.5356387
90254443,2016,2016-08-26,9690,2016-08-21,1610,018840,NA,7,2,5,3017,0,1,1,NA,2,059,I-5 N/B (SAN DIEGO FRWY),AVENIDA MENDOCINO,200,N,N,A,-,Y,NA,NA,5,NA,NA,NA,NA,NA,N,Y,4,0,1,3,A,-,08,22107,NA,F,C,C,A,A,H,-,A,D,0,NA,NA,NA,NA,Y,NA,A,07,0,0,1,0,0,0,0,0,0,-,-,33.41192,-117.6015,ORANGE,SAN CLEMENTE,-117.60145403,33.41194289
90256793,2016,2016-08-30,9670,2016-08-16,1049,015587,NA,2,1,5,3003,0,1,3,NA,2,091,SR-91 W/B TO BEACH BLVD.,BEACH BLVD.,193,E,N,A,-,Y,NA,NA,91,NA,NA,NA,R,NA,W,N,4,0,1,3,A,-,03,22350,NA,N,C,C,A,A,H,-,A,D,0,NA,NA,NA,NA,Y,NA,D,22,0,0,1,0,0,0,0,0,0,-,-,33.85712,-117.99705,ORANGE,BUENA PARK,-117.99705,33.85712
90257429,2016,2016-08-31,9670,2016-02-16,0242,017788,NA,2,3,6,3009,0,1,3,NA,2,024,STATE ROUTE 22 EASTBOUND,HARBOR BOULEVARD,1455,W,N,A,-,Y,NA,NA,22,NA,NA,NA,NA,NA,E,Y,1,1,0,3,A,-,01,23152,A,N,C,C,A,A,H,-,C,D,0,NA,NA,Y,NA,Y,Y,C,02,0,0,0,0,0,0,0,1,0,-,-,33.7662,-117.92449,ORANGE,GARDEN GROVE,-117.92452357,33.76635967