CASE_ID,ACCIDENT_YEAR,PROC_DATE,JURIS,COLLISION_DATE,COLLISION_TIME,OFFICER_ID,REPORTING_DISTRICT,DAY_OF_WEEK,CHP_SHIFT,POPULATION,CNTY_CITY_LOC,SPECIAL_COND,BEAT_TYPE,CHP_BEAT_TYPE,CITY_DIVISION_LAPD,CHP_BEAT_CLASS,BEAT_NUMBER,PRIMARY_RD,SECONDARY_RD,DISTANCE,DIRECTION,INTERSECTION,WEATHER_1,WEATHER_2,STATE_HWY_IND,CALTRANS_COUNTY,CALTRANS_DISTRICT,STATE_ROUTE,ROUTE_SUFFIX,POSTMILE_PREFIX,POSTMILE,LOCATION_TYPE,RAMP_INTERSECTION,SIDE_OF_HWY,TOW_AWAY,COLLISION_SEVERITY,NUMBER_KILLED,NUMBER_INJURED,PARTY_COUNT,PRIMARY_COLL_FACTOR,PCF_CODE_OF_VIOL,PCF_VIOL_CATEGORY,PCF_VIOLATION,PCF_VIOL_SUBSECTION,HIT_AND_RUN,TYPE_OF_COLLISION,MVIW,PED_ACTION,ROAD_SURFACE,ROAD_COND_1,ROAD_COND_2,LIGHTING,CONTROL_DEVICE,CHP_ROAD_TYPE,PEDESTRIAN_ACCIDENT,BICYCLE_ACCIDENT,MOTORCYCLE_ACCIDENT,TRUCK_ACCIDENT,NOT_PRIVATE_PROPERTY,ALCOHOL_INVOLVED,STWD_VEHTYPE_AT_FAULT,CHP_VEHTYPE_AT_FAULT,COUNT_SEVERE_INJ,COUNT_VISIBLE_INJ,COUNT_COMPLAINT_PAIN,COUNT_PED_KILLED,COUNT_PED_INJURED,COUNT_BICYCLIST_KILLED,COUNT_BICYCLIST_INJURED,COUNT_MC_KILLED,COUNT_MC_INJURED,PRIMARY_RAMP,SECONDARY_RAMP,LATITUDE,LONGITUDE,COUNTY,CITY,POINT_X,POINT_Y
90258149,2016,2016-08-31,9670,2016-08-21,1653,018212,NA,7,2,5,3024,0,1,1,NA,2,042,I-405 N/B (SAN DIEGO FREEWAY),WESTMINSTER AVE,20,S,N,A,-,Y,NA,NA,405,NA,NA,NA,NA,NA,N,Y,3,0,1,2,A,-,07,21658,A,N,B,C,A,A,H,-,A,D,0,NA,NA,Y,NA,Y,NA,A,07,0,1,0,0,0,0,0,0,1,-,-,33.75899,-118.02184,ORANGE,WESTMINSTER,-118.02180854,33.75902688
90258481,2016,2016-09-01,9670,2016-08-26,0658,012956,NA,5,1,5,3007,0,1,1,NA,2,041,I-405 S/B TO BROOKHURST ST S/B,BROOKHURST ST,541,N,N,B,-,Y,NA,NA,405,NA,NA,NA,R,NA,S,Y,4,0,1,1,A,-,08,22107,NA,N,E,I,A,A,H,-,A,A,0,NA,NA,NA,NA,Y,NA,A,07,0,0,1,0,0,0,0,0,0,-,-,33.70597,-117.9559,ORANGE,FOUNTAIN VALLEY,-117.9559,33.70597
90259175,2016,2016-09-01,9670,2016-08-30,0930,014303,NA,2,1,6,3009,0,1,3,NA,2,024,SR-22 E/B (GARDEN GROVE FREEWAY),GARDEN GROVE BLVD,1056,E,N,A,-,Y,NA,NA,22,NA,NA,NA,NA,NA,E,Y,4,0,1,5,A,-,03,22350,NA,N,C,C,A,A,H,-,A,D,0,NA,NA,NA,Y,Y,NA,F,27,0,0,1,0,0,0,0,0,0,-,-,33.77767,-117.8982,ORANGE,GARDEN GROVE,-117.8982495,33.77778528
90259796,2016,2016-09-02,9670,2016-08-29,0845,015587,NA,1,1,5,3003,0,1,3,NA,2,091,SR-91 W/B (RIVERSIDE FREEWAY),HOLDER STREET PEDESTRIAN O/C,816,W,N,A,-,Y,NA,NA,91,NA,NA,NA,NA,NA,W,Y,4,0,1,2,A,-,03,22350,NA,F,C,C,A,A,H,-,A,D,0,NA,NA,NA,NA,Y,NA,-,99,0,0,1,0,0,0,0,0,0,-,-,33.85594,-118.0234,ORANGE,BUENA PARK,-118.02339795,33.85607779
90261565,2016,2016-10-10,9690,2016-09-03,2327,020695,NA,6,3,9,3000,0,2,4,NA,2,037,LIVE OAK CANYON ROAD (30500 BLOCK),HAMILTON TRAIL,688,N,N,A,-,N,NA,NA,NA,NA,NA,NA,NA,NA,NA,Y,3,0,3,2,A,-,08,22105,NA,N,E,I,A,A,H,-,D,D,0,NA,NA,NA,NA,Y,NA,A,01,0,2,1,0,0,0,0,0,0,-,-,33.68479,-117.60506,ORANGE,UNINCORPORATED,-117.60490557,33.68473464
9026208,2020,2020-02-26,3026,2020-01-08,2041,593,NA,3,5,6,3026,0,0,0,NA,0,00P,SAND CANYON,MARINE WY,0,NA,Y,A,-,NA,NA,NA,NA,NA,NA,NA,NA,NA,NA,Y,4,0,1,2,A,-,12,21453,A,N,D,C,A,A,H,-,C,A,0,NA,NA,NA,NA,Y,NA,A,01,0,0,1,0,0,0,0,0,0,-,-,NA,NA,ORANGE,IRVINE,-117.75769805908205,33.678409576416016
90264488,2016,2016-09-09,9670,2016-08-29,0723,019290,NA,1,1,6,3009,0,1,3,NA,2,021,SR-22 W/B (GARDEN GROVE FWY),GARDEN GROVE BLVD,2112,E,N,A,-,Y,NA,NA,22,NA,NA,NA,NA,NA,W,Y,4,0,1,2,A,-,03,22350,NA,N,C,C,A,A,H,-,A,D,0,NA,NA,NA,NA,Y,NA,A,01,0,0,1,0,0,0,0,0,0,-,-,33.77162,-117.99916,ORANGE,GARDEN GROVE,-117.99915868,33.77163219
90266234,2016,2016-09-19,9675,2016-08-30,1732,015041,NA,2,2,7,3001,0,1,3,NA,2,095,SR-91 E/B (RIVERSIDE FREEWAY),GYPSUM CYN ROAD,750,E,N,A,-,Y,NA,NA,91,NA,NA,NA,NA,NA,E,Y,2,0,1,2,A,-,08,22107,NA,N,B,C,A,A,H,-,A,D,0,NA,NA,Y,NA,Y,NA,A,01,1,0,0,0,0,0,0,0,1,-,-,33.872,-117.70014,ORANGE,ANAHEIM,-117.70010145,33.87191709
90267124,2016,2016-09-13,9675,2016-08-31,0825,014558,NA,3,1,6,3026,0,1,1,NA,2,406,I-405 S/B,VON KARMAN AVE,100,S,N,A,-,Y,NA,NA,405,NA,NA,NA,NA,NA,S,Y,4,0,1,4,A,-,03,22350,NA,N,C,C,A,A,H,-,A,D,0,NA,NA,NA,NA,Y,NA,A,01,0,0,1,0,0,0,0,0,0,-,-,33.67989,-117.85077,ORANGE,IRVINE,-117.85079572,33.67983206
90268923,2016,2016-09-16,9675,2016-09-10,0910,021349,NA,6,1,6,3015,0,1,3,NA,2,222,SR-22 EASTBOUND,CAMBRIDGE ST,500,W,N,A,-,Y,NA,NA,22,NA,NA,NA,NA,NA,E,Y,4,0,4,4,A,-,03,22350,NA,N,C,C,A,A,H,-,A,D,0,NA,NA,NA,NA,Y,NA,A,07,0,0,4,0,0,0,0,0,0,-,-,33.77529,-117.84754,ORANGE,ORANGE,-117.84753316,33.77525151
90270325,2016,2016-09-19,9675,2016-09-12,1755,021394,NA,1,2,7,3001,0,1,3,NA,2,572,SR-57 NORTHBOUND,SOUTH ST,200,S,N,B,-,Y,NA,NA,57,NA,NA,NA,NA,NA,N,Y,4,0,2,3,A,-,03,22350,NA,N,C,C,A,A,H,-,A,D,0,NA,NA,NA,NA,Y,NA,D,22,0,0,2,0,0,0,0,0,0,-,-,33.83175,-117.87582,ORANGE,ANAHEIM,-117.87593834,33.83175081
90270726,2016,2016-09-19,9675,2016-09-07,1120,012857,NA,3,1,6,3004,0,1,1,NA,2,405,I-405 NORTHBOUND,HARBOR BLVD,150,S,N,A,-,Y,NA,NA,405,NA,NA,NA,NA,NA,N,N,4,0,2,2,A,-,03,22350,NA,N,C,C,A,A,H,-,A,D,0,NA,NA,NA,NA,Y,NA,A,01,0,0,2,0,0,0,0,0,0,-,-,33.68862,-117.91621,ORANGE,COSTA MESA,-117.91626072,33.68841712
90271392,2016,2016-09-20,9690,2016-09-16,2210,019925,NA,5,3,5,3028,0,1,1,NA,2,055,I-5 S/B TO ALICIA PKWY.,ALICIA PKWY.,100,N,N,A,-,Y,NA,NA,5,NA,NA,NA,R,NA,S,N,4,0,1,2,A,-,21,22106,NA,N,C,D,A,A,H,-,C,A,0,NA,NA,NA,NA,Y,NA,A,01,0,0,1,0,0,0,0,0,0,-,-,33.60345,-117.69143,ORANGE,MISSION VIEJO,-117.69143,33.60345
90272330,2016,2016-09-21,9670,2016-08-31,0944,016793,NA,3,1,5,3024,0,1,1,NA,2,043,I-405 S/B (SAN DIEGO FWY),GOLDENWEST ST. O/C,528,N,N,B,-,Y,NA,NA,405,NA,NA,NA,NA,NA,S,Y,4,0,1,3,A,-,03,22350,NA,N,C,C,A,A,H,-,A,D,0,NA,NA,NA,NA,Y,NA,A,01,0,0,1,0,0,0,0,0,0,-,-,33.74905,-118.01018,ORANGE,WESTMINSTER,-118.01021025,33.74901451
90272348,2016,2016-09-21,9670,2016-08-27,1750,020325,NA,6,2,5,3024,0,1,1,NA,2,400,I-405 N/B,HEIL AVE. PEDESTRIAN OVERCROSSING,1000,S,N,A,-,Y,NA,NA,405,NA,NA,NA,NA,NA,N,N,4,0,4,2,A,-,03,22350,NA,N,C,C,A,A,H,-,A,D,0,NA,NA,NA,NA,Y,NA,A,01,0,0,4,0,0,0,0,0,0,-,-,33.72244,-117.97474,ORANGE,WESTMINSTER,-117.97472596,33.72245631
90272486,2016,2016-09-21,9675,2016-09-11,1759,021224,NA,7,2,6,3015,0,1,3,NA,2,222,SR-22 EASTBOUND,LEWIS ST,100,E,N,A,-,Y,NA,NA,22,NA,NA,NA,NA,NA,E,Y,3,0,3,3,A,-,08,22107,NA,N,C,C,A,A,H,-,A,D,0,NA,NA,NA,NA,Y,NA,A,01,0,1,2,0,0,0,0,0,0,-,-,33.77843,-117.89617,ORANGE,ORANGE,-117.896188,33.7784966
90273476,2016,2016-09-22,9675,2016-09-20,0820,021322,NA,2,1,6,3015,0,1,3,NA,2,222,SR-22 EASTBOUND,CAMBRIDGE ST,400,W,N,B,-,Y,NA,NA,22,NA,NA,NA,NA,NA,E,Y,4,0,1,3,A,-,03,22350,NA,N,B,C,A,A,H,-,A,D,0,NA,NA,NA,NA,Y,NA,A,08,0,0,1,0,0,0,0,0,0,-,-,33.77575,-117.84539,ORANGE,ORANGE,-117.84539477,33.77576751
90274616,2016,2016-09-23,9670,2016-09-16,1905,017951,NA,5,2,3,3013,0,1,1,NA,2,061,I-605 SOUTHBOUND (SAN GABRIEL RVR FWY),KATELLA AVENUE,1574,S,N,A,-,Y,NA,NA,605,NA,NA,NA,NA,NA,S,Y,4,0,1,2,A,-,03,22350,NA,N,C,C,A,A,H,-,A,D,0,NA,NA,NA,NA,Y,NA,A,01,0,0,1,0,0,0,0,0,0,-,-,33.79922,-118.08452,ORANGE,LOS ALAMITOS,-118.0847308,33.79941562
90274713,2016,2016-09-23,9675,2016-09-20,1730,021388,NA,2,2,7,3001,0,1,3,NA,2,572,SR-57 SOUTHBOUND,KATELLA AVE,800,N,N,A,-,Y,NA,NA,57,NA,NA,NA,NA,NA,S,Y,3,0,1,2,A,-,03,22350,NA,N,C,C,A,A,H,-,A,D,0,NA,NA,NA,NA,Y,NA,A,01,0,1,0,0,0,0,0,0,0,-,-,33.80775,-117.88004,ORANGE,ANAHEIM,-117.88006141,33.80775714
90274830,2016,2016-10-12,9670,2016-09-21,1355,017951,NA,3,1,9,3000,0,3,5,NA,2,004,DALE STREET (11600 BLOCK),HOPI ROAD,211,S,N,A,-,N,NA,NA,NA,NA,NA,NA,NA,NA,NA,Y,4,0,2,3,A,-,03,22350,NA,N,C,C,A,A,H,-,A,D,0,NA,NA,NA,NA,Y,NA,D,22,0,0,2,0,0,0,0,0,0,-,-,33.79317,-117.98413,ORANGE,UNINCORPORATED,-117.98420752,33.79320149
9027544,2020,2020-05-29,3000,2020-02-09,1137,5377,951F5,7,5,5,3040,0,0,0,NA,0,741,ALICIA PKWY,NIGUEL RD,556,N,N,C,-,N,NA,NA,NA,NA,NA,NA,NA,NA,NA,Y,3,0,2,1,A,-,08,22107,NA,N,E,I,A,B,H,-,A,D,0,NA,NA,NA,NA,Y,NA,D,22,0,1,1,0,0,0,0,0,0,-,-,NA,NA,ORANGE,LAGUNA NIGUEL,-117.71463775634766,33.53061294555664
90276494,2016,2016-09-27,9675,2016-09-10,1621,014533,NA,6,2,6,3015,0,1,3,NA,2,222,SR-22 E/B (GARDEN GROVE FREEWAY),LEWIS STREET,123,W,N,A,-,Y,NA,NA,22,NA,NA,NA,NA,NA,E,Y,4,0,1,2,A,-,03,22350,NA,N,C,C,A,A,H,-,A,D,0,NA,NA,Y,NA,Y,NA,C,02,0,0,1,0,0,0,0,0,1,-,-,33.77808,-117.89708,ORANGE,ORANGE,-117.89712502,33.77821576
9027706,2020,2020-05-29,3006,2020-02-11,1843,322,1-5,2,5,3,3006,0,0,0,NA,0,001,MOODY,HOUSTON,0,NA,Y,A,-,N,NA,NA,NA,NA,NA,NA,NA,NA,NA,N,4,0,1,2,A,-,09,21801,A,N,D,C,A,A,H,-,C,A,0,NA,NA,NA,NA,Y,NA,A,01,0,0,1,0,0,0,0,0,0,-,-,NA,NA,ORANGE,LA PALMA,-118.04606628417967,33.853641510009766
90277528,2016,2016-09-28,9675,2016-09-27,0047,018985,NA,2,3,6,3015,0,1,3,NA,2,222,SR-22 E/B TO SR-55 N/B,TUSTIN AVE.,650,E,N,A,-,Y,NA,NA,NA,NA,NA,NA,NA,NA,NA,Y,3,0,1,1,A,-,01,23152,A,N,E,I,A,A,H,-,C,D,0,NA,NA,NA,NA,Y,Y,A,01,0,1,0,0,0,0,0,0,0,-,-,33.46333,-117.50061,ORANGE,ORANGE,-117.89819,33.64473
90277979,2016,2016-09-28,9690,2016-09-27,1414,016128,NA,2,2,5,3017,0,1,1,NA,2,059,I-5 N/B (SAN DIEGO FRWY),CAMINO DE ESTRELLA,2218,S,N,A,-,Y,NA,NA,5,NA,NA,NA,NA,NA,N,Y,4,0,1,2,A,-,07,21658,A,N,B,C,A,A,H,-,A,D,0,NA,NA,NA,Y,Y,NA,G,25,0,0,1,0,0,0,0,0,0,-,-,33.45557,-117.64963,ORANGE,SAN CLEMENTE,-117.64964477,33.45553556
90281151,2016,2016-09-30,9675,2016-09-24,1518,021297,NA,6,2,6,3004,0,1,3,NA,2,553,SR-55 NORTHBOUND,PAULARINO AVE,500,N,N,A,-,Y,NA,NA,55,NA,NA,NA,NA,NA,N,Y,3,0,2,3,A,-,03,22350,NA,N,C,C,A,A,H,-,A,D,0,NA,NA,NA,NA,Y,NA,D,22,0,1,1,0,0,0,0,0,0,-,-,33.68674,-117.87268,ORANGE,COSTA MESA,-117.87276287,33.68682287
90281324,2016,2016-09-30,9675,2016-09-12,1710,019954,NA,1,2,7,3019,0,1,3,NA,2,553,SR-55 NORTHBOUND,WARNER AVE.,5,S,N,B,-,Y,NA,NA,55,NA,NA,NA,NA,NA,N,Y,2,0,1,2,A,-,08,22107,NA,F,F,A,A,A,H,-,A,D,0,NA,NA,Y,NA,Y,NA,A,01,1,0,0,0,0,0,0,0,1,-,-,33.71558,-117.84459,ORANGE,SANTA ANA,-117.84474025,33.715733
90288586,2016,2016-10-20,9675,2016-09-25,0056,018039,NA,7,3,6,3026,0,1,3,NA,2,074,SR-73 S/B,JAMBOREE ROAD,725,S,N,A,-,Y,NA,NA,73,NA,NA,NA,NA,NA,S,Y,2,0,2,2,A,-,08,22107,NA,N,B,C,A,A,H,-,C,D,0,NA,NA,NA,NA,Y,NA,-,-,1,1,0,0,0,0,0,0,0,-,-,33.65294,-117.86272,ORANGE,IRVINE,-117.862845,33.6528638
90295039,2016,2016-10-18,9670,2016-09-30,1558,021207,NA,5,2,5,3003,0,1,3,NA,2,092,SR-91 E/B (RIVERSIDE FREEWAY),BEACH BLVD.,1056,W,N,A,-,Y,NA,NA,91,NA,NA,NA,NA,NA,E,Y,4,0,1,3,A,-,03,22350,NA,N,C,C,A,A,H,-,A,D,0,NA,NA,NA,NA,Y,NA,D,22,0,0,1,0,0,0,0,0,0,-,-,33.8559,-118.00446,ORANGE,BUENA PARK,-118.00446029,33.85594073
90295054,2016,2016-10-18,9690,2016-10-07,1720,020496,NA,5,2,9,3000,0,2,4,NA,2,030,EL TORO RD,CIELO ENTRADA,0,NA,Y,A,-,N,NA,NA,NA,NA,NA,NA,NA,NA,NA,Y,3,0,1,2,A,-,08,22107,NA,N,E,C,A,A,H,-,A,D,0,NA,NA,NA,NA,Y,NA,A,07,0,1,0,0,0,0,0,0,0,-,-,33.67267,-117.62426,ORANGE,UNINCORPORATED,-117.6243,33.67259
90295983,2016,2016-10-19,9690,2016-10-05,1545,020469,NA,3,2,5,3050,0,1,1,NA,2,055,I-5 N/B (SAN DIEGO FRWY),LAKE FOREST DR,200,S,N,A,-,Y,NA,NA,5,NA,NA,NA,NA,NA,N,Y,4,0,1,1,C,-,18,NA,NA,N,E,J,A,A,H,-,A,D,0,NA,NA,NA,NA,Y,NA,-,-,0,0,1,0,0,0,0,0,0,-,-,33.62745,-117.71942,ORANGE,LAKE FOREST,-117.71946738,33.62740649
90296532,2016,2016-10-20,9675,2016-10-08,1905,020627,NA,6,2,6,3008,0,1,3,NA,2,571,SR-57 SOUTHBOUND,YORBA LINDA BLVD,500,S,N,A,-,Y,NA,NA,NA,NA,NA,NA,NA,NA,NA,N,4,0,1,2,A,-,03,22350,NA,N,C,C,A,A,H,-,C,D,0,NA,NA,NA,NA,Y,NA,A,01,0,0,1,0,0,0,0,0,0,-,-,33.531,-117.52508,ORANGE,FULLERTON,-117.8806904,33.8876496
90298191,2016,2016-10-21,9675,2016-10-14,1548,019804,NA,5,2,9,3000,0,1,1,NA,2,405,I-405 NORTHBOUND,MACARTHUR BOULEVARD,1500,N,N,A,-,Y,NA,NA,405,NA,NA,NA,NA,NA,N,Y,4,0,2,2,A,-,07,21658,A,N,B,C,A,A,H,-,A,D,0,NA,NA,NA,NA,Y,NA,A,01,0,0,2,0,0,0,0,0,0,-,-,33.68499,-117.86151,ORANGE,UNINCORPORATED,-117.86155488,33.68488939
90298349,2016,2016-10-21,9670,2016-09-30,1700,021302,NA,5,2,7,3001,0,1,3,NA,2,093,SR-91 W/B,HARBOR BLVD.,528,E,N,A,-,Y,NA,NA,91,NA,NA,NA,NA,NA,W,Y,4,0,1,2,A,-,08,22107,NA,F,B,C,A,A,H,-,A,D,0,NA,NA,NA,NA,Y,NA,-,99,0,0,1,0,0,0,0,0,0,-,-,33.85415,-117.92234,ORANGE,ANAHEIM,-117.92233957,33.85414458
90299169,2016,2016-10-24,9690,2016-10-14,2228,020747,NA,5,3,5,3028,0,1,1,NA,2,056,I-5 N/B (SAN DIEGO FRWY),ALICIA PKWY,1400,S,N,A,-,Y,NA,NA,5,NA,NA,NA,NA,NA,N,N,4,0,1,2,A,-,03,22350,NA,N,C,C,A,A,D,-,D,D,0,NA,NA,NA,NA,Y,NA,A,01,0,0,1,0,0,0,0,0,0,-,-,33.60232,-117.68644,ORANGE,MISSION VIEJO,-117.68643867,33.60232322
9030074,2019,2020-02-10,3009,2019-12-13,0633,4738,115,5,5,6,3009,0,0,0,NA,0,2 1,GARDEN GROVE,MAIN,0,NA,Y,A,-,N,NA,NA,NA,NA,NA,NA,NA,NA,NA,Y,4,0,2,3,A,-,09,21801,A,N,A,C,A,A,H,-,A,A,0,NA,NA,NA,NA,Y,NA,A,01,0,0,2,0,0,0,0,0,0,-,-,NA,NA,ORANGE,GARDEN GROVE,-117.94098663330078,33.7741813659668
90301455,2016,2016-10-26,9670,2016-09-25,2215,21139,NA,7,3,4,3020,0,1,3,NA,2,020,SR-22 EASTBOUND,VALLEY VIEW,1584,W,N,A,-,Y,NA,NA,22,NA,NA,NA,NA,NA,E,Y,4,0,2,3,A,-,03,22350,NA,N,C,C,E,A,H,-,D,D,0,Y,NA,NA,NA,Y,Y,A,01,0,0,2,0,1,0,0,0,0,-,-,33.77415,-118.04285,ORANGE,SEAL BEACH,-118.04208212,33.77448011
90302740,2016,2016-10-27,9675,2016-10-20,0750,015914,NA,4,1,5,3022,0,1,1,NA,2,530,I-5 SOUTHBOUND,TUSTIN RANCH RD,10,S,N,A,-,Y,NA,NA,NA,NA,NA,NA,NA,NA,NA,Y,2,0,1,2,A,-,03,22350,NA,N,C,C,A,A,H,-,A,D,0,NA,NA,Y,NA,Y,NA,C,02,1,0,0,0,0,0,0,0,1,-,-,33.4347,-117.4826,ORANGE,TUSTIN,-117.80411317,33.72556422
90303283,2016,2016-10-27,9690,2016-10-19,1408,014552,NA,3,2,9,3000,0,2,4,NA,2,034,ANTONIO PARKWAY,OSO PARKWAY,53,N,N,A,-,N,NA,NA,NA,NA,NA,NA,NA,NA,NA,Y,3,0,3,3,A,-,03,22350,NA,N,C,C,A,A,H,-,A,A,0,NA,NA,NA,NA,Y,NA,D,22,0,1,2,0,0,0,0,0,0,-,-,33.58394,-117.63078,ORANGE,UNINCORPORATED,-117.63077445,33.58368218
90305673,2016,2016-10-28,9675,2016-10-11,2225,018039,NA,2,3,5,3016,0,1,3,NA,2,571,SR-57 SOUTHBOUND,ORANGETHORPE AVE,475,N,N,A,-,Y,NA,NA,57,NA,NA,NA,NA,NA,S,Y,4,0,1,4,A,-,07,21658,A,F,B,C,A,A,H,-,C,D,0,NA,NA,NA,Y,Y,NA,-,99,0,0,1,0,0,0,0,0,0,-,-,33.86465,-117.87845,ORANGE,PLACENTIA,-117.87840061,33.86466497
90306481,2016,2016-10-31,9675,2016-10-25,1408,018539,NA,2,2,7,3001,0,1,3,NA,2,195,SR-91 W/B,COAL CYN RD,1800,W,N,A,-,Y,NA,NA,91,NA,NA,NA,NA,NA,W,Y,3,0,2,3,A,-,01,23152,A,F,B,C,A,A,H,-,A,D,0,NA,NA,NA,NA,Y,Y,A,01,0,1,1,0,0,0,0,0,0,-,-,33.87415,-117.69362,ORANGE,ANAHEIM,-117.69362008,33.87415515
9030677,2019,2020-01-30,3001,2019-11-25,2155,A2187,D-3,1,5,7,3001,0,0,0,NA,0,NA,HARBOR BL,MANCHESTER AV,528,S,N,A,-,N,NA,NA,NA,NA,NA,NA,NA,NA,NA,N,4,0,1,2,B,-,22,NA,NA,N,G,B,E,A,C,-,C,A,0,Y,NA,NA,NA,Y,NA,N,60,0,0,1,0,1,0,0,0,0,-,-,33.81142044067383,-117.91561889648438,ORANGE,ANAHEIM,-117.91541290283205,33.811241149902344
9030794,2019,2020-01-30,3001,2019-10-11,1742,A1740,NA,5,5,7,3001,0,0,0,NA,0,D-1,BROOKHURST ST,LA PALMA AV,105,S,N,A,-,N,NA,NA,NA,NA,NA,NA,NA,NA,NA,Y,3,0,4,2,A,-,03,22350,NA,N,C,C,A,A,H,-,A,A,0,NA,NA,NA,NA,Y,NA,A,01,0,1,3,0,0,0,0,0,0,-,-,33.846351623535156,-117.95870971679688,ORANGE,ANAHEIM,-117.95911407470705,33.84667205810547
90308043,2016,2016-11-01,9675,2016-10-23,0226,021394,NA,7,3,9,3000,0,3,5,NA,2,002,"NORWOOD PARK PLACE, (17900 BLOCK)",LIVINGSTON STREET,500,W,N,A,-,Y,NA,NA,NA,NA,NA,NA,NA,NA,NA,Y,3,0,1,3,A,-,01,23152,A,N,B,E,A,A,H,-,C,D,0,NA,NA,NA,NA,Y,Y,A,01,0,1,0,0,0,0,0,0,0,-,-,33.75426,-117.81983,ORANGE,UNINCORPORATED,-117.81964087,33.75427258
90310320,2016,2016-11-03,9675,2016-10-25,0945,015109,NA,2,1,7,3019,0,1,1,NA,2,502,I-5 NORTHBOUND,BROADWAY,528,N,N,A,-,Y,NA,NA,5,NA,NA,NA,NA,NA,N,Y,4,0,1,3,A,-,03,22350,NA,N,C,C,A,A,H,-,A,D,0,NA,NA,NA,NA,Y,NA,A,07,0,0,1,0,0,0,0,0,0,-,-,33.77255,-117.87077,ORANGE,SANTA ANA,-117.87073042,33.77258344
90311353,2016,2016-11-04,9675,2016-10-31,1635,021349,NA,1,2,6,3004,0,1,1,NA,2,405,I-405 SOUTHBOUND FROM BRISTOL ST.,BRISTOL ST,20,N,N,A,-,Y,NA,NA,405,NA,NA,NA,R,NA,S,Y,4,0,1,2,A,-,03,22350,NA,N,C,C,A,A,H,-,A,A,0,NA,NA,NA,NA,Y,NA,A,01,0,0,1,0,0,0,0,0,0,-,-,33.68706,-117.88515,ORANGE,COSTA MESA,-117.88515,33.68706
90312338,2016,2016-11-07,9675,2016-10-26,1850,018834,NA,3,2,6,3015,0,1,3,NA,2,222,SR-22 EASTBOUND,LEWIS ST,100,E,N,A,-,Y,NA,NA,22,NA,NA,NA,NA,NA,E,Y,4,0,1,3,A,-,03,22350,NA,N,C,C,A,A,H,-,C,D,0,NA,NA,NA,NA,Y,NA,A,01,0,0,1,0,0,0,0,0,0,-,-,33.77847,-117.89538,ORANGE,ORANGE,-117.89542197,33.7786783
90313074,2016,2016-11-07,9675,2016-10-25,1628,017993,NA,2,2,7,3001,0,1,3,NA,2,195,SR-91 EASTBOUND,GYPSUM CYN ROAD,400,W,N,A,-,Y,NA,NA,91,NA,NA,NA,NA,NA,E,Y,4,0,1,2,A,-,03,22350,NA,N,C,C,A,A,H,-,A,D,0,NA,NA,NA,NA,Y,NA,D,22,0,0,1,0,0,0,0,0,0,-,-,33.866460000000004,-117.71306,ORANGE,ANAHEIM,-117.7130469,33.86638413
9031351,2020,2020-03-25,3026,2020-01-16,1118,288,NA,4,5,6,3026,0,0,0,NA,0,00C,IRVINE CENTER DR,DISCOVERY,24,E,N,A,-,N,NA,NA,NA,NA,NA,NA,NA,NA,NA,NA,4,0,2,2,A,-,03,22350,NA,N,C,C,A,A,H,-,A,A,0,NA,NA,NA,NA,Y,NA,A,01,0,0,2,0,0,0,0,0,0,-,-,NA,NA,ORANGE,IRVINE,-117.75711059570313,33.66434860229492
90313877,2016,2016-11-08,9690,2016-11-04,1655,020629,NA,5,2,5,3050,0,1,1,NA,2,055,I-5 S/B (SAN DIEGO FRWY),EL TORO RD,300,S,N,A,-,Y,NA,NA,5,NA,NA,NA,NA,NA,S,Y,4,0,1,3,A,-,03,22350,NA,N,C,C,A,A,H,-,B,D,0,NA,NA,NA,NA,Y,NA,A,01,0,0,1,0,0,0,0,0,0,-,-,33.6138,-117.7069,ORANGE,LAKE FOREST,-117.70686222,33.61384399
9031442,2019,2020-02-25,3001,2019-10-25,2126,A1047,NA,5,5,7,3001,0,0,0,NA,0,0D2,ROMNEYA DR,RAVENNA ST,105,E,N,A,-,N,NA,NA,NA,NA,NA,NA,NA,NA,NA,N,3,0,3,2,A,-,01,23152,A,N,A,C,A,A,H,-,C,D,0,NA,NA,NA,NA,Y,Y,D,22,0,1,2,0,0,0,0,0,0,-,-,33.850868225097656,-117.92584228515624,ORANGE,ANAHEIM,-117.92578887939452,33.85077667236328
90314821,2016,2016-11-09,9670,2016-11-01,1920,015587,NA,2,2,6,3008,0,1,3,NA,2,093,SR-91 W/B TO I-5 N/B,MAGNOLIA AVE.,1584,E,N,A,-,Y,NA,NA,91,NA,NA,NA,R,NA,W,Y,4,0,2,2,A,-,08,22107,NA,N,D,C,A,A,H,-,D,D,0,NA,NA,NA,NA,Y,NA,A,01,0,0,2,0,0,0,0,0,0,-,-,33.85566,-117.9762,ORANGE,FULLERTON,-117.9762,33.85566
9031946,2020,2020-02-13,3001,2020-01-22,0430,A2596,1,3,5,7,3001,0,0,0,NA,0,012,WESTERN AV,DONOVAN RANCH RD,0,NA,Y,A,-,N,NA,NA,NA,NA,NA,NA,NA,NA,NA,Y,4,0,1,2,A,-,09,21802,A,N,D,C,A,-,-,-,C,A,0,NA,NA,NA,NA,Y,NA,A,08,0,0,1,0,0,0,0,0,0,-,-,33.81880187988281,-118.0019989013672,ORANGE,ANAHEIM,-118.00209045410156,33.818809509277344