CASE_ID,ACCIDENT_YEAR,PROC_DATE,JURIS,COLLISION_DATE,COLLISION_TIME,OFFICER_ID,REPORTING_DISTRICT,DAY_OF_WEEK,CHP_SHIFT,POPULATION,CNTY_CITY_LOC,SPECIAL_COND,BEAT_TYPE,CHP_BEAT_TYPE,CITY_DIVISION_LAPD,CHP_BEAT_CLASS,BEAT_NUMBER,PRIMARY_RD,SECONDARY_RD,DISTANCE,DIRECTION,INTERSECTION,WEATHER_1,WEATHER_2,STATE_HWY_IND,CALTRANS_COUNTY,CALTRANS_DISTRICT,STATE_ROUTE,ROUTE_SUFFIX,POSTMILE_PREFIX,POSTMILE,LOCATION_TYPE,RAMP_INTERSECTION,SIDE_OF_HWY,TOW_AWAY,COLLISION_SEVERITY,NUMBER_KILLED,NUMBER_INJURED,PARTY_COUNT,PRIMARY_COLL_FACTOR,PCF_CODE_OF_VIOL,PCF_VIOL_CATEGORY,PCF_VIOLATION,PCF_VIOL_SUBSECTION,HIT_AND_RUN,TYPE_OF_COLLISION,MVIW,PED_ACTION,ROAD_SURFACE,ROAD_COND_1,ROAD_COND_2,LIGHTING,CONTROL_DEVICE,CHP_ROAD_TYPE,PEDESTRIAN_ACCIDENT,BICYCLE_ACCIDENT,MOTORCYCLE_ACCIDENT,TRUCK_ACCIDENT,NOT_PRIVATE_PROPERTY,ALCOHOL_INVOLVED,STWD_VEHTYPE_AT_FAULT,CHP_VEHTYPE_AT_FAULT,COUNT_SEVERE_INJ,COUNT_VISIBLE_INJ,COUNT_COMPLAINT_PAIN,COUNT_PED_KILLED,COUNT_PED_INJURED,COUNT_BICYCLIST_KILLED,COUNT_BICYCLIST_INJURED,COUNT_MC_KILLED,COUNT_MC_INJURED,PRIMARY_RAMP,SECONDARY_RAMP,LATITUDE,LONGITUDE,COUNTY,CITY,POINT_X,POINT_Y
90476036,2017,2017-06-12,9670,2017-06-10,2022,020134,NA,6,2,4,3020,0,1,1,NA,2,045,I-405 S/B,SEAL BEACH BLVD,1056,N,N,A,-,Y,NA,NA,405,NA,NA,NA,NA,NA,S,Y,4,0,1,2,A,-,03,22350,NA,N,C,C,A,A,G,-,C,D,0,NA,NA,NA,NA,Y,NA,A,01,0,0,1,0,0,0,0,0,0,-,-,33.77422,-118.05951,ORANGE,SEAL BEACH,-118.05950957,33.77425903
90476106,2017,2017-06-12,9670,2017-06-07,1700,020134,NA,3,2,9,3000,0,3,5,NA,2,005,BEACH BOULEVARD (15400 BLOCK),MCFADDEN AVE,162,N,N,A,-,N,NA,NA,NA,NA,NA,NA,NA,NA,NA,Y,4,0,2,4,A,-,08,22107,NA,N,D,C,A,A,H,-,A,D,0,NA,NA,NA,NA,Y,NA,D,22,0,0,2,0,0,0,0,0,0,-,-,33.73796,-117.98976,ORANGE,UNINCORPORATED,-117.98951488,33.73792415
90476702,2017,2017-06-13,9670,2017-03-27,2202,021210,NA,1,3,7,3001,0,1,1,NA,2,502,I-5 N/B,LINCOLN AVE,1056,S,N,A,-,Y,NA,NA,5,NA,NA,NA,NA,NA,N,N,4,0,1,2,A,-,07,21658,A,F,C,C,A,A,H,-,C,D,0,NA,NA,NA,NA,Y,NA,A,01,0,0,1,0,0,0,0,0,0,-,-,33.82982,-117.9291,ORANGE,ANAHEIM,-117.92910654,33.82981314
90480308,2017,2017-06-19,9675,2017-06-11,0324,021377,NA,7,3,5,3022,0,1,1,NA,2,503,I-5 SOUTHBOUND,TUSTIN RANCH RD,1000,N,N,A,-,Y,NA,NA,5,NA,NA,NA,NA,NA,S,Y,3,0,1,2,A,-,03,22350,NA,N,C,C,A,A,H,-,C,D,0,NA,NA,NA,NA,Y,NA,A,01,0,1,0,0,0,0,0,0,0,-,-,33.72707,-117.80611,ORANGE,TUSTIN,-117.80618018,33.72696578
90480332,2017,2017-06-19,9675,2017-06-14,0645,019693,NA,3,1,6,3015,0,1,3,NA,2,222,SR-22 EASTBOUND,GRAND AVE,1000,E,N,A,-,Y,NA,NA,NA,NA,NA,NA,NA,NA,NA,Y,4,0,1,3,A,-,07,21658,A,N,B,C,A,A,H,-,A,D,0,NA,NA,NA,NA,Y,NA,A,01,0,0,1,0,0,0,0,0,0,-,-,33.46325,-117.50504,ORANGE,ORANGE,-117.85306,33.77551
90480671,2017,2017-06-19,9675,2017-06-16,0618,016748,NA,5,1,6,3008,0,1,3,NA,2,571,SR-57 SOUTHBOUND,YORBA LINDA BLVD,900,S,N,A,-,Y,NA,NA,NA,NA,NA,NA,NA,NA,NA,Y,4,0,1,4,A,-,03,22350,NA,N,C,C,A,A,H,-,A,D,0,NA,NA,NA,NA,Y,NA,A,01,0,0,1,0,0,0,0,0,0,-,-,33.53111,-117.52502,ORANGE,FULLERTON,-117.88069,33.88655303
90480710,2017,2017-06-19,9670,2017-06-13,1105,014303,NA,2,1,9,3000,0,3,5,NA,2,004,KATELLA AVE W/B (8900 BLOCK),MAGNOLIA STREET,528,W,N,A,-,N,NA,NA,NA,NA,NA,NA,NA,NA,NA,Y,3,0,2,2,A,-,07,21658,A,N,E,I,A,A,H,-,A,D,0,NA,NA,NA,NA,Y,NA,A,07,0,1,1,0,0,0,0,0,0,-,-,33.8032,-117.97696,ORANGE,UNINCORPORATED,-117.97738382,33.80306
90480803,2017,2017-06-19,9675,2017-06-14,1730,020627,NA,3,2,7,3019,0,1,3,NA,2,552,SR-55 SOUTHBOUND,WARNER AVE,800,S,N,A,-,Y,NA,NA,55,NA,NA,NA,NA,NA,S,Y,4,0,4,4,A,-,03,22350,NA,F,C,C,A,A,H,-,A,D,0,NA,NA,NA,NA,Y,NA,A,01,0,0,4,0,0,0,0,0,0,-,-,33.7139,-117.84688,ORANGE,SANTA ANA,-117.84671438,33.71373639
9048232,2019,2020-07-06,3022,2019-11-02,1302,1273,SOUTH,6,5,5,3022,0,0,0,NA,0,NA,NEWPORT AV,DEL AMO AV,25,N,N,A,-,Y,ORA,12,55,-,R,9.223,R,4,N,N,4,0,2,2,A,-,03,22350,NA,N,C,C,A,A,H,-,A,A,0,NA,NA,NA,NA,Y,NA,A,01,0,0,2,0,0,0,0,0,0,-,-,33.72256088256836,-117.83489990234376,ORANGE,TUSTIN,-117.83688354492188,33.72361373901367
90482420,2017,2017-06-21,9675,2017-06-17,1350,021397,NA,6,1,7,3019,0,1,1,NA,2,502,I-5 SOUTHBOUND,4TH ST,350,N,N,A,-,Y,NA,NA,5,NA,NA,NA,NA,NA,S,N,4,0,1,2,A,-,03,22350,NA,N,C,C,A,A,H,-,A,D,0,NA,NA,NA,NA,Y,NA,A,01,0,0,1,0,0,0,0,0,0,-,-,33.74934,-117.84416,ORANGE,SANTA ANA,-117.84419087,33.74931653
90482524,2017,2017-06-21,9670,2017-06-19,0848,019290,NA,1,1,7,3001,0,1,3,NA,2,094,SR-91 E/B (RIVERSIDE FWY),BROOKHURST ST,1056,W,N,A,-,Y,NA,NA,91,NA,NA,NA,NA,NA,E,Y,4,0,1,2,A,-,03,22350,NA,N,C,C,A,A,H,-,A,D,0,NA,NA,NA,NA,Y,NA,A,01,0,0,1,0,0,0,0,0,0,-,-,33.8538,-117.96234,ORANGE,ANAHEIM,-117.96233866,33.8537551
9048709,2020,2020-03-19,3001,2020-01-07,1409,A1410,NA,2,5,7,3001,0,0,0,NA,0,0D2,LA PALMA AV,MAYFAIR AV,0,NA,Y,A,-,N,NA,NA,NA,NA,NA,NA,NA,NA,NA,N,4,0,2,2,A,-,09,21802,A,N,D,C,A,A,H,-,A,A,0,NA,NA,NA,NA,Y,NA,A,07,0,0,2,0,0,0,0,0,0,-,-,33.58462142944336,-117.9294204711914,ORANGE,ANAHEIM,-117.92983245849608,33.84716033935547
90487782,2017,2017-06-26,9670,2017-06-20,1250,019290,NA,2,1,5,3003,0,1,3,NA,2,091,SR-91 W/B (RIVERSIDE FWY),BEACH BLVD.,1584,E,N,A,-,Y,NA,NA,91,NA,NA,NA,NA,NA,W,Y,4,0,1,2,A,-,03,22350,NA,N,C,C,A,A,H,-,A,D,0,NA,NA,NA,NA,Y,NA,A,01,0,0,1,0,0,0,0,0,0,-,-,33.85628,-117.99244,ORANGE,BUENA PARK,-117.99243919,33.85622315
90487829,2017,2017-06-26,9690,2017-06-13,0800,014919,NA,2,1,5,3017,0,1,1,NA,2,059,I-5 N/B (SAN DIEGO FRWY),AVENIDA VISTA HERMOSA,2798,N,N,A,-,Y,NA,NA,5,NA,NA,NA,NA,NA,N,Y,2,0,1,1,A,-,08,22107,NA,N,E,I,A,A,D,-,A,D,0,NA,NA,NA,NA,Y,NA,A,01,1,0,0,0,0,0,0,0,0,-,-,33.44959,-117.6389,ORANGE,SAN CLEMENTE,-117.63884584,33.44966283
9049095,2019,2020-02-26,3001,2019-11-20,1750,A2187,NA,3,5,7,3001,0,0,0,NA,0,0D2,BROADWAY,MANCHESTER AV,0,NA,Y,B,-,N,NA,NA,NA,NA,NA,NA,NA,NA,NA,N,4,0,1,2,A,-,09,21801,A,N,A,C,A,A,H,-,C,A,0,NA,NA,NA,NA,Y,NA,A,01,0,0,1,0,0,0,0,0,0,-,-,33.82939910888672,-117.9301986694336,ORANGE,ANAHEIM,-117.93007659912108,33.829429626464844
90491007,2017,2017-06-29,9670,2017-06-27,1840,017022,NA,2,2,9,3000,0,3,5,NA,2,005,BOLSA AVENUE (8300 BLOCK),WILSON STREET,0,NA,Y,A,-,N,NA,NA,NA,NA,NA,NA,NA,NA,NA,Y,4,0,1,2,A,-,09,21801,A,N,D,C,A,A,H,-,A,D,0,NA,NA,NA,NA,Y,NA,D,22,0,0,1,0,0,0,0,0,0,-,-,33.74477,-117.98315,ORANGE,UNINCORPORATED,-117.9831801,33.74473008
90492353,2017,2017-07-03,9675,2017-06-18,2358,021388,NA,7,3,7,3001,0,1,3,NA,2,094,SR-91 EASTBOUND,WEIR CYN RD,3620,W,N,A,-,Y,NA,NA,91,NA,NA,NA,NA,NA,E,Y,3,0,1,2,A,-,03,22350,NA,F,C,C,A,A,H,-,D,D,0,NA,NA,NA,NA,Y,NA,A,01,0,1,0,0,0,0,0,0,0,-,-,33.86882,-117.75664,ORANGE,ANAHEIM,-117.75663804,33.868798
90494805,2017,2017-07-06,9670,2017-06-17,2109,021666,NA,6,2,7,3001,0,1,1,NA,2,502,I-5 N/B SANTA ANA FWY,GENE AUTRY WAY,581,N,N,A,-,Y,NA,NA,5,NA,NA,NA,NA,NA,N,Y,4,0,1,2,A,-,03,22350,NA,N,C,C,A,A,H,-,D,D,0,NA,NA,NA,NA,Y,NA,A,01,0,0,1,0,0,0,0,0,0,-,-,33.80115,-117.8993,ORANGE,ANAHEIM,-117.89941584,33.80103054
9049564,2020,2020-05-29,3009,2020-02-08,1504,3217,042,6,5,6,3009,0,0,0,NA,0,WEST,CHAPMAN AV,SANTA ROSALIA,90,E,N,A,-,N,NA,NA,NA,NA,NA,NA,NA,NA,NA,N,4,0,2,2,A,-,09,21801,A,N,A,C,A,A,H,-,A,D,0,NA,NA,NA,NA,Y,NA,A,07,0,0,2,0,0,0,0,0,0,-,-,NA,NA,ORANGE,GARDEN GROVE,-117.99801635742188,33.788333892822266
90496938,2017,2017-07-10,9675,2017-06-14,1139,020699,NA,3,1,7,3001,0,1,3,NA,2,571,SR-57 SOUTHBOUND,ORANGEWOOD AVE,1000,N,N,A,-,Y,NA,NA,57,NA,NA,NA,NA,NA,S,Y,4,0,1,2,A,-,03,22350,NA,F,C,C,A,A,H,-,A,D,0,NA,NA,NA,NA,Y,NA,-,99,0,0,1,0,0,0,0,0,0,-,-,33.80022,-117.8782,ORANGE,ANAHEIM,-117.87824198,33.80020069
90497240,2017,2017-07-10,9670,2017-07-08,1408,021777,NA,6,2,4,3020,0,1,1,NA,2,440,I-405 N/B,SEAL BEACH BLVD,2000,N,N,A,-,Y,NA,NA,405,NA,NA,NA,NA,NA,N,Y,4,0,2,4,A,-,03,22350,NA,N,C,C,A,A,H,-,A,D,0,NA,NA,NA,NA,Y,NA,A,01,0,0,2,0,0,0,0,0,0,-,-,33.7743,-118.0766,ORANGE,SEAL BEACH,-118.0765981,33.77451682
90497862,2017,2017-07-18,9670,2017-07-01,0014,021666,NA,6,3,5,3003,0,1,3,NA,2,092,SR-91 E/B,MAGNOLIA AVE,3960,W,N,A,-,Y,NA,NA,91,NA,NA,NA,NA,NA,E,Y,4,0,1,1,A,-,01,23152,A,N,E,I,A,A,H,-,D,D,0,NA,NA,NA,NA,Y,Y,A,01,0,0,1,0,0,0,0,0,0,-,-,33.85601,-117.98927,ORANGE,BUENA PARK,-117.98927043,33.85604865
90500992,2017,2017-07-14,9675,2017-07-06,1655,019407,NA,4,2,6,3026,0,1,1,NA,2,504,I-5 NORTHBOUND,JEFFREY RD,1100,S,N,A,-,Y,NA,NA,NA,NA,NA,NA,NA,NA,NA,N,4,0,1,1,C,-,18,NA,NA,N,E,I,A,A,H,-,A,D,0,NA,NA,NA,NA,Y,NA,-,-,0,0,1,0,0,0,0,0,0,-,-,33.46045,-117.50284,ORANGE,IRVINE,-117.76823,33.69
90501523,2017,2017-07-17,9675,2017-07-03,1840,021749,NA,1,2,7,3001,0,1,3,NA,2,093,SR-91 W/B,PLACENTIA AVE,200,E,N,A,-,Y,NA,NA,91,NA,NA,NA,NA,NA,W,Y,3,0,1,2,A,-,03,22350,NA,N,E,I,A,A,H,-,A,D,0,NA,NA,NA,Y,Y,NA,A,01,0,1,0,0,0,0,0,0,0,-,-,33.85354,-117.88433,ORANGE,ANAHEIM,-117.88428196,33.8536594
90501575,2017,2017-07-17,9675,2017-07-05,1050,021809,NA,3,1,7,3001,0,1,3,NA,2,094,SR-91 WESTBOUND,IMPERIAL HIGHWAY,4000,E,N,A,-,Y,NA,NA,91,NA,NA,NA,NA,NA,W,Y,3,0,2,2,A,-,03,22350,NA,N,C,C,A,A,H,-,A,D,0,NA,NA,NA,NA,Y,NA,D,22,0,1,1,0,0,0,0,0,0,-,-,33.86072,-117.77722,ORANGE,ANAHEIM,-117.77715594,33.86058893
90505579,2017,2017-07-21,9670,2017-07-20,0302,019925,NA,4,3,4,3020,0,1,1,NA,2,045,I-405 S/B,SEAL BEACH BLVD,1850,S,N,A,-,Y,NA,NA,405,NA,NA,NA,NA,NA,S,Y,4,0,1,1,A,-,08,22107,NA,N,F,A,A,A,H,-,C,D,0,NA,NA,NA,NA,Y,NA,A,07,0,0,1,0,0,0,0,0,0,-,-,33.77423,-118.0687,ORANGE,SEAL BEACH,-118.06869999,33.7742325
90506956,2017,2017-07-24,9675,2017-07-15,1105,021349,NA,6,1,6,3015,0,1,3,NA,2,222,SR-22 W/B,MAIN ST,2000,E,N,A,-,Y,NA,NA,22,NA,NA,NA,NA,NA,W,Y,3,0,3,4,A,-,03,22350,NA,N,C,C,A,A,C,-,A,D,0,NA,NA,NA,NA,Y,NA,A,01,0,1,2,0,0,0,0,0,0,-,-,33.77818,-117.85972,ORANGE,ORANGE,-117.85972122,33.77817261
90506982,2017,2017-07-24,9675,2017-07-13,1525,018539,NA,4,2,7,3001,0,1,3,NA,2,095,SR-91 E/B,WEIR CYN RD,1950,E,N,A,-,Y,NA,NA,91,NA,NA,NA,NA,NA,E,N,4,0,1,2,A,-,07,21658,A,N,F,A,A,A,H,-,A,D,0,NA,NA,Y,NA,Y,NA,A,01,0,0,1,0,0,0,0,0,1,-,-,33.87161,-117.73812,ORANGE,ANAHEIM,-117.73818139,33.87080796
90507000,2017,2017-07-24,9670,2017-07-21,1210,017022,NA,5,1,6,3009,0,1,3,NA,2,025,SR-22 W/B (GARDEN GROVE FREEWAY),HARBOR BOULEVARD,140,W,N,A,-,Y,NA,NA,22,NA,NA,NA,NA,NA,W,Y,4,0,1,2,A,-,03,22350,NA,N,C,C,A,A,H,-,A,D,0,NA,NA,NA,NA,Y,NA,A,01,0,0,1,0,0,0,0,0,0,-,-,33.76767,-117.92101,ORANGE,GARDEN GROVE,-117.92101154,33.76767461
90507005,2017,2017-07-24,9690,2017-07-16,1650,020695,NA,7,2,9,3000,0,2,4,NA,2,037,TRABUCO CANYON ROAD (34175 BLOCK),TRABUCO CREEK ROAD,1013,E,N,A,-,N,NA,NA,NA,NA,NA,NA,NA,NA,NA,Y,2,0,1,1,A,-,08,22107,NA,N,F,I,A,A,H,-,A,D,0,NA,NA,Y,NA,Y,NA,C,02,1,0,0,0,0,0,0,0,1,-,-,33.65802,-117.58532,ORANGE,UNINCORPORATED,-117.58567611,33.65783879
90507312,2017,2017-07-25,9675,2017-07-13,0740,021557,NA,4,1,6,3015,0,1,1,NA,2,502,I-5 SOUTHBOUND,SR-22 EASTBOUND,100,N,N,A,-,Y,NA,NA,5,NA,NA,NA,NA,NA,S,N,4,0,1,2,A,-,03,22350,NA,M,C,C,A,A,H,-,A,D,0,NA,NA,NA,NA,Y,NA,-,99,0,0,1,0,0,0,0,0,0,-,-,33.77913,-117.87724,ORANGE,ORANGE,-117.87709898,33.7792864
90507933,2017,2017-07-25,9675,2017-07-13,1320,019241,NA,4,1,7,3019,0,1,3,NA,2,552,SR-55 NORTHBOUND,DYER ROAD,528,S,N,A,-,Y,NA,NA,55,NA,NA,NA,NA,NA,N,Y,4,0,1,2,A,-,03,22350,NA,N,C,C,A,A,H,-,A,D,0,NA,NA,NA,NA,Y,NA,A,01,0,0,1,0,0,0,0,0,0,-,-,33.70833,-117.85272,ORANGE,SANTA ANA,-117.85237706,33.70799958
90508796,2017,2017-07-26,9675,2017-07-11,1808,017993,NA,2,2,7,3019,0,1,3,NA,2,222,SR-22 EASTBOUND,I-5,1000,W,N,A,-,Y,NA,NA,22,NA,NA,NA,NA,NA,E,Y,4,0,1,3,A,-,03,22350,NA,N,C,C,A,A,H,-,A,D,0,NA,NA,NA,NA,Y,NA,D,22,0,0,1,0,0,0,0,0,0,-,-,33.77896,-117.8787,ORANGE,SANTA ANA,-117.87869967,33.77892087
90512023,2017,2017-07-28,9670,2017-07-24,0939,021666,NA,1,1,5,3024,0,1,1,NA,2,043,I-405 S/B (SAN DIEGO FWY),MCFADDEN AVE,521,N,N,B,-,Y,NA,NA,405,NA,NA,NA,NA,NA,S,Y,4,0,1,3,A,-,03,22350,NA,N,C,C,A,A,H,-,A,D,0,NA,NA,NA,NA,Y,Y,A,01,0,0,1,0,0,0,0,0,0,-,-,33.7378,-117.99667,ORANGE,WESTMINSTER,-117.99669709,33.73776381
90513970,2017,2017-08-01,9670,2017-07-23,0825,021585,NA,7,1,5,3007,0,1,1,NA,2,041,I-405 S/B,WARD ST,1056,S,N,A,-,Y,NA,NA,405,NA,NA,NA,NA,NA,S,Y,4,0,1,2,A,-,03,22350,NA,N,C,C,A,A,H,-,A,D,0,NA,NA,NA,NA,Y,NA,A,01,0,0,1,0,0,0,0,0,0,-,-,33.69833,-117.94214,ORANGE,FOUNTAIN VALLEY,-117.94210939,33.69840227
90514069,2017,2017-08-01,9675,2017-07-24,1503,021377,NA,1,2,5,3022,0,1,1,NA,2,503,I-5 NORTHBOUND,SR-55,950,S,N,A,-,Y,NA,NA,5,NA,NA,NA,NA,NA,N,Y,4,0,1,2,A,-,03,22350,NA,N,C,C,A,A,H,-,A,D,0,NA,NA,NA,NA,Y,NA,A,01,0,0,1,0,0,0,0,0,0,-,-,33.74036,-117.83227,ORANGE,TUSTIN,-117.83231329,33.74024027
90516953,2017,2017-10-12,9690,2017-06-15,0100,016986,NA,4,3,5,3017,0,1,1,NA,2,059,I-5 N/B (SAN DIEGO FRWY),AVENIDA PICO,0,NA,N,B,-,Y,NA,NA,5,NA,NA,NA,NA,NA,N,Y,2,0,1,3,A,-,01,23152,A,N,G,B,E,A,D,-,C,A,0,Y,NA,NA,NA,Y,Y,A,07,1,0,0,0,1,0,0,0,0,-,-,33.43658,-117.61842,ORANGE,SAN CLEMENTE,-117.6185145,33.436476
90517995,2017,2017-08-07,9690,2017-08-02,0923,016128,NA,3,1,4,3049,0,1,3,NA,2,073,SR 73 N/B (SAN JOAQUIN HILLS TRANS COR),ALICIA PKWY,300,N,N,A,-,Y,NA,NA,73,NA,NA,NA,NA,NA,N,Y,4,0,1,2,A,-,03,22350,NA,N,C,C,A,A,H,-,A,D,0,NA,NA,NA,NA,Y,NA,D,22,0,0,1,0,0,0,0,0,0,-,-,33.57697,-117.71429,ORANGE,ALISO VIEJO,-117.7142802,33.57699703
90518128,2017,2017-08-07,9675,2017-07-31,0135,021322,NA,1,3,4,3002,0,1,3,NA,2,570,SR-57 N/B FROM IMPERIAL HWY. E/B,IMPERIAL HIGHWAY,350,S,N,A,-,Y,NA,NA,57,NA,NA,NA,R,NA,N,Y,3,0,1,1,A,-,03,22350,NA,N,F,A,A,A,H,-,C,D,0,NA,NA,NA,NA,Y,NA,A,01,0,1,0,0,0,0,0,0,0,-,-,33.90969,-117.88231,ORANGE,BREA,-117.88231,33.90969
90518702,2017,2017-08-08,9675,2017-08-01,1723,021377,NA,2,2,7,3019,0,1,3,NA,2,552,SR-55 SOUTHBOUND,DYER RD,200,N,N,B,C,Y,NA,NA,55,NA,NA,NA,NA,NA,S,Y,3,0,2,2,A,-,03,22350,NA,N,C,C,A,A,H,-,A,D,0,NA,NA,NA,NA,Y,NA,A,01,0,1,1,0,0,0,0,0,0,-,-,33.70919,-117.85132,ORANGE,SANTA ANA,-117.85126161,33.70913126
90522440,2017,2017-08-14,9670,2017-08-08,0730,021755,NA,2,1,6,3009,0,1,3,NA,2,024,SR-22 E/B (GARDEN GROVE FWY),GARDEN GROVE BLVD U/C,127,E,N,A,-,Y,NA,NA,22,NA,NA,NA,NA,NA,E,Y,4,0,2,4,A,-,03,22350,NA,N,C,C,A,A,H,-,A,D,0,NA,NA,NA,NA,Y,NA,A,07,0,0,2,0,0,0,0,0,0,-,-,33.77481,-117.90386,ORANGE,GARDEN GROVE,-117.90390491,33.77489682
9052253,2020,2020-03-02,3001,2020-01-16,1837,A1047,NA,4,5,7,3001,0,0,0,NA,0,0D2,LA PALMA AV,EUCLID ST,110,E,N,B,-,N,NA,NA,NA,NA,NA,NA,NA,NA,NA,N,3,0,1,2,A,-,03,22350,NA,N,C,C,A,A,H,-,C,A,0,NA,NA,NA,NA,Y,NA,A,01,0,1,0,0,0,0,0,0,0,-,-,33.846248626708984,-117.94123840332033,ORANGE,ANAHEIM,-117.94130706787108,33.84709930419922
90522924,2017,2017-08-14,9675,2017-08-06,2150,021322,NA,7,2,6,3026,0,1,1,NA,2,503,I-5 SOUTHBOUND,CULVER DR,2900,S,N,A,-,Y,NA,NA,5,NA,NA,NA,NA,NA,S,Y,4,0,1,2,A,-,07,21658,A,N,B,C,A,A,H,-,C,D,0,NA,NA,NA,NA,Y,NA,-,-,0,0,1,0,0,0,0,0,0,-,-,33.70351,-117.77748,ORANGE,IRVINE,-117.77746971,33.70351674
9052894,2020,2020-11-20,3001,2020-01-21,1053,A2595,NA,2,5,7,3001,0,0,0,NA,0,D 3,BALL RD,RT 57,0,NA,Y,A,-,Y,ORA,12,57,-,-,13.584,R,4,S,Y,3,0,1,2,A,-,12,21453,A,N,D,C,A,A,H,-,A,A,0,NA,NA,NA,NA,Y,NA,A,01,0,1,0,0,0,0,0,0,0,-,SF,33.81795120239258,-117.87843322753906,ORANGE,ANAHEIM,-117.87628173828124,33.820526123046875
9053055,2019,2020-03-04,3001,2019-10-16,2051,A1047,NA,3,5,7,3001,0,0,0,NA,0,D-2,LA PALMA AV,HERMOSA DR,24,W,N,A,-,N,NA,NA,NA,NA,NA,NA,NA,NA,NA,Y,2,0,1,2,A,-,10,21950,A,N,D,B,D,A,H,-,C,A,0,Y,NA,NA,NA,Y,NA,A,07,1,0,0,0,1,0,0,0,0,-,-,33.847328186035156,-117.9364013671875,ORANGE,ANAHEIM,-117.93653869628906,33.847129821777344
90533654,2017,2017-08-25,9675,2017-08-19,2210,021716,NA,6,3,6,3026,0,1,1,NA,2,504,I-5 S/B FROM ALTON PKWY,ALTON PKWY,2150,S,N,A,-,Y,NA,NA,5,NA,NA,NA,R,NA,S,Y,4,0,3,2,A,-,08,22107,NA,N,C,C,A,A,H,-,C,D,0,NA,NA,NA,NA,Y,NA,A,07,0,0,3,0,0,0,0,0,0,-,-,33.6504,-117.7405,ORANGE,IRVINE,-117.7405,33.6504
90533990,2017,2017-08-25,9675,2017-08-17,1550,020627,NA,4,2,6,3004,0,1,3,NA,2,553,SR-55 NORTHBOUND,PAULARINO AVE,100,S,N,A,-,Y,NA,NA,55,NA,NA,NA,NA,NA,N,Y,4,0,1,3,A,-,03,22350,NA,N,C,C,A,A,H,-,A,D,0,NA,NA,NA,NA,Y,NA,A,01,0,0,1,0,0,0,0,0,0,-,-,33.68207,-117.87691,ORANGE,COSTA MESA,-117.87710633,33.68227297
90535775,2017,2017-08-29,9675,2017-08-17,2230,021691,NA,4,3,6,3026,0,1,3,NA,2,074,SR-73 NORTHBOUND,BONITA CYN DR,600,N,N,A,-,Y,NA,NA,73,NA,NA,NA,NA,NA,N,Y,4,0,1,1,A,-,08,22107,NA,N,E,I,A,A,H,-,C,D,0,NA,NA,NA,NA,Y,NA,D,22,0,0,1,0,0,0,0,0,0,-,-,33.63191,-117.84409,ORANGE,IRVINE,-117.84412439,33.63179137
90537514,2017,2017-08-30,9675,2017-08-24,0713,016748,NA,4,1,7,3001,0,1,3,NA,2,572,SR-57 N/B FROM E/B BALL RD,BALL RD,275,S,N,B,-,Y,NA,NA,57,NA,NA,NA,R,NA,N,Y,4,0,1,2,A,-,03,22350,NA,N,C,C,A,A,H,-,A,A,0,NA,NA,NA,NA,Y,NA,A,01,0,0,1,0,0,0,0,0,0,-,-,33.81737,-117.87597,ORANGE,ANAHEIM,-117.87597,33.81737
9053772,2020,2020-05-14,3000,2020-02-28,1840,5013,921G6,5,5,5,3040,0,0,0,NA,0,743,LA PAZ RD,AVENIDA BREVIE,0,NA,Y,A,-,N,NA,NA,NA,NA,NA,NA,NA,NA,NA,Y,2,0,2,2,A,-,12,21453,A,N,D,C,A,A,H,-,C,A,0,NA,NA,NA,NA,Y,NA,A,01,1,0,1,0,0,0,0,0,0,-,-,NA,NA,ORANGE,LAGUNA NIGUEL,-117.70761108398438,33.567100524902344
90538977,2017,2017-09-01,9670,2017-08-28,1810,021733,NA,1,2,6,3009,0,1,3,NA,2,021,SR-22 W/B,VALLEY VIEW ST,1056,E,N,A,-,Y,NA,NA,22,NA,NA,NA,NA,NA,W,Y,4,0,1,3,A,-,03,22350,NA,N,C,C,A,A,H,-,A,D,0,NA,NA,NA,NA,Y,NA,A,01,0,0,1,0,0,0,0,0,0,-,-,33.7746,-118.0289,ORANGE,GARDEN GROVE,-118.02890203,33.77440465
90540425,2017,2017-09-05,9675,2017-09-03,1730,021435,NA,7,2,7,3001,0,1,3,NA,2,093,SR-91 WESTBOUND,LAKEVIEW AVE,1000,W,N,C,-,Y,NA,NA,91,NA,NA,NA,NA,NA,W,Y,4,0,1,2,A,-,03,22350,NA,N,C,C,A,B,H,-,A,D,0,NA,NA,NA,NA,Y,NA,A,07,0,0,1,0,0,0,0,0,0,-,-,33.84798,-117.81837,ORANGE,ANAHEIM,-117.81825216,33.84782394
9054074,2020,2020-06-09,3003,2020-02-26,1017,1093,NA,3,5,5,3003,0,0,0,NA,0,NA,INDIANA AV,COMMONWEALTH AV,0,NA,Y,A,-,N,NA,NA,NA,NA,NA,NA,NA,NA,NA,Y,4,0,1,1,A,-,03,22350,NA,N,E,I,A,A,H,-,A,A,0,NA,NA,NA,NA,Y,NA,A,01,0,0,1,0,0,0,0,0,0,-,-,33.5260009765625,-117.59210205078124,ORANGE,BUENA PARK,-117.98950958251952,33.869911193847656