CASE_ID,ACCIDENT_YEAR,PROC_DATE,JURIS,COLLISION_DATE,COLLISION_TIME,OFFICER_ID,REPORTING_DISTRICT,DAY_OF_WEEK,CHP_SHIFT,POPULATION,CNTY_CITY_LOC,SPECIAL_COND,BEAT_TYPE,CHP_BEAT_TYPE,CITY_DIVISION_LAPD,CHP_BEAT_CLASS,BEAT_NUMBER,PRIMARY_RD,SECONDARY_RD,DISTANCE,DIRECTION,INTERSECTION,WEATHER_1,WEATHER_2,STATE_HWY_IND,CALTRANS_COUNTY,CALTRANS_DISTRICT,STATE_ROUTE,ROUTE_SUFFIX,POSTMILE_PREFIX,POSTMILE,LOCATION_TYPE,RAMP_INTERSECTION,SIDE_OF_HWY,TOW_AWAY,COLLISION_SEVERITY,NUMBER_KILLED,NUMBER_INJURED,PARTY_COUNT,PRIMARY_COLL_FACTOR,PCF_CODE_OF_VIOL,PCF_VIOL_CATEGORY,PCF_VIOLATION,PCF_VIOL_SUBSECTION,HIT_AND_RUN,TYPE_OF_COLLISION,MVIW,PED_ACTION,ROAD_SURFACE,ROAD_COND_1,ROAD_COND_2,LIGHTING,CONTROL_DEVICE,CHP_ROAD_TYPE,PEDESTRIAN_ACCIDENT,BICYCLE_ACCIDENT,MOTORCYCLE_ACCIDENT,TRUCK_ACCIDENT,NOT_PRIVATE_PROPERTY,ALCOHOL_INVOLVED,STWD_VEHTYPE_AT_FAULT,CHP_VEHTYPE_AT_FAULT,COUNT_SEVERE_INJ,COUNT_VISIBLE_INJ,COUNT_COMPLAINT_PAIN,COUNT_PED_KILLED,COUNT_PED_INJURED,COUNT_BICYCLIST_KILLED,COUNT_BICYCLIST_INJURED,COUNT_MC_KILLED,COUNT_MC_INJURED,PRIMARY_RAMP,SECONDARY_RAMP,LATITUDE,LONGITUDE,COUNTY,CITY,POINT_X,POINT_Y
90615531,2017,2017-12-12,9675,2017-12-05,2344,021394,NA,2,3,5,3016,0,1,3,NA,2,571,SR-57 NORTHBOUND,SR-91,1000,S,N,A,-,Y,NA,NA,NA,NA,NA,NA,NA,NA,NA,Y,3,0,2,2,A,-,03,22350,NA,N,C,C,A,A,D,H,C,D,0,NA,NA,NA,NA,Y,NA,A,07,0,1,1,0,0,0,0,0,0,-,-,33.84604,-117.8757,ORANGE,PLACENTIA,-117.87590359,33.8471644
90617613,2017,2017-12-14,9675,2017-12-06,1740,021874,NA,3,2,7,3001,0,1,3,NA,2,571,SR-57 SOUTHBOUND,LINCOLN AVE,200,N,N,A,-,Y,NA,NA,57,NA,NA,NA,NA,NA,S,Y,4,0,2,2,A,-,03,22350,NA,N,C,C,A,A,H,-,D,D,0,NA,NA,NA,NA,Y,NA,A,01,0,0,2,0,0,0,0,0,0,-,-,33.83885,-117.87623,ORANGE,ANAHEIM,-117.87622944,33.83885
90617664,2017,2017-12-14,9690,2017-12-13,1040,015109,NA,3,1,5,3017,0,1,1,NA,2,059,I-5 N/B (SAN DIEGO FRWY),AVENIDA VISTA HERMOSA,200,S,N,A,-,Y,NA,NA,5,NA,NA,NA,NA,NA,N,Y,4,0,1,2,A,-,03,22350,NA,N,C,C,A,A,D,-,A,D,0,NA,NA,NA,NA,Y,NA,D,22,0,0,1,0,0,0,0,0,0,-,-,33.44473,-117.63046,ORANGE,SAN CLEMENTE,-117.63047933,33.44470648
90618018,2017,2017-12-15,9675,2017-12-13,0854,021406,NA,3,1,5,3022,0,1,1,NA,2,503,I-5 N/B,SR-55 NORTHBOUND,1500,S,N,A,-,Y,NA,NA,5,NA,NA,NA,NA,NA,N,Y,4,0,1,2,A,-,03,22350,NA,N,C,C,A,A,H,-,A,D,0,NA,NA,NA,NA,Y,NA,A,07,0,0,1,0,0,0,0,0,0,-,-,33.73901,-117.82835,ORANGE,TUSTIN,-117.82838785,33.73889274
90619158,2017,2017-12-18,9675,2017-12-06,0748,021224,NA,3,1,6,3015,0,1,3,NA,2,222,SR-22 WESTBOUND,CAMBRIDGE ST,500,E,N,A,-,Y,NA,NA,22,NA,NA,NA,NA,NA,W,Y,4,0,1,3,A,-,03,22350,NA,N,C,C,A,A,H,-,A,D,0,NA,NA,NA,NA,Y,NA,A,01,0,0,1,0,0,0,0,0,0,-,-,33.77651,-117.84339,ORANGE,ORANGE,-117.84338535,33.77648419
9062169,2019,2020-03-18,3000,2019-11-18,0824,9169,95113,1,5,5,3040,0,0,0,NA,0,143,GOLDEN LANTERN,GARDENIA,138,N,N,A,-,N,NA,NA,NA,NA,NA,NA,NA,NA,NA,N,3,0,1,1,C,-,18,NA,NA,N,H,A,A,A,H,-,A,D,0,NA,Y,NA,NA,Y,NA,-,-,0,1,0,0,0,0,1,0,0,-,-,NA,NA,ORANGE,LAGUNA NIGUEL,NA,NA
9062177,2019,2020-03-19,3000,2019-11-03,1500,10779,921G2,7,5,4,3045,0,0,0,NA,0,745,PASEO DE VALENCIA,BECKENHAM ST,135,N,N,A,-,N,NA,NA,NA,NA,NA,NA,NA,NA,NA,Y,2,0,1,2,A,-,03,22350,NA,N,C,C,A,A,H,-,A,A,0,NA,NA,Y,NA,Y,NA,A,01,1,0,0,0,0,0,0,0,1,-,-,NA,NA,ORANGE,LAGUNA HILLS,-117.70213317871094,33.60028076171875
90621961,2017,2017-12-20,9675,2017-12-15,1740,019241,NA,5,2,7,3001,0,1,3,NA,2,095,SR-91 EASTBOUND,SR-241 SOUTHBOUND,50,W,N,A,-,Y,NA,NA,NA,NA,NA,NA,NA,NA,NA,Y,3,0,1,2,A,-,01,23152,A,N,C,C,A,A,H,-,C,D,0,NA,NA,Y,NA,Y,Y,C,02,0,1,0,0,0,0,0,0,1,-,-,33.86105,-117.71717,ORANGE,ANAHEIM,NA,NA
90622519,2017,2017-12-21,9675,2017-12-16,1215,021406,NA,6,1,7,3019,0,1,3,NA,2,551,SR-55 S/B,MCFADDEN ST,100,N,N,A,-,Y,NA,NA,55,NA,NA,NA,NA,NA,S,N,4,0,1,2,A,-,03,22350,NA,N,C,C,A,A,H,-,A,D,0,NA,NA,NA,NA,Y,NA,A,01,0,0,1,0,0,0,0,0,0,-,-,33.7341,-117.83416,ORANGE,SANTA ANA,-117.83404899,33.73409869
90625795,2017,2017-12-25,9675,2017-12-11,1755,021801,NA,1,2,7,3019,0,1,1,NA,2,503,I-5 S/B FROM 1ST ST.,1ST ST,20,S,N,A,-,Y,NA,NA,5,NA,NA,NA,R,NA,S,N,4,0,1,2,A,-,09,21804,A,N,H,G,A,A,H,-,C,A,0,NA,Y,NA,NA,Y,NA,L,04,0,0,1,0,0,0,1,0,0,-,-,33.74548,-117.84288,ORANGE,SANTA ANA,-117.84288,33.74548
90627503,2017,2017-12-27,9675,2017-12-18,1548,021716,NA,1,2,7,3001,0,1,3,NA,2,093,SR-91 E/B FROM TUSTIN AVE. S/B,TUSTIN AVE,80,W,N,A,-,Y,NA,NA,91,NA,NA,NA,R,NA,E,Y,4,0,1,3,A,-,07,21658,A,N,D,C,A,A,H,-,A,D,0,NA,NA,NA,NA,Y,NA,A,07,0,0,1,0,0,0,0,0,0,-,-,33.85026,-117.83917,ORANGE,ANAHEIM,-117.83917,33.85026
90627684,2017,2017-12-27,9675,2017-12-19,1406,021633,NA,2,2,7,3019,0,1,3,NA,2,552,SR-55 N/B,WARNER AVE,500,N,N,A,-,Y,NA,NA,55,NA,NA,NA,NA,NA,N,Y,4,0,1,2,A,-,03,22350,NA,N,C,C,A,A,H,-,A,D,0,NA,NA,NA,NA,Y,NA,A,07,0,0,1,0,0,0,0,0,0,-,-,33.71711,-117.84292,ORANGE,SANTA ANA,-117.84312521,33.71730946
90629130,2017,2017-12-28,9675,2017-12-18,0750,021272,NA,1,1,6,3015,0,1,3,NA,2,550,SR-55 SOUTHBOUND,KATELLA AVE,30,S,N,A,-,Y,NA,NA,55,NA,NA,NA,NA,NA,S,Y,3,0,1,2,A,-,08,22107,NA,N,B,C,A,A,H,-,A,D,0,NA,NA,NA,NA,Y,NA,A,01,0,1,0,0,0,0,0,0,0,-,-,33.80647,-117.83214,ORANGE,ORANGE,-117.83201408,33.8064726
90630244,2017,2018-01-01,9675,2017-11-11,1525,021691,NA,6,2,7,3019,0,1,1,NA,2,502,I-5 NORTHBOUND,MAIN ST,1700,S,N,A,-,Y,NA,NA,5,NA,NA,NA,NA,NA,N,N,4,0,1,2,A,-,03,22350,NA,F,C,C,A,A,H,-,A,D,0,NA,NA,NA,NA,Y,NA,A,01,0,0,1,0,0,0,0,0,0,-,-,33.76363,-117.86482,ORANGE,SANTA ANA,-117.86481832,33.76363099
90630260,2017,2018-01-01,9675,2017-12-19,1210,019804,NA,2,1,9,3000,0,3,5,NA,2,002,ESPLANADE AVE. N/B,17TH STREET,200,N,N,A,-,N,NA,NA,NA,NA,NA,NA,NA,NA,NA,N,4,0,1,2,A,-,03,22350,NA,N,C,C,A,A,H,-,A,D,0,NA,NA,NA,NA,Y,NA,A,07,0,0,1,0,0,0,0,0,0,-,-,33.75989,-117.81187,ORANGE,UNINCORPORATED,-117.81183182,33.76035732
90632221,2018,2018-01-03,9675,2018-01-02,1520,015208,NA,2,2,7,3001,0,1,3,NA,2,194,SR-91 WESTBOUND,IMPERIAL HIGHWAY U/C.,300,W,N,A,-,Y,NA,NA,NA,NA,NA,NA,NA,NA,NA,Y,2,0,1,1,A,-,03,22350,NA,N,E,I,A,A,H,-,A,D,0,NA,NA,Y,NA,Y,NA,C,02,1,0,0,0,0,0,0,0,1,-,-,33.78841018676758,-117.88990020751952,ORANGE,ANAHEIM,NA,NA
90637576,2018,2018-01-10,9670,2018-01-05,1910,021579,NA,5,2,6,3009,0,1,3,NA,2,024,SR-22 E/B,NEWHOPE ST,900,W,N,A,-,Y,NA,NA,22,NA,NA,NA,NA,NA,E,Y,4,0,2,3,A,-,03,22350,NA,N,C,C,A,A,H,-,D,D,0,NA,NA,NA,NA,Y,NA,A,01,0,0,2,0,0,0,0,0,0,-,-,33.765968322753906,-117.93057250976563,ORANGE,GARDEN GROVE,-117.93057250976563,33.766082763671875
90638223,2018,2018-01-11,9670,2018-01-10,0939,016194,NA,3,1,4,3020,0,1,1,NA,2,045,I-405 S/B,SEAL BEACH BLVD,5808,S,N,A,-,Y,NA,NA,405,NA,NA,NA,NA,NA,S,Y,4,0,1,1,A,-,08,22107,NA,N,E,I,A,A,H,-,A,D,0,NA,NA,NA,NA,Y,NA,A,01,0,0,1,0,0,0,0,0,0,-,-,33.77391052246094,-118.05579376220705,ORANGE,SEAL BEACH,-118.05579376220705,33.77422332763672
90642466,2018,2018-01-18,9670,2018-01-15,1742,019290,NA,1,2,6,3009,0,1,3,NA,2,024,SR-22 E/B (GARDEN GROVE FWY),FAIRVIEW ST,1056,E,N,A,-,Y,NA,NA,22,NA,NA,NA,NA,NA,E,Y,4,0,1,4,A,-,03,22350,NA,N,C,C,A,A,H,-,D,D,0,NA,NA,NA,NA,Y,NA,A,07,0,0,1,0,0,0,0,0,0,-,-,33.77193832397461,-117.90949249267578,ORANGE,GARDEN GROVE,-117.90951538085938,33.77199172973633
90642564,2018,2018-01-18,9675,2018-01-12,0740,019618,NA,5,1,6,3026,0,1,1,NA,2,503,I-5 N/B,YALE AVE.,925,N,N,A,-,Y,NA,NA,5,NA,NA,NA,NA,NA,N,Y,4,0,2,3,A,-,03,22350,NA,N,C,C,A,A,H,-,A,D,0,NA,NA,NA,NA,Y,NA,A,01,0,0,2,0,0,0,0,0,0,-,-,33.70286178588867,-117.77684020996094,ORANGE,IRVINE,-117.77670288085938,33.70294952392578
90643418,2018,2018-01-19,9675,2018-01-12,1735,021406,NA,5,2,6,3026,0,1,1,NA,2,407,I-405 N/B,SAND CANYON AVE,2000,N,N,A,-,Y,NA,NA,NA,NA,NA,NA,NA,NA,NA,Y,4,0,1,4,A,-,03,22350,NA,N,C,C,A,A,H,-,C,D,0,NA,NA,NA,NA,Y,NA,A,01,0,0,1,0,0,0,0,0,0,-,-,33.66048812866211,-117.82080078125,ORANGE,IRVINE,-117.78321838378906,33.66090774536133
90644514,2018,2018-01-22,9670,2018-01-19,0535,012956,NA,5,3,9,3000,0,3,5,NA,2,005,NEWLAND STREET (14900 BLOCK),BOLSA AVENUE,42,N,N,B,-,N,NA,NA,NA,NA,NA,NA,NA,NA,NA,Y,3,0,1,2,A,-,03,22350,NA,N,C,C,A,A,H,-,C,A,0,NA,NA,NA,NA,Y,NA,A,01,0,1,0,0,0,0,0,0,0,-,-,33.74496841430664,-117.98094940185548,ORANGE,UNINCORPORATED,-117.98090362548828,33.744834899902344
90644589,2018,2018-01-22,9670,2018-01-10,0805,021733,NA,3,1,7,3001,0,1,3,NA,2,093,SR-91 E/B FROM LEMON STREET,LEMON ST,500,E,N,A,-,Y,NA,NA,91,NA,NA,NA,R,NA,E,N,4,0,1,2,A,-,07,21658,A,N,C,C,A,A,H,-,A,D,0,NA,NA,NA,NA,Y,NA,A,01,0,0,1,0,0,0,0,0,0,-,-,33.85390090942383,-117.91860198974608,ORANGE,ANAHEIM,-117.91860198974608,33.85390090942383
90645627,2018,2018-01-23,9690,2018-01-19,1805,020469,NA,5,2,4,3045,0,1,1,NA,2,055,I-5 S/B FROM ALICIA PKWY,ALICIA PKWY,200,S,N,C,-,Y,NA,NA,5,NA,NA,NA,R,NA,S,Y,4,0,1,2,A,-,03,22350,NA,N,C,C,A,B,H,-,C,A,0,NA,NA,NA,NA,Y,NA,D,22,0,0,1,0,0,0,0,0,0,-,-,33.60218811035156,-117.68715667724608,ORANGE,LAGUNA HILLS,-117.68715667724608,33.60218811035156
90650606,2018,2018-01-29,9675,2018-01-23,0809,021984,NA,2,1,6,3004,0,1,3,NA,2,553,SR-55 SOUTHBOUND,MAIN ST,500,N,N,A,-,Y,NA,NA,55,NA,NA,NA,NA,NA,S,Y,4,0,1,2,A,-,03,22350,NA,N,C,C,A,A,H,-,A,D,0,NA,NA,NA,NA,Y,NA,A,01,0,0,1,0,0,0,0,0,0,-,-,33.6933708190918,-117.86682891845705,ORANGE,COSTA MESA,-117.86669158935548,33.6932258605957
90651301,2018,2018-01-30,9670,2018-01-23,0855,021935,NA,2,1,5,3003,0,1,3,NA,2,091,SR-91 W/B,BEACH BLVD,60,E,N,A,-,Y,NA,NA,91,NA,NA,NA,NA,NA,W,Y,3,0,2,2,A,-,08,22107,NA,N,B,C,A,A,H,-,A,D,0,NA,NA,NA,Y,Y,NA,A,01,0,1,1,0,0,0,0,0,0,-,-,33.85628128051758,-117.99756622314452,ORANGE,BUENA PARK,-117.99756622314452,33.85615539550781
90652474,2018,2018-01-31,9670,2018-01-30,1145,016194,NA,2,1,5,3007,0,1,1,NA,2,040,I-405 N/B,EUCLID ST,80,S,N,B,-,Y,NA,NA,NA,NA,NA,NA,NA,NA,NA,N,4,0,1,2,A,-,03,22350,NA,N,C,C,A,A,H,-,A,A,0,NA,NA,NA,NA,Y,NA,D,22,0,0,1,0,0,0,0,0,0,-,-,33.694618225097656,-117.93717193603516,ORANGE,FOUNTAIN VALLEY,-117.93502807617188,33.69578170776367
90653735,2018,2018-02-02,9675,2018-01-26,1140,019171,NA,5,1,7,3019,0,1,1,NA,2,503,I-5 S/B (SANTA ANA FWY),RED HILL AVE,1000,N,N,A,-,Y,NA,NA,NA,NA,NA,NA,NA,NA,NA,Y,4,0,3,2,A,-,08,22107,NA,N,B,C,A,A,H,-,A,D,0,NA,NA,NA,NA,Y,NA,A,01,0,0,3,0,0,0,0,0,0,-,-,33.7371711730957,-117.82343292236328,ORANGE,SANTA ANA,-117.81808471679688,33.73512649536133
90658284,2018,2018-02-09,9670,2018-02-08,0845,016194,NA,4,1,5,3003,0,1,3,NA,2,092,SR-91 E/B,BEACH BLVD,1056,W,N,A,-,Y,NA,NA,91,NA,NA,NA,NA,NA,E,N,4,0,1,2,A,-,07,21658,A,N,C,C,A,A,H,-,A,D,0,NA,NA,NA,NA,Y,NA,A,07,0,0,1,0,0,0,0,0,0,-,-,33.85594940185547,-118.00347900390624,ORANGE,BUENA PARK,-118.00347900390624,33.85594940185547
90660277,2018,2018-02-13,9690,2018-02-06,1303,014953,NA,2,1,4,3018,0,1,1,NA,2,057,I-5 N/B (SAN DIEGO FRWY),STONEHILL DR,585,S,N,A,-,Y,NA,NA,5,NA,NA,NA,NA,NA,N,Y,4,0,1,4,A,-,03,22350,NA,N,C,C,A,A,D,-,A,D,0,NA,NA,NA,NA,Y,NA,A,07,0,0,1,0,0,0,0,0,0,-,-,33.47182083129883,-117.67459869384766,ORANGE,SAN JUAN CAPISTRANO,-117.67452239990234,33.47183609008789
90660698,2018,2018-02-13,9675,2018-02-05,1850,021691,NA,1,2,6,3008,0,1,3,NA,2,571,SR-57 SOUTHBOUND,CHAPMAN AVE,1450,S,N,A,-,Y,NA,NA,57,NA,NA,NA,NA,NA,S,Y,4,0,1,3,A,-,08,22107,NA,N,B,C,A,A,H,-,C,D,0,NA,NA,NA,NA,Y,NA,A,01,0,0,1,0,0,0,0,0,0,-,-,33.87017059326172,-117.88008880615234,ORANGE,FULLERTON,-117.88005828857422,33.87017822265625
9066087,2020,2020-11-13,3022,2020-05-04,0529,1323,NA,1,5,5,3022,0,0,0,NA,0,NA,BARRANCA PKWY,TUSTIN RANCH RD,566,E,N,A,-,N,NA,NA,NA,NA,NA,NA,NA,NA,NA,Y,3,0,1,1,A,-,08,22107,NA,M,E,I,A,A,H,-,C,D,0,NA,NA,NA,NA,Y,NA,A,01,0,1,0,0,0,0,0,0,0,-,-,33.698631286621094,-117.83350372314452,ORANGE,TUSTIN,-117.83179473876952,33.69779586791992
9066181,2020,2020-07-15,3026,2020-03-03,1104,369,UNIVE,2,5,6,3026,0,0,0,NA,0,003,UNIVERSITY DR,MICHELSON DR,123,S,N,A,-,N,NA,NA,NA,NA,NA,NA,NA,NA,NA,Y,3,0,1,2,C,-,18,NA,NA,N,E,I,A,A,H,-,A,A,0,NA,NA,NA,NA,Y,NA,-,-,0,1,0,0,0,0,0,0,0,-,-,33.657958984375,-117.8013916015625,ORANGE,IRVINE,-117.80191802978516,33.65845489501953
9066201,2020,2020-09-14,3015,2020-03-15,2020,1421,RD102,7,5,6,3015,0,0,0,NA,0,311,MAIN ST,TOWN AND COUNTRY RD,0,NA,Y,B,-,N,NA,NA,NA,NA,NA,NA,NA,NA,NA,Y,3,0,1,2,A,-,12,21453,NA,N,B,A,A,-,H,-,A,A,0,NA,NA,NA,NA,Y,NA,A,01,0,1,0,0,0,0,0,0,0,-,-,33.77619934082031,-117.86753082275392,ORANGE,ORANGE,-117.86724090576172,33.77669143676758
9066210,2020,2020-07-17,3015,2020-03-24,1606,1240,RD65,2,5,6,3015,0,0,0,NA,0,723-M,GLASSELL ST,KATELLA AV,100,S,N,B,-,N,NA,NA,NA,NA,NA,NA,NA,NA,NA,NA,4,0,1,2,A,-,09,21804,A,M,C,C,A,A,H,-,A,A,0,NA,NA,Y,NA,Y,NA,A,01,0,0,1,0,0,0,0,0,1,-,-,33.80849838256836,-117.85260772705078,ORANGE,ORANGE,-117.85302734375,33.808815002441406
9066267,2020,2020-07-14,3022,2020-03-10,1733,1309,NA,2,5,5,3022,0,0,0,NA,0,NA,EL CAMINO REAL,NEWPORT AV,288,E,N,B,-,N,NA,NA,NA,NA,NA,NA,NA,NA,NA,Y,4,0,1,2,A,-,09,21801,A,M,D,C,A,A,H,-,A,A,0,NA,NA,NA,NA,Y,Y,-,NA,0,0,1,0,0,0,0,0,0,-,-,33.73809051513672,-117.82222747802734,ORANGE,TUSTIN,-117.82150268554688,33.737640380859375
9066405,2020,2020-06-08,3001,2020-02-21,2134,A2312,NA,5,5,7,3001,0,0,0,NA,0,0D3,CERRITOS AV,LEWIS ST,0,NA,Y,A,-,N,NA,NA,NA,NA,NA,NA,NA,NA,NA,Y,4,0,1,3,A,-,12,21453,A,N,D,C,A,A,H,-,C,A,0,NA,NA,NA,NA,Y,NA,A,01,0,0,1,0,0,0,0,0,0,-,-,33.809181213378906,-117.89824676513672,ORANGE,ANAHEIM,-117.89791870117188,33.81058883666992
90664774,2018,2018-02-20,9670,2018-02-11,1625,021071,NA,7,2,5,3003,0,1,3,NA,2,192,SR-91 E/B,BEACH BLVD,400,E,N,A,-,Y,NA,NA,91,NA,NA,NA,NA,NA,E,Y,3,0,1,3,A,-,03,22350,NA,N,C,C,A,A,H,-,A,A,0,NA,NA,NA,NA,Y,NA,A,01,0,1,0,0,0,0,0,0,0,-,-,33.856021881103516,-117.99656677246094,ORANGE,BUENA PARK,-117.99656677246094,33.85601806640625
90665181,2018,2018-02-21,9670,2018-02-08,1810,021719,NA,4,2,5,3003,0,1,3,NA,2,092,SR-91 E/B,VALLEY VIEW ST,350,W,N,A,-,Y,NA,NA,91,NA,NA,NA,NA,NA,E,Y,4,0,1,2,A,-,03,22350,NA,N,C,C,A,A,H,-,D,D,0,NA,NA,NA,NA,Y,NA,D,22,0,0,1,0,0,0,0,0,0,-,-,33.85694122314453,-118.02982330322266,ORANGE,BUENA PARK,-118.02979278564452,33.85700607299805
9066595,2020,2020-11-16,3001,2020-05-05,0930,A1880,NA,2,5,7,3001,0,0,0,NA,0,0D2,LINCOLN AV,CITRON ST,0,NA,Y,A,-,N,NA,NA,NA,NA,NA,NA,NA,NA,NA,Y,3,0,4,4,A,-,12,21453,A,N,D,C,A,A,H,-,A,A,0,NA,NA,NA,NA,Y,NA,A,07,0,2,2,0,0,0,0,0,0,-,-,33.83330154418945,-117.9233169555664,ORANGE,ANAHEIM,-117.9233169555664,33.83332824707031
9066625,2020,2020-08-26,3001,2020-04-19,0044,A1047,NA,7,5,7,3001,0,0,0,NA,0,0D1,MINOT ST,RHODES AV,56,N,N,B,-,N,NA,NA,NA,NA,NA,NA,NA,NA,NA,Y,3,0,1,3,A,-,01,23152,A,N,B,E,A,A,H,-,C,D,0,NA,NA,NA,NA,Y,Y,A,01,0,1,0,0,0,0,0,0,0,-,-,33.84962844848633,-117.96645355224608,ORANGE,ANAHEIM,-117.96630859375,33.84991455078125
90666593,2018,2018-02-22,9675,2018-02-14,1315,021941,NA,3,1,7,3019,0,1,1,NA,2,502,I-5 S/B,4TH ST,200,S,N,A,-,Y,NA,NA,5,NA,NA,NA,NA,NA,S,Y,4,0,1,2,A,-,03,22350,NA,N,C,C,A,A,H,-,A,D,0,NA,NA,NA,NA,Y,NA,A,01,0,0,1,0,0,0,0,0,0,-,-,33.74692916870117,-117.84310913085938,ORANGE,SANTA ANA,-117.843017578125,33.74696350097656
90668007,2018,2018-02-23,9675,2018-02-14,1530,021960,NA,3,2,6,3008,0,1,3,NA,2,570,SR-57 SOUTHBOUND,IMPERIAL HIGHWAY,300,S,N,A,-,Y,NA,NA,57,NA,NA,NA,NA,NA,S,Y,4,0,1,3,A,-,07,21658,A,N,B,C,A,A,H,-,A,D,0,NA,NA,NA,NA,Y,NA,A,01,0,0,1,0,0,0,0,0,0,-,-,33.90781021118164,-117.8824462890625,ORANGE,FULLERTON,-117.88246154785156,33.90780258178711
90669067,2018,2018-02-26,9675,2018-02-22,2005,021349,NA,4,2,6,3004,0,1,1,NA,2,405,I-405 N/B,EUCLID ST,2000,S,N,A,-,Y,NA,NA,405,NA,NA,NA,NA,NA,N,Y,4,0,1,2,A,-,07,21658,A,N,B,C,A,A,H,-,C,D,0,NA,NA,NA,NA,Y,NA,A,01,0,0,1,0,0,0,0,0,0,-,-,33.6951904296875,-117.9336395263672,ORANGE,COSTA MESA,-117.93363189697266,33.69520950317383
9067010,2020,2020-08-10,3009,2020-02-27,2206,3005,125,4,5,6,3009,0,0,0,NA,0,021,NEWHOPE ST,TRASK AV,0,NA,Y,A,-,N,NA,NA,NA,NA,NA,NA,NA,NA,NA,Y,4,0,1,2,A,-,12,21453,A,N,A,C,A,A,H,-,C,A,0,NA,NA,NA,NA,Y,NA,-,-,0,0,1,0,0,0,0,0,0,-,-,NA,NA,ORANGE,GARDEN GROVE,-117.92902374267578,33.766998291015625
90670493,2018,2018-02-27,9670,2018-02-17,1229,022001,NA,6,1,4,3020,0,1,1,NA,2,440,I-405 N/B,SEAL BEACH BLVD,100,N,N,A,-,Y,NA,NA,405,NA,NA,NA,NA,NA,N,Y,4,0,1,4,A,-,03,22350,NA,N,C,C,A,A,H,-,A,D,0,NA,NA,NA,NA,Y,NA,A,08,0,0,1,0,0,0,0,0,0,-,-,33.774478912353516,-118.0755615234375,ORANGE,SEAL BEACH,-118.0755615234375,33.774505615234375
90672997,2018,2018-03-01,9675,2018-02-21,2150,019693,NA,3,2,6,3015,0,1,1,NA,2,502,I-5 SOUTHBOUND,CHAPMAN AVE,200,S,N,A,-,Y,NA,NA,5,NA,NA,NA,NA,NA,S,Y,4,0,1,5,A,-,03,22350,NA,N,C,C,A,A,H,-,D,D,0,NA,NA,NA,NA,Y,NA,A,07,0,0,1,0,0,0,0,0,0,-,-,33.78633117675781,-117.88526916503906,ORANGE,ORANGE,-117.88511657714844,33.78645706176758
9067445,2020,2020-11-20,3026,2020-02-24,0805,4779,P,1,5,6,3026,0,0,0,NA,0,00P,JAMBOREE RD,RT 5,0,NA,Y,A,-,Y,ORA,12,5,-,-,27.39,R,4,N,Y,3,0,3,2,A,-,12,21453,A,N,D,C,A,A,H,-,A,A,0,NA,NA,NA,NA,Y,NA,A,01,0,3,0,0,0,0,0,0,0,-,NF,NA,NA,ORANGE,IRVINE,-117.7922592163086,33.71778106689453
9067450,2020,2020-10-19,3010,2020-02-26,1047,1208,252,3,5,6,3010,0,0,0,NA,0,007,RT 39,STARK,145,S,N,A,-,Y,ORA,12,39,-,-,5.42,H,-,S,Y,3,0,2,3,A,-,03,22350,NA,N,C,C,A,A,H,-,A,A,0,NA,NA,NA,NA,Y,NA,A,01,0,1,1,0,0,0,0,0,0,-,-,NA,NA,ORANGE,HUNTINGTON BEACH,-117.98938751220705,33.72706604003906
90674679,2018,2018-03-05,9670,2018-02-26,0700,021861,NA,1,1,4,3020,0,1,1,NA,2,045,I-405 S/B,SEAL BEACH BLVD,5280,S,N,A,-,Y,NA,NA,405,NA,NA,NA,NA,NA,S,N,4,0,1,3,A,-,07,21658,A,M,B,C,A,A,H,-,A,D,0,NA,NA,NA,NA,Y,NA,A,07,0,0,1,0,0,0,0,0,0,-,-,33.77412033081055,-118.05699920654295,ORANGE,SEAL BEACH,-118.05699920654295,33.77423095703125
90677743,2018,2018-03-08,9675,2018-02-27,1452,021633,NA,2,2,4,3002,0,1,3,NA,2,570,SR-57 S/B,LAMBERT RD,160,S,N,B,-,Y,NA,NA,57,NA,NA,NA,NA,NA,S,N,4,0,1,3,A,-,03,22350,NA,M,C,C,A,A,H,-,A,D,0,NA,NA,NA,NA,Y,NA,A,01,0,0,1,0,0,0,0,0,0,-,-,33.92469024658203,-117.8802490234375,ORANGE,BREA,-117.88031005859376,33.92469024658203
90677799,2018,2018-03-08,9675,2018-02-27,0140,021960,NA,2,3,6,3004,0,1,3,NA,2,553,SR-55 NORTHBOUND,MAIN STREET,2110,S,N,C,-,Y,NA,NA,55,NA,NA,NA,NA,NA,N,N,4,0,2,1,A,-,03,22350,NA,N,E,I,A,B,H,-,C,D,0,NA,NA,NA,NA,Y,NA,A,01,0,0,2,0,0,0,0,0,0,-,-,33.68724822998047,-117.87222290039063,ORANGE,COSTA MESA,-117.8722915649414,33.68731689453125