CASE_ID,ACCIDENT_YEAR,PROC_DATE,JURIS,COLLISION_DATE,COLLISION_TIME,OFFICER_ID,REPORTING_DISTRICT,DAY_OF_WEEK,CHP_SHIFT,POPULATION,CNTY_CITY_LOC,SPECIAL_COND,BEAT_TYPE,CHP_BEAT_TYPE,CITY_DIVISION_LAPD,CHP_BEAT_CLASS,BEAT_NUMBER,PRIMARY_RD,SECONDARY_RD,DISTANCE,DIRECTION,INTERSECTION,WEATHER_1,WEATHER_2,STATE_HWY_IND,CALTRANS_COUNTY,CALTRANS_DISTRICT,STATE_ROUTE,ROUTE_SUFFIX,POSTMILE_PREFIX,POSTMILE,LOCATION_TYPE,RAMP_INTERSECTION,SIDE_OF_HWY,TOW_AWAY,COLLISION_SEVERITY,NUMBER_KILLED,NUMBER_INJURED,PARTY_COUNT,PRIMARY_COLL_FACTOR,PCF_CODE_OF_VIOL,PCF_VIOL_CATEGORY,PCF_VIOLATION,PCF_VIOL_SUBSECTION,HIT_AND_RUN,TYPE_OF_COLLISION,MVIW,PED_ACTION,ROAD_SURFACE,ROAD_COND_1,ROAD_COND_2,LIGHTING,CONTROL_DEVICE,CHP_ROAD_TYPE,PEDESTRIAN_ACCIDENT,BICYCLE_ACCIDENT,MOTORCYCLE_ACCIDENT,TRUCK_ACCIDENT,NOT_PRIVATE_PROPERTY,ALCOHOL_INVOLVED,STWD_VEHTYPE_AT_FAULT,CHP_VEHTYPE_AT_FAULT,COUNT_SEVERE_INJ,COUNT_VISIBLE_INJ,COUNT_COMPLAINT_PAIN,COUNT_PED_KILLED,COUNT_PED_INJURED,COUNT_BICYCLIST_KILLED,COUNT_BICYCLIST_INJURED,COUNT_MC_KILLED,COUNT_MC_INJURED,PRIMARY_RAMP,SECONDARY_RAMP,LATITUDE,LONGITUDE,COUNTY,CITY,POINT_X,POINT_Y
90792564,2018,2018-08-16,9675,2018-08-13,0545,018868,NA,1,3,7,3001,0,1,3,NA,2,093,SR-91 WESTBOUND,LAKEVIEW AVE,1500,E,N,A,-,Y,NA,NA,91,NA,NA,NA,NA,NA,W,Y,4,0,1,2,A,-,03,22350,NA,N,C,C,A,A,H,-,B,D,0,NA,NA,NA,NA,Y,NA,D,22,0,0,1,0,0,0,0,0,0,-,-,33.854591369628906,-117.80409240722656,ORANGE,ANAHEIM,-117.80409240722656,33.854618072509766
90794540,2018,2018-08-21,9670,2018-08-15,0800,021242,NA,3,1,5,3024,0,1,1,NA,2,043,I-405 S/B,EDWARDS ST,528,S,N,B,-,Y,NA,NA,405,NA,NA,NA,NA,NA,S,Y,4,0,1,2,A,-,07,21658,A,N,B,C,A,A,H,-,A,D,0,NA,NA,Y,NA,Y,NA,A,01,0,0,1,0,0,0,0,0,1,-,-,33.747840881347656,-118.0087890625,ORANGE,WESTMINSTER,-118.00879669189452,33.74782943725586
90796081,2018,2018-08-22,9670,2018-08-15,0255,019925,NA,3,3,7,3001,0,1,1,NA,2,503,I-5 S/B,SANTA ANA ST,427,S,N,A,-,Y,NA,NA,5,NA,NA,NA,NA,NA,S,Y,3,0,1,1,A,-,01,23152,A,N,E,J,A,A,H,-,C,D,0,NA,NA,NA,NA,Y,Y,A,01,0,1,0,0,0,0,0,0,0,-,-,33.82672882080078,-117.92630767822266,ORANGE,ANAHEIM,-117.92642211914063,33.82662582397461
90796359,2018,2018-08-23,9675,2018-08-21,0245,019897,NA,2,3,6,3004,0,1,1,NA,2,405,I-405 N/B TO HARBOR BLVD,HARBOR BLVD,987,S,N,A,-,Y,NA,NA,405,NA,NA,NA,R,NA,N,Y,3,0,1,1,A,-,01,23152,A,N,E,I,A,A,H,-,C,D,0,NA,NA,NA,NA,Y,Y,A,01,0,1,0,0,0,0,0,0,0,-,-,33.68886184692383,-117.91587829589844,ORANGE,COSTA MESA,-117.91587829589844,33.68886184692383
90797312,2018,2018-08-24,9675,2018-08-18,1345,021386,NA,6,1,7,3001,0,1,3,NA,2,572,STATE ROUTE 57 SOUTHBOUND,BALL ROAD,2000,N,N,A,-,Y,NA,NA,57,NA,NA,NA,NA,NA,S,N,4,0,1,2,A,-,03,22350,NA,N,C,C,A,A,H,-,A,D,0,NA,NA,NA,NA,Y,NA,A,01,0,0,1,0,0,0,0,0,0,-,-,33.82381820678711,-117.8762664794922,ORANGE,ANAHEIM,-117.87631988525392,33.82381820678711
90799502,2018,2018-08-28,9675,2018-08-19,2050,021982,NA,7,2,6,3015,0,1,1,NA,2,502,I-5 S/B,ORANGEWOOD AVE,1000,S,N,A,-,Y,NA,NA,5,NA,NA,NA,NA,NA,S,Y,4,0,1,1,A,-,08,22107,NA,N,F,A,A,A,H,-,D,D,0,NA,NA,NA,NA,Y,NA,A,01,0,0,1,0,0,0,0,0,0,-,-,33.793270111083984,-117.89205169677734,ORANGE,ORANGE,-117.89205169677734,33.793270111083984
90799914,2018,2018-08-28,9675,2018-08-23,1740,021982,NA,4,2,5,3022,0,1,1,NA,2,503,I-5 S/B,NEWPORT AVE,1000,N,N,A,-,Y,NA,NA,5,NA,NA,NA,NA,NA,S,Y,4,0,1,2,A,-,03,22350,NA,N,C,C,A,A,H,-,A,D,0,NA,NA,Y,NA,Y,NA,C,02,0,0,1,0,0,0,0,0,1,-,-,33.73741912841797,-117.82467651367188,ORANGE,TUSTIN,-117.82466888427734,33.73745346069336
90801373,2018,2018-08-30,9670,2018-08-20,2140,021282,NA,1,2,6,3009,0,1,3,NA,2,023,SR-22 W/B FROM SR-39 (BEACH BLVD) S/B,STATE ROUTE 22,557,N,N,A,-,Y,NA,NA,NA,NA,NA,NA,NA,NA,NA,N,2,0,1,2,A,-,10,21950,A,N,G,B,B,A,H,-,C,D,0,Y,NA,NA,NA,Y,NA,A,01,1,0,0,0,1,0,0,0,0,-,-,33.46221160888672,-117.59340667724608,ORANGE,GARDEN GROVE,-118.04273986816406,33.775108337402344
90801884,2018,2018-08-30,9675,2018-08-28,0948,018834,NA,2,1,6,3008,0,1,3,NA,2,571,SR-57 SOUTHBOUND,YORBA LINDA BLVD,1500,N,N,A,-,Y,NA,NA,57,NA,NA,NA,NA,NA,S,Y,3,0,3,3,A,-,03,22350,NA,N,C,C,A,A,H,-,A,D,0,NA,NA,NA,NA,Y,NA,A,08,0,2,1,0,0,0,0,0,0,-,-,33.893768310546875,-117.88096618652344,ORANGE,FULLERTON,-117.88087463378906,33.893775939941406
90802021,2018,2018-08-30,9675,2018-08-26,0609,020027,NA,7,1,6,3004,0,1,3,NA,2,073,SR-73 NORTHBOUND,BAKER ST,400,S,N,A,-,Y,NA,NA,73,NA,NA,NA,NA,NA,N,Y,3,0,2,2,A,-,03,22350,NA,N,C,C,A,A,H,-,B,D,0,NA,NA,NA,NA,Y,NA,A,07,0,1,1,0,0,0,0,0,0,-,-,33.678829193115234,-117.89089965820313,ORANGE,COSTA MESA,-117.89077758789063,33.67893981933594
90804974,2018,2018-09-04,9670,2018-08-28,1657,022055,NA,2,2,4,3020,0,1,1,NA,2,045,I-405 S/B,SR-22,2640,N,N,A,-,Y,NA,NA,405,NA,NA,NA,NA,NA,S,Y,4,0,1,4,A,-,03,22350,NA,N,C,C,A,A,D,-,A,D,0,NA,NA,NA,NA,Y,NA,A,01,0,0,1,0,0,0,0,0,0,-,-,33.77410125732422,-118.06559753417967,ORANGE,SEAL BEACH,-118.06559753417967,33.774227142333984
90805798,2018,2018-09-05,9675,2018-08-30,1819,020240,NA,4,2,7,3001,0,1,3,NA,2,093,SR-91 EASTBOUND,TUSTIN AVE,81,W,N,A,-,Y,NA,NA,91,NA,NA,NA,NA,NA,E,Y,3,0,1,3,A,-,07,21658,A,N,B,C,A,A,H,-,A,D,0,NA,NA,Y,NA,Y,NA,D,22,0,1,0,0,0,0,0,0,1,-,-,33.85110092163086,-117.83808135986328,ORANGE,ANAHEIM,-117.83808135986328,33.8510856628418
90806271,2018,2018-09-05,9675,2018-08-29,1640,019942,NA,3,2,4,3002,0,1,3,NA,2,570,SR-57 N/B TO TONNER CANYON ROAD,TONNER CYN RD,35,N,N,A,-,Y,NA,NA,57,NA,NA,NA,R,NA,N,N,4,0,1,2,A,-,03,22350,NA,N,C,C,A,A,H,-,A,D,0,NA,NA,NA,NA,Y,NA,D,22,0,0,1,0,0,0,0,0,0,-,-,33.93838119506836,-117.8762435913086,ORANGE,BREA,-117.8762435913086,33.93838119506836
90808198,2018,2018-09-07,9675,2018-08-30,1335,021984,NA,4,1,6,3015,0,1,3,NA,2,222,SR-22 WESTBOUND,CAMBRIDGE ST,100,W,N,A,-,Y,NA,NA,22,NA,NA,NA,NA,NA,W,Y,3,0,1,3,A,-,03,22350,NA,F,C,C,A,A,H,-,A,D,0,NA,NA,NA,NA,Y,NA,A,07,0,1,0,0,0,0,0,0,0,-,-,33.77621078491211,-117.84449768066406,ORANGE,ORANGE,-117.84449005126952,33.77617645263672
90809199,2018,2018-09-10,9675,2018-09-04,1740,019804,NA,2,2,6,3026,0,1,1,NA,2,406,I-405 NORTHBOUND,CULVER DRIVE,100,S,N,B,-,Y,NA,NA,405,NA,NA,NA,NA,NA,N,Y,4,0,1,6,A,-,03,22350,NA,M,C,C,A,A,H,-,A,D,0,NA,NA,NA,NA,Y,NA,-,99,0,0,1,0,0,0,0,0,0,-,-,33.669090270996094,-117.82119750976563,ORANGE,IRVINE,-117.82119750976563,33.66909408569336
90814440,2018,2018-09-17,9675,2018-09-06,1755,022073,NA,4,2,6,3015,0,1,3,NA,2,550,SR-55 SOUTHBOUND,WALNUT AVE,50,S,N,A,-,Y,NA,NA,55,NA,NA,NA,NA,NA,S,Y,3,0,1,3,A,-,03,22350,NA,N,C,C,A,A,H,-,A,D,0,NA,NA,NA,NA,Y,NA,A,01,0,1,0,0,0,0,0,0,0,-,-,33.79413986206055,-117.83120727539063,ORANGE,ORANGE,-117.8310775756836,33.79413604736328
90814722,2018,2018-09-17,9670,2018-09-16,1640,021579,NA,7,2,5,3003,0,1,3,NA,2,092,SR-91 E/B,BEACH BLVD,100,W,N,A,-,Y,NA,NA,NA,NA,NA,NA,NA,NA,NA,Y,4,0,1,2,A,-,03,22350,NA,N,C,C,A,A,H,-,A,D,0,NA,NA,NA,NA,Y,NA,A,01,0,0,1,0,0,0,0,0,0,-,-,33.51211929321289,-117.5952377319336,ORANGE,BUENA PARK,-117.99842071533205,33.85598373413086
90814868,2018,2018-09-17,9675,2018-09-10,1755,021613,NA,1,2,6,3026,0,1,1,NA,2,407,I-405 SOUTHBOUND,CULVER DR,500,N,N,A,-,Y,NA,NA,405,NA,NA,NA,NA,NA,S,N,3,0,1,2,A,-,03,22350,NA,N,C,C,A,A,H,-,A,D,0,NA,NA,Y,NA,Y,NA,C,02,0,1,0,0,0,0,0,0,1,-,-,33.671199798583984,-117.82745361328124,ORANGE,IRVINE,-117.82754516601563,33.670928955078125
9081587,2020,2020-07-15,3002,2020-03-23,0715,1685,NA,1,5,4,3002,0,0,0,NA,0,012,CARBON CANYON RD,MILE MARKER 142 ORA 5.9,120,W,N,B,C,N,NA,NA,NA,NA,NA,NA,NA,NA,NA,Y,3,0,1,1,A,-,08,22107,NA,N,F,A,A,B,H,-,B,D,0,NA,NA,NA,NA,Y,NA,D,22,0,1,0,0,0,0,0,0,0,-,-,NA,NA,ORANGE,BREA,NA,NA
90815963,2018,2018-09-18,9690,2018-09-12,1205,014953,NA,3,1,4,3045,0,1,1,NA,2,055,I-5 S/B (SAN DIEGO FRWY),ALICIA PKWY,300,N,N,A,-,Y,NA,NA,5,NA,NA,NA,NA,NA,S,Y,4,0,1,3,A,-,03,22350,NA,N,C,C,A,A,H,-,A,D,0,NA,NA,NA,NA,Y,NA,D,22,0,0,1,0,0,0,0,0,0,-,-,33.605079650878906,-117.6914520263672,ORANGE,LAGUNA HILLS,-117.69146728515624,33.60505676269531
90816433,2018,2018-09-19,9670,2018-09-18,0950,012956,NA,2,1,9,3000,0,3,5,NA,2,005,"SR-39 (BEACH BOULEVARD),15300 BLOCK",ROCKWELL AVENUE,75,N,N,A,-,Y,NA,NA,39,NA,NA,NA,NA,NA,NA,Y,4,0,1,3,A,-,03,22350,NA,N,C,C,A,A,H,-,A,D,0,NA,NA,NA,NA,Y,NA,A,01,0,0,1,0,0,0,0,0,0,-,-,33.73902893066406,-117.98935699462892,ORANGE,UNINCORPORATED,-117.98933410644533,33.73902893066406
90818401,2018,2018-09-21,9675,2018-09-20,1942,021690,NA,4,2,6,3026,0,1,1,NA,2,503,I-5 N/B,JAMBOREE RD,300,S,N,A,-,Y,NA,NA,5,NA,NA,NA,NA,NA,N,Y,4,0,1,2,A,-,03,22350,NA,N,C,C,A,A,H,-,C,D,0,NA,NA,NA,NA,Y,NA,A,07,0,0,1,0,0,0,0,0,0,-,-,33.71623992919922,-117.79009246826172,ORANGE,IRVINE,-117.79007720947266,33.71626281738281
90819327,2018,2018-09-24,9675,2018-09-14,1812,021809,NA,5,2,7,3019,0,1,1,NA,2,503,I-5 N/B,JAMBOREE RD,1000,N,N,A,-,Y,NA,NA,NA,NA,NA,NA,NA,NA,NA,Y,4,0,1,2,A,-,03,22350,NA,N,C,C,A,A,H,-,A,D,0,NA,NA,NA,NA,Y,NA,A,07,0,0,1,0,0,0,0,0,0,-,-,33.72127914428711,-117.79733276367188,ORANGE,SANTA ANA,-117.797607421875,33.72151184082031
90820157,2018,2018-09-24,9675,2018-09-15,1005,022052,NA,6,1,7,3019,0,1,1,NA,2,502,I-5 NORTHBOUND,SR-22 EASTBOUND,1000,S,N,A,-,Y,NA,NA,5,NA,NA,NA,NA,NA,N,Y,3,0,1,2,A,-,03,22350,NA,N,C,C,A,A,H,-,A,D,0,NA,NA,NA,NA,Y,NA,A,01,0,1,0,0,0,0,0,0,0,-,-,33.77627944946289,-117.8738021850586,ORANGE,SANTA ANA,-117.87383270263672,33.7762565612793
90820198,2018,2018-09-24,9690,2018-09-20,1111,014953,NA,4,1,4,3045,0,1,1,NA,2,055,I-5 S/B (SAN DIEGO FRWY),EL TORO RD,63,S,N,A,-,Y,NA,NA,5,NA,NA,NA,NA,NA,S,Y,3,0,2,2,A,-,03,22350,NA,N,C,C,A,A,H,-,A,D,0,NA,NA,NA,NA,Y,NA,A,01,0,1,1,0,0,0,0,0,0,-,-,33.61439895629883,-117.70744323730467,ORANGE,LAGUNA HILLS,-117.70746612548828,33.61436462402344
90821121,2018,2018-09-25,9690,2018-09-21,1310,015927,NA,5,1,5,3028,0,1,1,NA,2,056,I-5 N/B (SAN DIEGO FRWY),CROWN VALLEY PKWY,2112,S,N,A,-,Y,NA,NA,5,NA,NA,NA,NA,NA,N,Y,4,0,1,2,A,-,03,22350,NA,N,C,C,A,A,H,-,A,D,0,NA,NA,NA,NA,Y,NA,D,22,0,0,1,0,0,0,0,0,0,-,-,33.554298400878906,-117.67269897460938,ORANGE,MISSION VIEJO,-117.67278289794922,33.554298400878906
90821820,2018,2018-09-26,9670,2018-09-04,0745,022065,NA,2,1,7,3001,0,1,1,NA,2,503,I-5 S/B FROM HARBOR BOULEVARD,HARBOR BLVD,100,N,N,B,-,Y,NA,NA,5,NA,NA,NA,R,NA,S,N,4,0,1,2,A,-,03,22350,NA,F,C,C,A,A,H,-,A,A,0,NA,NA,NA,NA,Y,NA,-,99,0,0,1,0,0,0,0,0,0,-,-,33.81526184082031,-117.91580963134766,ORANGE,ANAHEIM,-117.91580963134766,33.81526184082031
90822228,2018,2018-09-27,9670,2018-09-24,2020,020134,NA,1,2,9,3000,0,3,5,NA,2,004,ORANGE AVE,THISTLE RD,0,NA,Y,A,-,N,NA,NA,NA,NA,NA,NA,NA,NA,NA,N,4,0,1,2,A,-,09,21801,A,N,D,C,A,A,H,-,C,D,0,NA,NA,NA,NA,Y,NA,A,01,0,0,1,0,0,0,0,0,0,-,-,33.824989318847656,-117.9615478515625,ORANGE,UNINCORPORATED,-117.96160125732422,33.82500076293945
90825660,2018,2018-10-01,9670,2018-09-27,1500,021755,NA,4,2,6,3009,0,1,3,NA,2,024,SR-22 E/B,HARBOR BLVD,528,W,N,A,-,Y,NA,NA,22,NA,NA,NA,NA,NA,E,Y,4,0,2,4,A,-,03,22350,NA,N,C,C,A,A,H,-,A,D,0,NA,NA,NA,NA,Y,NA,A,01,0,0,2,0,0,0,0,0,0,-,-,33.76599884033203,-117.92662048339844,ORANGE,GARDEN GROVE,-117.92662048339844,33.766117095947266
9082582,2020,2020-05-20,3000,2020-02-15,1135,3497,992H4,6,5,5,3017,0,0,0,NA,0,174,AVENIDA PRESIDIO,ESPERANZA,120,E,N,A,-,N,NA,NA,NA,NA,NA,NA,NA,NA,NA,Y,4,0,1,1,A,-,08,22107,NA,N,E,I,A,A,H,-,A,D,0,NA,NA,NA,NA,Y,NA,A,01,0,0,1,0,0,0,0,0,0,-,-,NA,NA,ORANGE,SAN CLEMENTE,-117.60934448242188,33.4283447265625
90826169,2018,2018-10-02,9675,2018-09-23,1235,018868,NA,7,1,7,3001,0,1,3,NA,2,195,SR-91 WESTBOUND,WEIR CYN RD,900,E,N,A,-,Y,NA,NA,91,NA,NA,NA,NA,NA,W,Y,3,0,1,1,A,-,08,22107,NA,N,E,I,A,A,H,-,A,D,0,NA,NA,NA,NA,Y,NA,A,01,0,1,0,0,0,0,0,0,0,-,-,33.871131896972656,-117.73789215087892,ORANGE,ANAHEIM,-117.73786926269533,33.87139129638672
90828365,2018,2018-10-04,9675,2018-09-25,1005,018005,NA,2,1,6,3004,0,1,1,NA,2,405,I-405 S/B TO BRISTOL ST,BRISTOL ST,120,N,N,B,-,Y,NA,NA,NA,NA,NA,NA,NA,NA,NA,Y,3,0,1,1,A,-,03,22350,NA,N,E,I,A,A,H,-,A,D,0,NA,NA,Y,NA,Y,NA,C,02,0,1,0,0,0,0,0,0,1,-,-,33.4109992980957,-117.53109741210938,ORANGE,COSTA MESA,-117.88567352294922,33.687259674072266
9083032,2020,2020-07-16,3000,2020-03-06,1845,1916,921J1,5,5,4,3045,0,0,0,NA,0,746,ALICIA PKWY,OF BENTLEY,19,W,N,A,-,N,NA,NA,NA,NA,NA,NA,NA,NA,NA,Y,3,0,2,2,A,-,09,21801,A,N,D,C,A,A,H,-,C,D,0,NA,NA,Y,NA,Y,NA,A,08,0,1,1,0,0,0,0,0,1,-,-,NA,NA,ORANGE,LAGUNA HILLS,-117.69155120849608,33.60062026977539
90830867,2018,2018-10-08,9675,2018-09-28,1425,021983,NA,5,2,9,3000,0,1,1,NA,2,405,I-405 NORTHBOUND,MACARTHUR BLVD,1500,N,N,A,-,Y,NA,NA,405,NA,NA,NA,NA,NA,N,Y,4,0,1,2,A,-,03,22350,NA,N,C,C,A,A,H,-,A,D,0,NA,NA,NA,NA,Y,NA,A,01,0,0,1,0,0,0,0,0,0,-,-,33.68531036376953,-117.86222076416016,ORANGE,UNINCORPORATED,-117.86226654052734,33.68520736694336
90831045,2018,2018-10-08,9675,2018-09-30,0946,022052,NA,7,1,6,3026,0,1,3,NA,2,073,SR-73 SOUTHBOUND,RED HILL AVE,1000,S,N,A,-,Y,NA,NA,NA,NA,NA,NA,NA,NA,NA,Y,4,0,2,2,A,-,07,21658,A,N,C,C,A,A,H,-,A,D,0,NA,NA,NA,NA,Y,NA,A,01,0,0,2,0,0,0,0,0,0,-,-,33.666629791259766,-117.88062286376952,ORANGE,IRVINE,-117.87924194335938,33.665245056152344
9083209,2020,2020-07-14,3000,2020-03-10,1855,9704,922C7,2,5,5,3028,0,0,0,NA,0,754,MARGUERITE PKWY,MEDICAL CENTER,0,NA,Y,C,-,N,NA,NA,NA,NA,NA,NA,NA,NA,NA,Y,4,0,1,2,A,-,12,21453,A,N,D,C,A,B,H,-,B,A,0,NA,NA,NA,NA,Y,NA,A,01,0,0,1,0,0,0,0,0,0,-,-,NA,NA,ORANGE,MISSION VIEJO,-117.66413879394533,33.5579719543457
9083212,2020,2020-07-16,3007,2020-03-09,1830,321,63,1,5,5,3007,0,0,0,NA,0,003,ELLIS,MAGNOLIA,0,NA,Y,A,-,N,NA,NA,NA,NA,NA,NA,NA,NA,NA,Y,4,0,2,2,A,-,09,21801,A,N,D,C,A,A,H,-,A,A,0,NA,NA,NA,NA,Y,NA,A,01,0,0,2,0,0,0,0,0,0,-,-,NA,NA,ORANGE,FOUNTAIN VALLEY,-117.97161865234376,33.69401931762695
90832280,2018,2018-10-09,9690,2018-10-05,1510,020194,NA,5,2,4,3045,0,1,1,NA,2,055,I-5 S/B (SAN DIEGO FRWY),LAKE FOREST DR,800,S,N,A,-,Y,NA,NA,5,NA,NA,NA,NA,NA,S,Y,4,0,2,2,A,-,03,22350,NA,N,C,C,A,A,H,-,A,D,0,NA,NA,NA,NA,Y,NA,A,07,0,0,2,0,0,0,0,0,0,-,-,33.62302017211914,-117.71616363525392,ORANGE,LAGUNA HILLS,-117.7160186767578,33.62314987182617
90834852,2018,2018-10-12,9675,2018-10-08,0705,017833,NA,1,1,6,3004,0,1,3,NA,2,553,SR-55 SOUTHBOUND,PAULARINO AVE,15,N,N,B,-,Y,NA,NA,55,NA,NA,NA,NA,NA,S,Y,4,0,1,2,A,-,07,21658,A,N,C,C,A,A,H,-,A,D,0,NA,NA,NA,NA,Y,NA,A,01,0,0,1,0,0,0,0,0,0,-,-,33.682708740234375,-117.87721252441406,ORANGE,COSTA MESA,-117.8769302368164,33.68246841430664
90836612,2018,2018-10-16,9670,2018-09-06,1920,017951,NA,4,2,6,3009,0,1,3,NA,2,021,SR-22 WESTBOUND (GARDEN GROVE FREEWAY),VALLEY VIEW STREET,1751,E,N,A,-,Y,NA,NA,22,NA,NA,NA,NA,NA,W,Y,3,0,2,2,A,-,07,21658,A,F,B,C,A,A,H,-,C,D,0,NA,NA,NA,NA,Y,NA,-,99,0,2,0,0,0,0,0,0,0,-,-,33.774471282958984,-118.03157806396484,ORANGE,GARDEN GROVE,-118.03157806396484,33.77443313598633
90836830,2018,2018-10-16,9670,2018-10-10,1113,022081,NA,3,1,7,3001,0,1,3,NA,2,194,SR-91 E/B,BROOKHURST STREET,1000,W,N,A,-,Y,NA,NA,91,NA,NA,NA,NA,NA,E,Y,3,0,2,2,A,-,07,21658,A,N,B,C,A,A,H,-,A,D,0,NA,NA,NA,NA,Y,NA,A,07,0,1,1,0,0,0,0,0,0,-,-,33.853729248046875,-117.96212768554688,ORANGE,ANAHEIM,-117.96212768554688,33.853759765625
90838184,2018,2018-10-17,9675,2018-10-08,1520,021397,NA,1,2,6,3026,0,1,1,NA,2,406,I-405 NORTHBOUND,VON KARMAN AVE,1000,S,N,A,-,Y,NA,NA,405,NA,NA,NA,NA,NA,N,Y,3,0,1,2,A,-,03,22350,NA,N,C,C,A,A,H,-,A,D,0,NA,NA,Y,NA,Y,NA,C,02,0,1,0,0,0,0,0,0,1,-,-,33.679359436035156,-117.84903717041016,ORANGE,IRVINE,-117.84903717041016,33.67936325073242
90838870,2018,2018-11-16,9670,2018-10-11,0912,022081,NA,4,1,9,3000,0,3,5,NA,2,004,GILBERT STREET,KATELLA AVENUE,0,NA,Y,A,-,N,NA,NA,NA,NA,NA,NA,NA,NA,NA,Y,4,0,3,3,A,-,09,21453,C,N,B,C,A,A,H,-,A,A,0,NA,NA,NA,NA,Y,NA,A,07,0,0,3,0,0,0,0,0,0,-,-,33.8031005859375,-117.96755981445313,ORANGE,UNINCORPORATED,-117.96755981445313,33.80308151245117
90840594,2018,2018-10-22,9675,2018-10-16,0925,020668,NA,2,1,7,3019,0,1,1,NA,2,502,I-5 S/B,MAIN STREET,700,N,N,A,-,Y,NA,NA,5,NA,NA,NA,NA,NA,S,N,4,0,1,2,A,-,03,22350,NA,N,C,C,A,A,H,-,A,D,0,NA,NA,NA,NA,Y,NA,A,01,0,0,1,0,0,0,0,0,0,-,-,33.76921081542969,-117.8686065673828,ORANGE,SANTA ANA,-117.86859893798828,33.76921463012695
9084081,2020,2020-06-09,3007,2020-02-09,1633,280,19,7,5,5,3007,0,0,0,NA,0,002,HARBOR,LILAC,32,N,N,B,-,N,NA,NA,NA,NA,NA,NA,NA,NA,NA,N,4,0,1,2,A,-,03,22350,NA,N,C,C,A,A,H,-,A,D,0,NA,NA,NA,NA,Y,NA,A,01,0,0,1,0,0,0,0,0,0,-,-,NA,NA,ORANGE,FOUNTAIN VALLEY,-117.91998291015624,33.7310791015625
90842418,2018,2018-10-23,9675,2018-10-16,1629,021633,NA,2,2,6,3015,0,1,3,NA,2,551,SR-55 N/B,CHAPMAN AVE,1000,S,N,A,-,Y,NA,NA,55,NA,NA,NA,NA,NA,N,Y,4,0,2,3,A,-,03,22350,NA,N,C,C,A,A,H,-,A,D,0,NA,NA,NA,NA,Y,NA,A,01,0,0,2,0,0,0,0,0,0,-,-,33.7841796875,-117.83080291748048,ORANGE,ORANGE,-117.83090972900392,33.7841796875
90842470,2018,2018-10-23,9675,2018-10-16,1720,017993,NA,2,2,7,3001,0,1,3,NA,2,094,SR-91 WESTBOUND,IMPERIAL HIGHWAY,2000,W,N,A,-,Y,NA,NA,91,NA,NA,NA,NA,NA,W,Y,4,0,1,3,A,-,03,22350,NA,N,C,C,A,A,H,-,A,D,0,NA,NA,NA,NA,Y,NA,A,01,0,0,1,0,0,0,0,0,0,-,-,33.854469299316406,-117.79077911376952,ORANGE,ANAHEIM,-117.79077911376952,33.854515075683594
90843493,2018,2018-10-24,9670,2018-10-06,1355,022055,NA,6,1,5,3007,0,1,1,NA,2,040,I-405 N/B TO EUCLID ST.,EULCLID ST.,100,S,N,A,-,Y,NA,NA,405,NA,NA,NA,R,NA,N,Y,3,0,1,1,A,-,03,22350,NA,N,E,I,A,A,D,-,A,D,0,NA,NA,NA,NA,Y,NA,A,01,0,1,0,0,0,0,0,0,0,-,-,33.698028564453125,-117.93875885009766,ORANGE,FOUNTAIN VALLEY,-117.93875885009766,33.698028564453125
9084600,2020,2020-06-26,3004,2020-03-14,0734,P462,35,6,5,6,3004,0,0,0,NA,0,002,NEWPORT BL,FAIR DR,0,NA,Y,B,-,N,NA,NA,55,NA,NA,NA,NA,NA,NA,Y,4,0,1,2,D,-,00,NA,NA,N,D,C,A,A,H,-,A,A,0,NA,NA,NA,NA,Y,NA,-,-,0,0,1,0,0,0,0,0,0,-,-,33.66292953491211,-117.89710235595705,ORANGE,COSTA MESA,-117.89746856689452,33.663291931152344
90846967,2018,2018-10-29,9675,2018-10-17,2316,020550,NA,3,3,5,3022,0,1,3,NA,2,551,SR-55 SOUTHBOUND,4TH ST,100,N,N,A,-,Y,NA,NA,55,NA,NA,NA,NA,NA,S,Y,3,0,2,2,A,-,03,22350,NA,N,C,C,A,A,H,-,D,D,0,NA,NA,NA,NA,Y,NA,A,01,0,1,1,0,0,0,0,0,0,-,-,33.748958587646484,-117.83235168457033,ORANGE,TUSTIN,-117.83226013183594,33.74894714355469