CASE_ID,ACCIDENT_YEAR,PROC_DATE,JURIS,COLLISION_DATE,COLLISION_TIME,OFFICER_ID,REPORTING_DISTRICT,DAY_OF_WEEK,CHP_SHIFT,POPULATION,CNTY_CITY_LOC,SPECIAL_COND,BEAT_TYPE,CHP_BEAT_TYPE,CITY_DIVISION_LAPD,CHP_BEAT_CLASS,BEAT_NUMBER,PRIMARY_RD,SECONDARY_RD,DISTANCE,DIRECTION,INTERSECTION,WEATHER_1,WEATHER_2,STATE_HWY_IND,CALTRANS_COUNTY,CALTRANS_DISTRICT,STATE_ROUTE,ROUTE_SUFFIX,POSTMILE_PREFIX,POSTMILE,LOCATION_TYPE,RAMP_INTERSECTION,SIDE_OF_HWY,TOW_AWAY,COLLISION_SEVERITY,NUMBER_KILLED,NUMBER_INJURED,PARTY_COUNT,PRIMARY_COLL_FACTOR,PCF_CODE_OF_VIOL,PCF_VIOL_CATEGORY,PCF_VIOLATION,PCF_VIOL_SUBSECTION,HIT_AND_RUN,TYPE_OF_COLLISION,MVIW,PED_ACTION,ROAD_SURFACE,ROAD_COND_1,ROAD_COND_2,LIGHTING,CONTROL_DEVICE,CHP_ROAD_TYPE,PEDESTRIAN_ACCIDENT,BICYCLE_ACCIDENT,MOTORCYCLE_ACCIDENT,TRUCK_ACCIDENT,NOT_PRIVATE_PROPERTY,ALCOHOL_INVOLVED,STWD_VEHTYPE_AT_FAULT,CHP_VEHTYPE_AT_FAULT,COUNT_SEVERE_INJ,COUNT_VISIBLE_INJ,COUNT_COMPLAINT_PAIN,COUNT_PED_KILLED,COUNT_PED_INJURED,COUNT_BICYCLIST_KILLED,COUNT_BICYCLIST_INJURED,COUNT_MC_KILLED,COUNT_MC_INJURED,PRIMARY_RAMP,SECONDARY_RAMP,LATITUDE,LONGITUDE,COUNTY,CITY,POINT_X,POINT_Y
90849720,2018,2018-10-31,9675,2018-10-24,1330,018102,NA,3,1,9,3000,0,3,5,NA,2,002,DODGE AVENUE,TEA HOUSE STREET,10,E,N,A,-,N,NA,NA,NA,NA,NA,NA,NA,NA,NA,Y,4,0,5,3,A,-,03,22350,NA,N,C,C,A,A,H,-,A,D,0,NA,NA,NA,NA,Y,NA,A,07,0,0,5,0,0,0,0,0,0,-,-,33.765960693359375,-117.8009033203125,ORANGE,UNINCORPORATED,-117.8009796142578,33.76591110229492
90851968,2018,2018-11-02,9690,2018-10-31,0645,015927,NA,3,1,5,3050,0,1,1,NA,2,055,I-5 N/B (SAN DIEGO FRWY),EL TORO RD,1284,N,N,B,-,Y,NA,NA,5,NA,NA,NA,NA,NA,N,Y,3,0,2,2,A,-,03,22350,NA,N,C,C,A,A,H,-,A,D,0,NA,NA,NA,Y,Y,NA,F,26,0,2,0,0,0,0,0,0,0,-,-,33.617698669433594,-117.7104034423828,ORANGE,LAKE FOREST,-117.71044921875,33.61765670776367
90853535,2018,2018-11-06,9675,2018-10-26,1655,021982,NA,5,2,6,3026,0,1,1,NA,2,503,I-5 N/B,TUSTIN RANCH RD,480,S,N,A,-,Y,NA,NA,NA,NA,NA,NA,NA,NA,NA,N,3,0,1,3,A,-,07,21658,A,N,C,C,A,A,H,-,A,D,0,NA,NA,Y,NA,Y,NA,A,08,0,1,0,0,0,0,0,0,1,-,-,33.72412872314453,-117.80142211914063,ORANGE,IRVINE,-117.80268096923828,33.72499084472656
90854122,2018,2018-11-06,9675,2018-10-29,1905,021397,NA,1,2,7,3019,0,1,1,NA,2,502,I-5 SOUTHBOUND,MAIN ST,1685,S,N,A,-,Y,NA,NA,5,NA,NA,NA,NA,NA,S,Y,4,0,1,3,A,-,07,21658,A,N,B,C,A,A,H,-,C,D,0,NA,NA,NA,NA,Y,NA,A,01,0,0,1,0,0,0,0,0,0,-,-,33.76311111450195,-117.86515045166016,ORANGE,SANTA ANA,-117.864990234375,33.76320266723633
90860864,2018,2018-11-15,9675,2018-11-11,1758,021941,NA,7,2,9,3000,0,2,4,NA,2,034,SANTIAGO CANYON ROAD N/B,SILVERADO CANYON ROAD,0,NA,Y,A,-,N,NA,NA,NA,NA,NA,NA,NA,NA,NA,Y,3,0,1,1,A,-,01,23152,A,N,F,A,A,A,H,-,C,D,0,NA,NA,Y,NA,Y,Y,C,02,0,1,0,0,0,0,0,0,1,-,-,33.74842071533203,-117.67340087890624,ORANGE,UNINCORPORATED,-117.67305755615234,33.74821853637695
90861203,2018,2018-11-15,9690,2018-11-15,0859,015927,NA,4,1,5,3028,0,1,1,NA,2,056,I-5 S/B (SAN DIEGO FRWY),OSO CREEK,600,S,N,A,-,Y,NA,NA,5,NA,NA,NA,NA,NA,S,Y,4,0,2,2,A,-,03,22350,NA,N,C,C,A,A,H,-,A,D,0,NA,NA,NA,NA,Y,NA,A,01,0,0,2,0,0,0,0,0,0,-,-,33.57270050048828,-117.6718978881836,ORANGE,MISSION VIEJO,-117.67203521728516,33.57270050048828
90861720,2018,2018-11-16,9675,2018-11-08,0950,019348,NA,4,1,4,3002,0,1,3,NA,2,570,SR-57 SOUTHBOUND,IMPERIAL HIGHWAY,900,N,N,A,-,Y,NA,NA,57,NA,NA,NA,NA,NA,S,Y,4,0,1,2,A,-,03,22350,NA,N,C,C,A,A,H,-,A,D,0,NA,NA,NA,NA,Y,NA,E,22,0,0,1,0,0,0,0,0,0,-,-,33.9140510559082,-117.88300323486328,ORANGE,BREA,-117.88291168212892,33.91400909423828
90863503,2018,2018-11-20,9675,2018-11-09,1512,020091,NA,5,2,6,3026,0,1,1,NA,2,407,I-405 NORTHBOUND,SAND CANYON AVE,150,S,N,A,-,Y,NA,NA,405,NA,NA,NA,NA,NA,N,Y,4,0,2,4,A,-,03,22350,NA,N,C,C,A,A,H,-,A,D,0,NA,NA,NA,NA,Y,NA,A,01,0,0,2,0,0,0,0,0,0,-,-,33.657371520996094,-117.77710723876952,ORANGE,IRVINE,-117.777099609375,33.65738296508789
90865687,2018,2018-11-23,9675,2018-11-10,0041,021377,NA,6,3,5,3022,0,1,1,NA,2,503,I-5 NORTHBOUND,TUSTIN RANCH RD,2350,N,N,A,-,Y,NA,NA,5,NA,NA,NA,NA,NA,N,Y,4,0,1,2,C,-,18,NA,NA,N,D,C,A,A,H,-,D,D,0,NA,NA,NA,NA,Y,NA,-,-,0,0,1,0,0,0,0,0,0,-,-,33.729949951171875,-117.80989074707033,ORANGE,TUSTIN,-117.80991363525392,33.72991180419922
90866003,2018,2018-11-26,9675,2018-11-13,1738,021809,NA,2,2,7,3019,0,1,3,NA,2,551,SR-55 S/B,17TH ST,1300,N,N,A,-,Y,NA,NA,55,NA,NA,NA,NA,NA,S,N,4,0,1,3,A,-,03,22350,NA,M,C,C,A,A,H,-,D,D,0,NA,NA,NA,NA,Y,NA,-,99,0,0,1,0,0,0,0,0,0,-,-,33.76403045654297,-117.83120727539063,ORANGE,SANTA ANA,-117.83116912841795,33.76403045654297
90866703,2018,2018-11-26,9670,2018-11-21,1510,022055,NA,3,2,7,3001,0,1,3,NA,2,094,SR-91 E/B FROM LEMON ST,LEMON ST.,50,E,N,A,-,Y,NA,NA,91,NA,NA,NA,R,NA,E,N,4,0,1,2,A,-,03,22350,NA,N,C,C,A,A,H,-,A,D,0,NA,NA,NA,NA,Y,NA,D,22,0,0,1,0,0,0,0,0,0,-,-,33.85390090942383,-117.91885375976563,ORANGE,ANAHEIM,-117.91885375976563,33.85390090942383
90866960,2018,2018-11-26,9675,2018-11-11,2136,020694,NA,7,2,6,3026,0,1,3,NA,2,130,SR-133 NORTHBOUND,IRVINE BLVD,2112,S,N,G,-,Y,NA,NA,133,NA,NA,NA,NA,NA,N,Y,4,0,1,2,A,-,08,22107,NA,N,B,C,A,A,H,-,D,D,0,NA,NA,NA,NA,Y,NA,A,01,0,0,1,0,0,0,0,0,0,-,-,33.69186019897461,-117.7397232055664,ORANGE,IRVINE,-117.73976135253906,33.69189453125
90867812,2018,2018-11-27,9675,2018-11-15,1925,021984,NA,4,2,7,3019,0,1,1,NA,2,502,I-5 NORTHBOUND,MAIN ST,100,N,N,A,-,Y,NA,NA,5,NA,NA,NA,NA,NA,N,N,3,0,1,1,A,-,08,22107,NA,N,E,I,A,A,H,-,C,D,0,NA,NA,NA,NA,Y,NA,A,01,0,1,0,0,0,0,0,0,0,-,-,33.76921081542969,-117.86807250976563,ORANGE,SANTA ANA,-117.86804962158205,33.769222259521484
90867826,2018,2018-11-27,9675,2018-11-26,0115,021377,NA,1,3,7,3019,0,1,1,NA,2,502,I-5 NORTHBOUND,GRAND AVE,200,S,N,A,-,Y,NA,NA,5,NA,NA,NA,NA,NA,N,Y,4,0,1,2,A,-,01,23152,A,N,B,C,A,A,H,-,C,D,0,NA,NA,NA,NA,Y,Y,A,07,0,0,1,0,0,0,0,0,0,-,-,33.7547607421875,-117.85115051269533,ORANGE,SANTA ANA,-117.85112762451172,33.75480651855469
9086978,2020,2020-07-30,3007,2020-04-22,1704,304,35,3,5,5,3007,0,0,0,NA,0,001,BROOKHURST,WARNER,0,NA,Y,A,-,N,NA,NA,NA,NA,NA,NA,NA,NA,NA,Y,3,0,2,2,A,-,09,21453,C,N,F,C,A,A,H,-,A,A,0,NA,NA,NA,NA,Y,NA,A,07,0,1,1,0,0,0,0,0,0,-,-,NA,NA,ORANGE,FOUNTAIN VALLEY,-117.95458984375,33.716339111328125
90873584,2018,2018-12-03,9675,2018-11-21,1333,020091,NA,3,1,6,3026,0,1,1,NA,2,406,I-405 SOUTHBOUND,JAMBOREE RD,1000,N,N,A,-,Y,NA,NA,405,NA,NA,NA,NA,NA,S,Y,4,0,1,2,A,-,01,23152,A,N,C,C,A,A,H,-,A,D,0,NA,NA,NA,NA,Y,Y,A,01,0,0,1,0,0,0,0,0,0,-,-,33.67921829223633,-117.84945678710938,ORANGE,IRVINE,-117.84944915771484,33.679237365722656
90873999,2018,2018-12-03,9670,2018-12-01,1250,018757,NA,6,1,9,3000,0,3,5,NA,2,004,"HARCOURT AVE., 10800 BLOCK",PACIFIC AVE,900,S,N,A,-,N,NA,NA,NA,NA,NA,NA,NA,NA,NA,N,2,0,1,2,A,-,11,21954,A,N,G,B,D,A,H,-,A,D,0,Y,NA,NA,NA,Y,NA,N,60,1,0,0,0,1,0,0,0,0,-,-,33.80459976196289,-117.96890258789063,ORANGE,UNINCORPORATED,-117.96865081787108,33.8077392578125
90874714,2018,2018-12-04,9690,2018-11-29,0820,014953,NA,4,1,9,3000,0,1,3,NA,2,073,SR 73 N/B (SAN JOAQUIN HILLS TRANS COR),WILDLIFE UC #1,1064,N,N,C,-,Y,NA,NA,73,NA,NA,NA,NA,NA,N,Y,3,0,1,3,A,-,03,22350,NA,N,C,C,A,B,H,-,A,D,0,NA,NA,NA,NA,Y,NA,A,01,0,1,0,0,0,0,0,0,0,-,-,33.60274887084961,-117.78604125976563,ORANGE,UNINCORPORATED,-117.78604125976563,33.60276412963867
9087491,2020,2020-10-23,3009,2020-03-14,0209,4616,081,6,5,6,3009,0,0,0,NA,0,1-2,GILBERT ST,ORANGEWOOD AV,0,NA,Y,C,-,N,NA,NA,NA,NA,NA,NA,NA,NA,NA,Y,4,0,1,2,A,-,04,21703,NA,M,C,C,A,B,H,-,C,A,0,NA,NA,NA,NA,Y,NA,-,99,0,0,1,0,0,0,0,0,0,-,-,NA,NA,ORANGE,GARDEN GROVE,-117.967529296875,33.79579162597656
90875059,2018,2018-12-04,9675,2018-11-26,0955,014554,NA,1,1,7,3001,0,1,3,NA,2,095,SR-91 WESTBOUND FROM WEIR CANYON ROAD,WEIR CYN RD,1100,W,N,A,-,Y,NA,NA,NA,NA,NA,NA,NA,NA,NA,Y,3,0,1,1,A,-,08,22107,NA,N,E,I,A,A,H,-,A,A,0,NA,NA,NA,Y,Y,NA,F,26,0,1,0,0,0,0,0,0,0,-,-,33.52149963378906,-117.44580078125,ORANGE,ANAHEIM,-117.74839019775392,33.870094299316406
90875670,2018,2018-12-05,9675,2018-11-28,1615,019942,NA,3,2,7,3019,0,1,3,NA,2,222,SR-22 EASTBOUND,MAIN ST,900,E,N,B,-,Y,NA,NA,NA,NA,NA,NA,NA,NA,NA,N,4,0,1,2,A,-,07,21658,A,N,B,C,A,A,H,-,A,D,0,NA,NA,NA,NA,Y,NA,A,01,0,0,1,0,0,0,0,0,0,-,-,33.76531982421875,-117.43321990966795,ORANGE,SANTA ANA,-117.8672332763672,33.77817153930664
90876365,2018,2018-12-05,9670,2018-12-04,0900,016209,NA,2,1,6,3009,0,1,3,NA,2,024,SR-22 E/B (GARDEN GROVE FREEWAY),EUCLID ST.,1056,E,N,A,-,Y,NA,NA,22,NA,NA,NA,NA,NA,E,Y,4,0,1,2,A,-,03,22350,NA,N,C,C,A,A,H,-,A,D,0,NA,NA,NA,NA,Y,NA,A,01,0,0,1,0,0,0,0,0,0,-,-,33.76588821411133,-117.93303680419922,ORANGE,GARDEN GROVE,-117.93304443359376,33.76606369018555
90876912,2018,2018-12-06,9675,2018-12-03,0650,015914,NA,1,1,6,3026,0,1,3,NA,2,551,SR-55 SOUTHBOUND,4TH ST.,300,S,N,A,-,Y,NA,NA,NA,NA,NA,NA,NA,NA,NA,N,4,0,1,3,A,-,03,22350,NA,N,C,C,A,A,H,-,A,D,0,NA,NA,NA,NA,Y,NA,D,22,0,0,1,0,0,0,0,0,0,-,-,33.74769973754883,-117.83270263671876,ORANGE,IRVINE,NA,NA
90877015,2018,2018-12-06,9675,2018-11-28,1052,018039,NA,3,1,6,3015,0,1,3,NA,2,550,SR-55 SOUTHBOUND,CHAPMAN AVE,1120,N,N,A,-,Y,NA,NA,55,NA,NA,NA,NA,NA,S,Y,4,0,2,3,A,-,03,22350,NA,N,C,C,A,A,H,-,A,D,0,NA,NA,NA,NA,Y,NA,A,01,0,0,2,0,0,0,0,0,0,-,-,33.79201889038086,-117.8310317993164,ORANGE,ORANGE,-117.83110809326172,33.79201889038086
90877034,2018,2018-12-06,9690,2018-11-26,1525,019174,NA,1,2,4,3045,0,1,1,NA,2,055,I-5 S/B (SAN DIEGO FRWY),EL TORO RD,225,S,N,A,-,Y,NA,NA,NA,NA,NA,NA,NA,NA,NA,Y,4,0,2,2,A,-,03,22350,NA,N,C,C,A,A,H,-,A,D,0,NA,NA,NA,NA,Y,NA,A,01,0,0,2,0,0,0,0,0,0,-,-,33.3650016784668,-117.4228973388672,ORANGE,LAGUNA HILLS,-117.7077178955078,33.61460876464844
90877100,2018,2018-12-06,9675,2018-11-28,0600,015784,NA,3,1,7,3001,0,1,3,NA,2,095,SR-91 WESTBOUND,COAL CYN RD,2800,E,N,A,-,Y,NA,NA,NA,NA,NA,NA,NA,NA,NA,N,4,0,1,3,A,-,03,22350,NA,N,C,C,A,A,H,-,D,D,0,NA,NA,NA,NA,Y,NA,A,07,0,0,1,0,0,0,0,0,0,-,-,33.521671295166016,-117.4040298461914,ORANGE,ANAHEIM,NA,NA
90877141,2018,2018-12-06,9675,2018-12-04,1015,015914,NA,2,1,6,3026,0,1,1,NA,2,406,I-405 NORTHBOUND,HARVARD AVE,300,S,N,A,-,Y,NA,NA,405,NA,NA,NA,NA,NA,N,Y,4,0,1,3,A,-,03,22350,NA,N,C,C,A,A,H,-,A,D,0,NA,NA,NA,NA,Y,NA,D,22,0,0,1,0,0,0,0,0,0,-,-,33.67179870605469,-117.8302001953125,ORANGE,IRVINE,-117.83010864257813,33.672080993652344
90877759,2018,2018-12-07,9675,2018-11-27,1730,022074,NA,2,2,6,3015,0,1,3,NA,2,222,SR-22 EASTBOUND,GRAND AVE,500,E,N,A,-,Y,NA,NA,22,NA,NA,NA,NA,NA,E,Y,3,0,1,2,A,-,03,22350,NA,N,C,C,A,A,H,-,C,D,0,NA,NA,NA,NA,Y,NA,A,01,0,1,0,0,0,0,0,0,0,-,-,33.77579116821289,-117.8452377319336,ORANGE,ORANGE,-117.84524536132813,33.77580642700195
90879573,2018,2018-12-10,9675,2018-12-03,1810,021438,NA,1,2,6,3015,0,1,1,NA,2,502,I-5 S/B,CHAPMAN AVE,440,N,N,A,-,Y,NA,NA,5,NA,NA,NA,NA,NA,S,Y,4,0,2,3,A,-,03,22350,NA,N,C,C,A,A,H,-,C,D,0,NA,NA,NA,NA,Y,NA,A,08,0,0,2,0,0,0,0,0,0,-,-,33.79048156738281,-117.88887786865234,ORANGE,ORANGE,-117.88892364501952,33.790428161621094
90881649,2018,2018-12-12,9670,2018-10-29,1130,018516,NA,1,1,9,3000,0,3,5,NA,2,004,MAGNOLIA AVENUE,KATELLA AVENUE,0,NA,Y,A,-,N,NA,NA,NA,NA,NA,NA,NA,NA,NA,N,3,0,1,2,A,-,12,21453,A,N,D,C,A,A,H,-,A,A,0,NA,Y,NA,NA,Y,NA,L,04,0,1,0,0,0,0,1,0,0,-,-,33.80305862426758,-117.9755401611328,ORANGE,UNINCORPORATED,-117.97564697265624,33.80308151245117
90883049,2018,2018-12-14,9675,2018-12-06,1008,018039,NA,4,1,7,3019,0,1,3,NA,2,552,SR-55 SOUTHBOUND,MACARTHUR BLVD,800,S,N,C,-,Y,NA,NA,55,NA,NA,NA,NA,NA,S,Y,4,0,1,2,A,-,03,22350,NA,N,B,C,A,B,H,-,A,D,0,NA,NA,NA,NA,Y,NA,A,01,0,0,1,0,0,0,0,0,0,-,-,33.69573974609375,-117.86459350585938,ORANGE,SANTA ANA,-117.86442565917967,33.695594787597656
90883447,2018,2018-12-14,9675,2018-12-11,1653,018272,NA,2,2,5,3014,0,1,3,NA,2,073,SR-73 S/B (CORONA DEL MAR FREEWAY),JAMBOREE RD.,1500,N,N,A,-,Y,NA,NA,73,NA,NA,NA,NA,NA,S,Y,4,0,2,3,A,-,03,22350,NA,N,C,C,A,A,H,-,C,D,0,NA,NA,NA,NA,Y,NA,A,07,0,0,2,0,0,0,0,0,0,-,-,33.657310485839844,-117.86814880371094,ORANGE,NEWPORT BEACH,-117.8681182861328,33.657352447509766
9088399,2020,2020-11-19,3011,2020-03-24,1109,31407,35,2,5,4,3011,0,0,0,NA,0,001,RT 133,ACACIA DR,0,NA,Y,B,-,Y,ORA,12,133,-,-,0.26,H,-,N,Y,4,0,1,3,A,-,03,22350,NA,N,D,C,A,B,H,-,A,D,0,NA,NA,NA,Y,Y,NA,A,07,0,0,1,0,0,0,0,0,0,-,-,NA,NA,ORANGE,LAGUNA BEACH,-117.78253173828124,33.545631408691406
90884619,2018,2018-12-17,9670,2018-12-14,1135,021459,NA,5,1,6,3010,0,1,1,NA,2,041,I-405 S/B,EDINGER AVE,1000,S,N,A,-,Y,NA,NA,405,NA,NA,NA,NA,NA,S,Y,4,0,1,2,A,-,08,22107,NA,N,B,C,A,A,D,E,A,D,0,NA,NA,NA,NA,Y,NA,A,01,0,0,1,0,0,0,0,0,0,-,-,33.72800064086914,-117.98272705078124,ORANGE,HUNTINGTON BEACH,-117.98275756835938,33.72795486450195
90886199,2018,2019-07-16,9670,2018-06-15,0235,021585,NA,5,3,4,3020,0,1,1,NA,2,045,INTERSTATE 405 SOUTHBOUND,SEAL BEACH BOULEVARD,2049,N,N,A,-,Y,NA,NA,405,NA,NA,NA,NA,NA,S,Y,1,2,3,4,C,-,18,NA,NA,N,C,C,E,A,D,-,C,D,0,Y,NA,NA,NA,Y,NA,-,-,2,1,0,2,0,0,0,0,0,-,-,33.7741813659668,-118.08204650878906,ORANGE,SEAL BEACH,-118.08204650878906,33.77428436279297
90887246,2018,2018-12-20,9670,2018-12-18,1440,021207,NA,2,2,6,3009,0,1,3,NA,2,023,SR-22 W/B (GARDEN GROVE FREEWAY),MAGNOLIA ST,200,W,N,A,-,Y,NA,NA,22,NA,NA,NA,NA,NA,W,Y,3,0,2,3,A,-,08,22107,NA,F,B,C,A,A,H,-,A,D,0,NA,NA,NA,NA,Y,NA,-,99,0,1,1,0,0,0,0,0,0,-,-,33.76607131958008,-117.97360229492188,ORANGE,GARDEN GROVE,-117.97357940673828,33.76615905761719
90889093,2018,2018-12-24,9670,2018-12-22,1722,021585,NA,6,2,5,3007,0,1,1,NA,2,041,I-405 S/B,WARNER AVE,1056,N,N,A,-,Y,NA,NA,405,NA,NA,NA,NA,NA,S,N,4,0,1,3,A,-,03,22350,NA,N,C,C,A,A,D,-,C,D,0,NA,NA,NA,NA,Y,NA,A,01,0,0,1,0,0,0,0,0,0,-,-,33.7169303894043,-117.96842193603516,ORANGE,FOUNTAIN VALLEY,-117.96845245361328,33.71689224243164
90889132,2018,2018-12-24,9675,2018-12-16,0610,020668,NA,7,1,7,3019,0,1,1,NA,2,502,I-5 S/B,BROADWAY,850,N,N,A,-,Y,NA,NA,5,NA,NA,NA,NA,NA,S,Y,4,0,4,2,A,-,03,22350,NA,N,C,C,A,A,H,-,C,D,0,NA,NA,NA,NA,Y,NA,A,01,0,0,4,0,0,0,0,0,0,-,-,33.77186965942383,-117.87075042724608,ORANGE,SANTA ANA,-117.87069702148438,33.77191162109375
90896197,2018,2019-01-02,9670,2018-12-29,1320,021180,NA,6,1,6,3009,0,1,3,NA,2,024,SR-22 E/B,LEWIS ST,528,W,N,A,-,Y,NA,NA,22,NA,NA,NA,NA,NA,E,Y,4,0,1,2,A,-,03,22350,NA,N,C,C,A,A,H,-,A,D,0,NA,NA,NA,NA,Y,NA,A,01,0,0,1,0,0,0,0,0,0,-,-,33.77785110473633,-117.89778137207033,ORANGE,GARDEN GROVE,-117.8978271484375,33.77796173095703
90902600,2019,2019-01-11,9670,2019-01-08,1720,019290,NA,2,2,6,3009,0,1,3,NA,2,021,SR-22 W/B (GARDEN GROVE FWY),SPRINGDALE ST,528,W,N,A,-,Y,NA,NA,22,NA,NA,NA,NA,NA,W,N,4,0,1,3,A,-,03,22350,NA,N,C,C,A,A,H,-,B,D,0,NA,NA,NA,NA,Y,NA,A,07,0,0,1,0,0,0,0,0,0,-,-,33.774410247802734,-118.0212631225586,ORANGE,GARDEN GROVE,-118.0212631225586,33.77439880371094
90904188,2019,2019-01-14,9690,2019-01-12,0400,020472,NA,6,3,9,3000,0,1,3,NA,1,074,SR 74 W/B (ORTEGA HWY),74 ORA 12.34,2640,W,N,C,-,Y,NA,NA,74,NA,NA,NA,NA,NA,W,Y,4,0,1,1,A,-,08,22107,NA,N,E,I,A,B,H,-,D,D,0,NA,NA,NA,NA,Y,NA,A,01,0,0,1,0,0,0,0,0,0,-,-,33.592288970947266,-117.51200103759766,ORANGE,UNINCORPORATED,-117.5119857788086,33.592254638671875
9090534,2020,2020-06-17,3001,2020-03-29,1534,889,31,7,5,7,3001,0,0,0,NA,0,031,CRONE AV,EUCLID ST,137,W,N,A,-,N,NA,NA,NA,NA,NA,NA,NA,NA,NA,Y,4,0,1,2,A,-,00,31804,A,N,A,C,A,A,H,-,A,D,0,NA,NA,NA,NA,Y,NA,A,01,0,0,1,0,0,0,0,0,0,-,-,NA,NA,ORANGE,ANAHEIM,-117.94190216064452,33.821651458740234
90906984,2019,2019-01-18,9670,2019-01-09,0006,021282,NA,3,3,5,3003,0,1,1,NA,2,500,INTERSTATE 5 NB,BEACH BOULEVARD (SR-39),150,S,N,A,-,Y,NA,NA,NA,NA,NA,NA,NA,NA,NA,Y,4,0,1,3,A,-,01,23152,A,N,C,C,A,A,H,-,C,D,0,NA,NA,NA,NA,Y,Y,A,01,0,0,1,0,0,0,0,0,0,-,-,33.51560974121094,-117.59500885009766,ORANGE,BUENA PARK,-117.9980010986328,33.86642074584961
90907229,2019,2019-01-18,9670,2019-01-11,1555,021585,NA,5,2,5,3007,0,1,1,NA,2,040,I-405 N/B,MAGNOLIA ST,1056,N,N,A,-,Y,NA,NA,NA,NA,NA,NA,NA,NA,NA,N,4,0,1,2,A,-,03,22350,NA,N,C,C,A,A,H,-,A,D,0,NA,NA,NA,NA,Y,NA,A,07,0,0,1,0,0,0,0,0,0,-,-,33.72291946411133,-117.97492218017578,ORANGE,FOUNTAIN VALLEY,-117.97442626953124,33.72221755981445
90908251,2019,2019-01-22,9670,2019-01-17,0821,022065,NA,4,1,6,3009,0,1,3,NA,2,024,SR-22 EASTBOUND,HARBOR BLVD,2112,W,N,C,-,Y,NA,NA,22,NA,NA,NA,NA,NA,E,Y,4,0,2,2,A,-,03,22350,NA,N,C,C,A,B,H,-,A,D,0,NA,NA,NA,NA,Y,NA,A,01,0,0,2,0,0,0,0,0,0,-,-,33.76604080200195,-117.92809295654295,ORANGE,GARDEN GROVE,-117.92809295654295,33.7661018371582
90908709,2019,2019-01-22,9670,2019-01-18,2200,021467,NA,5,3,5,3024,0,1,1,NA,2,042,I-405 N/B (SAN DIEGO FWY),BEACH BLVD,2640,N,N,A,-,Y,NA,NA,405,NA,NA,NA,NA,NA,N,Y,3,0,1,2,A,-,03,22350,NA,N,C,C,A,A,H,-,C,D,0,NA,NA,NA,NA,Y,NA,A,01,0,1,0,0,0,0,0,0,0,-,-,33.738319396972656,-117.99701690673828,ORANGE,WESTMINSTER,-117.9970245361328,33.738311767578125
90910038,2019,2019-01-23,9675,2019-01-22,1845,020240,NA,2,2,6,3015,0,1,3,NA,2,572,SR-57 SOUTHBOUND,ORANGEWOOD AVE,1112,S,N,A,-,Y,NA,NA,57,NA,NA,NA,NA,NA,S,N,4,0,1,2,A,-,03,22350,NA,N,C,C,A,A,H,-,C,D,0,NA,NA,NA,NA,Y,NA,A,01,0,0,1,0,0,0,0,0,0,-,-,33.79280090332031,-117.87937927246094,ORANGE,ORANGE,-117.8794403076172,33.79283142089844
90914893,2019,2019-01-29,9675,2019-01-25,1420,019938,NA,5,2,6,3004,0,1,1,NA,2,405,I-405 SOUTHBOUND,HARBOR BLVD,4500,N,N,A,-,Y,NA,NA,NA,NA,NA,NA,NA,NA,NA,Y,4,0,1,3,A,-,03,22350,NA,N,C,C,A,A,H,-,A,D,0,NA,NA,NA,NA,Y,NA,A,07,0,0,1,0,0,0,0,0,0,-,-,33.41672134399414,-117.55580139160156,ORANGE,COSTA MESA,-117.91953277587892,33.68935012817383
9091520,2020,2020-07-09,3001,2020-04-06,0918,A1068,NA,1,5,7,3001,0,0,0,NA,0,0D4,IMPERIAL HWY,NOHL RANCH RD,526,S,N,C,-,N,NA,NA,NA,NA,NA,NA,NA,NA,NA,Y,4,0,1,1,A,-,03,22350,NA,N,E,I,A,B,H,-,A,D,0,NA,NA,NA,NA,Y,NA,D,22,0,0,1,0,0,0,0,0,0,-,-,33.84336853027344,-117.79075622558594,ORANGE,ANAHEIM,-117.79062652587892,33.84219741821289
90915381,2019,2019-01-30,9670,2019-01-28,1725,019138,NA,1,2,6,3009,0,1,3,NA,2,024,SR-22 EB (GARDEN GROVE FREEWAY),NEWHOPE ST,475,E,N,A,-,Y,NA,NA,22,NA,NA,NA,NA,NA,E,Y,4,0,1,2,A,-,03,22350,NA,N,C,C,A,A,H,-,B,D,0,NA,NA,NA,NA,Y,NA,A,01,0,0,1,0,0,0,0,0,0,-,-,33.76605987548828,-117.92733001708984,ORANGE,GARDEN GROVE,-117.92733001708984,33.76610565185547