CASE_ID,ACCIDENT_YEAR,PROC_DATE,JURIS,COLLISION_DATE,COLLISION_TIME,OFFICER_ID,REPORTING_DISTRICT,DAY_OF_WEEK,CHP_SHIFT,POPULATION,CNTY_CITY_LOC,SPECIAL_COND,BEAT_TYPE,CHP_BEAT_TYPE,CITY_DIVISION_LAPD,CHP_BEAT_CLASS,BEAT_NUMBER,PRIMARY_RD,SECONDARY_RD,DISTANCE,DIRECTION,INTERSECTION,WEATHER_1,WEATHER_2,STATE_HWY_IND,CALTRANS_COUNTY,CALTRANS_DISTRICT,STATE_ROUTE,ROUTE_SUFFIX,POSTMILE_PREFIX,POSTMILE,LOCATION_TYPE,RAMP_INTERSECTION,SIDE_OF_HWY,TOW_AWAY,COLLISION_SEVERITY,NUMBER_KILLED,NUMBER_INJURED,PARTY_COUNT,PRIMARY_COLL_FACTOR,PCF_CODE_OF_VIOL,PCF_VIOL_CATEGORY,PCF_VIOLATION,PCF_VIOL_SUBSECTION,HIT_AND_RUN,TYPE_OF_COLLISION,MVIW,PED_ACTION,ROAD_SURFACE,ROAD_COND_1,ROAD_COND_2,LIGHTING,CONTROL_DEVICE,CHP_ROAD_TYPE,PEDESTRIAN_ACCIDENT,BICYCLE_ACCIDENT,MOTORCYCLE_ACCIDENT,TRUCK_ACCIDENT,NOT_PRIVATE_PROPERTY,ALCOHOL_INVOLVED,STWD_VEHTYPE_AT_FAULT,CHP_VEHTYPE_AT_FAULT,COUNT_SEVERE_INJ,COUNT_VISIBLE_INJ,COUNT_COMPLAINT_PAIN,COUNT_PED_KILLED,COUNT_PED_INJURED,COUNT_BICYCLIST_KILLED,COUNT_BICYCLIST_INJURED,COUNT_MC_KILLED,COUNT_MC_INJURED,PRIMARY_RAMP,SECONDARY_RAMP,LATITUDE,LONGITUDE,COUNTY,CITY,POINT_X,POINT_Y
91036659,2019,2019-07-24,9675,2019-07-16,0040,021483,NA,2,3,7,3001,0,1,3,NA,2,571,"SR-57 N/B, TO SR-91 W/B",LA PALMA AVE,500,N,N,A,-,Y,NA,NA,57,NA,NA,NA,R,NA,N,Y,4,0,1,2,A,-,03,22350,NA,F,C,C,A,A,H,-,C,D,0,NA,NA,NA,NA,Y,NA,-,99,0,0,1,0,0,0,0,0,0,-,-,33.849510192871094,-117.87551879882813,ORANGE,ANAHEIM,-117.87551879882813,33.849510192871094
91036853,2019,2019-07-24,9670,2019-07-16,0726,021719,NA,2,1,6,3009,0,1,3,NA,2,022,SR-22 E/B FROM SR-39 N/B (BEACH BLVD.),BEACH BLVD.,300,E,N,A,-,Y,NA,NA,22,NA,NA,NA,R,NA,E,N,3,0,1,2,A,-,10,21950,A,N,D,G,A,A,H,-,A,D,0,NA,Y,NA,NA,Y,NA,A,01,0,1,0,0,0,0,1,0,0,-,-,33.76926040649414,-117.99114227294922,ORANGE,GARDEN GROVE,-117.99114227294922,33.76926040649414
91037099,2019,2019-07-24,9675,2019-07-16,0945,019394,NA,2,1,7,3019,0,1,1,NA,2,503,I-5 SOUTHBOUND,FIRST ST.,200,S,N,A,-,Y,NA,NA,NA,NA,NA,NA,NA,NA,NA,Y,4,0,1,2,A,-,03,22350,NA,N,C,C,A,A,H,-,A,D,0,NA,NA,NA,Y,Y,NA,F,26,0,0,1,0,0,0,0,0,0,-,-,33.44419860839844,-117.5031967163086,ORANGE,SANTA ANA,-117.84243774414063,33.74549865722656
91037214,2019,2019-07-24,9675,2019-07-16,1715,020923,NA,2,2,6,3026,0,1,1,NA,2,503,I-5 N/B,CULVER DR,500,S,N,A,-,Y,NA,NA,5,NA,NA,NA,NA,NA,N,N,4,0,4,2,A,-,03,22350,NA,N,C,C,A,A,H,-,A,D,0,NA,NA,NA,NA,Y,NA,I,09,0,0,4,0,0,0,0,0,0,-,-,33.705108642578125,-117.77822113037108,ORANGE,IRVINE,-117.77813720703124,33.705162048339844
9104031,2020,2020-10-08,3010,2020-04-30,0003,3024,442,4,5,6,3010,0,0,0,NA,0,003,RT 39,MEMPHIS AV,0,NA,Y,A,-,Y,ORA,12,39,-,-,1.35,H,-,S,Y,4,0,1,2,A,-,01,23153,NA,N,B,C,A,A,H,-,C,D,0,NA,NA,NA,NA,Y,Y,A,01,0,0,1,0,0,0,0,0,0,-,-,NA,NA,ORANGE,HUNTINGTON BEACH,-117.98863220214844,33.668060302734375
91040345,2019,2019-07-29,9675,2019-07-18,1958,021633,NA,4,2,5,3022,0,1,1,NA,2,503,I-5 N/B,JAMBOREE RD,265,N,N,A,-,Y,NA,NA,5,NA,NA,NA,NA,NA,N,Y,4,0,2,2,A,-,03,22350,NA,N,C,C,A,A,H,-,B,D,0,NA,NA,NA,NA,Y,NA,A,01,0,0,2,0,0,0,0,0,0,-,-,33.72026062011719,-117.79586029052734,ORANGE,TUSTIN,-117.79583740234376,33.72028732299805
9104079,2020,2020-11-19,3011,2020-05-13,1649,31456,26,3,5,4,3011,0,0,0,NA,0,001,N COAST HWY,MYRTLE ST,330,N,N,A,-,Y,ORA,12,1,-,-,9.83,H,-,S,Y,4,0,1,2,A,-,09,21801,A,N,D,C,A,A,H,-,A,D,0,NA,NA,Y,NA,Y,NA,C,02,0,0,1,0,0,0,0,0,1,-,-,NA,NA,ORANGE,LAGUNA BEACH,-117.79192352294922,33.54511642456055
91041704,2019,2019-07-30,9670,2019-07-28,1545,021894,NA,7,2,4,3020,0,1,1,NA,2,045,I-405 S/B,SR-22 E/B,1320,N,N,A,-,Y,NA,NA,405,NA,NA,NA,NA,NA,S,Y,4,0,1,2,A,-,03,22350,NA,N,C,C,A,A,E,-,A,D,0,NA,NA,NA,NA,Y,NA,A,01,0,0,1,0,0,0,0,0,0,-,-,33.77421188354492,-118.05175018310548,ORANGE,SEAL BEACH,-118.05175018310548,33.774234771728516
9104284,2020,2020-07-21,3008,2020-02-23,0206,1571,ZONE3,7,5,6,3008,0,0,0,NA,0,NA,CHAPMAN AV,RAYMOND AV,0,NA,Y,B,-,N,NA,NA,NA,NA,NA,NA,NA,NA,NA,Y,3,0,2,2,A,-,01,23153,A,N,C,C,A,A,H,-,C,D,0,NA,NA,NA,NA,Y,Y,A,01,0,1,1,0,0,0,0,0,0,-,-,NA,NA,ORANGE,FULLERTON,-117.9070281982422,33.87409973144531
91043837,2019,2019-08-01,9675,2019-07-29,1445,018102,NA,1,2,7,3001,0,1,3,NA,2,093,SR-91 WESTBOUND,LAKEVIEW AVENUE,2500,E,N,A,-,Y,NA,NA,91,NA,NA,NA,NA,NA,W,Y,4,0,1,3,A,-,03,22350,NA,N,C,C,A,A,H,-,A,D,0,NA,NA,NA,NA,Y,NA,D,22,0,0,1,0,0,0,0,0,0,-,-,33.854679107666016,-117.80278778076172,ORANGE,ANAHEIM,-117.80279541015624,33.854583740234375
91045273,2019,2019-08-05,9675,2019-06-25,2211,021233,NA,2,3,7,3001,0,1,3,NA,2,095,SR-91 EASTBOUND,WEIR CYN RD,5800,E,N,B,-,Y,NA,NA,91,NA,NA,NA,NA,NA,E,Y,4,0,1,4,A,-,07,21658,A,F,B,C,A,A,H,-,D,D,0,NA,NA,NA,NA,Y,NA,-,99,0,0,1,0,0,0,0,0,0,-,-,33.86711883544922,-117.72516632080078,ORANGE,ANAHEIM,-117.72515106201172,33.86720657348633
91048101,2019,2019-08-08,9675,2019-08-02,0740,020027,NA,5,1,6,3004,0,1,1,NA,2,405,I-405 SOUTHBOUND,SR-55 SOUTHBOUND,1000,N,N,A,-,Y,NA,NA,405,NA,NA,NA,NA,NA,S,N,4,0,1,2,A,-,03,22350,NA,N,C,C,A,A,H,-,A,D,0,NA,NA,NA,NA,Y,NA,A,07,0,0,1,0,0,0,0,0,0,-,-,33.68714141845703,-117.873779296875,ORANGE,COSTA MESA,-117.873779296875,33.68727111816406
91048974,2019,2019-08-09,9675,2019-08-03,0144,021233,NA,6,3,7,3001,0,1,3,NA,2,093,SR-91 EASTBOUND,TUSTIN AVE,1400,W,N,A,-,Y,NA,NA,91,NA,NA,NA,NA,NA,E,Y,4,0,1,3,A,-,03,22350,NA,N,C,C,A,A,D,-,C,D,0,NA,NA,NA,Y,Y,NA,A,07,0,0,1,0,0,0,0,0,0,-,-,33.850948333740234,-117.84295654296876,ORANGE,ANAHEIM,-117.84296417236328,33.85097885131836
9104935,2020,2020-11-02,3010,2020-05-22,2157,1181,179,5,5,6,3010,0,0,0,NA,0,007,WARNER,SCULPIN DR,300,W,N,A,-,N,NA,NA,NA,NA,NA,NA,NA,NA,NA,Y,4,0,3,2,A,-,08,22107,NA,N,D,C,A,A,H,-,C,D,0,NA,NA,NA,NA,Y,NA,A,01,0,0,3,0,0,0,0,0,0,-,-,NA,NA,ORANGE,HUNTINGTON BEACH,-118.01307678222656,33.71559143066406
91050858,2019,2019-08-13,9670,2019-08-04,1415,021715,NA,7,2,4,3020,0,1,1,NA,2,045,I-405 S/B,SEAL BEACH BLVD,250,S,N,A,-,Y,NA,NA,405,NA,NA,NA,NA,NA,S,Y,4,0,1,2,A,-,03,22350,NA,N,C,C,A,A,D,-,A,D,0,NA,NA,Y,NA,Y,NA,C,02,0,0,1,0,0,0,0,0,1,-,-,33.7741584777832,-118.0651397705078,ORANGE,SEAL BEACH,-118.0651397705078,33.774227142333984
91050912,2019,2019-08-13,9670,2019-07-12,1735,021715,NA,5,2,7,3001,0,1,3,NA,2,091,SR-91 W/B TO MAGNOLIA AVE,MAGNOLIA AVE,50,E,N,A,-,Y,NA,NA,91,NA,NA,NA,R,NA,W,N,4,0,1,2,A,-,03,22350,NA,F,C,C,A,A,H,-,A,D,0,NA,NA,NA,NA,Y,NA,A,01,0,0,1,0,0,0,0,0,0,-,-,33.85763931274414,-117.97598266601563,ORANGE,ANAHEIM,-117.97598266601563,33.85763931274414
91051569,2019,2019-08-14,9675,2019-08-05,1000,018039,NA,1,1,9,3000,0,3,5,NA,2,002,IRVINE BLVD,BROWNING AVENUE,0,NA,Y,A,-,Y,NA,NA,NA,NA,NA,NA,NA,NA,NA,Y,4,0,1,2,A,-,09,21804,A,N,B,C,A,A,H,-,A,A,0,NA,NA,NA,NA,Y,NA,A,01,0,0,1,0,0,0,0,0,0,-,-,33.74005126953125,-117.79762268066406,ORANGE,UNINCORPORATED,-117.79759979248048,33.74005126953125
91051920,2019,2019-08-14,9675,2019-08-08,1810,021834,NA,4,2,5,3022,0,1,1,NA,2,503,I-5 NORTHBOUND,RED HILL AVE,200,N,N,A,-,Y,NA,NA,5,NA,NA,NA,NA,NA,N,N,4,0,1,2,A,-,03,22350,NA,N,C,C,A,A,H,-,A,D,0,NA,NA,NA,NA,Y,NA,A,07,0,0,1,0,0,0,0,0,0,-,-,33.736080169677734,-117.81907653808594,ORANGE,TUSTIN,-117.8191375732422,33.73593521118164
91052613,2019,2019-08-15,9690,2019-07-28,2215,020463,NA,7,3,5,3017,0,1,1,NA,2,059,I-5 S/B (SAN DIEGO FRWY),EL CAMINO REAL,2112,S,N,A,-,Y,NA,NA,5,NA,NA,NA,NA,NA,S,N,3,0,1,1,A,-,03,22350,NA,N,F,A,A,A,H,-,D,D,0,NA,NA,Y,NA,Y,NA,C,02,0,1,0,0,0,0,0,0,1,-,-,33.41727828979492,-117.60428619384766,ORANGE,SAN CLEMENTE,-117.6043701171875,33.417240142822266
91053675,2019,2019-08-16,9675,2019-08-12,1518,020240,NA,1,2,6,3026,0,1,1,NA,2,407,I-405 NORTHBOUND,SAND CANYON AVE,1687,S,N,A,-,Y,NA,NA,405,NA,NA,NA,NA,NA,N,Y,4,0,2,3,A,-,03,22350,NA,N,B,C,A,A,H,-,A,D,0,NA,NA,NA,NA,Y,NA,A,07,0,0,2,0,0,0,0,0,0,-,-,33.6551399230957,-117.77313232421876,ORANGE,IRVINE,-117.77315521240234,33.65510177612305
91056627,2019,2019-08-21,9670,2019-08-20,0834,017641,NA,2,1,6,3009,0,1,3,NA,2,021,SR-22 E/B,SPRINGDALE ST.,528,E,N,A,-,Y,NA,NA,NA,NA,NA,NA,NA,NA,NA,Y,3,0,1,3,A,-,03,22350,NA,N,C,C,A,A,H,-,A,D,0,NA,NA,NA,NA,Y,NA,A,01,0,1,0,0,0,0,0,0,0,-,-,33.46271896362305,-118.01004791259766,ORANGE,GARDEN GROVE,-118.01865386962892,33.774169921875
91058125,2019,2019-08-23,9670,2019-08-22,0755,016209,NA,4,1,7,3001,0,1,3,NA,2,094,SR-91 E/B (RIVERSIDE FREEWAY),STATE COLLEGE BLVD.,2112,W,N,B,-,Y,NA,NA,91,NA,NA,NA,NA,NA,E,Y,4,0,1,2,A,-,03,22350,NA,N,C,C,A,A,H,-,A,D,0,NA,NA,NA,NA,Y,NA,A,01,0,0,1,0,0,0,0,0,0,-,-,33.8538703918457,-117.89665222167967,ORANGE,ANAHEIM,-117.89665222167967,33.853816986083984
91058903,2019,2019-08-26,9670,2019-08-21,0920,015207,NA,3,1,7,3001,0,1,3,NA,2,094,SR-91 W/B,HARBOR BLVD.,1056,W,N,A,-,Y,NA,NA,91,NA,NA,NA,NA,NA,W,Y,4,0,1,4,A,-,03,22350,NA,N,C,C,A,A,H,-,A,D,0,NA,NA,NA,NA,Y,NA,A,01,0,0,1,0,0,0,0,0,0,-,-,33.85380935668945,-117.92833709716795,ORANGE,ANAHEIM,-117.92832183837892,33.854000091552734
91059810,2019,2019-08-26,9675,2019-08-15,1715,021960,NA,4,2,7,3019,0,1,3,NA,2,552,SR-55 N/B,WARNER AVE,85,N,N,A,-,Y,NA,NA,55,NA,NA,NA,NA,NA,N,Y,4,0,1,2,A,-,07,21658,A,N,B,C,A,A,H,-,A,D,0,NA,NA,Y,NA,Y,NA,A,01,0,0,1,0,0,0,0,0,1,-,-,33.71586990356445,-117.84439849853516,ORANGE,SANTA ANA,-117.84449768066406,33.71596908569336
91060612,2019,2019-08-27,9675,2019-08-08,1950,021982,NA,4,2,9,3000,0,1,1,NA,2,405,I-405 N/B TO SR-55 S/B,PAULARINO AVE,1500,N,N,A,-,Y,NA,NA,NA,NA,NA,NA,NA,NA,NA,Y,4,0,1,3,A,-,03,22350,NA,M,C,C,A,A,H,-,D,D,0,NA,NA,NA,NA,Y,NA,A,01,0,0,1,0,0,0,0,0,0,-,-,33.68315124511719,-117.87635803222656,ORANGE,UNINCORPORATED,NA,NA
91060789,2019,2019-08-27,9690,2019-08-20,1747,016128,NA,2,2,4,3018,0,1,1,NA,2,057,I-5 S/B (SAN DIEGO FRWY),JUNIPERO SERRA ROAD,2500,N,N,A,-,Y,NA,NA,5,NA,NA,NA,NA,NA,S,Y,4,0,1,2,A,-,03,22350,NA,N,C,C,A,A,H,-,A,D,0,NA,NA,NA,NA,Y,NA,A,01,0,0,1,0,0,0,0,0,0,-,-,33.52783966064453,-117.67002105712892,ORANGE,SAN JUAN CAPISTRANO,-117.6701889038086,33.5275993347168
91061930,2019,2019-08-28,9675,2019-08-22,1611,021633,NA,4,2,6,3026,0,1,1,NA,2,530,I-5 N/B,JEFFREY RD,150,N,N,A,-,Y,NA,NA,5,NA,NA,NA,NA,NA,N,Y,2,0,1,3,A,-,03,22350,NA,N,C,C,A,A,H,-,A,D,0,NA,NA,Y,NA,Y,NA,C,02,1,0,0,0,0,0,0,0,1,-,-,33.692161560058594,-117.76959228515624,ORANGE,IRVINE,-117.76958465576172,33.69216537475586
91062333,2019,2019-08-29,9675,2019-08-22,0855,020027,NA,4,1,7,3019,0,1,3,NA,2,551,SR-55 SOUTHBOUND,17TH ST,1500,N,N,A,-,Y,NA,NA,55,NA,NA,NA,NA,NA,S,N,4,0,1,2,A,-,03,22350,NA,N,C,C,A,A,H,-,A,D,0,NA,NA,NA,NA,Y,NA,E,22,0,0,1,0,0,0,0,0,0,-,-,33.76166915893555,-117.83128356933594,ORANGE,SANTA ANA,-117.83118438720705,33.76166915893555
91062487,2019,2019-08-29,9675,2019-08-22,1624,021809,NA,4,2,6,3026,0,1,1,NA,2,504,I-5 N/B,JEFFREY RD,1500,S,N,A,-,Y,NA,NA,5,NA,NA,NA,NA,NA,N,Y,4,0,2,2,A,-,03,22350,NA,N,C,C,A,A,H,-,A,D,0,NA,NA,NA,NA,Y,NA,A,01,0,0,2,0,0,0,0,0,0,-,-,33.67955017089844,-117.75975036621094,ORANGE,IRVINE,-117.75983428955078,33.6794548034668
91064199,2019,2019-08-30,9670,2019-08-27,2322,021071,NA,2,3,5,3003,0,1,1,NA,2,500,I-5 N/B,ARTESIA BLVD,200,S,N,A,-,Y,NA,NA,5,NA,NA,NA,NA,NA,N,Y,4,0,1,3,A,-,07,21658,A,N,B,C,A,A,H,-,C,D,0,NA,NA,NA,Y,Y,Y,A,01,0,0,1,0,0,0,0,0,0,-,-,33.874061584472656,-118.01039886474608,ORANGE,BUENA PARK,-118.01038360595705,33.874080657958984
91066986,2019,2019-09-04,9670,2019-09-03,1445,021585,NA,2,2,4,3020,0,1,1,NA,2,045,I-405 S/B,SEAL BEACH BLVD,2640,S,N,A,-,Y,NA,NA,405,NA,NA,NA,NA,NA,S,Y,4,0,2,3,A,-,04,21703,NA,N,C,C,A,A,D,E,A,D,0,NA,NA,NA,NA,Y,NA,A,07,0,0,2,0,0,0,0,0,0,-,-,33.774009704589844,-118.05960845947266,ORANGE,SEAL BEACH,-118.05960845947266,33.774261474609375
91067754,2019,2019-09-05,9675,2019-08-28,0905,018539,NA,3,1,7,3001,0,1,3,NA,2,571,SR-57 S/B,LINCOLN AVE,2000,N,N,B,-,Y,NA,NA,57,NA,NA,NA,NA,NA,S,Y,4,0,1,3,A,-,03,22350,NA,N,C,C,A,A,H,-,A,D,0,NA,NA,NA,NA,Y,NA,A,08,0,0,1,0,0,0,0,0,0,-,-,33.8436393737793,-117.87615966796876,ORANGE,ANAHEIM,-117.87621307373048,33.8436393737793
91074307,2019,2019-09-13,9675,2019-09-11,1214,018834,NA,3,1,7,3019,0,1,3,NA,2,552,SR-55 NORTHBOUND,DYER RD,700,S,N,A,-,Y,NA,NA,55,NA,NA,NA,NA,NA,N,N,4,0,1,2,A,-,03,22350,NA,N,C,C,A,A,H,-,A,D,0,NA,NA,NA,NA,Y,NA,A,01,0,0,1,0,0,0,0,0,0,-,-,33.70698928833008,-117.85305786132813,ORANGE,SANTA ANA,-117.85321044921876,33.7071418762207
91074350,2019,2019-09-13,9675,2019-09-11,1505,021397,NA,3,2,5,3022,0,1,3,NA,2,551,SR-55 NORTHBOUND,17TH ST.,1065,S,N,A,-,Y,NA,NA,55,NA,NA,NA,NA,NA,N,Y,4,0,1,2,A,-,03,22350,NA,N,C,C,A,A,H,-,A,D,0,NA,NA,NA,NA,Y,NA,A,01,0,0,1,0,0,0,0,0,0,-,-,33.75741958618164,-117.83103942871094,ORANGE,TUSTIN,-117.83114624023438,33.75742721557617
91077312,2019,2019-09-18,9690,2019-09-10,0915,015275,NA,2,1,5,3028,0,1,1,NA,2,056,I-5 S/B (SAN DIEGO FRWY),CROWN VALLEY PARKWAY,2640,N,N,B,-,Y,NA,NA,5,NA,NA,NA,NA,NA,S,N,4,0,1,2,A,-,03,22350,NA,N,C,C,A,A,H,-,A,D,0,NA,NA,NA,NA,Y,NA,A,07,0,0,1,0,0,0,0,0,0,-,-,33.56793975830078,-117.67224884033205,ORANGE,MISSION VIEJO,-117.67220306396484,33.56793212890625
9108174,2020,2020-10-30,3000,2020-05-26,0139,4246,973B7,2,5,5,3017,0,0,0,NA,0,776,CALLE CAMPANERO,PASEO DEL REY,55,S,N,A,-,N,NA,NA,NA,NA,NA,NA,NA,NA,NA,Y,4,0,1,1,D,-,00,NA,NA,M,E,J,A,A,H,-,C,A,0,NA,NA,NA,NA,Y,Y,-,-,0,0,1,0,0,0,0,0,0,-,-,NA,NA,ORANGE,SAN CLEMENTE,-117.59728240966795,33.460472106933594
91086352,2019,2019-09-30,9675,2019-09-21,2218,021691,NA,6,3,7,3019,0,1,1,NA,2,502,I-5 NORTHBOUND FROM GRAND AVENUE,GRAND AVE,20,N,N,A,-,Y,NA,NA,5,NA,NA,NA,R,NA,N,Y,4,0,1,1,A,-,08,22107,NA,N,F,A,A,A,H,-,C,D,0,NA,NA,NA,NA,Y,NA,D,22,0,0,1,0,0,0,0,0,0,-,-,33.755428314208984,-117.85230255126952,ORANGE,SANTA ANA,-117.85230255126952,33.755428314208984
91086456,2019,2019-09-30,9670,2019-09-22,2011,021679,NA,7,2,5,3003,0,1,3,NA,2,092,SR-91 E/B (ARTESIA FREEWAY),BEACH BLVD UC,2112,E,N,A,-,Y,NA,NA,91,NA,NA,NA,NA,NA,E,Y,4,0,1,3,A,-,08,22107,NA,N,B,C,A,A,H,-,C,D,0,NA,NA,NA,NA,Y,NA,D,22,0,0,1,0,0,0,0,0,0,-,-,33.85594177246094,-117.9912567138672,ORANGE,BUENA PARK,-117.9912567138672,33.85603713989258
91087141,2019,2019-09-30,9690,2019-09-24,1732,016128,NA,2,2,4,3018,0,1,1,NA,2,057,I-5 N/B (SAN DIEGO FRWY),JUNIPERO SERRA RD,50,N,N,A,-,Y,NA,NA,5,NA,NA,NA,NA,NA,N,Y,4,0,3,2,A,-,03,22350,NA,N,C,C,A,A,H,-,A,D,0,NA,NA,NA,NA,Y,NA,D,22,0,0,3,0,0,0,0,0,0,-,-,33.52080154418945,-117.66570281982422,ORANGE,SAN JUAN CAPISTRANO,-117.66566467285156,33.520816802978516
91088697,2019,2019-10-02,9670,2019-10-01,0705,021242,NA,2,1,6,3009,0,1,3,NA,2,121,SR-22 W/B,BEACH BLVD,1584,W,N,A,-,Y,NA,NA,22,NA,NA,NA,NA,NA,W,N,4,0,1,2,A,-,03,22350,NA,N,C,C,A,A,H,-,A,D,0,NA,NA,NA,NA,Y,NA,D,22,0,0,1,0,0,0,0,0,0,-,-,33.771568298339844,-117.99830627441406,ORANGE,GARDEN GROVE,-117.9983139038086,33.77155685424805
91090037,2019,2019-10-03,9675,2019-09-25,1839,021633,NA,3,2,6,3008,0,1,3,NA,2,570,SR-57 S/B,ROLLING HILLS DR.,150,N,N,A,-,Y,NA,NA,57,NA,NA,NA,NA,NA,S,Y,3,0,1,1,A,-,08,22107,NA,N,F,A,A,A,H,-,B,D,0,NA,NA,Y,NA,Y,NA,C,02,0,1,0,0,0,0,0,0,1,-,-,33.904109954833984,-117.8810806274414,ORANGE,FULLERTON,-117.88111877441406,33.904109954833984
91091678,2019,2019-10-07,9670,2019-09-26,0050,018664,NA,4,3,6,3008,0,1,1,NA,2,501,I-5 S/B TO SR-91 E/B,SR-91 W/B,100,N,N,B,-,Y,NA,NA,5,NA,NA,NA,R,NA,S,N,4,0,1,2,A,-,07,21658,A,N,B,C,A,A,H,-,C,D,0,NA,NA,NA,Y,Y,NA,G,25,0,0,1,0,0,0,0,0,0,-,-,33.85708999633789,-117.9822235107422,ORANGE,FULLERTON,-117.9822235107422,33.85708999633789
9109632,2020,2020-08-26,3009,2020-06-08,0957,3976,074,1,5,6,3009,0,0,0,NA,0,WEST,LAMPSON AV,LA LINDA CIR,0,NA,Y,A,-,N,NA,NA,NA,NA,NA,NA,NA,NA,NA,Y,3,0,1,2,A,-,03,22350,NA,N,C,C,A,A,H,-,A,D,0,NA,NA,NA,NA,Y,NA,A,01,0,1,0,0,0,0,0,0,0,-,-,NA,NA,ORANGE,GARDEN GROVE,-117.97915649414063,33.78118896484375
9109634,2020,2020-08-26,3009,2020-06-08,0948,3965,117,1,5,6,3009,0,0,0,NA,0,2 3,LAKE ST,MORNINGSIDE DR,85,N,N,A,-,N,NA,NA,NA,NA,NA,NA,NA,NA,NA,Y,4,0,1,2,A,-,08,22107,NA,N,B,E,A,A,H,-,A,A,0,NA,NA,NA,NA,Y,NA,A,01,0,0,1,0,0,0,0,0,0,-,-,NA,NA,ORANGE,GARDEN GROVE,-117.94428253173828,33.75664138793945
91097285,2019,2019-10-15,9675,2019-10-06,0950,021272,NA,7,1,9,3000,0,3,5,NA,2,002,LIVINGSTON ST.,THEODARA ST,125,S,N,B,-,N,NA,NA,NA,NA,NA,NA,NA,NA,NA,N,2,0,1,1,A,-,08,22107,NA,M,F,A,A,A,H,-,A,D,0,NA,Y,NA,NA,Y,NA,L,04,1,0,0,0,0,0,1,0,0,-,-,33.75249099731445,-117.81797027587892,ORANGE,UNINCORPORATED,-117.81798553466795,33.75261688232422
91097383,2019,2019-10-15,9675,2019-10-05,0910,021397,NA,6,1,5,3022,0,1,1,NA,2,503,I-5 NORTHBOUND,RED HILL AVE,1345,S,N,A,-,Y,NA,NA,5,NA,NA,NA,NA,NA,N,Y,4,0,2,3,A,-,03,22350,NA,N,C,C,A,A,H,-,A,D,0,NA,NA,NA,NA,Y,NA,A,01,0,0,2,0,0,0,0,0,0,-,-,33.73101043701172,-117.8114776611328,ORANGE,TUSTIN,-117.81148529052734,33.73100280761719
91097450,2019,2019-10-15,9670,2019-10-11,1455,021579,NA,5,2,7,3001,0,1,1,NA,2,503,I-5 S/B,ANAHEIM BLVD,1320,N,N,A,-,Y,NA,NA,NA,NA,NA,NA,NA,NA,NA,N,4,0,1,2,A,-,03,22350,NA,N,C,C,A,A,H,-,A,D,0,NA,NA,NA,NA,Y,NA,A,07,0,0,1,0,0,0,0,0,0,-,-,33.48334884643555,-117.54335784912108,ORANGE,ANAHEIM,-117.90926361083984,33.8093147277832
91100791,2019,2019-10-18,9675,2019-10-10,1655,020091,NA,4,2,7,3001,0,1,3,NA,2,572,SR-57 NORTHBOUND,LINCOLN AVE,0.25,S,N,A,-,Y,NA,NA,57,NA,NA,NA,NA,NA,N,Y,4,0,1,2,A,-,08,22107,NA,N,C,C,A,A,H,-,A,D,0,NA,NA,NA,NA,Y,NA,A,01,0,0,1,0,0,0,0,0,0,-,-,33.833309173583984,-117.87600708007813,ORANGE,ANAHEIM,-117.8759307861328,33.833309173583984
91101125,2019,2019-11-04,9675,2019-09-29,0855,019979,NA,7,1,7,3019,0,1,1,NA,2,502,I-5 SOUTHBOUND,MAIN ST,100,S,N,A,-,Y,NA,NA,5,NA,NA,NA,NA,NA,S,Y,4,0,2,3,A,-,08,22107,NA,F,C,C,A,A,H,-,A,D,0,NA,NA,NA,NA,Y,NA,-,99,0,0,2,0,0,0,0,0,0,-,-,33.76670837402344,-117.86691284179688,ORANGE,SANTA ANA,-117.86702728271484,33.76664352416992
91101484,2019,2019-10-21,9670,2019-10-15,0845,015207,NA,2,1,7,3001,0,1,1,NA,2,503,I-5 S/B,EUCLID ST.,1056,S,N,A,-,Y,NA,NA,5,NA,NA,NA,NA,NA,S,Y,3,0,1,4,A,-,03,22350,NA,N,C,C,A,A,H,-,A,D,0,NA,NA,NA,NA,Y,NA,A,01,0,1,0,0,0,0,0,0,0,-,-,33.834861755371094,-117.9402313232422,ORANGE,ANAHEIM,-117.94017791748048,33.83502197265625