CASE_ID,ACCIDENT_YEAR,PROC_DATE,JURIS,COLLISION_DATE,COLLISION_TIME,OFFICER_ID,REPORTING_DISTRICT,DAY_OF_WEEK,CHP_SHIFT,POPULATION,CNTY_CITY_LOC,SPECIAL_COND,BEAT_TYPE,CHP_BEAT_TYPE,CITY_DIVISION_LAPD,CHP_BEAT_CLASS,BEAT_NUMBER,PRIMARY_RD,SECONDARY_RD,DISTANCE,DIRECTION,INTERSECTION,WEATHER_1,WEATHER_2,STATE_HWY_IND,CALTRANS_COUNTY,CALTRANS_DISTRICT,STATE_ROUTE,ROUTE_SUFFIX,POSTMILE_PREFIX,POSTMILE,LOCATION_TYPE,RAMP_INTERSECTION,SIDE_OF_HWY,TOW_AWAY,COLLISION_SEVERITY,NUMBER_KILLED,NUMBER_INJURED,PARTY_COUNT,PRIMARY_COLL_FACTOR,PCF_CODE_OF_VIOL,PCF_VIOL_CATEGORY,PCF_VIOLATION,PCF_VIOL_SUBSECTION,HIT_AND_RUN,TYPE_OF_COLLISION,MVIW,PED_ACTION,ROAD_SURFACE,ROAD_COND_1,ROAD_COND_2,LIGHTING,CONTROL_DEVICE,CHP_ROAD_TYPE,PEDESTRIAN_ACCIDENT,BICYCLE_ACCIDENT,MOTORCYCLE_ACCIDENT,TRUCK_ACCIDENT,NOT_PRIVATE_PROPERTY,ALCOHOL_INVOLVED,STWD_VEHTYPE_AT_FAULT,CHP_VEHTYPE_AT_FAULT,COUNT_SEVERE_INJ,COUNT_VISIBLE_INJ,COUNT_COMPLAINT_PAIN,COUNT_PED_KILLED,COUNT_PED_INJURED,COUNT_BICYCLIST_KILLED,COUNT_BICYCLIST_INJURED,COUNT_MC_KILLED,COUNT_MC_INJURED,PRIMARY_RAMP,SECONDARY_RAMP,LATITUDE,LONGITUDE,COUNTY,CITY,POINT_X,POINT_Y
91165324,2020,2020-01-14,9690,2020-01-11,1310,018526,NA,6,1,5,3028,0,1,1,NA,2,056,I-5 N/B (SAN DIEGO FRWY),CROWN VALLEY PKWY,3000,N,N,A,-,Y,NA,NA,5,NA,NA,NA,NA,NA,N,N,4,0,1,2,A,-,03,22350,NA,M,C,C,A,A,H,-,A,D,0,NA,NA,NA,NA,Y,NA,-,99,0,0,1,0,0,0,0,0,0,-,-,33.567840576171875,-117.6718521118164,ORANGE,MISSION VIEJO,-117.67194366455078,33.56785202026367
91165821,2020,2020-01-15,9675,2020-01-12,0303,021691,NA,7,3,6,3026,0,1,1,NA,2,406,I-405 NORTHBOUND,JAMBOREE RD,2100,N,N,A,-,Y,NA,NA,405,NA,NA,NA,NA,NA,N,Y,4,0,1,2,A,-,01,23152,A,M,C,C,A,A,H,-,C,D,0,NA,NA,NA,NA,Y,Y,A,01,0,0,1,0,0,0,0,0,0,-,-,33.6797981262207,-117.84973907470705,ORANGE,IRVINE,-117.84978485107422,33.67969512939453
91166804,2020,2020-01-16,9690,2020-01-15,1530,014765,NA,3,2,5,3028,0,1,1,NA,2,056,I-5 N/B (SAN DIEGO FRWY),AVERY PARKWAY,100,N,N,A,-,Y,NA,NA,NA,NA,NA,NA,NA,NA,NA,Y,4,0,2,2,A,-,03,22350,NA,N,C,C,A,A,H,-,A,D,0,NA,NA,NA,NA,Y,NA,D,22,0,0,2,0,0,0,0,0,0,-,-,33.32514190673828,-117.40216064453124,ORANGE,MISSION VIEJO,-117.67276000976563,33.547542572021484
91168016,2020,2020-01-20,9675,2020-01-09,0447,019888,NA,4,3,7,3001,0,1,3,NA,2,572,SR-57 SOUTHBOUND,CERRITOS AVE,100,S,N,A,-,Y,NA,NA,57,NA,NA,NA,NA,NA,S,Y,4,0,2,2,D,-,00,NA,NA,N,C,C,A,A,H,-,C,D,0,NA,NA,NA,NA,Y,NA,-,-,0,0,2,0,0,0,0,0,0,-,-,33.811790466308594,-117.87843322753906,ORANGE,ANAHEIM,-117.87845611572266,33.81180191040039
91168107,2020,2020-01-20,9675,2020-01-13,0730,017773,NA,1,1,6,3004,0,1,1,NA,2,405,I-405 S/B,SR-73,1056,S,N,A,-,Y,NA,NA,405,NA,NA,NA,NA,NA,S,Y,4,0,2,5,A,-,03,22350,NA,N,C,C,A,A,H,-,A,D,0,NA,NA,NA,NA,Y,NA,D,22,0,0,2,0,0,0,0,0,0,-,-,33.687400817871094,-117.89569854736328,ORANGE,COSTA MESA,-117.89569854736328,33.68744659423828
9116913,2020,2020-09-14,3010,2020-06-25,0938,1015,432,4,5,6,3010,0,0,0,NA,0,005,HUNTINGTON ST,WICHITA AV,0,NA,Y,A,-,N,NA,NA,NA,NA,NA,NA,NA,NA,NA,Y,4,0,2,2,A,-,09,21801,NA,N,-,C,A,A,H,-,A,D,0,NA,NA,NA,NA,Y,NA,K,45,0,0,2,0,0,0,0,0,0,-,-,NA,NA,ORANGE,HUNTINGTON BEACH,-117.99523162841795,33.67755889892578
91173210,2020,2020-01-24,9670,2020-01-22,1655,017951,NA,3,2,3,3013,0,1,1,NA,2,045,I-405 SOUTHBOUND (SAN DIEGO FREEWAY),I-605,519,S,N,A,-,Y,NA,NA,NA,NA,NA,NA,NA,NA,NA,Y,4,0,1,2,A,-,03,22350,NA,N,C,C,A,A,H,-,A,D,0,NA,NA,NA,NA,Y,NA,D,22,0,0,1,0,0,0,0,0,0,-,-,33.78179168701172,-118.09100341796876,ORANGE,LOS ALAMITOS,NA,NA
91173692,2020,2020-01-27,9675,2020-01-20,1730,020033,NA,1,2,7,3001,0,1,3,NA,2,571,SR57 N/B TO SR-91 W/B,SR-91 E/B,275,S,N,B,-,Y,NA,NA,57,NA,NA,NA,R,NA,N,Y,4,0,1,3,A,-,04,21703,NA,N,C,C,A,A,H,-,C,D,0,NA,NA,NA,NA,Y,NA,A,01,0,0,1,0,0,0,0,0,0,-,-,33.84859848022461,-117.87567901611328,ORANGE,ANAHEIM,-117.87567901611328,33.84859848022461
9117690,2020,2020-08-12,3000,2020-05-27,1445,5036,892A7,3,5,5,3028,0,0,0,NA,0,750,JERONIMO RD,CORDILLERA DR,0,NA,Y,A,-,N,NA,NA,NA,NA,NA,NA,NA,NA,NA,Y,3,0,1,2,A,-,12,21453,A,N,D,C,A,A,H,-,A,A,0,NA,NA,NA,NA,Y,NA,A,07,0,1,0,0,0,0,0,0,0,-,-,NA,NA,ORANGE,MISSION VIEJO,-117.6743621826172,33.6119499206543
9117738,2020,2020-09-14,3002,2020-06-12,1008,1562,NA,5,5,4,3002,0,0,0,NA,0,011,LAMBERT RD,BERRY ST,0,NA,Y,A,-,N,NA,NA,NA,NA,NA,NA,NA,NA,NA,Y,4,0,1,2,A,-,12,21453,A,N,D,C,A,A,H,-,A,A,0,NA,NA,NA,NA,Y,NA,A,01,0,0,1,0,0,0,0,0,0,-,-,33.924530029296875,-117.9066162109375,ORANGE,BREA,-117.9067611694336,33.92464065551758
9117888,2020,2020-11-30,3011,2020-07-29,0951,31241,25,3,5,4,3011,0,0,0,NA,0,001,RT 1,BOAT CANYON DR,30,S,N,B,-,Y,ORA,12,1,-,-,9.99,H,-,N,N,4,0,1,2,A,-,03,22350,NA,N,C,C,A,A,H,-,A,A,0,NA,NA,NA,NA,Y,NA,A,08,0,0,1,0,0,0,0,0,0,-,-,NA,NA,ORANGE,LAGUNA BEACH,-117.79429626464844,33.5461540222168
91179352,2020,2020-02-04,9675,2020-02-02,1939,020545,NA,7,2,7,3019,0,1,3,NA,2,552,SR-55 NORTHBOUND,WARNER AVE,300,S,N,A,-,Y,NA,NA,55,NA,NA,NA,NA,NA,N,Y,4,0,2,4,A,-,01,23152,A,N,C,C,A,A,H,-,D,D,0,NA,NA,NA,NA,Y,Y,A,01,0,0,2,0,0,0,0,0,0,-,-,33.715511322021484,-117.84483337402344,ORANGE,SANTA ANA,-117.84489440917967,33.715579986572266
91181222,2020,2020-02-06,9670,2020-01-27,0740,018687,NA,1,1,5,3024,0,1,1,NA,2,040,I-405 NB FROM BEACH BLVD. NB,BEACH BLVD,167,E,N,A,-,Y,NA,NA,405,NA,NA,NA,R,NA,N,N,4,0,1,2,A,-,06,21755,A,N,B,C,A,A,H,-,A,D,0,NA,NA,NA,NA,Y,NA,A,01,0,0,1,0,0,0,0,0,0,-,-,33.733890533447266,-117.98863220214844,ORANGE,WESTMINSTER,-117.98863220214844,33.733890533447266
91182765,2020,2020-02-07,9690,2020-01-30,0730,014329,NA,4,1,5,3028,0,1,1,NA,2,055,I-5 N/B (SAN DIEGO FRWY),ALICIA PKWY,2500,S,N,A,-,Y,NA,NA,5,NA,NA,NA,NA,NA,N,Y,4,0,1,2,A,-,03,22350,NA,N,C,C,A,A,D,-,A,D,0,NA,NA,NA,NA,Y,NA,A,01,0,0,1,0,0,0,0,0,0,-,-,33.60139083862305,-117.68451690673828,ORANGE,MISSION VIEJO,-117.68447113037108,33.60151672363281
9118327,2020,2020-09-18,3001,2020-06-11,0440,A2367,D-3,4,5,7,3001,0,0,0,NA,0,D-3,EAST ST,HAMPSHIRE AV,49,N,N,A,-,N,NA,NA,NA,NA,NA,NA,NA,NA,NA,Y,4,0,1,2,A,-,08,22107,NA,M,-,C,A,A,H,-,C,D,0,NA,NA,NA,NA,Y,NA,D,22,0,0,1,0,0,0,0,0,0,-,-,33.826629638671875,-117.89856719970705,ORANGE,ANAHEIM,-117.89884948730467,33.82659912109375
91183323,2020,2020-02-10,9675,2020-01-25,1615,021809,NA,6,2,7,3001,0,1,3,NA,2,095,SR-91 W/B,COAL CYN RD,1500,E,N,A,-,Y,NA,NA,NA,NA,NA,NA,NA,NA,NA,N,4,0,1,2,A,-,03,22350,NA,M,C,C,A,A,H,-,A,D,0,NA,NA,NA,NA,Y,Y,-,99,0,0,1,0,0,0,0,0,0,-,-,33.52299118041992,-117.41145324707033,ORANGE,ANAHEIM,NA,NA
91183569,2019,2020-02-10,9670,2019-11-10,0415,021071,NA,7,3,7,3001,0,1,3,NA,2,094,SR-91 E/B,HARBOR BLVD,250,E,N,A,-,Y,NA,NA,91,NA,NA,NA,NA,NA,E,Y,4,0,3,2,A,-,03,22350,NA,F,C,C,A,A,H,-,C,D,0,NA,NA,NA,NA,Y,NA,A,07,0,0,3,0,0,0,0,0,0,-,-,33.8538818359375,-117.91622161865234,ORANGE,ANAHEIM,-117.91622924804688,33.853816986083984
91183887,2020,2020-02-10,9675,2020-02-05,0730,015041,NA,3,1,7,3001,0,1,3,NA,2,093,SR-91 EASTBOUND,TUSTIN AVE,250,W,N,A,-,Y,NA,NA,91,NA,NA,NA,NA,NA,E,Y,3,0,1,2,A,-,03,22350,NA,N,C,C,A,A,H,-,A,D,0,NA,NA,NA,NA,Y,NA,D,22,0,1,0,0,0,0,0,0,0,-,-,33.85137176513672,-117.8411865234375,ORANGE,ANAHEIM,-117.8411865234375,33.851356506347656
91185724,2020,2020-02-12,9675,2020-02-07,1100,015041,NA,5,1,7,3001,0,1,3,NA,2,093,SR-91 WESTBOUND,SUNKIST ST,30,E,N,A,-,Y,NA,NA,91,NA,NA,NA,NA,NA,W,Y,4,0,2,2,A,-,03,22350,NA,N,C,C,A,A,H,-,A,D,0,NA,NA,NA,NA,Y,NA,A,08,0,0,2,0,0,0,0,0,0,-,-,33.854148864746094,-117.88829803466795,ORANGE,ANAHEIM,-117.88829803466795,33.85432434082031
91186101,2020,2020-02-13,9675,2020-02-04,0730,019652,NA,2,1,7,3019,0,1,1,NA,2,520,INTERSTATE 5 SOUTHBOUND,MAIN STREET,550,S,N,A,G,Y,NA,NA,5,NA,NA,NA,NA,NA,S,Y,3,0,1,2,A,-,03,22350,NA,N,C,C,A,A,H,-,A,D,0,NA,NA,Y,NA,Y,NA,C,02,0,1,0,0,0,0,0,0,1,-,-,33.76451873779297,-117.86573028564452,ORANGE,SANTA ANA,-117.86576080322266,33.76449966430664
91187043,2020,2020-02-14,9670,2020-02-12,1635,017022,NA,3,2,3,3013,0,1,1,NA,2,061,I-605 S/B,I-405,3432,N,N,A,-,Y,NA,NA,605,NA,NA,NA,NA,NA,S,Y,3,0,1,2,A,-,03,22350,NA,N,C,C,A,A,H,-,A,D,0,NA,NA,NA,NA,Y,NA,A,01,0,1,0,0,0,0,0,0,0,-,-,33.784400939941406,-118.09165191650392,ORANGE,LOS ALAMITOS,-118.09176635742188,33.78447341918945
91188194,2020,2020-02-18,9675,2020-02-07,2500,021914,NA,5,4,7,3001,0,1,3,NA,2,094,SR-91 WESTBOUND,IMPERIAL HIGHWAY,4400,W,N,A,-,Y,NA,NA,91,NA,NA,NA,NA,NA,W,Y,2,0,1,1,A,-,08,22107,NA,N,E,I,A,A,H,-,C,D,0,NA,NA,NA,NA,Y,NA,A,01,1,0,0,0,0,0,0,0,0,-,-,33.854671478271484,-117.80281829833984,ORANGE,ANAHEIM,-117.80281829833984,33.85458755493164
91188369,2020,2020-02-18,9675,2020-02-13,0254,021941,NA,4,3,5,3016,0,1,3,NA,2,571,SR-57 N/B,MIRALOMA AVE.,440,S,N,A,-,Y,NA,NA,NA,NA,NA,NA,NA,NA,NA,Y,3,0,1,1,A,-,01,23152,A,N,E,I,A,A,H,-,C,D,0,NA,NA,NA,NA,Y,Y,A,01,0,1,0,0,0,0,0,0,0,-,-,33.852901458740234,-117.87528228759766,ORANGE,PLACENTIA,-117.87540435791016,33.8529167175293
91193597,2020,2020-02-26,9675,2020-02-16,0155,021225,NA,7,3,7,3019,0,1,3,NA,2,551,SR-55 S/B TO I-5 S/B,4TH ST,55,N,N,A,-,Y,NA,NA,55,NA,NA,NA,R,NA,S,Y,3,0,1,1,A,-,01,23152,A,N,E,I,A,A,H,-,D,D,0,NA,NA,NA,NA,Y,Y,A,01,0,1,0,0,0,0,0,0,0,-,-,33.748619079589844,-117.8324737548828,ORANGE,SANTA ANA,-117.8324737548828,33.748619079589844
91193925,2020,2020-04-08,9675,2020-02-17,1225,017313,NA,1,1,6,3026,0,1,1,NA,2,406,I-405 NORTHBOUND,SAND CANYON AVE,675,S,N,A,-,Y,NA,NA,405,NA,NA,NA,NA,NA,N,Y,4,0,2,3,A,-,03,22350,NA,N,C,C,A,A,H,-,A,D,0,NA,NA,NA,NA,Y,NA,A,01,0,0,2,0,0,0,0,0,0,-,-,33.65766143798828,-117.77810668945313,ORANGE,IRVINE,-117.77798461914063,33.65788650512695
9119701,2020,2020-08-13,3000,2020-05-31,0530,2742,992H4,7,5,5,3017,0,0,0,NA,0,778,NORTH EL CAMINO REAL,AVENIDA FLORENCIA,180,N,N,A,-,N,NA,NA,NA,NA,NA,NA,NA,NA,NA,Y,2,0,1,1,A,-,08,22107,NA,N,E,I,A,A,H,-,A,D,0,NA,NA,NA,NA,Y,NA,D,22,1,0,0,0,0,0,0,0,0,-,-,NA,NA,ORANGE,SAN CLEMENTE,-117.62667846679688,33.4322395324707
9119852,2020,2020-08-12,3012,2020-05-08,1817,516,44,5,5,5,3012,0,0,0,NA,0,004,E LAMBERT RD,PALM ST,340,E,N,A,-,N,NA,NA,NA,NA,NA,NA,NA,NA,NA,N,3,0,1,2,A,-,09,21804,A,N,H,A,A,A,H,-,A,A,0,NA,NA,Y,NA,Y,NA,A,01,0,1,0,0,0,0,0,0,1,-,-,NA,NA,ORANGE,LA HABRA,-117.92327117919922,33.92462158203125
91198659,2020,2020-02-28,9670,2020-02-22,0820,019171,NA,6,1,5,3007,0,1,1,NA,2,041,I-405 S/B (SAN DIEGO FWY),EUCLID ST,1000,N,N,B,-,Y,NA,NA,405,NA,NA,NA,NA,NA,S,Y,3,0,2,3,A,-,03,22350,NA,N,C,C,A,A,D,E,A,D,0,NA,NA,NA,NA,Y,NA,A,07,0,1,1,0,0,0,0,0,0,-,-,33.69770050048828,-117.94020080566406,ORANGE,FOUNTAIN VALLEY,-117.9402313232422,33.697628021240234
91199435,2020,2020-03-02,9670,2020-02-20,1920,019290,NA,4,2,5,3007,0,1,1,NA,2,041,I-405 S/B (SAN DIEGO FWY),WARNER AVE,1056,S,N,A,-,Y,NA,NA,405,NA,NA,NA,NA,NA,S,Y,4,0,1,2,A,-,03,22350,NA,N,C,C,A,A,H,-,D,D,0,NA,NA,NA,NA,Y,NA,A,01,0,0,1,0,0,0,0,0,0,-,-,33.71495056152344,-117.96598815917967,ORANGE,FOUNTAIN VALLEY,-117.9660415649414,33.71488952636719
91199890,2020,2020-03-19,9675,2020-02-24,0745,017313,NA,1,1,6,3026,0,1,1,NA,2,406,I-405 NORTHBOUND,IRVINE CENTER DR,275,N,N,A,-,Y,NA,NA,405,NA,NA,NA,NA,NA,N,N,3,0,2,3,A,-,03,22350,NA,N,C,C,A,A,H,-,A,D,0,NA,NA,NA,NA,Y,NA,A,01,0,2,0,0,0,0,0,0,0,-,-,33.648109436035156,-117.74710845947266,ORANGE,IRVINE,-117.74707794189452,33.64822006225586
91199961,2020,2020-03-02,9675,2020-02-24,0825,016299,NA,1,1,7,3001,0,1,3,NA,2,094,STATE ROUTE 91 WESTBOUND,IMPERIAL HIGHWAY,5808,E,N,A,-,Y,NA,NA,91,NA,NA,NA,NA,NA,W,Y,3,0,2,3,A,-,08,22107,NA,N,B,C,A,A,H,-,A,D,0,NA,NA,NA,NA,Y,NA,A,01,0,2,0,0,0,0,0,0,0,-,-,33.861671447753906,-117.77497100830078,ORANGE,ANAHEIM,-117.77496337890624,33.86166000366211
91200652,2020,2020-03-03,9675,2020-02-24,1550,020091,NA,1,2,7,3001,0,1,3,NA,2,093,SR-91 W/B TO SR-57,LA PALMA AVE,0,NA,Y,A,-,Y,NA,NA,91,NA,NA,NA,R,NA,W,N,4,0,1,1,A,-,17,35250,NA,N,E,I,A,A,H,-,A,D,0,NA,NA,NA,Y,Y,NA,F,27,0,0,1,0,0,0,0,0,0,-,-,33.847721099853516,-117.87053680419922,ORANGE,ANAHEIM,-117.87053680419922,33.847721099853516
91201491,2020,2020-03-04,9675,2020-02-26,1830,017998,NA,3,2,6,3026,0,1,1,NA,2,407,I-405 SOUTHBOUND,SAND CANYON AVE,1500,N,N,A,-,Y,NA,NA,405,NA,NA,NA,NA,NA,S,Y,4,0,4,3,A,-,03,22350,NA,N,C,C,A,A,H,-,D,D,0,NA,NA,NA,NA,Y,NA,A,08,0,0,4,0,0,0,0,0,0,-,-,33.6599006652832,-117.7822494506836,ORANGE,IRVINE,-117.78221130371094,33.659969329833984
91201735,2020,2020-03-04,9690,2020-03-01,2220,020463,NA,7,3,9,3000,0,1,3,NA,1,074,SR-74 (ORTEGA HWY),LUCAS CYN RD.,2640,W,N,B,-,Y,NA,NA,74,NA,NA,NA,NA,NA,NA,Y,3,0,1,1,A,-,03,22350,NA,N,E,I,A,B,H,-,D,D,0,NA,NA,NA,NA,Y,NA,A,01,0,1,0,0,0,0,0,0,0,-,-,33.58504867553711,-117.52204895019533,ORANGE,UNINCORPORATED,-117.52210235595705,33.58505630493164
91206102,2020,2020-03-11,9675,2020-03-04,0254,020697,NA,3,3,6,3026,0,1,1,NA,2,504,I-5 SOUTHBOUND,SR-133 SOUTHBOUND,1050,S,N,A,-,Y,NA,NA,5,NA,NA,NA,NA,NA,S,Y,2,0,1,2,A,-,03,22350,NA,N,D,C,A,A,C,-,C,D,0,NA,NA,NA,NA,Y,NA,A,01,1,0,0,0,0,0,0,0,0,-,-,33.66447830200195,-117.75115203857422,ORANGE,IRVINE,-117.75113677978516,33.664493560791016
91207184,2020,2020-12-31,9675,2020-03-03,0546,016589,NA,2,3,7,3001,0,1,3,NA,2,194,SR-91 WESTBOUND,LAKEVIEW AVE,1200,E,N,A,-,Y,NA,NA,91,NA,NA,NA,NA,NA,W,Y,3,0,3,8,A,-,03,22350,NA,N,C,C,A,A,H,-,C,D,0,NA,NA,NA,NA,Y,NA,D,22,0,1,2,0,0,0,0,0,0,-,-,33.85319900512695,-117.81136322021484,ORANGE,ANAHEIM,-117.81140899658205,33.85329818725586
9120724,2020,2020-08-27,3001,2020-06-26,2027,A1047,NA,5,5,7,3001,0,0,0,NA,0,D 4,MIRALOMA AV,BLUE GUM ST,0,NA,Y,A,-,N,NA,NA,NA,NA,NA,NA,NA,NA,NA,Y,3,0,3,2,A,-,09,21801,A,N,A,C,A,A,H,-,C,A,0,NA,NA,NA,NA,Y,NA,A,01,0,1,2,0,0,0,0,0,0,-,-,33.85470962524414,-117.87214660644533,ORANGE,ANAHEIM,-117.87225341796876,33.854888916015625
91209751,2020,2020-03-17,9675,2020-03-10,1330,021809,NA,2,1,7,3019,0,1,1,NA,2,502,I-5 S/B TO SR-22 E/B,SR-22,1000,N,N,A,-,Y,NA,NA,NA,NA,NA,NA,NA,NA,NA,N,4,0,1,3,A,-,03,22350,NA,N,C,C,A,B,H,-,A,D,0,NA,NA,NA,NA,Y,NA,A,07,0,0,1,0,0,0,0,0,0,-,-,33.469459533691406,-117.52884674072266,ORANGE,SANTA ANA,-117.87838745117188,33.78036880493164
91211287,2020,2020-03-18,9675,2020-03-09,1450,019320,NA,1,2,4,3002,0,1,3,NA,2,570,SR-57 NORTHBOUND FROM IMPERIAL HWY.,IMPERIAL HIGHWAY,100,S,N,A,-,Y,NA,NA,57,NA,NA,NA,R,NA,N,Y,4,0,1,2,A,-,03,22350,NA,N,C,C,A,A,H,-,A,A,0,NA,NA,NA,NA,Y,NA,A,01,0,0,1,0,0,0,0,0,0,-,-,33.91059875488281,-117.88320159912108,ORANGE,BREA,-117.88320159912108,33.91059875488281
91211566,2020,2020-03-19,9670,2020-03-15,0147,021467,NA,7,3,5,3007,0,1,1,NA,2,040,I-405 N/B FROM WARNER AVE,WARNER AVE,528,N,N,A,-,Y,NA,NA,405,NA,NA,NA,R,NA,N,Y,3,0,2,1,A,-,08,22107,NA,F,E,I,A,A,H,-,D,D,0,NA,NA,NA,NA,Y,NA,A,01,0,1,1,0,0,0,0,0,0,-,-,33.71772003173828,-117.96881866455078,ORANGE,FOUNTAIN VALLEY,-117.96881866455078,33.71772003173828
91212200,2020,2020-03-19,9675,2020-03-16,0550,019652,NA,1,3,7,3001,0,1,3,NA,2,571,SR-57 NORTHBOUND,LA JOLLA ST,50,S,N,B,-,Y,NA,NA,57,NA,NA,NA,NA,NA,N,Y,4,0,1,3,A,-,03,22350,NA,N,C,B,A,A,H,-,C,D,0,NA,NA,NA,NA,Y,NA,A,01,0,0,1,0,0,0,0,0,0,-,-,33.85691833496094,-117.87551879882813,ORANGE,ANAHEIM,-117.87561798095705,33.856895446777344
91213815,2020,2020-03-23,9675,2020-03-14,0420,021388,NA,6,3,6,3004,0,1,3,NA,2,553,SR-55 SOUTHBOUND,I-405 NORTHBOUND,680,N,N,B,-,Y,NA,NA,55,NA,NA,NA,NA,NA,S,Y,4,0,1,1,A,-,08,22107,NA,N,E,I,A,B,H,-,D,D,0,NA,NA,NA,NA,Y,NA,A,01,0,0,1,0,0,0,0,0,0,-,-,33.688758850097656,-117.87113189697266,ORANGE,COSTA MESA,-117.87102508544922,33.688655853271484
9121544,2020,2020-09-03,3004,2020-06-18,0806,P686,04,4,5,6,3004,0,0,0,NA,0,006,EAST 17TH ST,IRVINE AV,49,W,N,B,-,N,NA,NA,NA,NA,NA,NA,NA,NA,NA,Y,3,0,1,2,A,-,21,22106,NA,N,H,C,A,A,H,-,A,A,0,NA,NA,NA,NA,Y,NA,A,07,0,1,0,0,0,0,0,0,0,-,-,33.62839889526367,-117.90899658203124,ORANGE,COSTA MESA,-117.90877532958984,33.62850570678711
91216293,2020,2020-03-26,9675,2020-03-17,1845,019320,NA,2,2,4,3002,0,1,3,NA,2,570,SR-57 SOUTHBOUND FROM IMPERIAL HWY.,IMPERIAL HIGHWAY,200,S,N,B,-,Y,NA,NA,57,NA,NA,NA,R,NA,S,Y,4,0,1,2,A,-,03,22350,NA,N,C,C,A,A,H,-,A,A,0,NA,NA,NA,NA,Y,NA,A,01,0,0,1,0,0,0,0,0,0,-,-,33.909000396728516,-117.88339996337892,ORANGE,BREA,-117.88339996337892,33.909000396728516
9122070,2020,2020-09-15,3008,2020-06-14,1707,1523,ZONE2,7,5,6,3008,0,0,0,NA,0,NA,HARBOR BL,LAS PALMAS DR,0,NA,Y,A,-,N,NA,NA,NA,NA,NA,NA,NA,NA,NA,NA,4,0,1,2,D,-,00,NA,NA,N,D,C,A,A,H,-,A,A,0,NA,NA,NA,NA,Y,NA,-,-,0,0,1,0,0,0,0,0,0,-,-,NA,NA,ORANGE,FULLERTON,-117.931396484375,33.91204071044922
91222289,2020,2020-04-07,9675,2020-03-29,1405,020923,NA,7,2,7,3019,0,1,3,NA,2,552,SR-55 N/B,EDINGER AVE,284,N,N,A,-,Y,NA,NA,55,NA,NA,NA,NA,NA,N,Y,3,0,1,1,A,-,07,21658,A,N,F,A,A,A,H,-,A,D,0,NA,NA,Y,NA,Y,NA,C,02,0,1,0,0,0,0,0,0,1,-,-,33.727500915527344,-117.83424377441406,ORANGE,SANTA ANA,-117.83450317382813,33.72758483886719
91225225,2020,2020-04-14,9690,2020-04-07,1258,012712,NA,2,1,4,3018,0,1,1,NA,2,057,I-5 N/B (SAN DIEGO FRWY),SAN JUAN CREEK RD,4200,S,N,B,C,Y,NA,NA,5,NA,NA,NA,NA,NA,N,Y,3,0,2,2,A,-,03,22350,NA,N,C,C,A,B,H,-,A,D,0,NA,NA,NA,NA,Y,NA,A,01,0,1,1,0,0,0,0,0,0,-,-,33.48173141479492,-117.66977691650392,ORANGE,SAN JUAN CAPISTRANO,-117.66967010498048,33.481632232666016
9122701,2020,2020-10-26,3010,2020-07-13,2327,5849,477,1,5,6,3010,0,0,0,NA,0,002,HAMILTON AV,BROOKHURST,0,NA,Y,A,-,N,NA,NA,NA,NA,NA,NA,NA,NA,NA,Y,3,0,2,2,A,-,12,21453,A,N,-,C,A,A,H,-,C,A,0,NA,NA,NA,NA,Y,NA,A,08,0,1,1,0,0,0,0,0,0,-,-,NA,NA,ORANGE,HUNTINGTON BEACH,-117.95368957519533,33.65058898925781
9122713,2020,2020-10-24,3010,2020-07-09,1611,1059,271,4,5,6,3010,0,0,0,NA,0,006,WARNER AV,GOLDENWEST ST,405,W,N,A,-,N,NA,NA,NA,NA,NA,NA,NA,NA,NA,Y,3,0,4,2,A,-,09,21804,A,N,D,C,A,-,H,-,A,D,0,NA,NA,NA,NA,Y,NA,A,07,0,2,2,0,0,0,0,0,0,-,-,NA,NA,ORANGE,HUNTINGTON BEACH,-118.00799560546876,33.71548843383789
9122817,2020,2020-09-15,3001,2020-06-30,1217,1068,NA,2,5,7,3001,0,0,0,NA,0,NA,LA PALMA AV,POTOMAC CIR,302,W,N,A,-,N,NA,NA,NA,NA,NA,NA,NA,NA,NA,Y,4,0,1,1,A,-,08,22107,NA,N,E,I,A,A,H,-,A,D,0,NA,NA,NA,NA,Y,NA,A,01,0,0,1,0,0,0,0,0,0,-,-,33.87284851074219,-117.74495697021484,ORANGE,ANAHEIM,-117.7696533203125,33.870052337646484