CASE_ID,ACCIDENT_YEAR,PROC_DATE,JURIS,COLLISION_DATE,COLLISION_TIME,OFFICER_ID,REPORTING_DISTRICT,DAY_OF_WEEK,CHP_SHIFT,POPULATION,CNTY_CITY_LOC,SPECIAL_COND,BEAT_TYPE,CHP_BEAT_TYPE,CITY_DIVISION_LAPD,CHP_BEAT_CLASS,BEAT_NUMBER,PRIMARY_RD,SECONDARY_RD,DISTANCE,DIRECTION,INTERSECTION,WEATHER_1,WEATHER_2,STATE_HWY_IND,CALTRANS_COUNTY,CALTRANS_DISTRICT,STATE_ROUTE,ROUTE_SUFFIX,POSTMILE_PREFIX,POSTMILE,LOCATION_TYPE,RAMP_INTERSECTION,SIDE_OF_HWY,TOW_AWAY,COLLISION_SEVERITY,NUMBER_KILLED,NUMBER_INJURED,PARTY_COUNT,PRIMARY_COLL_FACTOR,PCF_CODE_OF_VIOL,PCF_VIOL_CATEGORY,PCF_VIOLATION,PCF_VIOL_SUBSECTION,HIT_AND_RUN,TYPE_OF_COLLISION,MVIW,PED_ACTION,ROAD_SURFACE,ROAD_COND_1,ROAD_COND_2,LIGHTING,CONTROL_DEVICE,CHP_ROAD_TYPE,PEDESTRIAN_ACCIDENT,BICYCLE_ACCIDENT,MOTORCYCLE_ACCIDENT,TRUCK_ACCIDENT,NOT_PRIVATE_PROPERTY,ALCOHOL_INVOLVED,STWD_VEHTYPE_AT_FAULT,CHP_VEHTYPE_AT_FAULT,COUNT_SEVERE_INJ,COUNT_VISIBLE_INJ,COUNT_COMPLAINT_PAIN,COUNT_PED_KILLED,COUNT_PED_INJURED,COUNT_BICYCLIST_KILLED,COUNT_BICYCLIST_INJURED,COUNT_MC_KILLED,COUNT_MC_INJURED,PRIMARY_RAMP,SECONDARY_RAMP,LATITUDE,LONGITUDE,COUNTY,CITY,POINT_X,POINT_Y
91866490,2022,2022-09-16,9675,2022-09-08,0715,019979,NA,4,1,6,3015,0,1,3,NA,2,222,SR-22 EASTBOUND,GRAND AVE.,1100,E,N,A,-,Y,ORA,NA,22,NA,R,12.402,H,NA,R,N,4,0,1,2,A,-,03,22350,NA,N,C,C,A,A,H,-,A,D,0,NA,NA,NA,NA,Y,NA,A,01,0,0,1,0,0,0,0,0,0,-,-,33.77640914916992,-117.8437728881836,ORANGE,ORANGE,-117.84371948242188,33.776248931884766
91866800,2022,2022-09-16,9675,2022-09-08,2227,021984,NA,4,3,5,3022,0,1,3,NA,2,551,SR-55 SOUTHBOUND,17TH STREET,700,N,N,A,-,Y,ORA,NA,55,NA,NA,11.803,H,NA,L,N,4,0,1,2,A,-,03,22350,NA,N,C,C,A,A,H,-,C,D,0,NA,NA,NA,NA,Y,NA,A,01,0,0,1,0,0,0,0,0,0,-,-,33.76005935668945,-117.83119201660156,ORANGE,TUSTIN,-117.83119964599608,33.76005935668945
9186903,2020,2021-02-03,3000,2020-11-05,1645,9573,891F4,4,5,5,3050,0,0,0,NA,0,760,MUIRLANDS BL,OSWEGO ST,20,S,N,A,-,N,NA,NA,NA,NA,NA,NA,NA,NA,NA,Y,4,0,1,2,A,-,09,21801,A,N,D,C,A,A,H,-,A,A,0,NA,NA,NA,NA,Y,NA,-,NA,0,0,1,0,0,0,0,0,0,-,-,NA,NA,ORANGE,LAKE FOREST,-117.70890808105467,33.63241958618164
9187041,2020,2020-12-10,3006,2020-09-24,1215,315,19,4,5,3,3006,0,0,0,NA,0,001,LA PALMA AV,LOUISE LN,14,W,N,A,-,N,NA,NA,NA,NA,NA,NA,NA,NA,NA,Y,4,0,2,3,A,-,09,21801,A,N,D,C,A,A,H,-,A,D,0,NA,NA,NA,NA,Y,NA,A,07,0,0,2,0,0,0,0,0,0,-,-,NA,NA,ORANGE,LA PALMA,-118.04849243164063,33.84632873535156
91873898,2022,2022-09-27,9675,2022-09-17,1505,021076,NA,6,2,6,3008,0,1,3,NA,2,570,SR-57 NORTHBOUND,IMPERIAL HIGHWAY,670,S,N,A,-,Y,ORA,NA,57,NA,NA,19.676,H,NA,R,N,4,0,1,2,A,-,03,22350,NA,N,C,C,A,A,H,-,A,D,0,NA,NA,NA,NA,Y,NA,A,01,0,0,1,0,0,0,0,0,0,-,-,33.908241271972656,-117.88247680664063,ORANGE,FULLERTON,-117.88242340087892,33.90826416015625
91874873,2022,2022-09-27,9675,2022-09-18,1742,021305,NA,7,2,7,3019,0,1,3,NA,2,552,SR-55 SOUTHBOUND TO DYER ROAD EASTBOUND,DYER ROAD,58,S,N,A,-,Y,NA,NA,NA,NA,NA,NA,NA,NA,NA,N,4,0,1,2,A,-,03,22350,NA,N,C,C,A,A,H,-,A,D,0,NA,NA,NA,NA,Y,NA,A,07,0,0,1,0,0,0,0,0,0,-,-,33.708290100097656,-117.85424041748048,ORANGE,SANTA ANA,-117.85424041748048,33.708290100097656
9187863,2020,2021-02-03,3015,2020-11-04,1750,1642,RD51,3,5,6,3015,0,0,0,NA,0,311,MAIN ST,SYCAMORE AV,0,NA,Y,A,-,NA,NA,NA,NA,NA,NA,NA,NA,NA,NA,NA,4,0,1,2,A,-,09,21802,A,N,B,C,A,A,H,-,C,D,0,NA,NA,NA,NA,Y,NA,A,01,0,0,1,0,0,0,0,0,0,-,-,33.79304885864258,-117.86653137207033,ORANGE,ORANGE,-117.86654663085938,33.7929801940918
9187873,2020,2021-02-03,3004,2020-11-17,1109,P459,16,2,5,6,3004,0,0,0,NA,0,008,FAIRVIEW RD,ARLINGTON DR,0,NA,Y,A,-,N,NA,NA,NA,NA,NA,NA,NA,NA,NA,Y,4,0,2,2,A,-,12,21453,A,N,D,C,A,A,H,-,A,A,0,NA,NA,NA,NA,Y,NA,A,01,0,0,2,0,0,0,0,0,0,-,-,33.668800354003906,-117.90765380859376,ORANGE,COSTA MESA,-117.90779876708984,33.668819427490234
9187907,2020,2021-01-06,3015,2020-10-23,1945,1667,RD77,5,5,6,3015,0,0,0,NA,0,345,TUSTIN ST,VILLAGE TOWN CENTER,148,S,N,A,-,N,NA,NA,NA,NA,NA,NA,NA,NA,NA,Y,4,0,1,2,A,-,07,21658,A,N,B,C,A,A,H,-,C,A,0,NA,NA,NA,NA,Y,NA,A,07,0,0,1,0,0,0,0,0,0,-,-,NA,NA,ORANGE,ORANGE,-117.83610534667967,33.82568359375
91879291,2022,2022-09-30,9675,2022-09-22,0915,019394,NA,4,1,6,3004,0,1,3,NA,2,553,SR-55 SOUTHBOUND,BAKER ST.,140,S,N,A,-,Y,ORA,NA,55,NA,R,5.299,H,NA,L,Y,4,0,1,2,A,-,07,21658,A,N,B,C,A,A,H,-,A,D,0,NA,NA,Y,NA,Y,NA,A,01,0,0,1,0,0,0,0,0,1,-,-,33.679561614990234,-117.8798828125,ORANGE,COSTA MESA,-117.8798599243164,33.67955017089844
91880189,2022,2022-10-03,9670,2022-09-20,0702,014558,NA,2,1,6,3009,0,1,3,NA,2,023,SR-22 W/B (GARDEN GROVE FREEWAY),MAGNOLIA STREET,1800,E,N,A,-,Y,ORA,NA,22,NA,R,5.182,H,NA,L,N,2,0,1,3,A,-,03,22350,NA,N,C,C,A,A,H,-,A,D,0,NA,NA,Y,NA,Y,NA,C,02,1,0,0,0,0,0,0,0,1,-,-,33.76585006713867,-117.96630859375,ORANGE,GARDEN GROVE,-117.96630859375,33.76590347290039
91880223,2022,2022-10-03,9675,2022-09-21,0756,018039,NA,3,1,6,3026,0,1,1,NA,2,503,I-5 SOUTHBOUND,CULVER DRIVE,904,S,N,A,-,Y,ORA,NA,5,NA,R,26.408,H,NA,L,N,2,0,1,2,A,-,03,22350,NA,N,C,C,A,A,H,-,A,D,0,NA,NA,Y,NA,Y,NA,C,02,1,0,0,0,0,0,0,0,1,-,-,33.707801818847656,-117.78040313720705,ORANGE,IRVINE,-117.78044891357422,33.70777130126953
91881023,2022,2022-10-04,9675,2022-09-22,0920,019320,NA,4,1,7,3001,0,1,3,NA,2,572,SR-57 SOUTHBOUND,BALL RD.,1000,N,N,A,-,Y,ORA,NA,57,NA,NA,12.795,H,NA,L,N,4,0,1,2,A,-,03,22350,NA,N,C,C,A,A,H,-,A,D,0,NA,NA,Y,NA,Y,NA,C,02,0,0,1,0,0,0,0,0,1,-,-,33.8095817565918,-117.87931823730467,ORANGE,ANAHEIM,-117.8793716430664,33.809593200683594
9188265,2020,2020-12-07,3004,2020-10-10,1316,P634,05,6,5,6,3004,0,0,0,NA,0,001,NEWPORT BL,BROADWAY,100,S,N,A,-,Y,ORA,12,55,-,-,1.87,H,-,N,N,4,0,1,2,A,-,03,22350,NA,N,C,C,A,A,H,-,A,A,0,NA,NA,NA,NA,Y,NA,A,01,0,0,1,0,0,0,0,0,0,-,-,33.641841888427734,-117.91793823242188,ORANGE,COSTA MESA,-117.9182586669922,33.641639709472656
91882664,2022,2022-10-05,9675,2022-09-23,1215,020027,NA,5,1,7,3019,0,1,1,NA,2,503,I-5 SOUTHBOUND,SR-55 SOUTHBOUND,500,N,N,A,-,Y,ORA,NA,5,NA,NA,30.47,H,NA,L,Y,4,0,1,3,A,-,03,22350,NA,F,C,C,A,A,H,-,A,D,0,NA,NA,NA,NA,Y,NA,A,07,0,0,1,0,0,0,0,0,0,-,-,33.741668701171875,-117.83718872070313,ORANGE,SANTA ANA,-117.83716583251952,33.74171447753906
91883748,2022,2022-10-06,9675,2022-09-24,0610,021716,NA,6,1,5,3022,0,1,1,NA,2,503,I-5 SOUTHBOUND,REDHILL AVE.,450,N,N,A,-,Y,ORA,NA,5,NA,R,29.211,H,NA,L,N,4,0,1,2,A,-,03,22350,NA,N,C,C,A,A,H,-,B,D,0,NA,NA,NA,NA,Y,NA,D,22,0,0,1,0,0,0,0,0,0,-,-,33.73442077636719,-117.81687927246094,ORANGE,TUSTIN,-117.8168487548828,33.73444747924805
91884911,2022,2022-10-07,9690,2022-09-27,1450,019319,NA,2,2,5,3028,0,1,1,NA,2,057,I-5 N/B (SAN DIEGO FREEWAY),AVERY PARKWAY,528,N,N,A,-,Y,ORA,NA,5,NA,NA,13.087,H,NA,R,N,4,0,1,3,A,-,03,22350,NA,M,C,C,A,A,D,-,A,D,0,NA,NA,NA,NA,Y,NA,-,99,0,0,1,0,0,0,0,0,0,-,-,33.54922103881836,-117.67283630371094,ORANGE,MISSION VIEJO,-117.67267608642578,33.549217224121094
91889574,2022,2022-10-13,9670,2022-10-12,0920,017641,NA,3,1,9,3000,0,3,5,NA,2,005,VAN BUREN ST. (15000 BLOCK),ELMORE WAY,200,N,N,B,C,N,NA,NA,NA,NA,NA,NA,NA,NA,NA,N,3,0,1,2,A,-,08,22107,NA,N,B,C,A,B,H,-,A,D,0,NA,NA,NA,NA,Y,NA,A,01,0,1,0,0,0,0,0,0,0,-,-,33.74203109741211,-117.986328125,ORANGE,UNINCORPORATED,NA,NA
91891618,2022,2022-10-17,9675,2022-10-08,1838,021076,NA,6,2,6,3015,0,1,3,NA,2,222,SR-22 EASTBOUND,LEWIS STREET,450,E,N,A,-,Y,ORA,NA,22,NA,R,9.457,H,NA,R,N,4,0,1,2,A,-,07,21658,A,N,B,C,A,A,H,-,C,D,0,NA,NA,Y,NA,Y,NA,A,01,0,0,1,0,0,0,0,0,1,-,-,33.778560638427734,-117.89566040039063,ORANGE,ORANGE,-117.89567565917967,33.778602600097656
91893042,2022,2022-10-18,9690,2022-10-16,0831,016610,NA,7,1,4,3029,0,1,1,NA,2,058,I-5 N/B (SAN DIEGO FRWY) TO CAMINO LAS RAMBLAS,CAMINO LAS RAMBLAS,336,S,N,B,-,Y,NA,NA,NA,NA,NA,NA,NA,NA,NA,Y,3,0,1,1,A,-,08,22107,NA,N,E,I,A,B,H,-,A,D,0,NA,NA,NA,NA,Y,NA,A,01,0,1,0,0,0,0,0,0,0,-,-,33.46709060668945,-117.6675033569336,ORANGE,DANA POINT,-117.6675033569336,33.46709060668945
91894678,2022,2022-10-19,9675,2022-10-12,0940,019394,NA,3,1,6,3004,0,1,3,NA,2,073,SR-73 N/B TO SR-55 N/B,RED HILL AVE.,2200,N,N,B,C,Y,NA,NA,NA,NA,NA,NA,NA,NA,NA,Y,4,0,2,1,A,-,03,22350,NA,N,F,A,A,B,H,-,A,D,0,NA,NA,NA,NA,Y,NA,A,01,0,0,2,0,0,0,0,0,0,-,-,33.67314910888672,-117.88459777832033,ORANGE,COSTA MESA,-117.88459777832033,33.67314910888672
91900023,2022,2022-10-26,9675,2022-10-19,0705,019979,NA,3,1,7,3019,0,1,3,NA,2,551,SR-55 SOUTHBOUND,17TH ST.,20,N,N,A,-,Y,ORA,NA,55,NA,NA,11.803,H,NA,L,N,4,0,1,2,A,-,03,22350,NA,N,C,C,A,A,H,-,A,D,0,NA,NA,NA,NA,Y,NA,A,07,0,0,1,0,0,0,0,0,0,-,-,33.76005935668945,-117.83113861083984,ORANGE,SANTA ANA,-117.83119964599608,33.76005935668945
9190482,2020,2020-12-21,3002,2020-11-22,1418,1646,NA,7,5,4,3002,0,0,0,NA,0,013,IMPERIAL HWY,STATE COLLEGE BL,66,W,N,A,-,Y,ORA,12,90,-,-,5.18,H,-,E,NA,4,0,1,3,A,-,03,22350,NA,N,C,C,A,A,H,-,A,A,0,NA,NA,NA,NA,Y,NA,A,07,0,0,1,0,0,0,0,0,0,-,-,33.911869049072266,-117.88790130615234,ORANGE,BREA,-117.88813018798828,33.9118537902832
9190502,2020,2020-12-21,3009,2020-11-16,1240,4021,086,1,5,6,3009,0,0,0,NA,0,013,MAGNOLIA ST,RT 22,0,NA,Y,A,-,Y,ORA,12,22,-,R,5.001,R,4,E,Y,4,0,1,2,A,-,12,21453,A,N,D,C,A,A,H,-,A,A,0,NA,NA,NA,NA,Y,NA,A,01,0,0,1,0,0,0,0,0,0,-,EO,NA,NA,ORANGE,GARDEN GROVE,-117.96955871582033,33.76577377319336
91905260,2022,2022-10-31,9670,2022-10-21,2050,020505,NA,5,2,4,3020,0,1,1,NA,2,044,I-405 N/B,I-605,1056,S,N,B,-,Y,ORA,NA,405,NA,NA,23.783,H,NA,R,Y,4,0,1,2,A,-,03,22350,NA,N,C,C,A,A,D,-,C,D,0,NA,NA,NA,NA,Y,NA,A,01,0,0,1,0,0,0,0,0,0,-,-,33.780799865722656,-118.09033203125,ORANGE,SEAL BEACH,-118.09024810791016,33.78081512451172
91907960,2022,2022-11-02,9675,2022-10-21,1900,019527,NA,5,2,7,3001,0,1,3,NA,2,092,SR-91 WESTBOUND,GLASSELL STREET,1600,W,N,A,-,Y,ORA,NA,91,NA,NA,7.032,H,NA,L,Y,4,0,2,3,A,-,01,23152,A,N,C,C,A,A,H,-,C,D,0,NA,NA,NA,NA,Y,Y,A,01,0,0,2,0,0,0,0,0,0,-,-,33.84674072265625,-117.86077880859376,ORANGE,ANAHEIM,-117.86077880859376,33.846744537353516
91911178,2022,2022-11-07,9675,2022-10-29,1848,020018,NA,6,2,7,3019,0,1,1,NA,2,502,I-5 NORTHBOUND,GRAND AVENUE,1000,S,N,A,-,Y,ORA,NA,5,NA,NA,31.556,H,NA,R,N,3,0,1,2,A,-,03,22350,NA,N,C,C,A,A,H,-,C,D,0,NA,NA,NA,NA,Y,NA,A,07,0,1,0,0,0,0,0,0,0,-,-,33.75345993041992,-117.84818267822266,ORANGE,SANTA ANA,-117.84819793701172,33.75343322753906
9191776,2020,2021-02-02,3009,2020-11-19,1701,3965,134,4,5,6,3009,0,0,0,NA,0,2-1,GARDEN GROVE BL,WEST ST,0,NA,Y,A,-,N,NA,NA,NA,NA,NA,NA,NA,NA,NA,Y,3,0,2,2,A,-,09,21801,A,N,A,C,A,A,H,-,B,A,0,NA,NA,NA,NA,Y,NA,A,01,0,1,1,0,0,0,0,0,0,-,-,NA,NA,ORANGE,GARDEN GROVE,-117.92350769042967,33.77442932128906
91917988,2022,2022-11-15,9690,2022-11-03,1855,021875,NA,4,2,9,3000,0,2,4,NA,2,035,OSO PARKWAY,TESORO CREEK ROAD,0,NA,Y,A,-,N,NA,NA,NA,NA,NA,NA,NA,NA,NA,Y,4,0,1,2,A,-,12,21453,A,N,D,C,A,A,H,-,C,A,0,NA,NA,NA,NA,Y,NA,A,01,0,0,1,0,0,0,0,0,0,-,-,33.58589172363281,-117.61325073242188,ORANGE,UNINCORPORATED,-117.61325073242188,33.5859489440918
91920799,2022,2023-09-07,9675,2022-11-07,2118,022398,NA,1,2,7,3001,0,1,3,NA,2,093,SR-91 WESTBOUND,LA PALMA AVENUE,1000,E,N,B,-,Y,ORA,NA,91,NA,NA,6.819,H,NA,L,Y,4,0,1,2,A,-,08,22107,NA,N,B,C,A,A,H,-,C,D,0,NA,NA,NA,NA,Y,NA,A,07,0,0,1,0,0,0,0,0,0,-,-,33.84642028808594,-117.86438751220705,ORANGE,ANAHEIM,-117.86438751220705,33.84648132324219
91920802,2022,2022-11-17,9675,2022-11-08,0838,018087,NA,2,1,7,3001,0,1,3,NA,2,240,SR-241 NORTHBOUND,JEEP TRAIL,4118,N,N,B,C,Y,ORA,NA,241,NA,NA,37.564,H,NA,R,N,4,0,1,1,A,-,03,22350,NA,N,E,I,A,B,H,-,A,D,0,NA,NA,NA,NA,Y,NA,A,07,0,0,1,0,0,0,0,0,0,-,-,33.84585189819336,-117.71691131591795,ORANGE,ANAHEIM,-117.71676635742188,33.84585189819336
91921392,2022,2022-11-18,9675,2022-11-07,2145,021960,NA,1,2,7,3001,0,1,3,NA,2,094,SR-91 WESTBOUND,IMPERIAL HIGHWAY,225,W,N,A,-,Y,ORA,NA,91,NA,R,11.274,H,NA,L,Y,4,0,1,3,A,-,03,22350,NA,N,C,C,A,B,H,-,C,D,0,NA,NA,NA,NA,Y,NA,D,22,0,0,1,0,0,0,0,0,0,-,-,33.8543815612793,-117.79596710205078,ORANGE,ANAHEIM,-117.79596710205078,33.85442352294922
91924222,2022,2022-11-22,9675,2022-11-14,1505,020131,NA,1,2,5,3022,0,1,3,NA,2,551,SR-55 NORTHBOUND,17TH STREET,500,S,N,A,-,Y,ORA,NA,55,NA,NA,11.69,H,NA,R,N,4,0,1,4,A,-,03,22350,NA,N,C,C,A,A,H,-,A,D,0,NA,NA,NA,NA,Y,NA,A,01,0,0,1,0,0,0,0,0,0,-,-,33.7584114074707,-117.83094787597656,ORANGE,TUSTIN,-117.83103942871094,33.75841522216797
91924563,2022,2022-11-22,9675,2022-11-10,1952,019779,NA,4,2,6,3015,0,1,1,NA,2,502,I-5 N/B TO SR-22 W/B,I-5 NORTHBOUND,59,E,N,A,-,Y,ORA,NA,22,NA,R,10.551,H,NA,L,N,4,0,1,2,A,-,03,22350,NA,N,C,C,A,A,H,-,D,D,0,NA,NA,NA,NA,Y,NA,A,08,0,0,1,0,0,0,0,0,0,-,-,33.77922058105469,-117.87489318847656,ORANGE,ORANGE,-117.8749542236328,33.77896499633789
91924627,2022,2022-11-22,9675,2022-11-09,0815,017993,NA,3,1,6,3004,0,1,3,NA,2,553,SR-55 SOUTHBOUND,BAKER ST.,300,S,N,A,-,Y,ORA,NA,55,NA,R,5.189,H,NA,L,Y,4,0,1,2,A,-,03,22350,NA,N,C,C,A,A,H,-,A,D,0,NA,NA,NA,NA,Y,NA,D,22,0,0,1,0,0,0,0,0,0,-,-,33.67832946777344,-117.88101959228516,ORANGE,COSTA MESA,-117.88099670410156,33.678314208984375
9192666,2020,2021-01-28,3000,2020-11-11,1232,3542,797J1,3,5,4,3021,0,0,0,NA,0,021,BEACH BL,STARR ST,281,N,N,A,-,Y,ORA,12,39,-,-,11.54,H,-,S,Y,4,0,1,2,-,-,-,NA,A,F,B,C,A,A,H,-,A,D,0,NA,NA,NA,NA,Y,NA,A,08,0,0,1,0,0,0,0,0,0,-,-,NA,NA,ORANGE,STANTON,-117.99337768554688,33.815452575683594
91928150,2022,2022-11-28,9675,2022-11-17,1920,021691,NA,4,2,6,3015,0,1,3,NA,2,551,SR-55 NORTHBOUND,SANTA CLARA AVE,60,S,N,A,-,Y,ORA,NA,55,NA,NA,12.275,H,NA,R,Y,4,0,1,3,A,-,03,22350,NA,N,C,C,A,A,H,-,C,D,0,NA,NA,NA,NA,Y,NA,A,07,0,0,1,0,0,0,0,0,0,-,-,33.76694869995117,-117.83074188232422,ORANGE,ORANGE,-117.83081817626952,33.76694869995117
91929931,2022,2022-11-30,9670,2022-11-16,1750,021355,NA,3,2,5,3003,0,1,3,NA,2,091,SR-91 W/B,VALLEY VIEW AVE,1056,W,N,A,-,Y,ORA,NA,91,NA,R,0.742,H,NA,L,N,3,0,1,3,A,-,03,22350,NA,N,C,D,A,A,H,-,D,D,0,NA,NA,NA,NA,Y,NA,A,01,0,1,0,0,0,0,0,0,0,-,-,33.85736846923828,-118.0302734375,ORANGE,BUENA PARK,-118.03024291992188,33.85741424560547
91930327,2022,2022-11-30,9675,2022-11-21,1433,020544,NA,1,2,5,3016,0,1,3,NA,2,571,SR-57 N/B TO ORANGETHORPE AVE,ORANGETHORPE AVE,108,S,N,A,-,Y,NA,NA,NA,NA,NA,NA,NA,NA,NA,Y,4,0,2,3,A,-,03,22350,NA,N,C,C,A,A,H,-,A,D,0,NA,NA,NA,Y,Y,NA,A,01,0,0,2,0,0,0,0,0,0,-,-,33.861061096191406,-117.87653350830078,ORANGE,PLACENTIA,-117.87653350830078,33.861061096191406
91930399,2022,2022-11-30,9675,2022-11-21,1707,021274,NA,1,2,7,3001,0,1,3,NA,2,095,STATE ROUTE 91 W/B,WEIR CANYON ROAD,3025,E,N,A,-,Y,ORA,NA,91,NA,R,15.021,H,NA,L,N,4,0,2,3,A,-,03,22350,NA,N,C,C,A,A,H,-,C,D,0,NA,NA,NA,NA,Y,NA,A,01,0,0,2,0,0,0,0,0,0,-,-,33.870819091796875,-117.73497772216795,ORANGE,ANAHEIM,-117.73496246337892,33.87086868286133
9193153,2020,2020-12-18,3012,2020-10-31,1914,687,23,6,5,5,3012,0,0,0,NA,0,002,HARBOR BL,ARBOLITA DR,0,NA,Y,A,-,N,NA,NA,NA,NA,NA,NA,NA,NA,NA,N,4,0,1,2,A,-,09,21801,A,N,D,C,A,A,H,-,C,A,0,NA,NA,NA,NA,Y,NA,A,01,0,0,1,0,0,0,0,0,0,-,-,NA,NA,ORANGE,LA HABRA,-117.93302154541016,33.944129943847656
91935198,2022,2022-12-06,9690,2022-11-26,1400,020038,NA,6,2,9,3000,0,1,3,NA,1,074,SR-74 (ORTEGA HWY),ANTONIO PKWY,75,W,N,A,-,Y,ORA,NA,74,NA,R,2.561,H,NA,R,Y,4,0,1,2,A,-,09,21453,B,N,C,C,A,A,H,-,A,A,0,NA,NA,NA,NA,Y,NA,A,07,0,0,1,0,0,0,0,0,0,-,-,33.519649505615234,-117.62037658691406,ORANGE,UNINCORPORATED,-117.62034606933594,33.519493103027344
91939040,2022,2022-12-12,9675,2022-11-30,0508,019599,NA,3,3,7,3019,0,1,3,NA,2,222,SR-22 EASTBOUND TO BRISTOL ST.,I-5 FROM BRISTOL ST.,10,E,N,A,-,Y,NA,NA,NA,NA,NA,NA,NA,NA,NA,Y,2,0,1,4,A,-,01,23152,A,N,E,I,A,A,H,-,C,D,0,NA,NA,NA,NA,Y,Y,A,07,1,0,0,0,0,0,0,0,0,-,-,33.77846908569336,-117.88263702392578,ORANGE,SANTA ANA,-117.88263702392578,33.77846908569336
9194410,2020,2021-01-30,3022,2020-11-10,0931,1323,NA,2,5,5,3022,0,0,0,NA,0,NA,ROBINSON DR,IRVINE BL,0,NA,Y,A,-,N,NA,NA,NA,NA,NA,NA,NA,NA,NA,N,2,0,1,3,A,-,01,23153,A,N,A,C,A,A,H,-,A,A,0,NA,NA,NA,NA,Y,Y,D,22,1,0,0,0,0,0,0,0,0,-,-,33.734649658203125,-117.79067230224608,ORANGE,TUSTIN,-117.79076385498048,33.73453140258789
91952291,2022,2022-12-26,9675,2022-12-20,0220,022222,NA,2,3,7,3001,0,1,3,NA,2,093,SR-91 EASTBOUND,TUSTIN AVE,739,E,N,A,-,Y,ORA,NA,91,NA,NA,8.549,H,NA,R,Y,3,0,1,2,A,-,01,23152,A,N,B,C,A,A,H,-,D,D,0,NA,NA,NA,NA,Y,Y,A,01,0,1,0,0,0,0,0,0,0,-,-,33.84994125366211,-117.83592224121094,ORANGE,ANAHEIM,-117.83589935302734,33.84996032714844
91952800,2022,2022-12-27,9675,2022-12-16,1525,020699,NA,5,2,6,3026,0,1,1,NA,2,406,I-405 SOUTHBOUND,UNIVERSITY DR.,2000,N,N,A,-,Y,ORA,NA,405,NA,NA,4.332,H,NA,L,N,4,0,1,4,A,-,03,22350,NA,N,C,C,A,A,H,-,A,D,0,NA,NA,NA,NA,Y,NA,D,22,0,0,1,0,0,0,0,0,0,-,-,33.66416931152344,-117.80164337158205,ORANGE,IRVINE,-117.80162811279295,33.66421890258789
91953382,2022,2022-12-27,9675,2022-12-17,1335,021397,NA,6,1,5,3022,0,1,1,NA,2,503,I-5 NORTHBOUND,TUSTIN RANCH RD,1385,S,N,A,-,Y,ORA,NA,5,NA,NA,28.024,H,NA,R,N,4,0,1,2,A,-,07,21658,A,N,B,C,A,A,H,-,A,D,0,NA,NA,NA,NA,Y,NA,A,01,0,0,1,0,0,0,0,0,0,-,-,33.723758697509766,-117.80072784423828,ORANGE,TUSTIN,-117.80077362060548,33.723716735839844
91956682,2022,2022-12-30,9675,2022-12-21,1510,019135,NA,3,2,6,3008,0,1,3,NA,2,570,SR-57 NORTHBOUND,BASTANCHURY RD,300,S,N,A,-,Y,ORA,NA,57,NA,NA,18.777,H,NA,R,Y,2,0,1,3,A,-,03,22350,NA,N,C,C,A,A,H,-,A,D,0,NA,NA,Y,NA,Y,NA,C,02,1,0,0,0,0,0,0,0,1,-,-,33.89537811279297,-117.88079071044922,ORANGE,FULLERTON,-117.88069152832033,33.8953857421875
91956701,2022,2022-12-30,9675,2022-12-21,1550,019018,NA,3,2,4,3002,0,1,3,NA,2,570,SR-57 SOUTHBOUND,LAMBERT ROAD,4383,N,N,A,-,Y,ORA,NA,57,NA,NA,21.74,H,NA,L,N,4,0,1,2,A,-,03,22350,NA,N,C,C,A,A,H,-,A,D,0,NA,NA,NA,NA,Y,NA,A,08,0,0,1,0,0,0,0,0,0,-,-,33.93730163574219,-117.87776947021484,ORANGE,BREA,-117.87777709960938,33.93730163574219
91963529,2022,2023-01-09,9675,2022-11-06,2225,022046,NA,7,3,7,3001,0,1,3,NA,2,094,SR-91 WESTBOUND,WEIR CANYON RD.,3696,W,N,A,-,Y,ORA,NA,91,NA,R,13.706,H,NA,L,Y,3,0,1,3,A,-,01,23152,A,N,C,C,A,A,H,-,C,D,0,NA,NA,NA,NA,Y,Y,A,01,0,1,0,0,0,0,0,0,0,-,-,33.86928176879883,-117.75724792480467,ORANGE,ANAHEIM,-117.75724029541016,33.86918640136719