CASE_ID,ACCIDENT_YEAR,PROC_DATE,JURIS,COLLISION_DATE,COLLISION_TIME,OFFICER_ID,REPORTING_DISTRICT,DAY_OF_WEEK,CHP_SHIFT,POPULATION,CNTY_CITY_LOC,SPECIAL_COND,BEAT_TYPE,CHP_BEAT_TYPE,CITY_DIVISION_LAPD,CHP_BEAT_CLASS,BEAT_NUMBER,PRIMARY_RD,SECONDARY_RD,DISTANCE,DIRECTION,INTERSECTION,WEATHER_1,WEATHER_2,STATE_HWY_IND,CALTRANS_COUNTY,CALTRANS_DISTRICT,STATE_ROUTE,ROUTE_SUFFIX,POSTMILE_PREFIX,POSTMILE,LOCATION_TYPE,RAMP_INTERSECTION,SIDE_OF_HWY,TOW_AWAY,COLLISION_SEVERITY,NUMBER_KILLED,NUMBER_INJURED,PARTY_COUNT,PRIMARY_COLL_FACTOR,PCF_CODE_OF_VIOL,PCF_VIOL_CATEGORY,PCF_VIOLATION,PCF_VIOL_SUBSECTION,HIT_AND_RUN,TYPE_OF_COLLISION,MVIW,PED_ACTION,ROAD_SURFACE,ROAD_COND_1,ROAD_COND_2,LIGHTING,CONTROL_DEVICE,CHP_ROAD_TYPE,PEDESTRIAN_ACCIDENT,BICYCLE_ACCIDENT,MOTORCYCLE_ACCIDENT,TRUCK_ACCIDENT,NOT_PRIVATE_PROPERTY,ALCOHOL_INVOLVED,STWD_VEHTYPE_AT_FAULT,CHP_VEHTYPE_AT_FAULT,COUNT_SEVERE_INJ,COUNT_VISIBLE_INJ,COUNT_COMPLAINT_PAIN,COUNT_PED_KILLED,COUNT_PED_INJURED,COUNT_BICYCLIST_KILLED,COUNT_BICYCLIST_INJURED,COUNT_MC_KILLED,COUNT_MC_INJURED,PRIMARY_RAMP,SECONDARY_RAMP,LATITUDE,LONGITUDE,COUNTY,CITY,POINT_X,POINT_Y
92053936,2023,2023-04-26,9675,2023-04-16,910,018039,NA,7,1,7,3001,0,1,3,NA,2,094,SR-91 WESTBOUND,LAKEVIEW AVE,3025,E,N,B,-,Y,ORA,NA,91,NA,R,10.706,H,NA,L,N,4,0,1,2,A,-,03,22350,NA,N,C,C,A,A,H,-,A,D,0,NA,NA,NA,NA,Y,NA,A,01,0,0,1,0,0,0,0,0,0,-,-,33.85470962524414,-117.80551910400392,ORANGE,ANAHEIM,-117.80551910400392,33.85466384887695
92053946,2023,2023-04-26,9675,2023-04-20,2030,019779,NA,4,2,6,3015,0,1,3,NA,2,572,SR-57 SOUTHBOUND,CHAPMAN AVE,1584,N,N,A,-,Y,ORA,NA,57,NA,NA,11.556,H,NA,L,N,4,0,1,2,A,-,03,22350,NA,N,C,C,A,A,H,-,D,D,0,NA,NA,NA,NA,Y,NA,D,22,0,0,1,0,0,0,0,0,0,-,-,33.79241180419922,-117.879638671875,ORANGE,ORANGE,-117.8796157836914,33.79240417480469
92061012,2023,2023-05-04,9675,2023-04-22,1608,023105,NA,6,2,6,3004,0,1,3,NA,2,553,SR-55 NORTHBOUND,MAIN STREET,430,S,N,A,-,Y,ORA,NA,55,NA,R,6.303,H,NA,R,N,4,0,1,2,A,-,01,23152,G,N,C,C,A,A,H,-,A,D,0,NA,NA,NA,NA,Y,Y,A,07,0,0,1,0,0,0,0,0,0,-,-,33.69084167480469,-117.86875152587892,ORANGE,COSTA MESA,-117.86878967285156,33.690860748291016
92061404,2023,2023-05-04,9670,2023-05-02,1735,019029,NA,2,2,6,3009,0,1,3,NA,2,025,SR-22 W/B FROM GADEN GROVE BLVD. (HASTER ST.),GARDEN GROVE BOULEVARD,771,W,N,A,-,Y,ORA,NA,22,NA,R,8.626,H,NA,L,Y,4,0,1,2,A,-,03,22350,NA,N,C,C,A,A,H,-,A,A,0,NA,NA,Y,NA,Y,NA,C,02,0,0,1,0,0,0,0,0,1,-,-,33.77317810058594,-117.90805053710938,ORANGE,GARDEN GROVE,-117.90789794921876,33.772972106933594
9206357,2021,2021-03-19,3000,2021-01-16,1040,9573,891J4,6,5,5,3050,0,0,0,NA,0,760,EL TORO RD,MONTCLIFF DR,314,W,N,A,-,N,NA,NA,NA,NA,NA,NA,NA,NA,NA,N,4,0,1,2,D,-,00,NA,NA,N,C,C,A,A,H,-,A,A,0,NA,NA,Y,NA,Y,NA,-,-,0,0,1,0,0,0,0,0,1,-,-,NA,NA,ORANGE,LAKE FOREST,-117.67881011962892,33.6378288269043
92064138,2023,2023-05-08,9675,2023-04-30,1940,021834,NA,7,2,6,3015,0,1,3,NA,2,550,SR-55 NORTHBOUND,CHAPMAN AVENUE,500,N,N,A,-,Y,ORA,NA,55,NA,NA,13.958,H,NA,R,Y,3,0,1,1,A,-,08,22107,NA,N,E,8,A,A,H,-,C,D,0,NA,NA,NA,NA,Y,Y,A,01,0,1,0,0,0,0,0,0,0,-,-,33.79140090942383,-117.83072662353516,ORANGE,ORANGE,-117.83084106445313,33.79140090942383
92065051,2023,2023-11-29,9675,2023-05-04,439,021914,NA,4,3,7,3001,0,1,3,NA,2,194,SR-91 WESTBOUND,WEIR CANYON ROAD,4400,W,N,C,-,Y,ORA,NA,91,NA,R,13.564,H,NA,L,N,4,0,1,2,A,-,03,22350,NA,N,E,I,A,B,H,-,D,D,0,NA,NA,NA,NA,Y,NA,A,07,0,0,1,0,0,0,0,0,0,-,-,33.86867904663086,-117.7595672607422,ORANGE,ANAHEIM,-117.75961303710938,33.86885070800781
9206615,2020,2021-01-29,3002,2020-11-24,1436,1626,NA,2,5,4,3002,0,0,0,NA,0,013,BIRCH ST,BIRCH MALL ENTRANCE RD,0,NA,Y,A,-,N,NA,NA,NA,NA,NA,NA,NA,NA,NA,N,4,0,1,2,A,-,09,21801,A,N,D,C,A,A,H,-,A,A,0,NA,NA,NA,NA,Y,NA,A,01,0,0,1,0,0,0,0,0,0,-,-,33.91748046875,-117.88629150390624,ORANGE,BREA,NA,NA
92067088,2023,2023-05-11,9690,2023-04-29,1615,020086,NA,6,2,4,3011,0,1,3,NA,1,013,SR-73 N/B TO SR-133,SR-133 N/B,10,E,N,A,-,Y,ORA,NA,133,NA,M,4.18,H,NA,R,N,4,0,1,2,A,-,21,22106,NA,N,C,C,A,A,H,-,A,D,0,NA,NA,NA,NA,Y,NA,D,22,0,0,1,0,0,0,0,0,0,-,-,33.5937385559082,-117.75966644287108,ORANGE,LAGUNA BEACH,-117.75983428955078,33.59370422363281
92070046,2022,2023-05-16,9675,2022-02-28,1058,019897,NA,1,1,7,3001,0,1,3,NA,2,094,STATE ROUTE 91 WESTBOUND,IMPERIAL HIGHWAY,4008,W,N,A,-,Y,ORA,NA,91,NA,R,10.805,H,NA,L,Y,1,1,2,3,A,-,08,22107,NA,N,D,C,A,A,H,-,A,D,0,NA,NA,NA,NA,Y,NA,A,07,0,1,1,0,0,0,0,0,0,-,-,33.85449981689453,-117.80387115478516,ORANGE,ANAHEIM,-117.80386352539063,33.854610443115234
92074119,2023,2023-05-22,9670,2023-05-13,1510,020809,NA,6,2,6,3009,0,1,3,NA,2,121,STATE ROUTE 22 WESTBOUND,SPRINGDALE STREET,60,W,N,A,-,Y,ORA,NA,22,NA,R,1.907,H,NA,L,Y,3,0,1,2,A,-,07,21658,A,N,C,C,A,A,H,-,A,D,0,NA,NA,Y,NA,Y,NA,A,01,0,1,0,0,0,0,0,0,1,-,-,33.77436065673828,-118.0206298828125,ORANGE,GARDEN GROVE,-118.0206298828125,33.774383544921875
92074524,2023,2023-05-22,9690,2023-05-10,620,020637,NA,3,1,7,3019,0,1,S,NA,2,904,I-5 N/B,MAIN STREET,250,S,N,A,-,Y,ORA,NA,5,NA,NA,33.041,H,NA,R,Y,4,0,1,2,A,-,07,21658,A,N,B,2,A,A,H,-,A,D,0,NA,NA,NA,NA,Y,NA,D,22,0,0,1,0,0,0,0,0,0,-,-,33.767189025878906,-117.86683654785156,ORANGE,SANTA ANA,-117.86685180664063,33.76718521118164
92077473,2023,2023-05-25,9675,2023-05-24,945,017773,NA,3,1,7,3019,0,1,3,NA,2,552,SR-55 S/B,EDINGER AVE,50,N,N,B,-,Y,ORA,NA,55,NA,R,9.477,H,NA,L,Y,4,0,1,2,A,-,07,21658,A,N,B,C,A,B,H,-,A,D,0,NA,NA,NA,Y,Y,NA,F,27,0,0,1,0,0,0,0,0,0,-,-,33.72697067260742,-117.83487701416016,ORANGE,SANTA ANA,-117.83486175537108,33.726966857910156
92077621,2023,2023-05-25,9675,2023-05-25,845,017998,NA,4,1,7,3019,0,1,1,NA,2,502,I-5 NORTHBOUND,GRAND AVE,1800,S,N,B,-,Y,ORA,NA,5,NA,NA,31.466,H,NA,R,Y,4,0,1,3,A,-,03,22350,NA,N,C,C,A,A,H,-,A,D,0,NA,NA,NA,NA,Y,NA,A,01,0,0,1,0,0,0,0,0,0,-,-,33.75273895263672,-117.84680938720705,ORANGE,SANTA ANA,-117.84684753417967,33.7526969909668
9208008,2019,2021-02-08,3008,2019-10-15,0758,1546,ZONE3,2,5,6,3008,0,0,0,NA,0,NA,MOUNTAIN RIDGE DR,OAKRIDGE CT,0,NA,Y,A,-,N,NA,NA,NA,NA,NA,NA,NA,NA,NA,Y,4,0,1,2,A,-,03,22350,NA,N,C,E,A,A,H,-,A,D,0,NA,NA,NA,NA,Y,NA,A,07,0,0,1,0,0,0,0,0,0,-,-,NA,NA,ORANGE,FULLERTON,-117.88829040527344,33.89303970336914
9208032,2019,2021-02-12,3008,2019-10-21,1818,19-64598,ZONE3,1,5,6,3008,0,0,0,NA,0,003,BERKELEY AV,BROOKDALE PL,222,S,N,A,-,N,NA,NA,NA,NA,NA,NA,NA,NA,NA,N,4,0,1,2,A,-,03,22350,NA,N,C,C,A,A,H,-,B,D,0,NA,NA,NA,NA,Y,NA,D,72,0,0,1,0,0,0,0,0,0,-,-,NA,NA,ORANGE,FULLERTON,-117.91426849365234,33.876060485839844
92082138,2023,2023-05-31,9675,2023-05-23,1800,023105,NA,2,2,7,3019,0,1,1,NA,2,502,I-5 NORTHBOUND,FOURTH STREET,528,S,N,B,-,Y,ORA,NA,5,NA,NA,30.974,H,NA,R,N,4,0,1,2,A,-,03,22350,NA,M,C,C,A,A,H,-,A,D,0,NA,NA,NA,NA,Y,NA,-,99,0,0,1,0,0,0,0,0,0,-,-,33.746578216552734,-117.84259033203124,ORANGE,SANTA ANA,-117.84254455566406,33.74658966064453
92085847,2023,2023-06-05,9675,2023-06-03,8,022103,NA,6,3,7,3001,0,1,3,NA,2,093,SR-91 EASTBOUND,GLASSELL ST,2640,W,N,A,-,Y,ORA,NA,91,NA,NA,6.781,H,NA,R,Y,4,0,3,3,A,-,01,23152,A,N,B,C,A,A,H,-,C,D,0,NA,NA,NA,NA,Y,Y,A,01,0,0,3,0,0,0,0,0,0,-,-,33.84627914428711,-117.86528778076172,ORANGE,ANAHEIM,-117.86529541015624,33.846256256103516
92087416,2023,2023-06-06,9675,2023-06-01,1900,022993,NA,4,2,7,3001,0,1,3,NA,2,194,SR-91 EASTBOUND,IMPERIAL HIGHWAY,1320,W,N,B,-,Y,ORA,NA,91,NA,R,11.25,H,NA,R,N,3,0,1,2,A,-,08,22107,NA,F,B,C,A,A,H,-,A,D,0,NA,NA,NA,NA,Y,NA,-,99,0,1,0,0,0,0,0,0,0,-,-,33.85424041748047,-117.79634857177734,ORANGE,ANAHEIM,-117.79634857177734,33.85418701171875
9208955,2020,2021-02-19,3003,2020-12-22,2044,1096,61,2,5,5,3003,0,0,0,NA,0,004,VALLEY VIEW AV,ORANGETHORPE AV,540,S,N,A,-,N,NA,NA,NA,NA,NA,NA,NA,NA,NA,Y,4,0,1,2,A,-,09,21804,A,N,D,C,A,A,H,-,C,A,0,NA,NA,NA,NA,Y,NA,A,01,0,0,1,0,0,0,0,0,0,-,-,NA,NA,ORANGE,BUENA PARK,-118.02873992919922,33.857398986816406
92089969,2023,2023-06-09,9690,2023-05-28,1740,019925,NA,7,2,4,3018,0,1,1,NA,2,057,I-5 S/B (SAN DIEGO FRWY),SAN JUAN CREEK RD,2222,S,N,B,-,Y,ORA,NA,5,NA,NA,8.383,H,NA,L,Y,3,0,2,2,A,-,03,22350,NA,N,C,C,A,A,H,-,A,D,0,NA,NA,NA,NA,Y,NA,A,01,0,1,1,0,0,0,0,0,0,-,-,33.486358642578125,-117.6660614013672,ORANGE,SAN JUAN CAPISTRANO,-117.66602325439452,33.48634338378906
92091130,2023,2023-06-12,9690,2023-05-31,1329,014424,NA,3,1,4,3018,0,1,1,NA,2,057,I-5 N/B (SAN DIEGO FRWY),ORTEGA HIGHWAY (SR-74),1584,N,N,A,-,Y,ORA,NA,5,NA,NA,9.938,H,NA,R,N,4,0,1,2,A,-,03,22350,NA,N,C,C,A,A,H,-,A,D,0,NA,NA,NA,NA,Y,NA,A,01,0,0,1,0,0,0,0,0,0,-,-,33.50722885131836,-117.6598892211914,ORANGE,SAN JUAN CAPISTRANO,-117.65987396240234,33.507232666015625
92091897,2023,2023-06-12,9670,2023-06-09,2213,021910,NA,5,3,7,3001,0,1,1,NA,2,502,I-5 N/B (SANTA ANA FREEWAY),LINCOLN AVE,1584,S,N,A,-,Y,ORA,NA,5,NA,NA,37.981,H,NA,R,Y,4,0,2,2,A,-,03,22350,NA,N,C,C,A,A,H,-,C,D,0,NA,NA,NA,NA,Y,NA,A,01,0,0,2,0,0,0,0,0,0,-,-,33.82175827026367,-117.92163848876952,ORANGE,ANAHEIM,-117.92161560058594,33.82177734375
9209445,2020,2021-02-08,3009,2020-11-29,1902,4656,153,7,5,6,3009,0,0,0,NA,0,2 2,CHAPMAN AV,BAYPORT ST,187,W,N,A,-,N,NA,NA,NA,NA,NA,NA,NA,NA,NA,N,2,0,1,2,A,-,11,21956,A,N,G,B,D,A,H,-,C,A,0,Y,NA,NA,NA,Y,Y,N,60,1,0,0,0,1,0,0,0,0,-,-,NA,NA,ORANGE,GARDEN GROVE,-117.90397644042967,33.788944244384766
92094639,2023,2023-06-15,9675,2023-06-03,1355,023136,NA,6,1,7,3001,0,1,3,NA,2,095,SR-91 WESTBOUND,COAL CANYON RD,1460,W,N,A,-,Y,ORA,NA,91,NA,R,17.699,H,NA,L,Y,3,0,3,2,A,-,03,22350,NA,N,C,C,A,A,H,-,A,D,0,NA,NA,NA,NA,Y,NA,A,01,0,1,2,0,0,0,0,0,0,-,-,33.87382888793945,-117.69139099121094,ORANGE,ANAHEIM,-117.69135284423828,33.87395095825195
92097639,2023,2023-06-20,9670,2023-06-19,1530,022493,NA,1,2,4,3020,0,1,1,NA,2,044,I-405 N/B (SAN DIEGO FREEWAY),SEAL BEACH BLVD,5280,S,N,A,-,Y,ORA,NA,405,NA,NA,21.564,H,NA,R,N,4,0,1,2,A,-,03,22350,NA,N,C,C,A,A,D,-,A,D,0,NA,NA,NA,NA,Y,NA,A,08,0,0,1,0,0,0,0,0,0,-,-,33.77455139160156,-118.05621337890624,ORANGE,SEAL BEACH,-118.05620574951172,33.774452209472656
92097886,2023,2023-06-20,9675,2023-06-13,1800,020688,NA,2,2,7,3001,0,1,3,NA,2,093,SR-91 WESTBOUND,LA PALMA AVE.,350,W,N,B,-,Y,ORA,NA,91,NA,NA,6.343,H,NA,L,N,4,0,1,2,A,-,08,22107,NA,N,B,C,A,A,H,-,A,D,0,NA,NA,NA,NA,Y,NA,A,01,0,0,1,0,0,0,0,0,0,-,-,33.84823989868164,-117.87227630615234,ORANGE,ANAHEIM,-117.87225341796876,33.84828567504883
92098579,2023,2023-10-23,9675,2023-06-13,2250,022536,NA,2,3,7,3019,0,1,1,NA,2,502,I-5 S/B TO SR-22 E/B,LA VETA AVENUE,75,N,N,A,-,Y,NA,NA,NA,NA,NA,NA,NA,NA,NA,N,4,0,2,2,A,-,03,22350,NA,N,C,C,A,A,H,-,C,D,0,NA,NA,NA,NA,Y,NA,A,01,0,0,2,0,0,0,0,0,0,-,-,33.78071975708008,-117.87973785400392,ORANGE,SANTA ANA,-117.87973785400392,33.78071975708008
92101231,2023,2023-06-23,9675,2023-06-20,906,023208,NA,2,1,6,3004,0,1,3,NA,2,553,SR-55 NORTHBOUND,PAULARINO AVENUE,410,N,N,A,-,Y,ORA,NA,55,NA,R,5.61,H,NA,R,Y,4,0,2,3,A,-,03,22350,NA,N,C,C,A,A,H,-,A,D,0,NA,NA,NA,NA,Y,NA,A,01,0,0,2,0,0,0,0,0,0,-,-,33.68294906616211,-117.8762664794922,ORANGE,COSTA MESA,-117.87633514404295,33.6829948425293
92101702,2023,2023-06-26,9675,2023-06-18,1800,023136,NA,7,2,7,3001,0,1,3,NA,2,095,SR-91 EASTBOUND,COAL CANYON ROAD,5470,W,N,A,-,Y,ORA,NA,91,NA,R,17.423,H,NA,R,Y,4,0,1,3,A,-,03,22350,NA,M,E,I,A,A,H,-,A,D,0,NA,NA,NA,NA,Y,NA,A,01,0,0,1,0,0,0,0,0,0,-,-,33.873531341552734,-117.69586181640624,ORANGE,ANAHEIM,-117.6958465576172,33.873470306396484
92102329,2023,2023-06-26,9690,2023-06-19,1030,016610,NA,1,1,5,3050,0,1,1,NA,2,550,I-5 N/B (SAN DIEGO FRWY),LAKE FOREST DR.,50,S,N,B,-,Y,ORA,NA,5,NA,NA,19.875,H,NA,R,Y,3,0,1,2,A,-,01,23152,A,N,C,C,A,A,H,-,A,D,0,NA,NA,NA,NA,Y,Y,A,01,0,1,0,0,0,0,0,0,0,-,-,33.62807846069336,-117.72019958496094,ORANGE,LAKE FOREST,-117.72012329101563,33.62812805175781
92102445,2023,2023-06-26,9690,2023-06-17,1705,020349,NA,6,2,5,3017,0,1,1,NA,2,059,I-5 N/B (SAN DIEGO FRWY),VISTA HERMOSA,1000,N,N,A,-,Y,ORA,NA,5,NA,NA,4.392,H,NA,R,N,3,0,1,3,A,-,03,22350,NA,N,B,C,A,A,H,-,A,D,0,NA,NA,Y,NA,Y,NA,C,02,0,1,0,0,0,0,0,0,1,-,-,33.447750091552734,-117.63565826416016,ORANGE,SAN CLEMENTE,-117.63566589355467,33.44774627685547
92102966,2023,2023-06-27,9675,2023-06-23,1500,023160,NA,5,2,7,3019,0,1,1,NA,2,502,I-5 NORTHBOUND,GRAND AVE,183,S,N,A,-,Y,NA,NA,NA,NA,NA,NA,NA,NA,NA,Y,4,0,2,2,A,-,03,22350,NA,N,C,C,A,A,H,-,A,A,0,NA,NA,NA,NA,Y,NA,A,01,0,0,2,0,0,0,0,0,0,-,-,33.755210876464844,-117.85118865966795,ORANGE,SANTA ANA,-117.85133361816406,33.75490188598633
92103406,2023,2023-06-27,9675,2023-06-20,650,021272,NA,2,1,7,3019,0,1,1,NA,2,502,I-5 N/B FROM MAIN ST.,MAIN ST.,50,S,N,A,-,Y,ORA,NA,5,NA,NA,33.028,H,NA,R,N,4,0,1,2,A,-,08,22107,NA,F,B,C,A,A,H,-,A,D,0,NA,NA,NA,NA,Y,NA,-,99,0,0,1,0,0,0,0,0,0,-,-,33.766971588134766,-117.86685943603516,ORANGE,SANTA ANA,-117.86675262451172,33.76700973510742
92105060,2023,2023-06-29,9675,2023-06-22,1748,021633,NA,4,2,7,3001,0,1,3,NA,2,094,SR-91 EASTBOUND,WEIR CANYON ROAD,6864,W,N,A,-,Y,ORA,NA,91,NA,R,13.058,H,NA,R,Y,3,0,2,2,A,-,03,22350,NA,N,C,C,A,A,H,-,A,D,0,NA,NA,NA,Y,Y,NA,A,01,0,1,1,0,0,0,0,0,0,-,-,33.86513137817383,-117.76725769042967,ORANGE,ANAHEIM,-117.76723480224608,33.86509323120117
92105510,2023,2023-06-29,9690,2023-06-17,15,022016,NA,6,3,9,3000,0,2,4,NA,2,037,LIVE OAK CANYON ROAD,SHELTER CANYON ROAD,20,N,N,A,-,Y,NA,NA,NA,NA,NA,NA,NA,NA,NA,Y,3,0,2,1,A,-,08,22107,NA,N,E,I,A,A,H,-,C,D,0,NA,NA,NA,NA,Y,NA,A,01,0,1,1,0,0,0,0,0,0,-,-,33.673648834228516,-117.6016082763672,ORANGE,UNINCORPORATED,-117.6016845703125,33.6736946105957
92107507,2023,2023-06-30,9675,2023-06-27,1644,021274,NA,2,2,7,3001,0,1,3,NA,2,093,STATE ROUTE 91 E/B,TUSTIN AVE,40,W,N,A,-,Y,ORA,NA,91,NA,NA,8.379,H,NA,R,N,4,0,1,2,A,-,03,22350,NA,N,E,J,A,A,H,-,A,D,0,NA,NA,Y,NA,Y,NA,C,02,0,0,1,0,0,0,0,0,1,-,-,33.85116958618164,-117.83830261230467,ORANGE,ANAHEIM,-117.83831024169922,33.85115051269531
92107582,2023,2023-07-03,9675,2023-06-27,1610,017998,NA,2,2,7,3001,0,1,3,NA,2,195,SR-91 EASTBOUND,COAL CANYON ROAD,500,W,N,A,-,Y,ORA,NA,91,NA,R,17.869,H,NA,R,Y,4,0,1,2,A,-,03,22350,NA,N,C,C,A,A,H,-,A,D,0,NA,NA,NA,NA,Y,NA,A,01,0,0,1,0,0,0,0,0,0,-,-,33.872398376464844,-117.68842315673828,ORANGE,ANAHEIM,-117.68844604492188,33.87235641479492
92111566,2023,2023-07-07,9670,2023-06-30,1100,018180,NA,5,1,5,3003,0,1,3,NA,2,092,SR-91  W/B (RIVERSIDE FREEWAY),STANTON AVE,370,E,N,A,-,Y,ORA,NA,91,NA,R,2.941,H,NA,L,Y,4,0,1,1,C,-,18,NA,NA,N,B,I,A,A,H,-,A,D,0,NA,NA,NA,NA,Y,NA,-,-,0,0,1,0,0,0,0,0,0,-,-,33.856109619140625,-117.99237823486328,ORANGE,BUENA PARK,-117.9923858642578,33.856224060058594
92111924,2023,2023-07-07,9675,2023-06-30,1130,021397,NA,5,1,7,3001,0,1,3,NA,2,094,SR-91 WESTBOUND,IMPERIAL HIGHWAY,4510,W,N,A,-,Y,ORA,NA,91,NA,R,10.752,H,NA,L,Y,4,0,1,2,A,-,03,22350,NA,N,C,C,A,A,H,-,A,D,0,NA,NA,NA,NA,Y,NA,D,22,0,0,1,0,0,0,0,0,0,-,-,33.854610443115234,-117.80474853515624,ORANGE,ANAHEIM,-117.80474853515624,33.85463333129883
92113629,2023,2023-07-12,9670,2023-07-02,1450,021355,NA,7,2,7,3019,0,1,S,NA,2,904,I-5 S/B,4TH ST.,1584,N,N,A,-,Y,ORA,NA,5,NA,NA,31.642,H,NA,L,Y,3,0,3,4,A,-,01,23152,F,N,B,C,A,A,H,-,A,D,0,NA,NA,NA,NA,Y,NA,A,01,0,1,2,0,0,0,0,0,0,-,-,33.75368118286133,-117.8498764038086,ORANGE,SANTA ANA,-117.84988403320313,33.7536735534668
92115767,2023,2023-07-13,9670,2023-07-10,1035,014558,NA,1,1,6,3009,0,1,3,NA,2,021,SR-22 W/B (GARDEN GROVE FREEWAY),SPRINGDALE STREET,800,W,N,A,-,Y,ORA,NA,22,NA,R,1.739,H,NA,L,Y,4,0,1,3,A,-,03,22350,NA,N,C,C,A,A,H,-,A,A,0,NA,NA,NA,Y,Y,NA,F,26,0,0,1,0,0,0,0,0,0,-,-,33.77442932128906,-118.02352142333984,ORANGE,GARDEN GROVE,-118.02352142333984,33.77438735961914
9211665,2021,2023-06-17,3003,2021-01-16,1905,1255,NA,6,5,5,3003,0,0,0,NA,0,001,RT 39,HOLT ST,50,S,N,A,-,Y,ORA,12,39,-,-,15.68,H,-,N,N,1,1,0,2,A,-,11,21954,A,N,G,B,D,A,H,-,C,D,0,Y,NA,NA,NA,Y,NA,N,60,0,0,0,1,0,0,0,0,0,-,-,33.875099182128906,-117.99810028076172,ORANGE,BUENA PARK,-117.99819183349608,33.875038146972656
9211758,2020,2021-03-25,3000,2020-07-26,0735,1056,892D5,7,5,5,3028,0,0,0,NA,0,058,MARGUERITE PKWY,ALERZAL,71,S,N,B,-,N,NA,NA,NA,NA,NA,NA,NA,NA,NA,Y,1,1,0,2,A,-,11,21954,A,N,G,B,D,A,H,-,A,D,0,Y,NA,NA,NA,Y,NA,N,60,0,0,0,1,0,0,0,0,0,-,-,33.62514114379883,-117.6514892578125,ORANGE,MISSION VIEJO,-117.6514892578125,33.625030517578125
9211764,2020,2021-03-25,3019,2020-12-13,1410,3614,SE,7,5,7,3019,0,0,0,NA,0,003,MAIN ST,ALTON AV,12,N,N,A,-,N,NA,NA,NA,NA,NA,NA,NA,NA,NA,N,1,1,0,2,A,-,11,21954,A,N,G,B,D,A,H,-,A,A,0,Y,NA,NA,NA,Y,NA,N,60,0,0,0,1,0,0,0,0,0,-,-,33.704349517822266,-117.86898040771484,ORANGE,SANTA ANA,-117.86807250976563,33.70518112182617
92120481,2023,2023-07-19,9675,2023-07-12,1802,021716,NA,3,2,5,3022,0,1,1,NA,2,503,I-5 NORTHBOUND,NEWPORT AVE,2798,N,N,A,-,Y,ORA,NA,5,NA,NA,30.151,H,NA,R,N,4,0,1,2,A,-,03,22350,NA,N,C,C,A,A,H,-,A,D,0,NA,NA,NA,NA,Y,NA,D,22,0,0,1,0,0,0,0,0,0,-,-,33.74011993408203,-117.83184051513672,ORANGE,TUSTIN,-117.83186340332033,33.74007797241211
92123884,2023,2023-07-24,9675,2023-07-14,1725,019779,NA,5,2,7,3001,0,1,3,NA,2,572,SR-57 SOUTHBOUND,SOUTH ST,318,N,N,A,-,Y,ORA,NA,57,NA,NA,14.488,H,NA,L,N,4,0,1,4,A,-,03,22350,NA,N,C,C,A,A,H,-,A,D,0,NA,NA,NA,NA,Y,NA,A,01,0,0,1,0,0,0,0,0,0,-,-,33.83366012573242,-117.87632751464844,ORANGE,ANAHEIM,-117.87625885009766,33.83366012573242
92124507,2023,2023-07-24,9675,2023-07-13,1605,020851,NA,4,2,9,3000,0,3,5,NA,2,002,NEWPORT AVE,LA LIMONAR RD,0,NA,Y,A,-,N,NA,NA,NA,NA,NA,NA,NA,NA,NA,Y,3,0,1,2,A,-,09,21802,A,N,D,C,A,A,H,-,A,A,0,NA,NA,Y,NA,Y,NA,A,07,0,1,0,0,0,0,0,0,1,-,-,33.769691467285156,-117.7926788330078,ORANGE,UNINCORPORATED,-117.7927017211914,33.76978302001953
9212642,2020,2021-02-03,3004,2020-12-31,1028,P459,02,4,5,6,3004,0,0,0,NA,0,001,NEWPORT BL,EAST 17TH ST,0,NA,N,A,-,Y,ORA,12,55,-,-,1.444,I,5,S,Y,3,0,1,2,A,-,09,21453,C,N,D,C,A,A,H,-,A,A,0,NA,NA,NA,NA,Y,NA,A,01,0,1,0,0,0,0,0,0,0,-,-,33.63642120361328,-117.9221420288086,ORANGE,COSTA MESA,-117.92202758789063,33.636531829833984
92126980,2023,2023-07-26,9675,2023-07-17,1720,020923,NA,1,2,7,3001,0,1,3,NA,2,094,SR-91 WESTBOUND,WEIR CANYON RD.,4450,W,N,A,-,Y,ORA,NA,91,NA,R,13.54,H,NA,L,Y,3,0,1,1,A,-,03,22350,NA,N,E,I,A,A,H,-,A,D,0,NA,NA,NA,NA,Y,NA,A,01,0,1,0,0,0,0,0,0,0,-,-,33.86867141723633,-117.75997924804688,ORANGE,ANAHEIM,-117.760009765625,33.86874008178711