CASE_ID,ACCIDENT_YEAR,PROC_DATE,JURIS,COLLISION_DATE,COLLISION_TIME,OFFICER_ID,REPORTING_DISTRICT,DAY_OF_WEEK,CHP_SHIFT,POPULATION,CNTY_CITY_LOC,SPECIAL_COND,BEAT_TYPE,CHP_BEAT_TYPE,CITY_DIVISION_LAPD,CHP_BEAT_CLASS,BEAT_NUMBER,PRIMARY_RD,SECONDARY_RD,DISTANCE,DIRECTION,INTERSECTION,WEATHER_1,WEATHER_2,STATE_HWY_IND,CALTRANS_COUNTY,CALTRANS_DISTRICT,STATE_ROUTE,ROUTE_SUFFIX,POSTMILE_PREFIX,POSTMILE,LOCATION_TYPE,RAMP_INTERSECTION,SIDE_OF_HWY,TOW_AWAY,COLLISION_SEVERITY,NUMBER_KILLED,NUMBER_INJURED,PARTY_COUNT,PRIMARY_COLL_FACTOR,PCF_CODE_OF_VIOL,PCF_VIOL_CATEGORY,PCF_VIOLATION,PCF_VIOL_SUBSECTION,HIT_AND_RUN,TYPE_OF_COLLISION,MVIW,PED_ACTION,ROAD_SURFACE,ROAD_COND_1,ROAD_COND_2,LIGHTING,CONTROL_DEVICE,CHP_ROAD_TYPE,PEDESTRIAN_ACCIDENT,BICYCLE_ACCIDENT,MOTORCYCLE_ACCIDENT,TRUCK_ACCIDENT,NOT_PRIVATE_PROPERTY,ALCOHOL_INVOLVED,STWD_VEHTYPE_AT_FAULT,CHP_VEHTYPE_AT_FAULT,COUNT_SEVERE_INJ,COUNT_VISIBLE_INJ,COUNT_COMPLAINT_PAIN,COUNT_PED_KILLED,COUNT_PED_INJURED,COUNT_BICYCLIST_KILLED,COUNT_BICYCLIST_INJURED,COUNT_MC_KILLED,COUNT_MC_INJURED,PRIMARY_RAMP,SECONDARY_RAMP,LATITUDE,LONGITUDE,COUNTY,CITY,POINT_X,POINT_Y
94363678,2024,2024-08-21,9670,2024-08-20,1030,021459,NA,2,1,7,3001,0,1,1,NA,2,502,I-5 N/B TO HARBOR BLVD,HARBOR BLVD,10,S,N,A,-,Y,NA,NA,NA,NA,NA,NA,NA,NA,NA,N,4,0,1,2,A,-,03,22350,NA,N,C,C,A,A,H,-,A,D,0,NA,NA,Y,NA,Y,NA,A,07,0,0,1,0,0,0,0,0,1,-,-,33.81652069091797,-117.91516876220705,ORANGE,ANAHEIM,-117.91554260253906,33.81589889526367
94370684,2024,2024-08-27,9675,2024-08-23,2034,022639,NA,5,2,6,3004,0,1,1,NA,2,405,I-405 NORTHBOUND,SR-55 SOUTHBOUND,1500,N,N,A,-,Y,ORA,NA,405,NA,NA,8.903,H,NA,R,N,4,0,1,2,A,-,01,23152,A,N,B,C,A,A,H,-,C,D,0,NA,NA,NA,NA,Y,Y,A,01,0,0,1,0,0,0,0,0,0,-,-,33.68745040893555,-117.87503051757813,ORANGE,COSTA MESA,-117.87503051757813,33.68744659423828
9437312,2022,2022-05-19,3004,2022-04-25,2331,P711,09,1,5,6,3004,0,0,0,NA,0,009,WALLACE AV,HAMILTON AV,368,S,N,A,-,N,NA,NA,NA,NA,NA,NA,NA,NA,NA,Y,3,0,2,2,A,-,01,23152,A,N,C,C,A,A,H,-,C,D,0,NA,NA,NA,NA,Y,Y,A,01,0,1,1,0,0,0,0,0,0,-,-,NA,NA,ORANGE,COSTA MESA,-117.9304428100586,33.650638580322266
94375037,2024,2024-08-29,9690,2024-08-19,1125,016739,NA,1,1,9,3000,0,1,3,NA,1,074,SR-74 (ORTEGA HWY),QUARRY RD,2640,W,N,A,-,Y,ORA,NA,74,NA,NA,8.792,H,NA,R,Y,4,0,1,1,C,-,18,NA,NA,N,H,H,A,A,H,-,A,D,0,NA,NA,NA,NA,Y,NA,-,-,0,0,1,0,0,0,0,0,0,-,-,33.55099105834961,-117.5489501953125,ORANGE,UNINCORPORATED,-117.54896545410156,33.55099105834961
94377614,2024,2024-08-30,9675,2024-08-07,2100,022159,NA,3,2,7,3001,0,1,3,NA,2,093,SR-91 W/B TO KRAEMER BLVD,KRAEMER BLVD.,6,E,N,A,-,Y,NA,NA,NA,NA,NA,NA,NA,NA,NA,N,4,0,1,2,A,-,05,21651,B,N,D,C,A,A,H,-,C,A,0,NA,NA,NA,NA,Y,NA,M,94,0,0,1,0,0,0,0,0,0,-,-,33.84906005859375,-117.85597229003906,ORANGE,ANAHEIM,-117.85552978515624,33.84801483154297
94378773,2024,2024-09-03,9675,2024-08-17,1132,023521,NA,6,1,7,3019,0,1,1,NA,2,502,I-5 NORTHBOUND,17TH ST,10,S,N,A,-,Y,ORA,NA,5,NA,NA,32.478,H,NA,R,N,4,0,1,3,A,-,07,21658,A,N,C,C,A,A,H,-,A,D,0,NA,NA,NA,NA,Y,NA,A,01,0,0,1,0,0,0,0,0,0,-,-,33.76008987426758,-117.86200714111328,ORANGE,SANTA ANA,-117.86204528808594,33.76005554199219
94379536,2024,2024-09-03,9670,2024-08-30,625,018180,NA,5,1,3,3006,0,1,3,NA,2,092,SR-91 E/B (RIVERSIDE FREEWAY),WALKER ST.,275,W,N,A,-,Y,ORA,NA,91,NA,R,0.223,H,NA,R,Y,4,0,1,1,A,-,08,22107,NA,N,E,I,A,A,H,-,B,D,0,NA,NA,NA,NA,Y,NA,A,01,0,0,1,0,0,0,0,0,0,-,-,33.860618591308594,-118.03839874267578,ORANGE,LA PALMA,-118.0384521484375,33.86053466796875
9438735,2022,2022-05-18,3012,2022-04-24,2111,693,12,7,5,5,3012,0,0,0,NA,0,001,WHITTIER BL,MONTE VISTA ST,0,NA,Y,A,-,Y,ORA,12,39,-,-,21.47,H,-,S,N,4,0,2,2,A,-,08,22107,NA,N,C,C,A,A,H,-,C,A,0,NA,NA,NA,NA,Y,NA,A,01,0,0,2,0,0,0,0,0,0,-,-,NA,NA,ORANGE,LA HABRA,-117.95467376708984,33.93915557861328
94390815,2024,2024-09-12,9675,2024-09-04,920,016923,NA,3,1,7,3001,0,1,3,NA,2,093,SR-91 WESTBOUND,ATSF RXR,110,W,N,A,-,Y,ORA,NA,91,NA,NA,8.168,H,NA,L,N,4,0,1,2,A,-,03,22350,NA,N,C,A,A,A,H,-,A,D,0,NA,NA,NA,NA,Y,NA,D,22,0,0,1,0,0,0,0,0,0,-,-,33.8514289855957,-117.84190368652344,ORANGE,ANAHEIM,-117.84191131591795,33.85149002075195
94393957,2024,2024-09-16,9675,2024-09-06,753,018714,NA,5,1,9,3000,0,3,5,NA,2,004,CAMPUS DR,DOVE ST,0,NA,Y,B,-,N,NA,NA,NA,NA,NA,NA,NA,NA,NA,Y,4,0,2,2,A,-,12,21453,A,N,A,C,A,A,H,-,A,D,0,NA,NA,NA,NA,Y,NA,A,01,0,0,2,0,0,0,0,0,0,-,-,33.66756820678711,-117.86994171142578,ORANGE,UNINCORPORATED,-117.86997222900392,33.66758728027344
94395804,2024,2024-09-16,9670,2024-09-12,1927,021821,NA,4,2,3,3013,0,1,1,NA,2,045,I-405 S/B TO I-605 N/B,I-405,1584,N,N,A,-,Y,NA,NA,NA,NA,NA,NA,NA,NA,NA,Y,4,0,2,2,A,-,03,22350,NA,N,C,C,A,A,H,-,C,D,0,NA,NA,NA,NA,Y,NA,D,22,0,0,2,0,0,0,0,0,0,-,-,33.78792190551758,-118.08921051025392,ORANGE,LOS ALAMITOS,NA,NA
9439697,2022,2022-06-06,3026,2022-05-11,1344,4779,PORTO,3,5,6,3026,0,0,0,NA,0,007,CULVER DR,PORTOLA PKWY,10,S,N,A,-,N,NA,NA,NA,NA,NA,NA,NA,NA,NA,N,3,0,1,2,A,-,03,22350,NA,N,H,G,A,A,H,-,A,A,0,NA,Y,NA,NA,Y,NA,L,04,0,1,0,0,0,0,1,0,0,-,-,33.731231689453125,-117.75868988037108,ORANGE,IRVINE,-117.76028442382813,33.73222732543945
94403079,2024,2024-09-23,9675,2024-09-13,1206,023506,NA,5,1,7,3001,0,1,3,NA,2,094,SR-91 WESTBOUND,LAKEVIEW AVE,3432,E,N,A,-,Y,ORA,NA,91,NA,R,10.806,H,NA,L,N,4,0,1,2,A,-,03,22350,NA,N,C,C,A,A,H,-,A,D,0,NA,NA,NA,NA,Y,NA,A,01,0,0,1,0,0,0,0,0,0,-,-,33.85454177856445,-117.80384063720705,ORANGE,ANAHEIM,-117.80384063720705,33.854610443115234
94404377,2024,2024-09-23,9675,2024-09-14,1539,022222,NA,6,2,6,3026,0,1,1,NA,2,503,I-5 NORTHBOUND,SR-261 NORTHBOUND,1320,S,N,A,-,Y,ORA,NA,5,NA,R,27.049,H,NA,R,Y,4,0,2,3,A,-,08,22107,NA,N,C,C,A,A,H,-,A,D,0,NA,NA,NA,NA,Y,NA,D,22,0,0,2,0,0,0,0,0,0,-,-,33.71466827392578,-117.78778839111328,ORANGE,IRVINE,-117.78778839111328,33.71466827392578
94407427,2024,2024-09-25,9690,2024-09-02,1650,018733,NA,1,2,9,3000,0,2,4,NA,2,037,LIVE OAK CANYON,TRABUCO CREEK ROAD,2100,N,N,A,-,N,NA,NA,NA,NA,NA,NA,NA,NA,NA,N,2,0,1,1,A,-,08,22107,NA,N,F,A,A,A,H,-,A,D,0,NA,NA,Y,NA,Y,NA,C,02,1,0,0,0,0,0,0,0,1,-,-,33.658538818359375,-117.60067749023438,ORANGE,UNINCORPORATED,-117.94085693359376,33.659568786621094
94410145,2024,2024-09-27,9675,2024-09-24,1520,016923,NA,2,2,7,3019,0,1,3,NA,2,551,SR-55 NORTHBOUND,17TH STREET,1478,N,N,A,-,Y,ORA,NA,55,NA,NA,12.076,H,NA,R,N,4,0,1,2,A,-,03,22350,NA,N,C,C,A,A,H,-,A,D,0,NA,NA,NA,NA,Y,NA,A,01,0,0,1,0,0,0,0,0,0,-,-,33.7640495300293,-117.83072662353516,ORANGE,SANTA ANA,-117.8308334350586,33.7640495300293
94412342,2024,2024-10-29,9690,2024-09-10,745,018733,NA,2,1,5,3028,0,1,1,NA,2,056,I-5 N/B (SAN DIEGO FRWY),OSO PARKWAY,500,N,N,A,-,Y,ORA,NA,5,NA,NA,15.282,H,NA,R,N,4,0,1,3,A,-,03,22350,NA,N,F,I,A,A,H,-,A,D,0,NA,NA,Y,NA,Y,NA,C,02,0,0,1,0,0,0,0,0,1,-,-,33.58108139038086,-117.6716766357422,ORANGE,MISSION VIEJO,-117.6716079711914,33.581077575683594
9441482,2022,2022-05-19,3005,2022-04-26,1543,8294,C21,2,5,4,3005,0,0,0,NA,0,002,WALKER ST,BALL RD,0,NA,Y,A,-,N,NA,NA,NA,NA,NA,NA,NA,NA,NA,N,4,0,1,2,A,-,03,22350,NA,N,C,C,A,A,H,-,A,A,0,NA,NA,NA,NA,Y,NA,A,01,0,0,1,0,0,0,0,0,0,-,-,NA,NA,ORANGE,CYPRESS,-118.0368194580078,33.816959381103516
94416019,2024,2024-10-02,9670,2024-09-18,1743,019925,NA,3,2,7,3001,0,1,S,NA,2,904,I-5 N/B FROM LA PALMA AVE. W/B,LA PALMA AVE.,522,N,N,A,-,Y,NA,NA,NA,NA,NA,NA,NA,NA,NA,Y,2,0,1,1,A,-,08,22107,NA,N,E,I,A,A,H,-,A,D,0,NA,NA,NA,NA,Y,NA,A,01,1,0,0,0,0,0,0,0,0,-,-,33.84730911254883,-117.96148681640624,ORANGE,ANAHEIM,-117.96295928955078,33.84770965576172
94416756,2024,2024-10-02,9675,2024-09-25,1858,021984,NA,3,2,7,3001,0,1,3,NA,2,571,SR-57 SOUTHBOUND,STATE ROUTE 91,322,N,N,A,-,Y,ORA,NA,57,NA,NA,15.685,H,NA,L,N,2,0,2,3,A,-,01,23152,A,N,B,C,A,A,H,-,C,D,0,NA,NA,NA,NA,Y,Y,A,01,1,0,1,0,0,0,0,0,0,-,-,33.85097122192383,-117.87583923339844,ORANGE,ANAHEIM,-117.87590026855467,33.85097122192383
94420239,2024,2024-10-07,9675,2024-09-28,1325,023128,NA,6,1,5,3022,0,1,3,NA,2,551,SR-55 NORTHBOUND,MCFADDEN AVE,110,S,N,A,-,Y,ORA,NA,55,NA,R,9.933,H,NA,R,N,3,0,2,3,A,-,03,22350,NA,N,B,2,A,A,H,-,A,D,0,NA,NA,NA,NA,Y,NA,A,01,0,1,1,0,0,0,0,0,0,-,-,33.73344039916992,-117.83352661132813,ORANGE,TUSTIN,-117.83361053466795,33.73344039916992
94422422,2024,2024-10-08,9675,2024-10-01,105,023105,NA,2,3,6,3026,0,1,1,NA,2,504,I-5 SOUTHBOUND,SR-133 SOUTHBOUND,160,N,N,B,-,Y,ORA,NA,5,NA,R,23.28,H,NA,L,N,4,0,2,2,A,-,01,23152,A,N,C,C,A,A,H,-,C,D,0,NA,NA,NA,NA,Y,Y,A,07,0,0,2,0,0,0,0,0,0,-,-,33.6684684753418,-117.75424194335938,ORANGE,IRVINE,-117.7542724609375,33.66844940185547
94427620,2024,2024-10-11,9675,2024-10-04,1527,021274,NA,5,2,7,3001,0,1,3,NA,2,095,STATE ROUTE 91 E/B,GYPPSUM CANYON ROAD,4370,W,N,A,-,Y,ORA,NA,91,NA,R,15.609,H,NA,R,N,3,0,2,2,A,-,08,22107,NA,N,C,C,A,A,H,-,A,D,0,NA,NA,NA,NA,Y,NA,A,01,0,2,0,0,0,0,0,0,0,-,-,33.8673095703125,-117.72541809082033,ORANGE,ANAHEIM,-117.72543334960938,33.86727523803711
94430573,2024,2024-10-14,9675,2024-10-04,129,022058,NA,5,3,6,3015,0,1,1,NA,2,502,I-5 NORTHBOUND,CHAPMAN AVENUE,1758,S,N,A,-,Y,ORA,NA,5,NA,NA,34.626,H,NA,R,Y,4,0,2,1,A,-,08,22107,NA,N,E,I,A,A,H,-,C,D,0,NA,NA,NA,NA,Y,NA,A,01,0,0,2,0,0,0,0,0,0,-,-,33.78519058227539,-117.8837432861328,ORANGE,ORANGE,-117.88356018066406,33.785308837890625
94438163,2024,2024-10-21,9670,2024-10-13,1435,020505,NA,7,2,5,3024,0,1,1,NA,2,042,I-405 N/B,WESTMINSTER BLVD,1056,S,N,A,-,Y,ORA,NA,405,NA,NA,18.928,H,NA,R,Y,3,0,1,2,A,-,01,23152,A,N,B,C,A,A,H,-,A,D,0,NA,NA,NA,NA,Y,Y,A,01,0,1,0,0,0,0,0,0,0,-,-,33.756710052490234,-118.01911926269533,ORANGE,WESTMINSTER,-118.01910400390624,33.75672149658203
94438957,2024,2024-10-21,9675,2024-10-19,1428,022222,NA,6,2,5,3022,0,1,1,NA,2,503,I-5 SOUTHBOUND,TUSTIN RANCH ROAD,1954,N,N,A,-,Y,ORA,NA,5,NA,R,28.624,H,NA,L,Y,3,0,2,4,A,-,01,23152,F,F,C,2,A,A,H,-,A,D,0,NA,NA,NA,NA,Y,NA,A,07,0,1,1,0,0,0,0,0,0,-,-,33.72890090942383,-117.80908966064452,ORANGE,TUSTIN,-117.8090591430664,33.72893524169922
94443821,2024,2024-10-24,9675,2024-10-15,1821,022993,NA,2,2,6,3004,0,1,3,NA,2,553,SR-55 SOUTHBOUND,22ND STREET,30,N,N,A,-,Y,ORA,NA,55,NA,R,2.785,H,NA,L,Y,3,0,1,2,A,-,03,22350,NA,N,C,C,A,A,H,-,C,D,0,NA,NA,NA,NA,Y,NA,A,01,0,1,0,0,0,0,0,0,0,-,-,33.65214157104492,-117.9084930419922,ORANGE,COSTA MESA,-117.90846252441406,33.65211868286133
94447844,2024,2024-10-28,9670,2024-10-19,500,021459,NA,6,3,7,3001,0,1,3,NA,2,091,SR-91 W/B,BROOKHURST ST,1584,W,N,A,-,Y,ORA,NA,91,NA,NA,0.904,H,NA,L,N,4,0,3,2,A,-,03,22350,NA,F,C,C,A,A,H,-,C,D,0,NA,NA,NA,NA,Y,NA,-,99,0,0,3,0,0,0,0,0,0,-,-,33.85408020019531,-117.96510314941406,ORANGE,ANAHEIM,-117.96511840820313,33.853981018066406
94448856,2024,2024-10-29,9675,2024-10-22,1148,021274,NA,2,1,7,3001,0,1,3,NA,2,095,STATE ROUTE 91 W/B,WEIR CANYON ROAD,1775,W,N,A,-,Y,ORA,NA,91,NA,R,14.09,H,NA,L,N,3,0,1,3,A,-,03,22350,NA,N,C,C,A,A,H,-,A,D,0,NA,NA,NA,NA,Y,NA,E,22,0,1,0,0,0,0,0,0,0,-,-,33.86970901489258,-117.75076293945313,ORANGE,ANAHEIM,-117.75076293945313,33.86970901489258
94450939,2024,2024-10-30,9670,2024-10-23,905,019694,NA,3,1,3,3006,0,1,3,NA,2,092,STATE ROUTE 91 E/B (RIVERSIDE FWY),HOLDER ST O/C,200,W,N,A,-,Y,ORA,NA,91,NA,R,1.277,H,NA,R,Y,4,0,3,3,A,-,03,22350,NA,N,C,C,A,A,H,-,A,D,0,NA,NA,NA,NA,Y,NA,A,01,0,0,3,0,0,0,0,0,0,-,-,33.855831146240234,-118.02124786376952,ORANGE,LA PALMA,-118.02124786376952,33.85581970214844
94450983,2024,2024-10-30,9675,2024-10-19,1453,023341,NA,6,2,7,3001,0,1,3,NA,2,094,SR-91 EASTBOUND,IMPERIAL HIGHWAY,4810,E,N,A,-,Y,ORA,NA,91,NA,R,12.475,H,NA,R,Y,4,0,3,2,A,-,03,22350,NA,N,C,C,A,A,H,-,A,D,0,NA,NA,NA,NA,Y,NA,A,07,0,0,3,0,0,0,0,0,0,-,-,33.86079025268555,-117.776123046875,ORANGE,ANAHEIM,-117.776123046875,33.86079788208008
9445294,2022,2022-06-03,3010,2022-05-12,0542,1224,272,4,5,6,3010,0,0,0,NA,0,006,RT 39,SLATER AV,3,N,N,A,-,Y,ORA,12,39,-,-,4.131,I,5,S,N,4,0,1,2,A,-,05,21650,NA,N,G,G,A,A,H,-,B,A,0,NA,Y,NA,NA,Y,NA,L,04,0,0,1,0,0,0,1,0,0,-,-,NA,NA,ORANGE,HUNTINGTON BEACH,-117.9893035888672,33.70843505859375
9445313,2022,2022-05-25,3000,2022-03-19,1050,6532,971-E,6,5,4,3029,0,0,0,NA,0,734,PACIFIC COAST HWY,MONARCH BAY DR,75,N,N,A,-,N,NA,NA,NA,NA,NA,NA,NA,NA,NA,N,4,0,1,2,A,-,21,22106,NA,N,C,C,A,A,H,-,A,A,0,NA,NA,NA,NA,Y,NA,A,07,0,0,1,0,0,0,0,0,0,-,-,NA,NA,ORANGE,DANA POINT,-117.72736358642578,33.48698806762695
94453456,2024,2025-03-18,9690,2024-10-20,948,020236,NA,7,1,4,3018,0,1,1,NA,2,057,I-5 S/B (SAN DIEGO FRWY),SR-74 (ORTEGA HWY),1305,S,N,A,-,Y,ORA,NA,5,NA,NA,9.341,H,NA,L,N,4,0,1,2,A,-,03,22350,NA,N,C,C,A,A,H,-,A,D,0,NA,NA,NA,NA,Y,NA,A,01,0,0,1,0,0,0,0,0,0,-,-,33.498600006103516,-117.65863037109376,ORANGE,SAN JUAN CAPISTRANO,-117.65869903564452,33.49860763549805
94453457,2024,2024-11-01,9690,2024-10-20,1420,020038,NA,7,2,9,3000,0,2,4,NA,2,037,TRABUCO CANYON ROAD,TRABUCO CREEK ROAD,1056,E,N,A,-,N,NA,NA,NA,NA,NA,NA,NA,NA,NA,N,4,0,1,1,A,-,03,22350,NA,N,F,A,A,A,H,-,A,D,0,NA,NA,Y,NA,Y,NA,C,02,0,0,1,0,0,0,0,0,1,-,-,33.65800094604492,-117.58529663085938,ORANGE,UNINCORPORATED,-117.5855712890625,33.65791702270508
94455124,2024,2024-11-01,9670,2024-10-29,1505,015587,NA,2,2,6,3009,0,1,3,NA,2,024,SR-22 E/B (GARDEN GROVE FREEWAY),GARDEN GROVE BLVD.,2029,W,N,A,-,Y,ORA,NA,22,NA,R,8.404,H,NA,R,N,4,0,1,3,A,-,03,22350,NA,N,C,C,A,A,H,-,A,D,0,NA,NA,NA,NA,Y,NA,A,01,0,0,1,0,0,0,0,0,0,-,-,33.77143096923828,-117.91049957275392,ORANGE,GARDEN GROVE,-117.91050720214844,33.77143859863281
94455503,2024,2024-11-04,9675,2024-10-23,1505,017773,NA,3,2,6,3026,0,1,1,NA,2,406,I-405 S/B TO JAMBOREE RD,JAMBOREE RD,1056,N,N,A,-,Y,NA,NA,NA,NA,NA,NA,NA,NA,NA,N,4,0,1,2,A,-,03,22350,NA,N,C,C,A,A,H,-,A,D,0,NA,NA,NA,NA,Y,NA,D,22,0,0,1,0,0,0,0,0,0,-,-,33.677330017089844,-117.84613037109376,ORANGE,IRVINE,-117.84673309326172,33.67804718017578
94458049,2024,2024-11-05,9670,2024-10-30,643,015587,NA,3,1,6,3009,0,1,3,NA,2,021,SR-22 W/B (GARDEN GROVE FREEWAY),KNOTT AVE.,748,E,N,A,-,Y,ORA,NA,22,NA,R,2.811,H,NA,L,Y,4,0,1,4,A,-,03,22350,NA,N,C,C,A,A,H,-,B,D,0,NA,NA,NA,NA,Y,NA,A,07,0,0,1,0,0,0,0,0,0,-,-,33.773460388183594,-118.00511932373048,ORANGE,GARDEN GROVE,-118.00511932373048,33.773460388183594
94458844,2024,2024-11-05,9675,2024-09-28,735,023523,NA,6,1,7,3001,0,1,3,NA,2,095,SR-91 EASTBOUND,YORBA LINDA BOULEVARD,2265,E,N,A,-,Y,ORA,NA,91,NA,R,14.896,H,NA,R,Y,4,0,3,2,A,-,07,21658,A,N,B,C,A,A,H,-,A,D,0,NA,NA,NA,Y,Y,NA,A,01,0,0,3,0,0,0,0,0,0,-,-,33.87065124511719,-117.73676300048828,ORANGE,ANAHEIM,-117.73675537109376,33.87068176269531
94476143,2024,2025-01-28,9675,2024-11-09,1800,023523,NA,6,2,6,3026,0,1,1,NA,2,504,I-5 SOUTHBOUND,LAKE FOREST DR,830,N,N,A,-,Y,ORA,NA,5,NA,NA,20.081,H,NA,L,N,4,0,1,2,A,-,08,22107,NA,N,B,C,A,A,H,-,C,D,0,NA,NA,NA,NA,Y,NA,-,-,0,0,1,0,0,0,0,0,0,-,-,33.63032150268555,-117.7230224609375,ORANGE,IRVINE,-117.72293090820313,33.63039016723633
94478017,2024,2024-11-21,9690,2024-11-15,1703,019925,NA,5,2,5,3028,0,1,1,NA,2,056,I-5 S/B TO CROWN VALLEY PKWY.,CROWN VALLEY PKWY.,308,N,N,A,-,Y,ORA,NA,5,NA,NA,13.836,H,NA,L,Y,4,0,2,2,A,-,03,22350,NA,N,C,C,A,A,H,-,B,D,0,NA,NA,NA,NA,Y,NA,A,01,0,0,2,0,0,0,0,0,0,-,-,33.56003952026367,-117.67340087890624,ORANGE,MISSION VIEJO,-117.67313385009766,33.56003952026367
94478827,2024,2024-11-21,9675,2024-11-14,511,017582,NA,4,3,7,3019,0,1,3,NA,2,550,SR-55 NORTHBOUND,SR-91 EASTBOUND,1056,S,N,A,-,Y,ORA,NA,55,NA,NA,17.401,H,NA,R,Y,4,0,1,2,A,-,03,22350,NA,N,C,C,A,A,H,-,D,D,0,NA,NA,NA,NA,Y,NA,A,07,0,0,1,0,0,0,0,0,0,-,-,33.84016036987305,-117.83283996582033,ORANGE,SANTA ANA,-117.8328857421875,33.8401985168457
94479117,2024,2024-11-21,9670,2024-10-17,1635,019171,NA,4,2,3,3013,0,1,1,NA,2,060,I-605 N/B (SAN GABRIEL FWY),KATELLA AVE,1200,S,N,A,-,Y,ORA,NA,605,NA,R,1.146,H,NA,R,Y,4,0,1,2,A,-,08,22107,NA,N,B,C,A,A,H,-,A,D,0,NA,NA,NA,NA,Y,NA,A,01,0,0,1,0,0,0,0,0,0,-,-,33.7994499206543,-118.08439636230467,ORANGE,LOS ALAMITOS,-118.08438110351563,33.7994384765625
94480591,2024,2024-11-22,9675,2024-11-14,545,023341,NA,4,3,7,3001,0,1,3,NA,2,550,SR-55 NORTHBOUND,LINCOLN AVE,1995,S,N,A,-,Y,ORA,NA,55,NA,NA,16.608,H,NA,R,Y,4,0,1,3,A,-,03,22350,NA,N,C,C,A,A,H,-,B,D,0,NA,NA,NA,NA,Y,NA,A,01,0,0,1,0,0,0,0,0,0,-,-,33.8296012878418,-117.83373260498048,ORANGE,ANAHEIM,-117.83365631103516,33.82962417602539
94481768,2024,2024-11-25,9670,2024-11-22,1900,022737,NA,5,2,5,3007,0,1,1,NA,2,040,I-405 (SAN DIEGO FWY) N/B,BROOKHURST STREET,25,S,N,A,-,Y,ORA,NA,405,NA,NA,13.759,H,NA,R,Y,4,0,1,2,A,-,03,22350,NA,N,C,C,A,A,H,-,C,D,0,NA,NA,NA,NA,Y,NA,A,01,0,0,1,0,0,0,0,0,0,-,-,33.70521926879883,-117.95407104492188,ORANGE,FOUNTAIN VALLEY,-117.95408630371094,33.70520782470703
94484526,2024,2025-01-21,9675,2024-11-16,1130,021716,NA,6,1,7,3019,0,1,3,NA,2,553,SR-55 SOUTHBOUND,MACARTHUR BLVD.,290,S,N,A,-,Y,ORA,NA,55,NA,R,6.92,H,NA,L,N,4,0,1,2,A,-,07,21658,A,N,B,C,A,A,H,-,A,D,0,NA,NA,NA,NA,Y,NA,A,01,0,0,1,0,0,0,0,0,0,-,-,33.69804000854492,-117.8624267578125,ORANGE,SANTA ANA,-117.86234283447266,33.69797897338867
94484813,2024,2024-11-26,9675,2024-11-18,1721,023208,NA,1,2,7,3019,0,1,1,NA,2,502,I-5 SOUTHBOUND,MAIN STREET,2800,N,N,A,-,Y,ORA,NA,5,NA,NA,33.656,H,NA,L,Y,4,0,2,3,A,-,03,22350,NA,N,C,C,A,A,H,-,C,D,0,NA,NA,NA,NA,Y,NA,A,07,0,0,2,0,0,0,0,0,0,-,-,33.774658203125,-117.87290191650392,ORANGE,SANTA ANA,-117.87293243408205,33.77464294433594
94492019,2024,2024-12-04,9690,2024-11-16,2145,022518,NA,6,2,5,3017,0,1,1,NA,2,059,I-5 N/B (SAN DIEGO FRWY),EL CAMINO REAL,1373,S,N,A,-,Y,ORA,NA,5,NA,NA,1.371,H,NA,R,Y,3,0,1,3,A,-,08,22107,NA,N,D,2,A,A,H,-,C,D,0,NA,NA,NA,NA,Y,NA,A,01,0,1,0,0,0,0,0,0,0,-,-,33.41474914550781,-117.60283660888672,ORANGE,SAN CLEMENTE,-117.60285186767578,33.41474533081055
94496896,2024,2024-12-13,9670,2024-12-07,1255,020134,NA,6,1,6,3009,0,1,3,NA,2,025,SR-22 W/B,"33.767316, -117.922351",10,E,N,A,-,Y,ORA,NA,22,NA,R,7.733,H,NA,L,N,4,0,1,2,A,-,03,22350,NA,N,C,C,A,A,H,-,A,D,0,NA,NA,NA,NA,Y,NA,A,07,0,0,1,0,0,0,0,0,0,-,-,33.76731872558594,-117.92234802246094,ORANGE,GARDEN GROVE,-117.92230224609376,33.7672233581543