CASE_ID,ACCIDENT_YEAR,PROC_DATE,JURIS,COLLISION_DATE,COLLISION_TIME,OFFICER_ID,REPORTING_DISTRICT,DAY_OF_WEEK,CHP_SHIFT,POPULATION,CNTY_CITY_LOC,SPECIAL_COND,BEAT_TYPE,CHP_BEAT_TYPE,CITY_DIVISION_LAPD,CHP_BEAT_CLASS,BEAT_NUMBER,PRIMARY_RD,SECONDARY_RD,DISTANCE,DIRECTION,INTERSECTION,WEATHER_1,WEATHER_2,STATE_HWY_IND,CALTRANS_COUNTY,CALTRANS_DISTRICT,STATE_ROUTE,ROUTE_SUFFIX,POSTMILE_PREFIX,POSTMILE,LOCATION_TYPE,RAMP_INTERSECTION,SIDE_OF_HWY,TOW_AWAY,COLLISION_SEVERITY,NUMBER_KILLED,NUMBER_INJURED,PARTY_COUNT,PRIMARY_COLL_FACTOR,PCF_CODE_OF_VIOL,PCF_VIOL_CATEGORY,PCF_VIOLATION,PCF_VIOL_SUBSECTION,HIT_AND_RUN,TYPE_OF_COLLISION,MVIW,PED_ACTION,ROAD_SURFACE,ROAD_COND_1,ROAD_COND_2,LIGHTING,CONTROL_DEVICE,CHP_ROAD_TYPE,PEDESTRIAN_ACCIDENT,BICYCLE_ACCIDENT,MOTORCYCLE_ACCIDENT,TRUCK_ACCIDENT,NOT_PRIVATE_PROPERTY,ALCOHOL_INVOLVED,STWD_VEHTYPE_AT_FAULT,CHP_VEHTYPE_AT_FAULT,COUNT_SEVERE_INJ,COUNT_VISIBLE_INJ,COUNT_COMPLAINT_PAIN,COUNT_PED_KILLED,COUNT_PED_INJURED,COUNT_BICYCLIST_KILLED,COUNT_BICYCLIST_INJURED,COUNT_MC_KILLED,COUNT_MC_INJURED,PRIMARY_RAMP,SECONDARY_RAMP,LATITUDE,LONGITUDE,COUNTY,CITY,POINT_X,POINT_Y
9585748,2023,2023-06-08,3004,2023-05-20,901,P677,28,6,5,6,3004,0,0,0,NA,0,014,RED HILL AV,KALMUS DR,0,NA,Y,A,-,N,NA,NA,NA,NA,NA,NA,NA,NA,NA,Y,3,0,1,2,A,-,01,23152,F,N,D,C,A,A,H,-,A,A,0,NA,NA,NA,NA,Y,NA,A,01,0,1,0,0,0,0,0,0,0,-,-,33.67219924926758,-117.87840270996094,ORANGE,COSTA MESA,-117.87863159179688,33.672203063964844
9585760,2023,2023-06-08,3004,2023-05-21,1543,P651,10,7,5,6,3004,0,0,0,NA,0,015,VICTORIA ST,CONTINENTAL AV,0,NA,Y,A,-,N,NA,NA,NA,NA,NA,NA,NA,NA,NA,Y,4,0,1,2,A,-,03,22350,NA,N,C,C,A,A,H,-,A,D,0,NA,NA,NA,NA,Y,NA,D,22,0,0,1,0,0,0,0,0,0,-,-,33.6525993347168,-117.93499755859376,ORANGE,COSTA MESA,-117.93515777587892,33.65267562866211
9586997,2023,2023-08-11,3004,2023-07-23,1214,P648,23,7,5,6,3004,0,0,0,NA,0,015,SAKIOKA DR,SUNFLOWER AV,15,S,N,A,-,N,NA,NA,NA,NA,NA,NA,NA,NA,NA,N,2,0,1,1,A,-,03,22350,NA,N,H,A,A,A,H,-,A,D,0,NA,Y,NA,NA,Y,NA,L,04,1,0,0,0,0,0,1,0,0,-,-,33.69390106201172,-117.87709808349608,ORANGE,COSTA MESA,-117.87706756591795,33.69401931762695
9587008,2023,2023-08-25,3012,2023-06-30,827,611,26,5,5,5,3012,0,0,0,NA,0,002,WHITTIER BL,STONEWOOD ST,430,E,N,B,-,Y,ORA,12,39,-,-,22.52,H,-,N,N,3,0,1,3,A,-,08,22107,NA,N,F,E,A,A,H,-,A,D,0,NA,NA,NA,NA,Y,NA,D,22,0,1,0,0,0,0,0,0,0,-,-,NA,NA,ORANGE,LA HABRA,-117.9362335205078,33.9390754699707
9588433,2023,2023-07-06,3000,2023-04-18,2111,12182,891H3,2,5,5,3050,0,0,0,NA,0,765,RIDGE ROUTE DR,TOLEDO WY,0,NA,Y,A,-,N,NA,NA,NA,NA,NA,NA,NA,NA,NA,Y,3,0,2,2,A,-,12,21453,A,N,D,C,A,-,H,-,C,A,0,NA,NA,NA,NA,Y,NA,-,-,0,2,0,0,0,0,0,0,0,-,-,NA,NA,ORANGE,LAKE FOREST,-117.69107818603516,33.63732147216797
9589701,2023,2023-06-28,3004,2023-06-09,1143,P691,11,5,5,6,3004,0,0,0,NA,0,015,VICTORIA ST,NEWPORT BL,32,W,N,B,-,N,NA,NA,NA,NA,NA,NA,NA,NA,NA,N,4,0,1,2,A,-,03,22350,NA,N,C,C,A,A,H,-,A,A,0,NA,NA,NA,NA,Y,NA,A,07,0,0,1,0,0,0,0,0,0,-,-,33.652000427246094,-117.90799713134766,ORANGE,COSTA MESA,-117.9088897705078,33.65217590332031
9590083,2023,2023-07-05,3000,2023-05-10,2003,6717,891H6,3,5,5,3050,0,0,0,NA,0,762,MUIRLANDS BL,PARKVIEW LN,36,N,N,-,-,N,NA,NA,NA,NA,NA,NA,NA,NA,NA,Y,3,0,2,2,D,-,00,NA,NA,N,D,C,A,-,-,-,-,A,0,NA,NA,NA,NA,Y,NA,-,-,0,1,1,0,0,0,0,0,0,-,-,33.37102127075195,-117.41409301757813,ORANGE,LAKE FOREST,-117.69474029541016,33.619529724121094
9590423,2023,2023-07-10,3002,2023-04-15,14,10165,741A6,6,5,5,3025,0,0,0,NA,0,004,YORBA LINDA BL,SAVI RANCH PKWY,0,NA,Y,A,-,N,NA,NA,NA,NA,NA,NA,NA,NA,NA,Y,4,0,3,2,A,-,17,21461,A,N,D,C,A,A,H,-,C,A,0,NA,NA,NA,NA,Y,NA,A,01,0,0,3,0,0,0,0,0,0,-,-,NA,NA,ORANGE,YORBA LINDA,-117.74692535400392,33.87348937988281
9592307,2023,2023-06-26,3004,2023-06-14,903,P542,23,3,5,6,3004,0,0,0,NA,0,015,AVE OF THE ARTS,SUNFLOWER AV,567,S,N,A,B,N,NA,NA,NA,NA,NA,NA,NA,NA,NA,Y,4,0,1,2,A,-,03,22350,NA,N,C,C,A,A,H,-,A,D,0,NA,NA,NA,NA,Y,NA,A,01,0,0,1,0,0,0,0,0,0,-,-,33.69300079345703,-117.88099670410156,ORANGE,COSTA MESA,NA,NA
9592737,2023,2023-07-10,3000,2023-05-22,1931,12182,891J5,1,5,5,3050,0,0,0,NA,0,765,JERONIMO RD,ORANGE AV,0,NA,Y,B,-,N,NA,NA,NA,NA,NA,NA,NA,NA,NA,Y,3,0,1,2,A,-,09,21801,A,F,D,C,A,A,H,-,B,D,0,NA,NA,NA,NA,Y,Y,D,22,0,1,0,0,0,0,0,0,0,-,-,NA,NA,ORANGE,LAKE FOREST,-117.68968200683594,33.62770080566406
9593142,2023,2023-07-20,3004,2023-06-04,700,P633,35,7,5,6,3004,0,0,0,NA,0,008,FAIRVIEW RD,NEWPORT BL,32,N,N,A,-,N,NA,NA,NA,NA,NA,NA,NA,NA,NA,N,4,0,1,2,A,-,03,22350,NA,M,C,C,A,A,H,-,A,A,0,NA,NA,NA,NA,Y,NA,D,22,0,0,1,0,0,0,0,0,0,-,-,33.65340042114258,-117.90760040283205,ORANGE,COSTA MESA,-117.9077606201172,33.65213394165039
9593341,2023,2023-07-21,3004,2023-06-15,1437,P669,36,4,5,6,3004,0,0,0,NA,0,011,ADAMS AV,HARBOR BL,380,W,N,A,-,N,NA,NA,NA,NA,NA,NA,NA,NA,NA,N,4,0,2,2,A,-,09,21801,A,N,D,C,A,A,H,-,A,D,0,NA,NA,NA,NA,Y,NA,A,01,0,0,2,0,0,0,0,0,0,-,-,33.67341995239258,-117.92089080810548,ORANGE,COSTA MESA,-117.92058563232422,33.67330551147461
9593530,2023,2023-07-10,3000,2023-03-08,319,9030,892C5,3,5,5,3028,0,0,0,NA,0,454,ALICIA PKWY,TRABUCO RD,13,W,N,B,-,N,NA,NA,NA,NA,NA,NA,NA,NA,NA,Y,4,0,1,2,A,-,03,22350,NA,N,C,C,A,A,H,-,C,A,0,NA,NA,NA,NA,Y,NA,A,01,0,0,1,0,0,0,0,0,0,-,-,NA,NA,ORANGE,MISSION VIEJO,-117.6605224609375,33.62232971191406
9593570,2023,2023-07-11,3000,2023-06-16,1528,6717,891G2,5,5,5,3050,0,0,0,NA,0,762,BAKE PKWY,VIA DEL RIO,65,W,N,A,-,N,NA,NA,NA,NA,NA,NA,NA,NA,NA,N,4,0,1,2,A,-,04,21703,NA,F,C,C,A,A,H,-,A,A,0,NA,NA,NA,NA,Y,NA,-,NA,0,0,1,0,0,0,0,0,0,-,-,33.39038848876953,-117.42227172851563,ORANGE,LAKE FOREST,-117.70637512207033,33.651153564453125
9596219,2023,2023-07-17,3004,2023-06-29,1155,P542,12,4,5,6,3004,0,0,0,NA,0,002,NEWPORT BL,VIRGINIA PL,95,S,N,A,-,N,NA,NA,NA,NA,NA,NA,NA,NA,NA,N,4,0,1,2,A,-,09,21804,A,N,D,C,A,A,H,-,A,D,0,NA,NA,NA,NA,Y,NA,A,07,0,0,1,0,0,0,0,0,0,-,-,33.652000427246094,-117.90799713134766,ORANGE,COSTA MESA,-117.90821075439452,33.6522102355957
9598780,2023,2024-01-26,3009,2023-12-20,1241,5084,154,3,5,6,3009,0,0,0,NA,0,002,GARDEN GROVE BL,BLACKBIRD ST,283,W,N,B,-,N,NA,NA,NA,NA,NA,NA,NA,NA,NA,Y,4,0,1,2,A,-,09,21804,A,N,F,C,A,A,H,-,A,A,0,NA,NA,NA,NA,Y,NA,A,01,0,0,1,0,0,0,0,0,0,-,-,NA,NA,ORANGE,GARDEN GROVE,-117.91400909423828,33.77434158325195
9600882,2023,2023-08-07,3004,2023-07-06,1430,P633,20,4,5,6,3004,0,0,0,NA,0,004,HARBOR BL,GISLER AV,290,S,N,A,-,N,NA,NA,NA,NA,NA,NA,NA,NA,NA,Y,3,0,1,2,A,-,09,21804,A,N,D,C,A,A,H,-,A,D,0,NA,NA,NA,NA,Y,NA,A,08,0,1,0,0,0,0,0,0,0,-,-,33.686100006103516,-117.91919708251952,ORANGE,COSTA MESA,-117.91946411132813,33.68618392944336
9602946,2023,2023-08-15,3004,2023-07-20,1736,P665,25,4,5,6,3004,0,0,0,NA,0,015,FAIRVIEW RD,SOUTH COAST DR,100,N,N,A,-,N,NA,NA,NA,NA,NA,NA,NA,NA,NA,N,4,0,1,3,A,-,03,22350,NA,N,C,C,A,A,H,-,A,A,0,NA,NA,NA,Y,Y,NA,A,07,0,0,1,0,0,0,0,0,0,-,-,33.69179916381836,-117.90763092041016,ORANGE,COSTA MESA,-117.9078369140625,33.691532135009766
9604294,2023,2023-11-29,3000,2023-09-03,1120,5013,971J6,7,5,4,3029,0,0,0,NA,0,736,PACIFIC COAST HWY,DEL OBISPO ST,460,E,N,A,-,N,NA,NA,NA,NA,NA,NA,NA,NA,NA,Y,3,0,1,2,A,-,07,21658,A,F,B,C,A,A,H,-,A,D,0,NA,NA,Y,NA,Y,NA,C,02,0,1,0,0,0,0,0,0,1,-,-,NA,NA,ORANGE,DANA POINT,-117.68609619140624,33.464691162109375
9604378,2023,2024-02-12,3004,2023-10-15,1951,P713,88,7,5,6,3004,0,0,0,NA,0,002,NEWPORT BL,FAIR DR,357,N,N,A,-,N,NA,NA,NA,NA,NA,NA,NA,NA,NA,N,3,0,1,2,A,-,03,22350,A,N,C,C,A,A,H,-,C,D,0,NA,NA,NA,NA,Y,NA,A,01,0,1,0,0,0,0,0,0,0,-,-,33.66455078125,-117.89708709716795,ORANGE,COSTA MESA,-117.89665222167967,33.66411590576172
9606781,2023,2023-10-06,3000,2023-08-09,1233,3950,921E5,3,5,4,3049,0,0,0,NA,0,782,ALISO CREEK RD,PACIFIC PARK DR,272,N,N,A,-,N,NA,NA,NA,NA,NA,NA,NA,NA,NA,Y,3,0,1,2,A,-,09,21804,A,N,D,C,A,A,H,-,A,A,0,NA,NA,NA,NA,Y,NA,A,07,0,1,0,0,0,0,0,0,0,-,-,NA,NA,ORANGE,ALISO VIEJO,-117.72354125976563,33.57166290283203
9607994,2023,2023-09-28,3006,2023-08-14,1207,310,14,1,5,3,3006,0,0,0,NA,0,002,LA PALMA AV,COMSTOCK CIR,62,E,N,A,-,N,NA,NA,NA,NA,NA,NA,NA,NA,NA,N,3,0,1,2,A,-,01,21200,5,N,D,G,A,A,H,-,A,D,0,NA,Y,NA,NA,Y,Y,L,04,0,1,0,0,0,0,1,0,0,-,-,NA,NA,ORANGE,LA PALMA,-118.03389739990234,33.846309661865234
9609003,2023,2023-08-29,3012,2023-08-04,1700,686,25,5,5,5,3012,0,0,0,NA,0,002,LA HABRA BL,CYPRESS ST,0,NA,Y,A,-,N,NA,NA,NA,NA,NA,NA,NA,NA,NA,Y,4,0,1,2,A,-,09,21801,NA,N,A,C,A,A,H,-,A,A,0,NA,NA,NA,NA,Y,NA,D,22,0,0,1,0,0,0,0,0,0,-,-,NA,NA,ORANGE,LA HABRA,-117.94178009033205,33.9318733215332
9609643,2023,2023-08-22,3009,2023-07-30,1315,5041,153WD,7,5,6,3009,0,0,0,NA,0,2-2,GARDEN GROVE BL,HASTER ST,0,NA,Y,A,-,N,NA,NA,NA,NA,NA,NA,NA,NA,NA,Y,4,0,1,2,A,-,12,21453,A,N,D,C,A,A,H,-,A,A,0,NA,NA,NA,NA,Y,NA,A,01,0,0,1,0,0,0,0,0,0,-,-,NA,NA,ORANGE,GARDEN GROVE,-117.90615081787108,33.774505615234375
9613092,2023,2023-09-07,3009,2023-07-18,1913,0030,154,2,5,6,3009,0,0,0,NA,0,022,GARDEN GROVE BL,BLACKBIRD,34,W,N,A,-,N,NA,NA,NA,NA,NA,NA,NA,NA,NA,Y,4,0,1,3,A,-,03,22350,NA,M,C,C,A,A,H,-,A,A,0,NA,NA,NA,NA,Y,NA,A,07,0,0,1,0,0,0,0,0,0,-,-,NA,NA,ORANGE,GARDEN GROVE,-117.91319274902344,33.77434158325195
9613126,2023,2023-09-05,3009,2023-08-17,1800,4787,115,4,5,6,3009,0,0,0,NA,0,021,GARDEN GROVE BL,MAIN ST,0,NA,Y,A,-,N,NA,NA,NA,NA,NA,NA,NA,NA,NA,Y,3,0,2,2,A,-,09,21801,A,N,D,C,A,A,H,-,A,A,0,NA,NA,NA,NA,Y,NA,A,01,0,1,1,0,0,0,0,0,0,-,-,NA,NA,ORANGE,GARDEN GROVE,-117.94099426269533,33.7740478515625
9613134,2023,2023-09-05,3009,2023-08-03,1126,3965,085,4,5,6,3009,0,0,0,NA,0,013,TRASK AV,GILBERT ST,34,E,N,A,-,N,NA,NA,NA,NA,NA,NA,NA,NA,NA,N,4,0,1,2,A,-,08,22100,B,N,D,C,A,A,H,-,A,A,0,NA,NA,NA,NA,Y,NA,A,01,0,0,1,0,0,0,0,0,0,-,-,NA,NA,ORANGE,GARDEN GROVE,-117.96747589111328,33.76668930053711
9613340,2023,2023-09-07,3003,2023-07-05,2244,1305,NA,3,5,5,3003,0,0,0,NA,0,001,STANTON AV,ARTESIA BL,13,N,N,A,-,N,NA,NA,NA,NA,NA,NA,NA,NA,NA,N,3,0,1,2,A,-,11,21950,B,N,D,G,A,A,H,-,C,A,0,NA,Y,NA,NA,Y,Y,L,04,0,1,0,0,0,0,1,0,0,-,-,33.87300109863281,-117.99400329589844,ORANGE,BUENA PARK,-117.99388885498048,33.87352752685547
9616417,2023,2023-10-17,3004,2023-09-07,2000,P691,34,4,5,6,3004,0,0,0,NA,0,015,BEAR ST,SUNFLOWER AV,0,NA,Y,A,-,N,NA,NA,NA,NA,NA,NA,NA,NA,NA,Y,4,0,1,2,A,-,12,21453,A,N,D,C,A,A,H,-,A,A,0,NA,NA,NA,NA,Y,NA,A,07,0,0,1,0,0,0,0,0,0,-,-,33.69200134277344,-117.89199829101563,ORANGE,COSTA MESA,-117.89224243164063,33.69411087036133
9617106,2023,2023-11-20,3000,2023-08-08,32,9696,952A1,2,5,5,3040,0,0,0,NA,0,743,CROWN VALLEY PKWY,ARLINGTON DR,31,W,N,A,-,N,NA,NA,NA,NA,NA,NA,NA,NA,NA,Y,3,0,1,1,A,-,01,23152,A,N,E,I,A,A,H,-,C,D,0,NA,NA,NA,NA,Y,Y,A,01,0,1,0,0,0,0,0,0,0,-,-,NA,NA,ORANGE,LAGUNA NIGUEL,-117.681396484375,33.55647277832031
9617124,2023,2023-10-24,3000,2023-08-16,1923,8698,921F3,3,5,3,3051,0,0,0,NA,0,480,MOULTON PKY,SANTA MARIA AV,58,S,N,A,-,N,NA,NA,NA,NA,NA,NA,NA,NA,NA,Y,4,0,1,3,A,-,07,21658,A,N,D,C,A,A,H,-,A,A,0,NA,NA,Y,NA,Y,NA,C,02,0,0,1,0,0,0,0,0,1,-,-,NA,NA,ORANGE,LAGUNA WOODS,-117.73123168945313,33.61717224121094
9617178,2023,2023-10-16,3000,2023-08-18,1330,10853,992J4,5,5,5,3017,0,0,0,NA,0,775,NORTH EL CAMINO REAL,AVENIDA MIRAMAR,33,S,N,A,-,N,NA,NA,NA,NA,NA,NA,NA,NA,NA,Y,4,0,2,2,A,-,09,21801,A,N,D,C,A,A,H,-,A,D,0,NA,NA,Y,NA,Y,NA,D,22,0,0,2,0,0,0,0,0,2,-,-,NA,NA,ORANGE,SAN CLEMENTE,-117.61415863037108,33.42912292480469
9619393,2023,2023-12-08,3000,2023-10-07,1645,11752,921G2,6,5,4,3045,0,0,0,NA,0,746,PASEO DE VALENCIA,LAGUNA HILLS DR,59,N,N,A,-,N,NA,NA,NA,NA,NA,NA,NA,NA,NA,N,4,0,2,2,A,-,03,22350,NA,N,C,C,A,A,H,-,A,A,0,NA,NA,NA,NA,Y,NA,A,07,0,0,2,0,0,0,0,0,0,-,-,NA,NA,ORANGE,LAGUNA HILLS,-117.70156860351563,33.595882415771484
9619400,2023,2023-12-08,3000,2023-10-12,1847,10561,993B7,4,5,5,3017,0,0,0,NA,0,472,AVENIDA DEL PRESIDENTE,SAN LUIS REY,0,NA,Y,A,-,N,NA,NA,NA,NA,NA,NA,NA,NA,NA,N,4,0,1,2,A,-,09,21801,A,N,G,G,A,A,H,-,B,D,0,NA,Y,NA,NA,Y,NA,A,01,0,0,1,0,0,0,1,0,0,-,-,NA,NA,ORANGE,SAN CLEMENTE,-117.59848785400392,33.404930114746094
9619410,2023,2024-01-23,3000,2023-11-04,2100,10968,971H7,6,5,4,3029,0,0,0,NA,0,434,DANA POINT HARBOR DR,ISLAND WY,379,W,N,A,-,N,NA,NA,NA,NA,NA,NA,NA,NA,NA,Y,4,0,3,1,A,-,05,21651,A,N,E,I,A,A,H,-,C,D,0,NA,NA,NA,NA,Y,NA,A,01,0,0,3,0,0,0,0,0,0,-,-,NA,NA,ORANGE,DANA POINT,-117.69992065429688,33.462425231933594
9619629,2023,2024-03-02,3000,2023-12-01,2125,5455,892H6,5,5,4,3048,0,0,0,NA,0,767,VIA VERDE,CALLE NEL NORTE,219,E,N,A,-,N,NA,NA,NA,NA,NA,NA,NA,NA,NA,Y,4,0,1,1,A,-,01,23152,F,N,E,I,A,A,H,-,C,A,0,NA,NA,NA,NA,Y,NA,D,22,0,0,1,0,0,0,0,0,0,-,-,NA,NA,ORANGE,RANCHO SANTA MARGARITA,NA,NA
9619787,2023,2024-01-19,3002,2023-11-29,1736,12602,740A5,3,5,5,3025,0,0,0,NA,0,002,BUENA VISTA AV,VAN BUREN ST,0,NA,Y,A,-,N,NA,NA,NA,NA,NA,NA,NA,NA,NA,N,4,0,1,2,D,-,00,NA,NA,N,D,C,A,A,H,-,C,D,0,NA,NA,NA,NA,Y,NA,-,-,0,0,1,0,0,0,0,0,0,-,-,NA,NA,ORANGE,YORBA LINDA,-117.83146667480467,33.87993240356445
9619792,2023,2024-01-10,3000,2023-11-10,1535,3358,972C2,5,5,4,3018,0,0,0,NA,0,731,ALIPAZ ST,VIA TONADA,351,N,N,A,-,N,NA,NA,NA,NA,NA,NA,NA,NA,NA,N,4,0,1,3,A,-,09,21804,A,N,D,C,A,A,H,-,A,D,0,NA,NA,NA,NA,Y,NA,A,01,0,0,1,0,0,0,0,0,0,-,-,NA,NA,ORANGE,SAN JUAN CAPISTRANO,-117.66693878173828,33.497291564941406
9619800,2023,2024-01-10,3000,2023-11-25,2333,10834,798B2,6,5,4,3021,0,0,0,NA,0,023,KATELLA AV,MAGNOLIA ST,556,W,N,A,-,N,NA,NA,NA,NA,NA,NA,NA,NA,NA,Y,4,0,1,2,A,-,08,22107,NA,N,B,C,A,A,H,-,C,D,0,NA,NA,NA,NA,Y,NA,A,01,0,0,1,0,0,0,0,0,0,-,-,NA,NA,ORANGE,STANTON,-117.97747802734376,33.803131103515625
9622487,2023,2023-12-14,3004,2023-10-11,1244,P462,20,3,5,6,3004,0,0,0,NA,0,004,HARBOR BL,GISLER AV,548,S,N,A,-,N,NA,NA,NA,NA,NA,NA,NA,NA,NA,Y,3,0,2,2,A,-,09,21801,A,N,D,C,A,A,H,-,A,D,0,NA,NA,NA,NA,Y,NA,A,01,0,2,0,0,0,0,0,0,0,-,-,33.68539810180664,-117.91943359375,ORANGE,COSTA MESA,-117.91947174072266,33.68547821044922
9622672,2023,2024-01-24,3000,2023-09-26,1650,1920,797G1,2,5,4,3021,0,0,0,NA,0,721,KNOTT AV,CERRITOS AV,11,N,N,A,-,N,NA,NA,NA,NA,NA,NA,NA,NA,NA,N,3,0,1,2,D,-,00,NA,NA,F,D,G,A,A,H,-,A,A,0,NA,Y,NA,NA,Y,NA,-,-,0,1,0,0,0,0,1,0,0,-,-,NA,NA,ORANGE,STANTON,-118.01071166992188,33.810020446777344
9622766,2023,2023-11-07,3000,2023-09-14,1932,11353,971J6,4,5,4,3029,0,0,0,NA,0,1932,MARIANA DR,ALICIA DR,0,NA,Y,A,-,N,NA,NA,NA,NA,NA,NA,NA,NA,NA,N,3,0,1,1,A,-,13,22515,A,N,E,J,A,A,H,-,D,D,0,NA,NA,NA,NA,Y,NA,I,11,0,1,0,0,0,0,0,0,0,-,-,NA,NA,ORANGE,DANA POINT,-117.6926498413086,33.470035552978516
9623232,2023,2023-12-11,3009,2023-10-26,1500,5040,33,4,5,6,3009,0,0,0,NA,0,1-1,LAMPSON AV,LAMPLIGHTER ST,0,NA,Y,A,-,N,NA,NA,NA,NA,NA,NA,NA,NA,NA,N,4,0,2,2,A,-,12,21453,A,N,D,C,A,A,H,-,A,A,0,NA,NA,NA,NA,Y,NA,A,01,0,0,2,0,0,0,0,0,0,-,-,NA,NA,ORANGE,GARDEN GROVE,-118.01625061035156,33.78103256225586
9624373,2023,2023-09-15,3004,2023-08-30,1454,P719,04,3,5,6,3004,0,0,0,NA,0,006,E17TH ST,IRVINE AV,118,W,N,A,-,N,NA,NA,NA,NA,NA,NA,NA,NA,NA,N,3,0,1,2,A,-,05,21650,1,F,D,G,A,A,H,-,A,D,0,NA,Y,NA,NA,Y,NA,L,04,0,1,0,0,0,0,1,0,0,-,-,33.62881088256836,-117.90918731689452,ORANGE,COSTA MESA,-117.90895080566406,33.62862014770508
9625213,2023,2023-10-03,3002,2023-07-28,1745,10165,739H2,5,5,5,3025,0,0,0,NA,0,001,IMPERIAL HWY,ROSE DR,439,E,N,A,-,N,NA,NA,NA,NA,NA,NA,NA,NA,NA,Y,4,0,3,3,A,-,09,21801,A,N,D,C,A,A,H,-,A,A,0,NA,NA,NA,NA,Y,NA,A,01,0,0,3,0,0,0,0,0,0,-,-,NA,NA,ORANGE,YORBA LINDA,-117.84092712402344,33.90376663208008
9625914,2023,2023-10-06,3000,2023-08-03,2341,9934,921C2,4,5,4,3049,0,0,0,NA,0,483,ALISO CREEK RD,WESTWING,0,NA,Y,A,-,N,NA,NA,NA,NA,NA,NA,NA,NA,NA,Y,3,0,2,2,A,-,12,21453,A,N,A,C,A,A,H,-,C,A,0,NA,NA,NA,NA,Y,NA,A,01,0,1,1,0,0,0,0,0,0,-,-,NA,NA,ORANGE,ALISO VIEJO,-117.73843383789063,33.59627914428711
9628438,2023,2023-11-07,3000,2023-07-30,116,11081,797J6,7,5,4,3021,0,0,0,NA,0,023,BEACH BL,ACACIA AV,0,NA,Y,A,-,Y,ORA,12,39,-,-,8.801,I,5,S,N,2,0,1,2,A,-,11,21456,B,N,G,B,B,A,H,-,C,A,0,Y,NA,NA,NA,Y,NA,N,60,1,0,0,0,1,0,0,0,0,-,-,NA,NA,ORANGE,STANTON,-117.99292755126952,33.775634765625
9629088,2023,2023-11-06,3002,2023-05-27,849,11172,740F3,6,5,5,3025,0,0,0,NA,0,103,BASTANCHURY RD,FAIRMONT BL,0,NA,Y,A,-,N,NA,NA,NA,NA,NA,NA,NA,NA,NA,Y,3,0,1,2,A,-,08,22100,A,N,B,C,A,A,H,-,A,A,0,NA,NA,NA,NA,Y,NA,D,22,0,1,0,0,0,0,0,0,0,-,-,NA,NA,ORANGE,YORBA LINDA,-117.78568267822266,33.89921951293945
9632636,2023,2023-12-13,3004,2023-10-31,1704,P651,15,2,5,6,3004,0,0,0,NA,0,004,HARBOR BL,MESA VERDE DR EAST,10,S,N,A,-,N,NA,NA,NA,NA,NA,NA,NA,NA,NA,N,4,0,1,2,A,-,09,21804,A,N,D,G,A,A,H,-,A,A,0,NA,Y,NA,NA,Y,NA,M,91,0,0,1,0,0,0,1,0,0,-,-,33.6703987121582,-117.91909790039063,ORANGE,COSTA MESA,-117.91932678222656,33.670413970947266
9633311,2023,2024-01-03,3009,2023-11-01,2152,4874,82,3,5,6,3009,0,0,0,NA,0,012,CHAPMAN AV,MAGNOLIA ST,286,E,N,A,-,N,NA,NA,NA,NA,NA,NA,NA,NA,NA,N,4,0,1,2,A,-,09,21804,A,N,C,C,A,A,H,-,C,D,0,NA,NA,Y,NA,Y,NA,A,01,0,0,1,0,0,0,0,0,1,-,-,NA,NA,ORANGE,GARDEN GROVE,-117.97444915771484,33.78847885131836
9633547,2023,2023-11-07,3000,2023-08-31,2015,11256,892E2,4,5,5,3028,0,0,0,NA,0,753,MARGUERITE PKWY,MUSTANG RUN,610,S,N,A,-,N,NA,NA,NA,NA,NA,NA,NA,NA,NA,Y,4,0,2,2,A,-,13,22500,A,N,D,C,A,A,H,-,C,D,0,NA,NA,NA,NA,Y,NA,A,07,0,0,2,0,0,0,0,0,0,-,-,NA,NA,ORANGE,MISSION VIEJO,-117.644287109375,33.64842224121094
9635029,2023,2024-01-23,3005,2023-11-24,1534,8331,C36,5,5,4,3005,0,0,0,NA,0,003,KATELLA AV,MERIDIAN DR,0,NA,Y,A,-,N,NA,NA,NA,NA,NA,NA,NA,NA,NA,N,4,0,1,2,A,-,12,21453,A,N,D,C,A,A,H,-,A,A,0,NA,NA,NA,NA,Y,NA,A,01,0,0,1,0,0,0,0,0,0,-,-,NA,NA,ORANGE,CYPRESS,-118.01434326171876,33.802974700927734
9638630,2023,2023-11-20,3000,2023-10-29,40,2742,993B4,7,5,5,3017,0,0,0,NA,0,778,AVENIDA SAN PABLO,AVENIDA ACAPULCO,310,S,N,A,-,N,NA,NA,NA,NA,NA,NA,NA,NA,NA,N,2,0,1,1,A,-,03,22350,NA,N,E,I,A,A,H,-,C,D,0,NA,NA,Y,NA,Y,NA,C,02,1,0,0,0,0,0,0,0,1,-,-,NA,NA,ORANGE,SAN CLEMENTE,-117.5950927734375,33.42433547973633
9640215,2023,2025-06-26,3000,2023-07-13,416,1056,971-G,4,5,4,3029,0,0,0,NA,0,038,RT 1,SHORELINE DR,0,NA,Y,A,-,N,NA,NA,NA,NA,NA,NA,NA,NA,NA,Y,1,1,0,1,A,-,01,23152,A,N,E,I,A,A,H,-,C,A,0,NA,NA,NA,NA,Y,Y,D,22,0,0,0,0,0,0,0,0,0,-,-,33.4657096862793,-117.70886993408205,ORANGE,DANA POINT,-117.70890045166016,33.4655647277832