CASE_ID,ACCIDENT_YEAR,PROC_DATE,JURIS,COLLISION_DATE,COLLISION_TIME,OFFICER_ID,REPORTING_DISTRICT,DAY_OF_WEEK,CHP_SHIFT,POPULATION,CNTY_CITY_LOC,SPECIAL_COND,BEAT_TYPE,CHP_BEAT_TYPE,CITY_DIVISION_LAPD,CHP_BEAT_CLASS,BEAT_NUMBER,PRIMARY_RD,SECONDARY_RD,DISTANCE,DIRECTION,INTERSECTION,WEATHER_1,WEATHER_2,STATE_HWY_IND,CALTRANS_COUNTY,CALTRANS_DISTRICT,STATE_ROUTE,ROUTE_SUFFIX,POSTMILE_PREFIX,POSTMILE,LOCATION_TYPE,RAMP_INTERSECTION,SIDE_OF_HWY,TOW_AWAY,COLLISION_SEVERITY,NUMBER_KILLED,NUMBER_INJURED,PARTY_COUNT,PRIMARY_COLL_FACTOR,PCF_CODE_OF_VIOL,PCF_VIOL_CATEGORY,PCF_VIOLATION,PCF_VIOL_SUBSECTION,HIT_AND_RUN,TYPE_OF_COLLISION,MVIW,PED_ACTION,ROAD_SURFACE,ROAD_COND_1,ROAD_COND_2,LIGHTING,CONTROL_DEVICE,CHP_ROAD_TYPE,PEDESTRIAN_ACCIDENT,BICYCLE_ACCIDENT,MOTORCYCLE_ACCIDENT,TRUCK_ACCIDENT,NOT_PRIVATE_PROPERTY,ALCOHOL_INVOLVED,STWD_VEHTYPE_AT_FAULT,CHP_VEHTYPE_AT_FAULT,COUNT_SEVERE_INJ,COUNT_VISIBLE_INJ,COUNT_COMPLAINT_PAIN,COUNT_PED_KILLED,COUNT_PED_INJURED,COUNT_BICYCLIST_KILLED,COUNT_BICYCLIST_INJURED,COUNT_MC_KILLED,COUNT_MC_INJURED,PRIMARY_RAMP,SECONDARY_RAMP,LATITUDE,LONGITUDE,COUNTY,CITY,POINT_X,POINT_Y
6416878,2014,2014-06-27,3010,2014-03-08,2220,2061,464,6,5,6,3010,0,0,0,NA,0,002,RUNNING SPRINGS,MAMMOTH,120,S,N,A,-,N,NA,NA,NA,NA,NA,NA,NA,NA,NA,Y,3,0,1,1,A,-,03,22350,NA,N,E,I,A,A,H,-,C,D,0,NA,NA,Y,NA,Y,Y,O,05,0,1,0,0,0,0,0,0,1,-,-,NA,NA,ORANGE,HUNTINGTON BEACH,-117.95446295,33.66890105
6416915,2014,2016-03-07,9690,2014-03-07,1825,18526,NA,5,2,5,3028,0,1,1,NA,2,056,RT 55,CROWN VALLEY PKWY,400,S,N,A,-,Y,ORA,12,5,-,-,13.609,R,2,S,N,4,0,2,2,A,-,03,22350,NA,N,C,C,A,A,H,-,C,A,1,NA,NA,NA,NA,Y,NA,A,01,0,0,2,0,0,0,0,0,0,FR,-,33.55746,-117.67342,ORANGE,MISSION VIEJO,-117.67312155,33.55675199
6416931,2014,2016-03-07,9690,2014-03-02,1730,18953,NA,7,2,5,3017,0,1,1,NA,2,059,RT 5,AVENIDA PRESIDIO,1250,S,N,A,-,Y,ORA,12,5,-,-,2.07,H,-,S,Y,3,0,1,2,A,-,08,22107,NA,N,E,J,A,A,H,-,A,D,1,NA,NA,NA,NA,Y,NA,A,01,0,1,0,0,0,0,0,0,0,-,-,33.42375,-117.60863,ORANGE,SAN CLEMENTE,-117.60853502,33.42373178
6417169,2014,2014-06-24,3014,2014-03-15,1111,1396,RD37,6,5,5,3014,0,0,0,NA,0,0A3,BACK BAY DR,SAN JOAQUIN HILLS RD,405,N,N,A,-,N,NA,NA,NA,NA,NA,NA,NA,NA,NA,N,3,0,2,2,A,-,03,22350,NA,N,H,G,A,A,H,-,A,D,0,NA,Y,NA,NA,Y,NA,L,04,0,2,0,0,0,0,2,0,0,-,-,33.3735,-117.532,ORANGE,NEWPORT BEACH,-117.88399432,33.62633825
6417181,2014,2014-06-24,3014,2014-03-09,1649,1346,RD15,7,5,5,3014,0,0,0,NA,0,NA,WEST BALBOA BL,26TH ST,0,NA,Y,A,-,N,NA,NA,NA,NA,NA,NA,NA,NA,NA,Y,4,0,1,2,A,-,09,21802,A,N,D,C,A,A,H,-,A,A,0,NA,NA,Y,NA,Y,NA,A,01,0,0,1,0,0,0,0,0,1,-,-,33.6117,-117.9298,ORANGE,NEWPORT BEACH,-117.92984004,33.61163002
6417215,2014,2014-06-24,3026,2014-03-09,1219,364,NA,7,5,6,3026,0,0,0,NA,0,00C,IRVINE CENTER DR,BARRANCA,0,NA,Y,A,-,N,NA,NA,NA,NA,NA,NA,NA,NA,NA,Y,2,0,1,2,A,-,09,21453,C,N,D,C,A,A,H,-,A,A,0,NA,NA,Y,NA,Y,NA,C,02,1,0,0,0,0,0,0,0,1,-,-,NA,NA,ORANGE,IRVINE,-117.75032003,33.65927002
6417398,2014,2014-06-24,3010,2014-03-06,1227,2116,7,4,5,6,3010,0,0,0,NA,0,262,GLENCOE DR,SILVER,345,E,N,B,-,N,NA,NA,NA,NA,NA,NA,NA,NA,NA,N,4,0,1,2,A,-,21,22106,NA,N,G,-,F,-,H,-,A,D,0,Y,NA,NA,NA,Y,NA,A,01,0,0,1,0,1,0,0,0,0,-,-,NA,NA,ORANGE,HUNTINGTON BEACH,-117.99256797,33.72426298
6420025,2014,2014-06-12,3009,2014-02-02,1402,3368,91,7,5,6,3009,0,0,0,NA,0,012,FRALEY ST,KATELLA AV,264,S,N,A,-,N,NA,NA,NA,NA,NA,NA,NA,NA,NA,N,2,0,1,2,A,-,09,21804,NA,N,H,G,A,A,H,-,A,D,0,NA,Y,NA,NA,Y,NA,L,04,1,0,0,0,0,0,1,0,0,-,-,NA,NA,ORANGE,GARDEN GROVE,-117.96607,33.80248
6420696,2014,2016-02-16,9690,2014-02-24,1615,14765,NA,1,2,4,3045,0,1,1,NA,2,055,RT 5,EL TORO RD,2640,N,N,A,-,Y,ORA,12,5,-,-,19.11,H,-,S,Y,4,0,1,4,A,-,03,22350,NA,N,C,C,A,A,H,-,A,D,1,NA,NA,NA,NA,Y,NA,A,01,0,0,1,0,0,0,0,0,0,-,-,33.61807,-117.71222,ORANGE,LAGUNA HILLS,-117.71244657,33.61923349
6420788,2014,2014-06-16,3008,2014-02-28,1450,1117,NA,5,5,6,3008,0,0,0,NA,0,0Z1,ORANGETHORPE AV,NICKLETT AV,0,NA,Y,C,-,N,NA,NA,NA,NA,NA,NA,NA,NA,NA,Y,4,0,1,2,A,-,09,21802,A,N,D,C,A,B,H,-,A,D,0,NA,NA,NA,NA,Y,NA,A,01,0,0,1,0,0,0,0,0,0,-,-,NA,NA,ORANGE,FULLERTON,-117.97184011,33.85913001
6421031,2014,2014-06-24,3001,2014-03-19,1541,A1252,NA,3,5,7,3001,0,0,0,NA,0,D-1,NORTH ST,LENZ DR,98,W,N,A,-,N,NA,NA,NA,NA,NA,NA,NA,NA,NA,Y,4,0,1,2,A,-,08,22103,NA,N,D,C,A,A,H,-,A,D,0,NA,NA,NA,NA,Y,NA,A,01,0,0,1,0,0,0,0,0,0,-,-,NA,NA,ORANGE,ANAHEIM,-117.92871862,33.84150341
6422764,2014,2014-06-25,3024,2014-03-24,0621,160,P33,1,5,5,3024,0,0,0,NA,0,EAST,MAGNOLIA ST,NATOMA AV,33,N,N,B,-,N,NA,NA,NA,NA,NA,NA,NA,NA,NA,Y,4,0,1,2,A,-,03,22350,NA,N,C,C,A,A,H,-,C,A,0,NA,NA,NA,NA,Y,NA,D,22,0,0,1,0,0,0,0,0,0,-,-,NA,NA,ORANGE,WESTMINSTER,-117.97223126,33.74131047
6422839,2014,2014-06-25,3001,2014-03-20,1943,415,NA,4,5,7,3001,0,0,0,NA,0,0D4,TUSTIN AV,LA PALMA AV,340,S,N,A,-,N,NA,NA,NA,NA,NA,NA,NA,NA,NA,Y,4,0,2,2,C,-,18,NA,NA,N,C,C,A,A,D,-,C,A,0,NA,NA,NA,NA,Y,NA,-,-,0,0,2,0,0,0,0,0,0,-,-,NA,NA,ORANGE,ANAHEIM,-117.83747527,33.85465988
6424972,2014,2014-07-17,3019,2014-01-28,0537,3229,NE,2,5,7,3019,0,0,0,NA,0,002,SANTA ANA BL,ROSS ST,0,NA,Y,A,-,N,NA,NA,NA,NA,NA,NA,NA,NA,NA,N,4,0,1,2,A,-,12,21453,A,N,D,G,A,A,H,-,B,A,0,NA,Y,NA,NA,Y,NA,-,-,0,0,1,0,0,0,1,0,0,-,-,NA,NA,ORANGE,SANTA ANA,-117.87247009,33.74891001
6426005,2014,2014-06-26,3022,2014-03-11,1524,1154,NA,2,5,5,3022,0,0,0,NA,0,NA,GREENWAY DR,TUSTIN RANCH RD,0,NA,Y,A,-,N,NA,NA,NA,NA,NA,NA,NA,NA,NA,N,3,0,1,2,D,-,00,NA,NA,N,D,G,A,A,H,-,A,A,0,NA,Y,NA,NA,Y,NA,-,-,0,1,0,0,0,0,1,0,0,-,-,33.4425,-117.4729,ORANGE,TUSTIN,-117.79150009,33.74033004
6426162,2014,2015-12-24,3010,2014-03-16,1912,1176,461,7,5,6,3010,0,0,0,NA,0,004,RT 1,2ND ST,0,NA,Y,A,-,Y,ORA,12,1,-,-,24.601,I,5,N,Y,3,0,1,2,A,-,07,21658,A,N,D,C,A,A,H,-,D,D,0,NA,NA,Y,NA,Y,NA,A,07,0,1,0,0,0,0,0,0,0,-,-,NA,NA,ORANGE,HUNTINGTON BEACH,-118.00029913,33.65599256
6426197,2014,2014-06-27,3010,2014-03-04,2115,1155,432,2,5,6,3010,0,0,0,NA,0,005,ADAMS,DELAWARE,60,E,N,A,-,N,NA,NA,NA,NA,NA,NA,NA,NA,NA,N,4,0,1,2,A,-,03,22350,NA,M,C,C,A,A,H,-,C,A,0,NA,NA,NA,NA,Y,NA,A,01,0,0,1,0,0,0,0,0,0,-,-,NA,NA,ORANGE,HUNTINGTON BEACH,-117.9927557,33.67211409
6426564,2014,2016-03-09,3012,2014-03-01,0051,462,12,6,5,5,3012,0,0,0,NA,0,001,WHITTIER BL,IDAHO ST,415,W,N,B,-,Y,ORA,12,39,-,-,21.14,H,-,S,Y,3,0,2,1,A,-,08,22107,NA,N,E,I,A,B,H,-,C,D,0,NA,NA,NA,NA,Y,NA,A,01,0,1,1,0,0,0,0,0,0,-,-,NA,NA,ORANGE,LA HABRA,-117.96040859,33.93925731
6427029,2014,2014-06-26,3000,2014-03-04,0900,05314,971F2,2,5,4,3029,0,0,0,NA,0,6M40,CROWN VALLEY PKWY,CM DEL AVION,368,E,N,A,-,N,NA,NA,NA,NA,NA,NA,NA,NA,NA,Y,4,0,1,1,A,-,08,22107,NA,N,E,I,A,A,H,-,A,D,0,NA,NA,NA,NA,Y,NA,A,01,0,0,1,0,0,0,0,0,0,-,-,NA,NA,ORANGE,DANA POINT,-117.720544,33.495819
6428251,2014,2016-03-15,3026,2014-03-21,0846,6352,NA,5,5,6,3026,0,0,0,NA,0,00U,JAMBOREE RD,RT 405,0,NA,Y,B,-,Y,ORA,12,405,-,-,7.141,R,4,S,Y,4,0,1,2,A,-,04,21703,NA,N,C,C,A,A,H,-,A,A,0,NA,NA,NA,NA,Y,NA,A,01,0,0,1,0,0,0,0,0,0,-,-,NA,NA,ORANGE,IRVINE,-117.84710463,33.67819623
6428382,2014,2014-07-03,3001,2014-03-01,1120,A1355,NA,6,5,7,3001,0,0,0,NA,0,0D1,LINCOLN AV,CRESCENT WY,284,E,N,B,-,N,NA,NA,NA,NA,NA,NA,NA,NA,NA,Y,4,0,1,2,A,-,03,22350,NA,N,C,C,A,A,H,-,A,D,0,NA,NA,NA,NA,Y,NA,A,01,0,0,1,0,0,0,0,0,0,-,-,NA,NA,ORANGE,ANAHEIM,-117.94635699,33.83257
6428826,2014,2016-03-01,9670,2014-03-26,1730,19748,NA,3,2,4,3020,0,1,1,NA,2,045,RT 405 S,7TH ST,510,S,N,A,-,Y,ORA,12,405,-,-,23.23,H,-,S,Y,4,0,1,3,A,-,03,22350,NA,N,C,C,A,A,H,-,A,D,1,NA,NA,NA,NA,Y,NA,A,01,0,0,1,0,0,0,0,0,0,-,-,33.77429,-118.08467,ORANGE,SEAL BEACH,-118.08467571,33.77439339
6429589,2014,2015-02-25,3010,2014-03-21,2010,2119,157,5,5,6,3010,0,0,0,NA,0,008,EDINGER AV,GRAHAM ST,0,NA,Y,A,-,N,NA,NA,NA,NA,NA,NA,NA,NA,NA,Y,4,0,1,2,A,-,12,21453,A,N,D,C,A,A,H,-,C,A,0,NA,NA,NA,NA,Y,NA,A,01,0,0,1,0,0,0,0,0,0,-,-,NA,NA,ORANGE,HUNTINGTON BEACH,-118.03271005,33.72990006
6430887,2014,2014-06-28,3003,2014-02-21,1316,752,NA,5,5,5,3003,0,0,0,NA,0,004,ORANGETHORPE AV,VALLEY VIEW ST,374,W,N,A,-,N,NA,NA,NA,NA,NA,NA,NA,NA,NA,N,4,0,1,2,A,-,09,21801,A,N,D,C,A,A,H,-,A,D,0,NA,NA,NA,NA,Y,NA,D,22,0,0,1,0,0,0,0,0,0,-,-,NA,NA,ORANGE,BUENA PARK,-118.02998909,33.85887
6431438,2014,2014-07-07,3001,2014-03-29,2350,415,NA,6,5,7,3001,0,0,0,NA,0,0D1,BROOKHURST ST,CRESTWOOD LN,47,S,N,A,-,N,NA,NA,NA,NA,NA,NA,NA,NA,NA,Y,3,0,2,2,A,-,-,NA,NA,N,A,C,A,A,D,-,C,D,0,NA,NA,NA,NA,Y,NA,D,22,0,2,0,0,0,0,0,0,0,-,-,NA,NA,ORANGE,ANAHEIM,-117.95889,33.80620114
6431736,2014,2014-06-30,3001,2014-03-21,1808,415,NA,5,5,7,3001,0,0,0,NA,0,0D2,PLACENTIA AV,STATE COLLEGE BL,528,E,N,A,-,N,NA,NA,NA,NA,NA,NA,NA,NA,NA,Y,3,0,5,2,A,-,03,22350,NA,N,C,C,A,A,H,-,A,D,0,NA,NA,NA,NA,Y,NA,A,01,0,1,4,0,0,0,0,0,0,-,-,NA,NA,ORANGE,ANAHEIM,-117.88770628,33.85160338
6432325,2014,2014-06-27,3008,2014-03-06,1842,1117,NA,4,5,6,3008,0,0,0,NA,0,0Z2,EUCLID ST,MALVERN AV,0,NA,Y,A,-,N,NA,NA,NA,NA,NA,NA,NA,NA,NA,Y,3,0,3,2,A,-,09,21801,A,N,D,C,A,A,H,-,C,A,0,NA,NA,NA,NA,Y,NA,A,01,0,1,2,0,0,0,0,0,0,-,-,NA,NA,ORANGE,FULLERTON,-117.9419701,33.87498006
6432329,2014,2014-07-08,3008,2014-03-05,0605,1037,NA,3,5,6,3008,0,0,0,NA,0,0Z1,MAGNOLIA AV,ORANGETHORPE AV,0,NA,Y,A,-,N,NA,NA,NA,NA,NA,NA,NA,NA,NA,N,4,0,1,2,A,-,10,21950,A,N,G,B,B,A,H,-,C,A,0,Y,NA,NA,NA,Y,NA,-,NA,0,0,1,0,1,0,0,0,0,-,-,NA,NA,ORANGE,FULLERTON,-117.97628006,33.85911008
6434168,2014,2014-07-10,3019,2014-03-30,2020,3030,SC,7,5,7,3019,0,0,0,NA,0,127,EDINGER AV,GREENVILLE ST,0,NA,Y,A,-,N,NA,NA,NA,NA,NA,NA,NA,NA,NA,Y,4,0,2,2,A,-,12,21453,A,N,D,C,A,A,H,-,C,A,0,NA,NA,NA,NA,Y,NA,A,07,0,0,2,0,0,0,0,0,0,-,-,NA,NA,ORANGE,SANTA ANA,-117.90012014,33.727240020000004
6434333,2014,2014-07-18,3026,2014-04-07,1802,360,NA,1,5,6,3026,0,0,0,NA,0,00P,MARKET PLACE,ANACAPA,0,NA,Y,A,-,N,NA,NA,NA,NA,NA,NA,NA,NA,NA,Y,4,0,1,2,A,-,09,21804,A,N,D,C,A,A,H,-,A,A,0,NA,NA,NA,NA,Y,Y,A,01,0,0,1,0,0,0,0,0,0,-,-,NA,NA,ORANGE,IRVINE,-117.78432,33.7269901
6434468,2014,2014-07-08,3008,2014-03-15,0720,1467,NA,6,5,6,3008,0,0,0,NA,0,003,COMMONWEALTH AV,RAYMOND AV,0,NA,Y,A,-,N,NA,NA,NA,NA,NA,NA,NA,NA,NA,Y,4,0,1,2,A,-,09,21801,A,N,A,C,A,A,H,-,A,A,0,NA,NA,NA,NA,Y,NA,-,NA,0,0,1,0,0,0,0,0,0,-,-,NA,NA,ORANGE,FULLERTON,-117.90697013,33.87050002
6437215,2014,2014-07-01,3004,2014-03-04,1722,555,2,2,5,6,3004,0,0,0,NA,0,001,NEWPORT BL,E 16TH ST,71,N,N,A,-,N,NA,NA,55,NA,NA,NA,NA,NA,NA,N,4,0,2,3,A,-,03,22350,NA,N,C,C,A,A,H,-,A,A,0,NA,NA,NA,NA,Y,NA,A,07,0,0,2,0,0,0,0,0,0,-,-,33.63352,-117.92271,ORANGE,COSTA MESA,-117.92267048,33.6335058
6437276,2014,2014-07-01,3004,2014-03-04,1048,573,10,2,5,6,3004,0,0,0,NA,0,012,VICTORIA ST,AMERICAN AV,400,E,N,B,-,N,NA,NA,NA,NA,NA,NA,NA,NA,NA,Y,3,0,1,1,C,-,18,NA,NA,N,E,I,A,A,H,-,A,D,0,NA,NA,NA,NA,Y,NA,-,-,0,1,0,0,0,0,0,0,0,-,-,33.6526,-117.9402,ORANGE,COSTA MESA,-117.94047561,33.65252244
6438016,2014,2016-02-25,9675,2014-02-14,1451,19942,NA,5,2,4,3002,0,1,3,NA,2,570,RT 57,IMPERIAL HWY,950,S,N,A,-,Y,ORA,12,57,-,-,19.68,H,-,S,Y,4,0,1,2,A,-,07,21658,A,F,B,D,A,A,H,-,A,D,6,NA,NA,NA,NA,Y,NA,A,07,0,0,1,0,0,0,0,0,0,-,-,33.90805,-117.88282,ORANGE,BREA,-117.8826936,33.9081778
6439471,2014,2014-07-02,3019,2014-03-06,0952,2776,SE,4,5,7,3019,0,0,0,NA,0,003,MAIN ST,HIGHLAND ST,123,N,N,A,-,N,NA,NA,NA,NA,NA,NA,NA,NA,NA,N,4,0,1,2,A,-,08,22107,NA,N,D,G,A,A,H,-,A,D,0,NA,Y,NA,NA,Y,NA,A,07,0,0,1,0,0,0,1,0,0,-,-,NA,NA,ORANGE,SANTA ANA,-117.86771889,33.73740719
6439724,2014,2014-07-01,3015,2014-03-25,0743,1098,144,2,5,6,3015,0,0,0,NA,0,731,CRAWFORD CYN RD,EAST CHAPMAN AV,317,S,N,B,C,N,NA,NA,NA,NA,NA,NA,NA,NA,NA,N,4,0,1,2,A,-,08,22107,NA,N,B,C,A,A,H,-,A,D,0,NA,NA,NA,NA,Y,NA,A,01,0,0,1,0,0,0,0,0,0,-,-,NA,NA,ORANGE,ORANGE,-117.79584683,33.78684133
6439756,2014,2014-07-01,3015,2014-03-18,1839,1098,76,2,5,6,3015,0,0,0,NA,0,731,EAST CHAPMAN AV,N YORBA ST,0,NA,Y,A,-,N,NA,NA,NA,NA,NA,NA,NA,NA,NA,N,3,0,1,2,A,-,17,21451,B,N,D,C,A,A,H,-,A,A,0,NA,NA,Y,NA,Y,NA,C,02,0,1,0,0,0,0,0,0,1,-,-,NA,NA,ORANGE,ORANGE,-117.82708006,33.78783002
6442369,2014,2014-07-28,3001,2014-04-01,1257,1544,NA,2,5,7,3001,0,0,0,NA,0,0D1,SOUTH WESTERN AV,W TERANIMAR DR,141,S,N,A,-,N,NA,NA,NA,NA,NA,NA,NA,NA,NA,Y,4,0,1,2,A,-,05,21460,C,N,D,C,A,A,H,-,A,A,0,NA,NA,NA,NA,Y,NA,A,01,0,0,1,0,0,0,0,0,0,-,-,NA,NA,ORANGE,ANAHEIM,-118.0020978,33.81922342
6442407,2014,2014-07-02,3001,2014-03-31,1554,471,NA,1,5,7,3001,0,0,0,NA,0,0D1,CRESCENT AV,LA REINA ST,0,NA,Y,A,-,N,NA,NA,NA,NA,NA,NA,NA,NA,NA,N,4,0,1,2,A,-,12,22450,A,N,D,C,A,A,H,-,A,D,0,NA,NA,NA,NA,Y,NA,A,01,0,0,1,0,0,0,0,0,0,-,-,NA,NA,ORANGE,ANAHEIM,-117.97999006,33.83951004
6443623,2014,2014-07-01,9670,2014-03-19,0143,18516,NA,3,3,9,3000,0,3,5,NA,2,004,GILBERT ST,BALL RD,21,N,N,A,-,N,NA,NA,NA,NA,NA,NA,NA,NA,NA,Y,3,0,1,1,A,-,01,23152,A,N,E,I,A,A,H,-,C,A,0,NA,NA,NA,NA,Y,Y,A,01,0,1,0,0,0,0,0,0,0,-,-,33.8177,-117.96747,ORANGE,UNINCORPORATED,-117.96764,33.81769
6443634,2014,2014-07-02,3016,2014-03-25,1935,2127,0024,2,5,5,3016,0,0,0,NA,0,002,CHAPMAN AV,KRAEMER PL,0,NA,Y,A,-,N,NA,NA,NA,NA,NA,NA,NA,NA,NA,Y,4,0,1,2,A,-,03,22350,NA,N,C,C,A,A,H,-,C,A,0,NA,NA,NA,NA,Y,NA,A,01,0,0,1,0,0,0,0,0,0,-,-,NA,NA,ORANGE,PLACENTIA,-117.86273013,33.87101005
6443719,2014,2016-03-08,9670,2014-03-30,1434,16793,NA,7,2,6,3009,0,1,3,NA,2,021,RT 22,KNOTT ST,1000,W,N,A,-,Y,ORA,12,22,-,R,2.46,H,-,W,Y,3,0,1,6,A,-,07,21658,A,F,B,C,A,A,H,-,A,D,1,NA,NA,NA,NA,Y,NA,-,99,0,1,0,0,0,0,0,0,0,-,-,33.77453,-118.01118,ORANGE,GARDEN GROVE,-118.01095182,33.77463948
6444603,2014,2014-07-17,3012,2014-03-27,1908,456,26,4,5,5,3012,0,0,0,NA,0,002,LA HABRA BL,COLLEGE ST,0,NA,Y,A,-,N,NA,NA,NA,NA,NA,NA,NA,NA,NA,Y,4,0,1,2,A,-,09,21801,A,N,D,C,A,A,H,-,C,D,0,NA,NA,NA,NA,Y,NA,A,01,0,0,1,0,0,0,0,0,0,-,-,NA,NA,ORANGE,LA HABRA,-117.93743,33.93187001
6444731,2014,2014-07-09,3019,2014-03-14,1805,2771,SC,5,5,7,3019,0,0,0,NA,0,004,RAITT ST,MCFADDEN AV,0,NA,Y,A,-,N,NA,NA,NA,NA,NA,NA,NA,NA,NA,N,3,0,4,2,A,-,09,21801,A,N,A,C,A,A,H,-,A,A,0,NA,NA,NA,NA,Y,NA,A,01,0,1,3,0,0,0,0,0,0,-,-,NA,NA,ORANGE,SANTA ANA,-117.89405009,33.73449012
6444878,2014,2016-02-18,3004,2014-04-03,1452,542,5,4,5,6,3004,0,0,0,NA,0,001,NEWPORT BL,BROADWAY,0,NA,Y,A,-,Y,ORA,12,55,-,-,1.891,I,6,N,N,3,0,1,2,A,-,12,21453,A,N,D,G,A,A,H,-,A,A,0,NA,Y,NA,NA,Y,NA,L,04,0,1,0,0,0,0,1,0,0,-,-,33.6417,-117.9177,ORANGE,COSTA MESA,-117.91802331,33.64187317
6445049,2014,2016-04-09,9675,2014-04-01,1555,16944,NA,2,2,7,3019,0,1,1,NA,2,502,RT 5,MAIN ST,60,S,N,A,-,Y,ORA,12,5,-,-,33.1,H,-,S,Y,3,0,1,1,A,-,08,22107,NA,N,E,I,A,A,H,-,A,D,1,NA,NA,NA,NA,Y,NA,A,01,0,1,0,0,0,0,0,0,0,-,-,33.7676,-117.86749,ORANGE,SANTA ANA,-117.86738094,33.76725886
6446756,2014,2014-07-03,3000,2014-03-05,0805,05314,951J4,3,5,5,3040,0,0,0,NA,0,6M40,GOLDEN LANTERN,PASEO DE COLINAS,1240,S,N,E,-,N,NA,NA,NA,NA,NA,NA,NA,NA,NA,N,4,0,1,2,A,-,03,22350,NA,N,C,C,A,A,H,-,A,D,0,NA,NA,NA,NA,Y,NA,A,01,0,0,1,0,0,0,0,0,0,-,-,NA,NA,ORANGE,LAGUNA NIGUEL,-117.68507,33.53452625
6446793,2014,2014-07-08,3000,2014-03-11,0837,1382,921D3,2,5,4,3049,0,0,0,NA,0,6M81,GLENWOOD,BROOKLINE,0,NA,Y,A,-,N,NA,NA,NA,NA,NA,NA,NA,NA,NA,Y,4,0,1,2,A,-,03,22350,NA,N,C,C,A,A,H,-,A,D,0,NA,NA,NA,NA,Y,NA,A,01,0,0,1,0,0,0,0,0,0,-,-,NA,NA,ORANGE,ALISO VIEJO,-117.73148011,33.59050005
6446818,2014,2016-01-08,9675,2014-03-13,1030,016356,NA,4,1,7,3001,0,1,3,NA,2,093,RT 91,RT 57,100,W,N,A,-,Y,ORA,12,91,-,-,6.1,H,-,W,N,4,0,1,2,A,-,03,22350,NA,N,C,C,A,A,H,-,A,D,6,NA,NA,NA,NA,Y,NA,A,01,0,0,1,0,0,0,0,0,0,-,-,33.85094,-117.87781,ORANGE,ANAHEIM,-117.87608168,33.85002035
6446837,2014,2015-11-17,9675,2014-03-17,0845,13250,NA,1,1,6,3026,0,1,1,NA,2,406,RT 405,CULVER DR,2640,S,N,A,-,Y,ORA,12,405,-,-,5.12,H,-,N,Y,3,0,1,4,A,-,03,22350,NA,N,C,C,A,A,H,-,A,D,6,NA,NA,NA,NA,Y,NA,A,01,0,1,0,0,0,0,0,0,0,-,-,36.6202,-117.80035,ORANGE,IRVINE,-117.81456983,33.66691246
6448979,2014,2014-07-14,3024,2014-03-27,0726,133,P35,4,5,5,3024,0,0,0,NA,0,EAST,BISHOP PL,BROOKHURST ST,365,W,N,A,-,N,NA,NA,NA,NA,NA,NA,NA,NA,NA,N,4,0,1,2,A,-,03,22350,NA,N,C,C,A,A,H,-,A,D,0,NA,NA,NA,NA,Y,NA,A,01,0,0,1,0,0,0,0,0,0,-,-,NA,NA,ORANGE,WESTMINSTER,-117.95610578,33.74128119
6450749,2014,2014-07-17,3019,2014-03-31,0747,2528,SC,1,5,7,3019,0,0,0,NA,0,004,WARNER AV,PACIFIC AV,200,W,N,A,-,N,NA,NA,NA,NA,NA,NA,NA,NA,NA,Y,3,0,1,3,A,-,03,22350,NA,N,C,E,A,A,H,-,A,D,0,NA,NA,NA,NA,Y,NA,A,07,0,1,0,0,0,0,0,0,0,-,-,NA,NA,ORANGE,SANTA ANA,-117.88859611,33.71629118
6453288,2014,2015-03-19,3019,2014-05-08,1826,1910,SOUTH,4,5,7,3019,0,0,0,NA,0,003,LYON,CHESTNUT,450,S,N,A,-,N,NA,NA,NA,NA,NA,NA,NA,NA,NA,N,4,0,2,3,A,-,03,22350,NA,N,C,C,A,A,H,-,A,D,0,NA,NA,NA,NA,Y,NA,A,01,0,0,2,0,0,0,0,0,0,-,-,NA,NA,ORANGE,SANTA ANA,-117.84491618,33.74103659
6453440,2014,2014-07-17,3003,2014-04-08,1104,847,3003,2,5,5,3003,0,0,0,NA,0,008,LA PALMA AV,VALLEY VIEW ST,0,NA,Y,A,-,N,NA,NA,NA,NA,NA,NA,NA,NA,NA,Y,3,0,3,2,A,-,09,21453,C,N,D,C,A,A,H,-,A,A,0,NA,NA,NA,NA,Y,NA,A,01,0,1,2,0,0,0,0,0,0,-,-,33.8464,-118.2082,ORANGE,BUENA PARK,-118.0284601,33.84648006
6455176,2014,2014-07-21,3019,2014-04-07,1241,2528,SC,1,5,7,3019,0,0,0,NA,0,004,SAINT ANDREW PL,FLOWER ST,0,NA,Y,A,-,N,NA,NA,NA,NA,NA,NA,NA,NA,NA,N,4,0,1,2,A,-,12,22450,A,N,D,G,A,A,H,-,A,A,0,NA,Y,NA,NA,Y,NA,L,04,0,0,1,0,0,0,1,0,0,-,-,NA,NA,ORANGE,SANTA ANA,-117.87660013,33.7225301
6457082,2014,2014-07-08,3026,2014-03-28,1918,381,PORTO,5,5,6,3026,0,0,0,NA,0,00P,MARKETPLACE,BRYAN AV,400,N,N,B,-,N,NA,NA,NA,NA,NA,NA,NA,NA,NA,Y,3,0,1,2,A,-,09,21804,A,N,D,C,A,A,H,-,C,A,0,NA,NA,NA,NA,Y,NA,A,01,0,1,0,0,0,0,0,0,0,-,-,NA,NA,ORANGE,IRVINE,-117.787337,33.72495
6460494,2014,2014-07-11,3004,2014-04-16,1323,P543,24,3,5,6,3004,0,0,0,NA,0,015,SUNFLOWER,BEAR ST,1053,W,N,A,-,N,NA,NA,NA,NA,NA,NA,NA,NA,NA,Y,3,0,2,1,C,-,18,NA,NA,N,H,I,A,A,G,-,A,A,0,NA,NA,NA,NA,Y,NA,-,-,0,1,1,0,0,0,0,0,0,-,-,33.69574,-117.89538,ORANGE,COSTA MESA,-117.89290107,33.69417101
6463253,2014,2014-07-15,3000,2014-04-07,1315,2849,891H5,1,5,5,3050,0,0,0,NA,0,764,EL TORO RD,EL TORO FRONTAGE RD,14,E,N,A,-,N,NA,NA,NA,NA,NA,NA,NA,NA,NA,N,3,0,1,2,B,-,22,NA,NA,N,D,G,A,A,H,-,A,A,0,NA,Y,NA,NA,Y,NA,L,04,0,1,0,0,0,0,1,0,0,-,-,NA,NA,ORANGE,LAKE FOREST,-117.7075475,33.61487708