CASE_ID,ACCIDENT_YEAR,PROC_DATE,JURIS,COLLISION_DATE,COLLISION_TIME,OFFICER_ID,REPORTING_DISTRICT,DAY_OF_WEEK,CHP_SHIFT,POPULATION,CNTY_CITY_LOC,SPECIAL_COND,BEAT_TYPE,CHP_BEAT_TYPE,CITY_DIVISION_LAPD,CHP_BEAT_CLASS,BEAT_NUMBER,PRIMARY_RD,SECONDARY_RD,DISTANCE,DIRECTION,INTERSECTION,WEATHER_1,WEATHER_2,STATE_HWY_IND,CALTRANS_COUNTY,CALTRANS_DISTRICT,STATE_ROUTE,ROUTE_SUFFIX,POSTMILE_PREFIX,POSTMILE,LOCATION_TYPE,RAMP_INTERSECTION,SIDE_OF_HWY,TOW_AWAY,COLLISION_SEVERITY,NUMBER_KILLED,NUMBER_INJURED,PARTY_COUNT,PRIMARY_COLL_FACTOR,PCF_CODE_OF_VIOL,PCF_VIOL_CATEGORY,PCF_VIOLATION,PCF_VIOL_SUBSECTION,HIT_AND_RUN,TYPE_OF_COLLISION,MVIW,PED_ACTION,ROAD_SURFACE,ROAD_COND_1,ROAD_COND_2,LIGHTING,CONTROL_DEVICE,CHP_ROAD_TYPE,PEDESTRIAN_ACCIDENT,BICYCLE_ACCIDENT,MOTORCYCLE_ACCIDENT,TRUCK_ACCIDENT,NOT_PRIVATE_PROPERTY,ALCOHOL_INVOLVED,STWD_VEHTYPE_AT_FAULT,CHP_VEHTYPE_AT_FAULT,COUNT_SEVERE_INJ,COUNT_VISIBLE_INJ,COUNT_COMPLAINT_PAIN,COUNT_PED_KILLED,COUNT_PED_INJURED,COUNT_BICYCLIST_KILLED,COUNT_BICYCLIST_INJURED,COUNT_MC_KILLED,COUNT_MC_INJURED,PRIMARY_RAMP,SECONDARY_RAMP,LATITUDE,LONGITUDE,COUNTY,CITY,POINT_X,POINT_Y
6669248,2014,2016-06-18,9675,2014-10-15,0805,012857,NA,3,1,6,3004,0,1,3,NA,2,553,RT 55,MESA DR,100,S,N,A,-,Y,ORA,12,55,-,R,4,H,-,N,N,4,0,1,3,A,-,03,22350,NA,N,C,C,A,A,H,-,A,D,1,NA,NA,NA,NA,Y,NA,A,08,0,0,1,0,0,0,0,0,0,-,-,33.39554,-117.53423,ORANGE,COSTA MESA,-117.8950565,33.66570683
6669439,2014,2016-06-15,9675,2014-10-06,1624,18832,NA,1,2,6,3008,0,1,3,NA,2,071,RT 57,NUTWOOD AV,100,S,N,A,-,Y,ORA,12,57,-,-,17.55,H,-,N,N,4,0,1,2,A,-,03,22350,NA,N,C,C,A,A,H,-,A,D,6,NA,NA,NA,NA,Y,NA,D,22,0,0,1,0,0,0,0,0,0,-,-,33.88859,-117.87763,ORANGE,FULLERTON,-117.88021511,33.87753686
6669607,2014,2016-06-15,9675,2014-10-21,1851,18834,NA,2,2,6,3026,0,1,1,NA,2,503,RT 5,JAMBOREE RD,1050,S,N,A,-,Y,ORA,12,5,-,-,27.38,H,-,S,Y,4,0,1,3,A,-,03,22350,NA,N,C,C,A,A,H,-,C,D,1,NA,NA,NA,NA,Y,NA,A,01,0,0,1,0,0,0,0,0,0,-,-,33.71709,-117.79215,ORANGE,IRVINE,-117.79241108,33.71750391
6670036,2014,2016-06-14,9675,2014-10-12,0315,020535,NA,7,3,6,3015,0,1,1,NA,2,520,RT 5,LA VETA AV,918,N,N,A,-,Y,ORA,12,5,-,-,34.38,H,-,S,Y,3,0,2,1,A,-,01,23152,A,N,E,I,A,A,H,-,C,D,1,NA,NA,NA,NA,Y,Y,A,01,0,2,0,0,0,0,0,0,0,-,-,33.78201,-117.8802,ORANGE,ORANGE,-117.88082236,33.78230116
6670064,2014,2016-06-23,9675,2014-10-20,1913,019241,NA,1,2,6,3004,0,1,3,NA,2,073,RT 73,RT 55,15,S,N,A,-,Y,ORA,12,73,-,R,26.55,H,-,S,Y,3,0,1,3,A,-,03,22350,NA,N,C,C,A,A,H,-,C,D,1,NA,NA,NA,NA,Y,NA,A,07,0,1,0,0,0,0,0,0,0,-,-,33.67318,-117.88634,ORANGE,COSTA MESA,-117.88589064,33.67282688
6670277,2014,2016-01-15,3003,2014-07-15,0722,665,23,2,5,5,3003,0,0,0,NA,0,008,BEACH BL,LAPALMA AV,255,N,N,A,-,N,NA,NA,NA,NA,NA,NA,NA,NA,NA,Y,4,0,1,3,A,-,03,22350,NA,N,C,C,A,A,H,-,A,D,0,NA,NA,NA,NA,Y,NA,A,07,0,0,1,0,0,0,0,0,0,-,-,NA,NA,ORANGE,BUENA PARK,-117.9980429,33.84734911
6670537,2014,2016-06-14,9675,2014-10-08,0015,14558,NA,3,3,6,3015,0,1,1,NA,2,520,RT 5,STATE COLLEGE BL,20,N,N,A,-,Y,ORA,12,5,-,-,35.2,H,-,S,Y,4,0,1,2,A,-,03,22350,NA,N,B,C,A,A,H,-,A,D,1,NA,NA,Y,NA,Y,NA,C,02,0,0,1,0,0,0,0,0,1,-,-,33.79173,-117.89024,ORANGE,ORANGE,-117.88999015,33.79138037
6670664,2014,2014-12-18,3019,2014-10-07,0012,3134,WE1,2,5,7,3019,0,0,0,NA,0,NA,BRISTOL,9TH ST,12,S,N,A,-,N,NA,NA,NA,NA,NA,NA,NA,NA,NA,Y,4,0,1,2,A,-,08,22107,NA,N,D,C,A,A,H,-,C,A,0,NA,NA,NA,NA,Y,NA,A,01,0,0,1,0,0,0,0,0,0,-,-,NA,NA,ORANGE,SANTA ANA,-117.88509,33.7526171
6671740,2014,2014-11-14,3009,2014-09-25,1520,3713,155,4,5,6,3009,0,0,0,NA,0,023,TRASK AV,ROXEY ST,6,E,N,A,-,N,NA,NA,NA,NA,NA,NA,NA,NA,NA,Y,2,0,1,2,A,-,10,21950,A,N,G,B,B,A,H,-,A,A,0,Y,NA,NA,NA,Y,NA,D,22,1,0,0,0,1,0,0,0,0,-,-,NA,NA,ORANGE,GARDEN GROVE,-117.90900031,33.76711028
6672279,2014,2015-01-26,3001,2014-10-10,1042,A1555,D2,5,5,7,3001,0,0,0,NA,0,NA,EUCLID ST,GLENOAKS AV,0,NA,Y,A,-,N,NA,NA,NA,NA,NA,NA,NA,NA,NA,NA,4,0,1,2,A,-,12,21453,A,N,D,C,A,A,H,-,A,A,0,NA,NA,NA,NA,Y,NA,-,-,0,0,1,0,0,0,0,0,0,-,-,NA,NA,ORANGE,ANAHEIM,-117.94161008,33.84295003
6674332,2014,2016-06-18,9675,2014-10-10,1620,019979,NA,5,2,6,3015,0,1,3,NA,2,572,RT 57,ORANGEWOOD AV,400,S,N,A,-,Y,ORA,12,57,-,-,11.72,H,-,S,Y,4,0,1,4,A,-,03,22350,NA,N,C,C,A,A,H,-,A,D,6,NA,NA,NA,NA,Y,NA,A,01,0,0,1,0,0,0,0,0,0,-,-,33.79451,-117.87852,ORANGE,ORANGE,-117.87856737,33.79446978
6674340,2014,2016-06-15,9675,2014-10-20,0840,20712,NA,1,1,6,3008,0,1,3,NA,2,571,RT 57,NUTWOOD AV,800,N,N,B,-,Y,ORA,12,57,-,-,17.75,H,-,S,N,4,0,1,3,A,-,03,22350,NA,N,C,C,A,A,H,-,A,D,6,NA,NA,NA,NA,Y,NA,A,07,0,0,1,0,0,0,0,0,0,-,-,33.88346,-117.88054,ORANGE,FULLERTON,-117.8805655,33.88041132
6675548,2014,2014-12-18,3010,2014-10-11,0814,0197,495,6,5,6,3010,0,0,0,NA,0,002,RT 1,BROOKHURST,595,S,N,A,-,Y,NA,NA,NA,NA,NA,NA,NA,NA,NA,Y,4,0,1,1,C,-,18,NA,NA,N,E,I,A,A,H,-,A,D,0,NA,NA,NA,NA,Y,NA,-,-,0,0,1,0,0,0,0,0,0,-,-,NA,NA,ORANGE,HUNTINGTON BEACH,NA,NA
6676742,2014,2016-06-15,9670,2014-10-16,1900,19502,NA,4,2,7,3001,0,1,1,NA,2,502,RT 5,LINCOLN AV,700,S,N,A,-,Y,ORA,12,5,-,-,38.82,H,-,N,N,4,0,1,2,A,-,03,22350,NA,N,C,C,A,A,H,-,C,D,6,NA,NA,NA,NA,Y,NA,A,01,0,0,1,0,0,0,0,0,0,-,-,33.82252,-117.92219,ORANGE,ANAHEIM,-117.93077221,33.83138711
6677310,2014,2015-06-16,3007,2014-10-15,1541,270,29,3,5,5,3007,0,0,0,NA,0,56M,HARBOR BL,SYLVAN RIVER,8,N,N,A,-,N,NA,NA,NA,NA,NA,NA,NA,NA,NA,Y,4,0,1,2,A,-,09,21801,A,N,A,C,A,A,H,-,A,A,0,NA,NA,NA,NA,Y,NA,A,07,0,0,1,0,0,0,0,0,0,-,-,NA,NA,ORANGE,FOUNTAIN VALLEY,-117.91985,33.72526193
6677912,2014,2016-06-18,9675,2014-10-06,0950,13250,NA,1,1,7,3019,0,1,1,NA,2,502,RT 5,4TH ST,20,S,N,A,-,Y,ORA,12,5,-,-,31.09,H,-,N,Y,4,0,1,2,A,-,03,22350,NA,N,C,C,A,A,H,-,A,D,1,NA,NA,NA,NA,Y,NA,A,01,0,0,1,0,0,0,0,0,0,-,-,33.74047,-117.84302,ORANGE,SANTA ANA,-117.84311354,33.74819631
6678511,2014,2014-12-11,3000,2014-10-17,1949,5163,951G6,5,5,5,3040,0,0,0,NA,0,740,NIGUEL RD,AUGUSTA DR,475,S,N,A,-,N,NA,NA,NA,NA,NA,NA,NA,NA,NA,Y,3,0,1,1,A,-,01,23152,E,N,A,I,A,A,H,-,C,D,0,NA,NA,NA,NA,Y,NA,A,07,0,1,0,0,0,0,0,0,0,-,-,NA,NA,ORANGE,LAGUNA NIGUEL,-117.70704599,33.51492048
6678516,2014,2016-06-17,3026,2014-10-13,1456,417,NA,1,5,6,3026,0,0,0,NA,0,00C,IRVINE CENTER DR,RT 405,0,NA,Y,A,-,Y,ORA,12,405,-,-,1.121,R,4,S,Y,4,0,2,2,A,-,12,21453,A,N,A,C,A,A,H,-,A,A,0,NA,NA,NA,NA,Y,NA,A,01,0,0,2,0,0,0,0,0,0,-,SF,NA,NA,ORANGE,IRVINE,-117.74984731,33.64874048
6679421,2014,2014-12-19,3003,2014-10-02,2017,601,5,4,5,5,3003,0,0,0,NA,0,002,KNOTT AV,LINCOLN AV,29,N,N,A,-,N,NA,NA,NA,NA,NA,NA,NA,NA,NA,N,4,0,1,2,A,-,03,22350,NA,N,C,C,A,A,H,-,C,A,0,NA,NA,NA,NA,Y,NA,-,NA,0,0,1,0,0,0,0,0,0,-,-,NA,NA,ORANGE,BUENA PARK,-118.01106142,33.8320595
6679968,2014,2014-12-22,3016,2014-10-18,0120,1243,36,6,5,5,3016,0,0,0,NA,0,002,ROSE DR,DEL CERRO,70,S,N,A,-,N,NA,NA,NA,NA,NA,NA,NA,NA,NA,Y,3,0,3,1,A,-,01,23153,A,N,E,I,A,A,D,-,C,A,0,NA,NA,NA,NA,Y,Y,A,07,0,3,0,0,0,0,0,0,0,-,-,NA,NA,ORANGE,PLACENTIA,-117.84271468,33.86914853
6680001,2014,2014-12-23,3026,2014-10-11,0903,416,NA,6,5,6,3026,0,0,0,NA,0,00C,WEST YALE LOOP,MAIN,212,N,N,B,-,N,NA,NA,NA,NA,NA,NA,NA,NA,NA,N,2,0,1,1,A,-,08,22107,NA,N,H,G,A,A,H,-,A,A,0,NA,Y,NA,NA,Y,NA,L,04,1,0,0,0,0,0,1,0,0,-,-,NA,NA,ORANGE,IRVINE,-117.81371217,33.67487732
6680025,2014,2014-12-23,3016,2014-10-07,1551,1153,1,2,5,5,3016,0,0,0,NA,0,001,KRAEMER BL,GOLDEN AV,0,NA,Y,A,-,N,NA,NA,NA,NA,NA,NA,NA,NA,NA,N,3,0,1,2,A,-,10,21950,A,N,G,B,B,A,H,-,A,D,0,Y,NA,NA,NA,Y,NA,A,01,0,1,0,0,1,0,0,0,0,-,-,NA,NA,ORANGE,PLACENTIA,-117.86382005,33.90376008
6680889,2014,2014-12-18,3014,2014-10-15,1805,1253,39,3,5,5,3014,0,0,0,NA,0,0A3,NEWPORT CENTER DR E,CENTER DR,0,NA,Y,A,-,N,NA,NA,NA,NA,NA,NA,NA,NA,NA,Y,3,0,1,2,A,-,09,21801,A,N,B,C,A,A,H,-,A,A,0,NA,NA,NA,NA,Y,NA,A,07,0,1,0,0,0,0,0,0,0,-,-,33.6188,-117.8736,ORANGE,NEWPORT BEACH,-117.87366,33.6185701
6681492,2014,2014-12-23,3015,2014-10-16,1442,712M,61,4,5,6,3015,0,0,0,NA,0,712,WEST CHAPMAN AV,S FLOWER ST,30,W,N,A,-,N,NA,NA,NA,NA,NA,NA,NA,NA,NA,Y,4,0,1,2,A,-,01,23152,D,N,C,C,A,A,H,-,A,A,0,NA,NA,NA,NA,Y,NA,A,01,0,0,1,0,0,0,0,0,0,-,-,NA,NA,ORANGE,ORANGE,-117.8771785,33.78791
6681546,2014,2014-12-22,3000,2014-10-01,0736,9051,891F2,3,5,5,3050,0,0,0,NA,0,764,TOLEDO WY,BAKE PKWY,7,S,N,A,-,N,NA,NA,NA,NA,NA,NA,NA,NA,NA,N,4,0,1,2,A,-,12,21453,A,N,G,G,A,A,H,-,A,A,0,NA,Y,NA,NA,Y,NA,L,04,0,0,1,0,0,0,1,0,0,-,-,NA,NA,ORANGE,LAKE FOREST,-117.70696037,33.64961007
6681558,2014,2014-12-22,3000,2014-10-15,1900,5233,77013,3,5,2,3023,0,0,0,NA,0,014,TAFT AV,BIXBY CIR,228,W,N,A,-,N,NA,NA,NA,NA,NA,NA,NA,NA,NA,Y,2,0,1,1,A,-,03,22350,NA,N,E,I,A,A,H,-,D,D,0,NA,NA,NA,NA,Y,NA,A,01,1,0,0,0,0,0,0,0,0,-,-,NA,NA,ORANGE,VILLA PARK,-117.81555853,33.81779337
6682406,2014,2016-01-15,3003,2014-08-08,0255,1134,101,5,5,5,3003,0,0,0,NA,0,003,BEACH BL,LA PALMA AV,735,S,N,B,-,N,NA,NA,NA,NA,NA,NA,NA,NA,NA,Y,4,0,1,1,D,-,00,NA,NA,N,A,I,A,A,H,-,C,D,0,NA,NA,NA,NA,Y,NA,-,-,0,0,1,0,0,0,0,0,0,-,-,33.8441,-117.9979,ORANGE,BUENA PARK,-117.99780064,33.8446488
6682440,2014,2014-12-22,3010,2014-10-21,1909,2090,359,2,5,6,3010,0,0,0,NA,0,004,RT 1,14TH ST,0,NA,Y,A,-,Y,NA,NA,NA,NA,NA,NA,NA,NA,NA,Y,4,0,1,2,A,-,09,21802,A,N,D,C,A,A,H,-,C,A,0,NA,NA,Y,NA,Y,NA,A,01,0,0,1,0,0,0,0,0,1,-,-,NA,NA,ORANGE,HUNTINGTON BEACH,NA,NA
6682766,2014,2014-11-06,3000,2014-09-26,0740,2861,797J6,5,5,4,3021,0,0,0,NA,0,023,CAMUS LN,LAMPSON AV,7,S,N,A,-,N,NA,NA,NA,NA,NA,NA,NA,NA,NA,N,3,0,1,2,A,-,08,22107,NA,N,A,G,A,A,H,-,A,A,0,NA,Y,NA,NA,Y,NA,A,07,0,1,0,0,0,0,1,0,0,-,-,NA,NA,ORANGE,STANTON,-117.99658937,33.78107081
6686555,2014,2014-11-20,3019,2014-10-28,1451,1925,SC,2,5,7,3019,0,0,0,NA,0,170,MACARTHUR BL,BIRCH ST,0,NA,Y,A,-,N,NA,NA,NA,NA,NA,NA,NA,NA,NA,Y,4,0,1,3,A,-,09,21801,A,N,D,C,A,A,H,-,A,A,0,NA,NA,NA,NA,Y,NA,D,22,0,0,1,0,0,0,0,0,0,-,-,NA,NA,ORANGE,SANTA ANA,-117.87172006,33.7000801
6690724,2014,2014-12-29,3008,2014-10-06,1853,1396,NA,1,5,6,3008,0,0,0,NA,0,0Z1,N GILBERT ST,RAYMER AV,0,NA,Y,A,-,N,NA,NA,NA,NA,NA,NA,NA,NA,NA,Y,3,0,2,3,A,-,09,21801,A,N,A,C,A,A,H,-,B,A,0,NA,NA,Y,NA,Y,NA,A,07,0,1,1,0,0,0,0,0,2,-,-,NA,NA,ORANGE,FULLERTON,-117.96838002,33.87370005
6690752,2014,2014-12-29,3008,2014-10-17,1822,1364,NA,5,5,6,3008,0,0,0,NA,0,0Z2,RAYMOND AV,COMMONWEALTH AV,0,NA,Y,A,-,N,NA,NA,NA,NA,NA,NA,NA,NA,NA,Y,4,0,2,2,A,-,09,21801,A,N,D,C,A,A,H,-,C,A,0,NA,NA,NA,NA,Y,NA,A,01,0,0,2,0,0,0,0,0,0,-,-,NA,NA,ORANGE,FULLERTON,-117.90697013,33.87050002
6691013,2014,2014-11-18,3003,2014-09-13,2301,1164,90,6,5,5,3003,0,0,0,NA,0,003,LA PALMA,DALE,0,NA,Y,A,-,N,NA,NA,NA,NA,NA,NA,NA,NA,NA,Y,4,0,2,2,A,-,09,21801,A,N,A,C,A,A,H,-,C,A,0,NA,NA,NA,NA,Y,NA,A,01,0,0,2,0,0,0,0,0,0,-,-,NA,NA,ORANGE,BUENA PARK,-117.98511002,33.84698005
6692791,2014,2015-01-08,3019,2014-11-04,1947,2973,SOUTH,2,5,7,3019,0,0,0,NA,0,004,HIGHLAND ST,SHELTON ST,60,W,N,A,-,N,NA,NA,NA,NA,NA,NA,NA,NA,NA,N,4,0,1,2,A,-,03,22350,NA,N,D,C,A,A,H,-,C,D,0,NA,NA,NA,NA,Y,NA,A,01,0,0,1,0,0,0,0,0,0,-,-,NA,NA,ORANGE,SANTA ANA,-117.88100688,33.73722949
6694271,2014,2015-01-05,3003,2014-10-23,0544,665,23,4,5,5,3003,0,0,0,NA,0,008,CRESCENT AV,STANTON AV,0,NA,Y,A,-,N,NA,NA,NA,NA,NA,NA,NA,NA,NA,Y,4,0,1,2,A,-,09,21453,C,N,A,C,A,A,H,-,C,A,0,NA,NA,NA,NA,Y,NA,A,01,0,0,1,0,0,0,0,0,0,-,-,33.8395,-117.9935,ORANGE,BUENA PARK,-117.99365001,33.83940003
6694380,2014,2015-01-05,3003,2014-10-28,0744,1124,51,2,5,5,3003,0,0,0,NA,0,003,ACADEMY DR,FACULTY CIR,3,W,N,A,-,N,NA,NA,NA,NA,NA,NA,NA,NA,NA,N,3,0,1,2,A,-,03,22350,NA,N,G,B,D,A,H,-,B,D,0,Y,NA,NA,NA,Y,NA,A,01,0,1,0,0,1,0,0,0,0,-,-,33.8609,-117.9791,ORANGE,BUENA PARK,-117.97895986,33.86091009
6694591,2014,2016-06-15,9675,2014-10-28,0945,15784,NA,2,1,6,3008,0,1,3,NA,2,571,RT 57,NUTWOOD AV,300,S,N,A,-,Y,ORA,12,57,-,-,17.413,R,1,N,Y,3,0,1,3,A,-,03,22350,NA,N,C,C,A,A,H,-,A,A,6,NA,NA,NA,NA,Y,NA,D,22,0,1,0,0,0,0,0,0,0,TO,-,33.87715,-117.87974,ORANGE,FULLERTON,-117.88022911,33.87552826
6695187,2014,2015-01-22,3001,2014-11-04,1721,1373,NA,2,5,7,3001,0,0,0,NA,0,0D2,EAST ST,SOUTH ST,0,NA,Y,A,-,N,NA,NA,NA,NA,NA,NA,NA,NA,NA,Y,4,0,2,2,A,-,12,21453,A,N,D,C,A,A,H,-,C,A,0,NA,NA,NA,NA,Y,NA,-,-,0,0,2,0,0,0,0,0,0,-,-,NA,NA,ORANGE,ANAHEIM,-117.89977012,33.82932005
6695765,2014,2015-01-05,3009,2014-10-31,0737,7747,091,5,5,6,3009,0,0,0,NA,0,012,KATELLA,GILBERT,5,E,N,A,-,N,NA,NA,NA,NA,NA,NA,NA,NA,NA,N,3,0,1,2,A,-,-,NA,NA,N,A,G,A,A,H,-,A,A,0,NA,Y,NA,NA,Y,NA,L,04,0,1,0,0,0,0,1,0,0,-,-,NA,NA,ORANGE,GARDEN GROVE,-117.96754358,33.80308021
6695769,2014,2015-01-05,3009,2014-10-25,0059,3826,142,6,5,6,3009,0,0,0,NA,0,022,HARBOR BL,CHAPMAN AV,12,N,N,A,-,N,NA,NA,NA,NA,NA,NA,NA,NA,NA,N,4,0,1,2,A,-,01,23152,A,N,C,C,A,A,-,-,C,A,0,NA,NA,NA,NA,Y,Y,A,07,0,0,1,0,0,0,0,0,0,-,-,NA,NA,ORANGE,GARDEN GROVE,-117.915,33.7889329
6696832,2014,2015-01-02,3019,2014-10-27,0637,1561,SE,1,5,7,3019,0,0,0,NA,0,003,FLOWER AV,MCFADDEN,0,NA,Y,A,-,N,NA,NA,NA,NA,NA,NA,NA,NA,NA,Y,4,0,2,2,A,-,09,21801,A,N,A,-,A,A,H,-,C,A,0,NA,NA,NA,NA,Y,NA,A,07,0,0,2,0,0,0,0,0,0,-,-,NA,NA,ORANGE,SANTA ANA,-117.87646011,33.73450003
6698558,2014,2014-12-01,3019,2014-10-29,1306,2528,SC,3,5,7,3019,0,0,0,NA,0,004,MACARTHUR BL,BRISTOL ST,195,E,N,A,-,N,NA,NA,NA,NA,NA,NA,NA,NA,NA,N,3,0,1,2,A,-,11,21954,A,N,G,B,D,A,H,-,A,A,0,Y,NA,NA,NA,Y,NA,N,60,0,1,0,0,1,0,0,0,0,-,-,NA,NA,ORANGE,SANTA ANA,-117.88497051,33.70007211
6700861,2014,2014-12-09,3026,2014-10-31,1354,381,UNVST,5,5,6,3026,0,0,0,NA,0,00U,CORNELL,BERKELEY,0,NA,Y,B,-,N,NA,NA,NA,NA,NA,NA,NA,NA,NA,N,3,0,1,2,A,I,-,NA,NA,N,B,G,A,A,H,-,A,A,0,NA,Y,NA,NA,Y,NA,L,04,0,1,0,0,0,0,1,0,0,-,-,NA,NA,ORANGE,IRVINE,-117.83548009,33.64938003
6701947,2014,2014-12-01,3001,2014-10-31,1401,0705,NA,5,5,7,3001,0,0,0,NA,0,003,EUCLID ST,KATELLA AV,303,W,N,A,-,N,NA,NA,NA,NA,NA,NA,NA,NA,NA,N,4,0,1,2,A,-,09,21801,A,M,D,C,A,A,H,-,A,D,0,NA,NA,NA,NA,Y,NA,A,01,0,0,1,0,0,0,0,0,0,-,-,NA,NA,ORANGE,ANAHEIM,-117.94150766,33.80243517
6702148,2014,2014-12-03,3019,2014-10-23,1209,2630,WE,4,5,7,3019,0,0,0,NA,0,001,1ST ST,BAKER ST,0,NA,Y,A,-,N,NA,NA,NA,NA,NA,NA,NA,NA,NA,N,3,0,1,2,A,-,09,21804,A,N,D,G,A,A,H,-,A,A,0,NA,Y,NA,NA,Y,NA,L,04,0,1,0,0,0,0,1,0,0,-,-,NA,NA,ORANGE,SANTA ANA,-117.88279007,33.74554007
6702192,2014,2016-06-15,9670,2014-10-31,0110,20455,NA,5,3,5,3003,0,1,3,NA,2,092,RT 91,ORANGETHORPE AV,100,W,N,A,-,Y,ORA,12,91,-,R,0.47,H,-,E,Y,3,0,1,1,A,-,01,23152,A,N,E,J,A,A,H,-,D,D,1,NA,NA,NA,NA,Y,Y,A,01,0,1,0,0,0,0,0,0,0,-,-,NA,NA,ORANGE,BUENA PARK,-118.03472773,33.8590298
6702363,2014,2014-12-05,3019,2014-10-15,1348,2001,SE,3,5,7,3019,0,0,0,NA,0,003,EDINGER AV,SYCAMORE ST,0,NA,Y,A,-,N,NA,NA,NA,NA,NA,NA,NA,NA,NA,Y,3,0,1,2,A,-,09,21801,A,N,D,C,A,A,H,-,A,D,0,NA,NA,NA,NA,Y,NA,A,01,0,1,0,0,0,0,0,0,0,-,-,NA,NA,ORANGE,SANTA ANA,-117.86884004,33.72728007
6702367,2014,2016-03-01,3019,2014-10-05,0126,3265,WE,7,5,7,3019,0,0,0,NA,0,001,FAIRVIEW ST,9TH ST,80,N,N,A,-,N,NA,NA,NA,NA,NA,NA,NA,NA,NA,Y,3,0,1,1,A,-,03,22350,NA,N,E,I,A,A,H,-,C,D,0,NA,NA,Y,NA,Y,NA,C,02,0,1,0,0,0,0,0,0,1,-,-,NA,NA,ORANGE,SANTA ANA,-117.9024515,33.75260649
6702391,2014,2014-12-05,3019,2014-10-10,2305,3296,SC,5,5,7,3019,0,0,0,NA,0,004,MACARTHUR BL,FLOWER ST,5,W,N,A,-,N,NA,NA,NA,NA,NA,NA,NA,NA,NA,N,2,0,1,2,A,-,11,21456,B,N,G,B,B,A,H,-,C,A,0,Y,NA,Y,NA,Y,NA,N,60,1,0,0,0,1,0,0,0,0,-,-,NA,NA,ORANGE,SANTA ANA,-117.8769564,33.69993979
6702495,2014,2014-12-04,3014,2014-10-23,1715,1253,RD54,4,5,5,3014,0,0,0,NA,0,0A4,MACARTHUR BL,BISON AV,40,S,N,A,-,N,NA,NA,NA,NA,NA,NA,NA,NA,NA,N,4,0,1,2,A,-,03,22350,NA,M,C,C,A,A,H,-,A,A,0,NA,NA,NA,NA,Y,NA,-,99,0,0,1,0,0,0,0,0,0,-,-,33.6371,-117.8621,ORANGE,NEWPORT BEACH,-117.86222796,33.63722504
6702627,2014,2016-06-18,9670,2014-10-29,1830,018654,NA,3,2,5,3024,0,1,1,NA,2,043,RT 405,GOLDENWEST ST,200,N,N,A,-,Y,ORA,12,405,-,-,17.98,H,-,S,N,4,0,1,2,A,-,03,22350,NA,N,C,C,A,A,H,-,B,D,1,NA,NA,NA,NA,Y,NA,A,07,0,0,1,0,0,0,0,0,0,-,-,33.74674,-118.0076,ORANGE,WESTMINSTER,-118.0075018,33.74676211
6703815,2014,2014-11-26,3001,2014-09-17,0709,A1068,NA,3,5,7,3001,0,0,0,NA,0,0D1,W LINCOLN AV,MONTEREY ST,37,E,N,A,-,N,NA,NA,NA,NA,NA,NA,NA,NA,NA,Y,2,0,1,2,A,-,12,21453,A,N,G,B,B,A,H,-,A,A,0,Y,NA,NA,NA,Y,NA,A,01,1,0,0,0,1,0,0,0,0,-,-,NA,NA,ORANGE,ANAHEIM,-117.96227852,33.83254357
6704043,2014,2015-01-08,3000,2014-11-04,1605,5051,921D6,2,5,4,3049,0,0,0,NA,0,6M82,PACIFIC PARK,ALISO VIEJO PKWY,300,E,N,A,-,N,NA,NA,NA,NA,NA,NA,NA,NA,NA,Y,4,0,1,3,A,-,03,22350,NA,N,C,C,A,A,H,-,A,D,0,NA,NA,NA,NA,Y,NA,A,01,0,0,1,0,0,0,0,0,0,-,-,NA,NA,ORANGE,ALISO VIEJO,-117.72964686,33.57054
6704059,2014,2015-01-08,3010,2014-11-08,1826,1225,442,6,5,6,3010,0,0,0,NA,0,003,ENGLAND,JOLIET,60,S,N,A,-,N,NA,NA,NA,NA,NA,NA,NA,NA,NA,N,3,0,1,1,A,-,01,23152,A,N,F,A,A,A,H,-,C,D,0,NA,Y,NA,NA,Y,Y,L,04,0,1,0,0,0,0,1,0,0,-,-,NA,NA,ORANGE,HUNTINGTON BEACH,-117.99182,33.66562549
6705132,2014,2015-01-14,3001,2014-11-01,0204,1880,NA,6,5,7,3001,0,0,0,NA,0,0D3,HARBOR BL,MANCHESTER AV,528,S,N,B,C,N,NA,NA,NA,NA,NA,NA,NA,NA,NA,Y,2,0,1,2,A,-,11,21955,NA,N,G,B,D,B,H,-,C,D,0,Y,NA,NA,NA,Y,Y,N,60,1,0,0,0,1,0,0,0,0,-,-,NA,NA,ORANGE,ANAHEIM,-117.91540973,33.81124261
6705803,2014,2014-11-20,3024,2014-10-29,2043,381,P26,3,5,5,3024,0,0,0,NA,0,0ES,NEWLAND ST,HAZARD AV,0,NA,Y,A,-,N,NA,NA,NA,NA,NA,NA,NA,NA,NA,N,3,0,1,2,A,-,09,21801,A,N,A,C,A,A,H,-,C,A,0,NA,NA,NA,NA,Y,NA,A,07,0,1,0,0,0,0,0,0,0,-,-,NA,NA,ORANGE,WESTMINSTER,-117.98095001,33.75209008
6705967,2014,2014-12-04,3019,2014-10-18,1244,2754,WE,6,5,7,3019,0,0,0,NA,0,001,FAIRVIEW ST,DAHL LN,0,NA,Y,A,-,N,NA,NA,NA,NA,NA,NA,NA,NA,NA,Y,3,0,5,2,A,-,09,21802,A,N,D,C,A,A,H,-,A,D,0,NA,NA,NA,NA,Y,NA,A,01,0,2,3,0,0,0,0,0,0,-,-,NA,NA,ORANGE,SANTA ANA,-117.90650002,33.73149004
6707733,2014,2016-06-18,9675,2014-10-10,0755,019471,NA,5,1,6,3004,0,1,3,NA,2,553,RT 55,RT 405,100,N,N,A,-,Y,ORA,12,55,-,R,6.04,H,-,S,Y,4,0,1,2,A,-,03,22350,NA,N,C,C,A,A,H,-,A,D,6,NA,NA,NA,NA,Y,NA,A,07,0,0,1,0,0,0,0,0,0,-,-,33.68786,-117.87195,ORANGE,COSTA MESA,-117.87174216,33.68789564
6707737,2014,2016-06-10,9675,2014-10-15,1729,018087,NA,3,2,7,3001,0,1,3,NA,2,094,RT 91,WEIR CANYON RD,1500,W,N,A,-,Y,ORA,12,91,-,R,14.15,H,-,E,Y,4,0,1,3,A,-,07,21658,A,N,C,C,A,A,H,-,A,D,1,NA,NA,NA,NA,Y,NA,A,01,0,0,1,0,0,0,0,0,0,-,-,33.86904,-117.75185,ORANGE,ANAHEIM,-117.74949432,33.86953712