CASE_ID,ACCIDENT_YEAR,PROC_DATE,JURIS,COLLISION_DATE,COLLISION_TIME,OFFICER_ID,REPORTING_DISTRICT,DAY_OF_WEEK,CHP_SHIFT,POPULATION,CNTY_CITY_LOC,SPECIAL_COND,BEAT_TYPE,CHP_BEAT_TYPE,CITY_DIVISION_LAPD,CHP_BEAT_CLASS,BEAT_NUMBER,PRIMARY_RD,SECONDARY_RD,DISTANCE,DIRECTION,INTERSECTION,WEATHER_1,WEATHER_2,STATE_HWY_IND,CALTRANS_COUNTY,CALTRANS_DISTRICT,STATE_ROUTE,ROUTE_SUFFIX,POSTMILE_PREFIX,POSTMILE,LOCATION_TYPE,RAMP_INTERSECTION,SIDE_OF_HWY,TOW_AWAY,COLLISION_SEVERITY,NUMBER_KILLED,NUMBER_INJURED,PARTY_COUNT,PRIMARY_COLL_FACTOR,PCF_CODE_OF_VIOL,PCF_VIOL_CATEGORY,PCF_VIOLATION,PCF_VIOL_SUBSECTION,HIT_AND_RUN,TYPE_OF_COLLISION,MVIW,PED_ACTION,ROAD_SURFACE,ROAD_COND_1,ROAD_COND_2,LIGHTING,CONTROL_DEVICE,CHP_ROAD_TYPE,PEDESTRIAN_ACCIDENT,BICYCLE_ACCIDENT,MOTORCYCLE_ACCIDENT,TRUCK_ACCIDENT,NOT_PRIVATE_PROPERTY,ALCOHOL_INVOLVED,STWD_VEHTYPE_AT_FAULT,CHP_VEHTYPE_AT_FAULT,COUNT_SEVERE_INJ,COUNT_VISIBLE_INJ,COUNT_COMPLAINT_PAIN,COUNT_PED_KILLED,COUNT_PED_INJURED,COUNT_BICYCLIST_KILLED,COUNT_BICYCLIST_INJURED,COUNT_MC_KILLED,COUNT_MC_INJURED,PRIMARY_RAMP,SECONDARY_RAMP,LATITUDE,LONGITUDE,COUNTY,CITY,POINT_X,POINT_Y
6707830,2014,2014-11-25,3026,2014-10-24,1244,313,NA,5,5,6,3026,0,0,0,NA,0,00U,JAMBOREE,MCGAW,110,N,N,A,-,N,NA,NA,NA,NA,NA,NA,NA,NA,NA,N,4,0,2,2,A,-,21,22106,NA,N,C,C,A,A,H,-,A,D,0,NA,NA,NA,NA,Y,NA,A,01,0,0,2,0,0,0,0,0,0,-,-,NA,NA,ORANGE,IRVINE,-117.83468438,33.68597822
6708073,2014,2015-01-07,3009,2014-11-12,2257,3005,124,3,5,6,3009,0,0,0,NA,0,021,9TH ST,STANDARD AV,45,N,N,A,-,N,NA,NA,NA,NA,NA,NA,NA,NA,NA,N,4,0,1,2,A,-,11,21950,B,M,G,B,D,A,H,-,C,D,0,Y,NA,NA,NA,Y,NA,N,60,0,0,1,0,1,0,0,0,0,-,-,NA,NA,ORANGE,GARDEN GROVE,-117.93231909,33.77800337
6708422,2014,2015-01-07,3026,2014-11-04,1350,4779,NA,2,5,6,3026,0,0,0,NA,0,00U,JAMBOREE RD,BIRCH ST,110,S,N,A,-,N,NA,NA,NA,NA,NA,NA,NA,NA,NA,N,4,0,2,2,A,-,03,22350,NA,N,C,C,A,A,H,-,A,A,0,NA,NA,NA,NA,Y,NA,A,01,0,0,2,0,0,0,0,0,0,-,-,NA,NA,ORANGE,IRVINE,-117.85634654,33.66411537
6708495,2014,2015-01-14,3016,2014-11-05,0648,1153,33,3,5,5,3016,0,0,0,NA,0,002,ORANGETHORPE AV,TRAUB LN,0,NA,Y,A,-,N,NA,NA,NA,NA,NA,NA,NA,NA,NA,Y,3,0,1,2,A,-,09,21802,A,N,D,C,A,A,H,-,A,D,0,NA,NA,NA,NA,Y,NA,A,01,0,1,0,0,0,0,0,0,0,-,-,NA,NA,ORANGE,PLACENTIA,-117.846085,33.868574
6709873,2014,2016-06-18,9675,2014-11-13,0850,18929,NA,4,1,6,3004,0,1,3,NA,2,553,RT 55,RT 405,1000,S,N,A,-,Y,ORA,12,55,-,R,5.62,H,-,N,Y,4,0,1,3,A,-,03,22350,NA,N,C,C,A,A,H,-,A,D,6,NA,NA,NA,NA,Y,NA,A,07,0,0,1,0,0,0,0,0,0,-,-,33.60333,-117.87579,ORANGE,COSTA MESA,-117.87632744,33.68313088
6711316,2014,2015-01-15,3019,2014-11-08,0902,9083,SE,6,5,7,3019,0,0,0,NA,0,003,FIRST ST,BROADWAY,0,NA,Y,A,-,N,NA,NA,NA,NA,NA,NA,NA,NA,NA,N,4,0,2,2,A,-,03,22350,NA,N,C,C,A,A,H,-,A,A,0,NA,NA,NA,NA,Y,NA,D,23,0,0,2,0,0,0,0,0,0,-,-,NA,NA,ORANGE,SANTA ANA,-117.86973003,33.7455401
6711344,2014,2016-03-01,3019,2014-11-07,2000,3194,WESTE,5,5,7,3019,0,0,0,NA,0,001,FAIRVIEW,5TH ST,400,S,N,A,-,N,NA,NA,NA,NA,NA,NA,NA,NA,NA,Y,4,0,1,1,A,-,01,23152,A,N,E,I,A,A,H,-,C,D,0,NA,NA,NA,NA,Y,Y,D,22,0,0,1,0,0,0,0,0,0,-,-,NA,NA,ORANGE,SANTA ANA,-117.90531534,33.74775098
6711640,2014,2015-01-08,3019,2014-11-14,1909,3346,WE,5,5,7,3019,0,0,0,NA,0,001,MCFADDEN ST,EUCLID,0,NA,Y,A,-,N,NA,NA,NA,NA,NA,NA,NA,NA,NA,Y,4,0,3,2,A,-,09,21801,A,N,D,C,A,A,H,-,C,A,0,NA,NA,NA,NA,Y,NA,A,01,0,0,3,0,0,0,0,0,0,-,-,NA,NA,ORANGE,SANTA ANA,-117.93739005,33.73815003
6713322,2014,2015-01-21,3026,2014-11-13,1442,539,NA,4,5,6,3026,0,0,0,NA,0,00C,ALTON PKWY,GATEWAY BL,0,NA,Y,B,-,N,NA,NA,NA,NA,NA,NA,NA,NA,NA,Y,4,0,1,2,A,-,12,21453,A,N,D,C,A,A,H,-,-,A,0,NA,NA,NA,NA,Y,NA,A,01,0,0,1,0,0,0,0,0,0,-,-,NA,NA,ORANGE,IRVINE,-117.74690013,33.65545008
6714320,2014,2015-01-12,3015,2014-11-05,1549,1386,27E,3,5,6,3015,0,0,0,NA,0,711M,BATAVIA ST,CULLY DR,84,N,N,A,-,N,NA,NA,NA,NA,NA,NA,NA,NA,NA,Y,3,0,1,2,A,-,09,21804,A,N,D,C,A,A,H,-,A,D,0,NA,NA,NA,NA,Y,NA,A,01,0,1,0,0,0,0,0,0,0,-,-,NA,NA,ORANGE,ORANGE,-117.86211,33.82633028
6714540,2014,2015-01-13,3024,2014-11-04,1744,140,P 40,2,5,5,3024,0,0,0,NA,0,EAST,BUSHARD ST,MCFADDEN AV,0,NA,Y,A,-,N,NA,NA,NA,NA,NA,NA,NA,NA,NA,Y,4,0,1,3,A,-,09,21801,A,N,D,C,A,A,H,-,C,A,0,NA,NA,NA,NA,Y,NA,A,01,0,0,1,0,0,0,0,0,0,-,-,NA,NA,ORANGE,WESTMINSTER,-117.96343006,33.73763002
6714578,2014,2015-01-13,9675,2014-11-01,0250,018924,NA,6,3,6,3026,0,1,1,NA,2,504,RT 5,BARRANCA PKWY,600,S,N,C,-,Y,NA,NA,5,NA,NA,NA,NA,NA,NA,Y,4,0,1,1,A,-,03,22350,NA,N,E,I,A,B,H,-,C,D,0,NA,NA,NA,NA,Y,NA,A,01,0,0,1,0,0,0,0,0,0,-,-,33.65853,-117.74564,ORANGE,IRVINE,-117.74577728,33.65842544
6714946,2014,2015-01-05,3004,2014-10-31,1845,P618,23,5,5,6,3004,0,0,0,NA,0,015,SUNFLOWER AV,ANTON AV,0,NA,Y,C,-,N,NA,NA,NA,NA,NA,NA,NA,NA,NA,N,4,0,1,2,A,-,09,21453,B,N,B,G,A,B,H,-,C,A,0,NA,Y,NA,NA,Y,NA,A,01,0,0,1,0,0,0,1,0,0,-,-,33.69408,-117.87207,ORANGE,COSTA MESA,-117.87207006,33.69408003
6715173,2014,2016-06-18,3022,2014-11-10,0841,1109,NORTH,1,5,5,3022,0,0,0,NA,0,001,17TH ST,RT 55,0,NA,Y,A,-,Y,ORA,12,55,-,-,11.604,R,4,N,Y,4,0,2,2,A,-,12,21453,A,N,D,C,A,A,H,-,A,A,0,NA,NA,NA,NA,Y,NA,A,01,0,0,2,0,0,0,0,0,0,-,NF,33.76008,-117.82991,ORANGE,TUSTIN,-117.83116196,33.75714804
6715188,2014,2016-06-18,9675,2014-11-03,0740,17833,NA,1,1,7,3019,0,1,3,NA,2,552,RT 55,WARNER AV,250,N,N,A,-,Y,ORA,12,55,-,R,8.55,H,-,N,N,4,0,1,2,A,-,03,22350,NA,N,C,C,A,A,H,-,A,D,6,NA,NA,NA,NA,Y,NA,A,01,0,0,1,0,0,0,0,0,0,-,-,33.71636,-117.84371,ORANGE,SANTA ANA,-117.8443465,33.71611968
6715273,2014,2016-06-15,9670,2014-11-03,0625,20723,NA,1,1,6,3008,0,1,3,NA,2,094,RT 91,MAGNOLIA ST,415,E,N,A,-,Y,ORA,12,91,-,R,3.97,H,-,E,Y,4,0,1,1,A,-,03,22350,NA,N,E,I,A,A,H,-,A,D,1,NA,NA,NA,NA,Y,NA,A,01,0,0,1,0,0,0,0,0,0,-,-,33.85649,-117.97475,ORANGE,FULLERTON,-117.97452248,33.85660959
6716952,2014,2015-01-09,3009,2014-11-21,0851,4062,106,5,5,6,3009,0,0,0,NA,0,NA,WESTMINSTER AV,BROOKHURST ST,404,W,N,A,-,N,NA,NA,NA,NA,NA,NA,NA,NA,NA,Y,4,0,1,2,A,-,09,21801,A,N,D,C,A,A,H,-,A,D,0,NA,NA,Y,NA,Y,NA,A,01,0,0,1,0,0,0,0,0,1,-,-,NA,NA,ORANGE,GARDEN GROVE,-117.95636563,33.75961
6719074,2014,2016-06-15,9675,2014-10-28,2040,18272,NA,2,2,6,3008,0,1,3,NA,2,571,RT 57,NUTWOOD AV,1500,N,N,A,-,Y,ORA,12,57,-,-,17.88,H,-,N,Y,4,0,1,3,A,-,08,22107,NA,N,C,C,A,A,H,-,C,D,6,NA,NA,NA,NA,Y,NA,A,07,0,0,1,0,0,0,0,0,0,-,-,33.88174,-117.8801,ORANGE,FULLERTON,-117.88031284,33.88232728
6720721,2014,2015-01-13,3002,2014-11-05,0815,1382,430Y,3,5,4,3002,0,0,0,NA,0,012,ASSOCIATED RD,BIRCH ST,12,N,N,A,-,N,NA,NA,NA,NA,NA,NA,NA,NA,NA,N,3,0,1,2,A,-,09,21453,B,N,D,G,A,A,H,-,A,A,0,NA,Y,NA,NA,Y,NA,A,07,0,1,0,0,0,0,1,0,0,-,-,NA,NA,ORANGE,BREA,-117.87603,33.91807
6720768,2014,2015-01-14,3001,2014-11-14,2221,1397,NA,5,5,7,3001,0,0,0,NA,0,0D3,EAST ORANGEWOOD AV,SOUTH MANCHESTER AV,0,NA,Y,A,-,N,NA,NA,NA,NA,NA,NA,NA,NA,NA,Y,3,0,1,2,A,-,12,21453,A,M,D,C,A,A,H,-,C,A,0,NA,NA,NA,NA,Y,NA,A,07,0,1,0,0,0,0,0,0,0,-,-,NA,NA,ORANGE,ANAHEIM,-117.89590008,33.7962301
6723358,2014,2015-01-05,3012,2014-10-12,2005,619,44,7,5,5,3012,0,0,0,NA,0,004,LAMBERT RD,PALM,234,E,N,A,-,N,NA,NA,NA,NA,NA,NA,NA,NA,NA,Y,4,0,1,2,A,-,09,21804,A,N,D,C,A,A,H,-,C,D,0,NA,NA,Y,NA,Y,NA,A,01,0,0,1,0,0,0,0,0,1,-,-,NA,NA,ORANGE,LA HABRA,-117.92362044,33.92462
6723594,2014,2016-03-01,3008,2014-11-12,1508,1117,NA,3,5,6,3008,0,0,0,NA,0,0Z2,BASTANCHURY RD,LAGUNA RD,30,W,N,B,-,N,NA,NA,NA,NA,NA,NA,NA,NA,NA,Y,4,0,1,2,A,-,03,22350,NA,N,C,C,A,A,H,-,A,A,0,NA,NA,NA,NA,Y,NA,D,22,0,0,1,0,0,0,0,0,0,-,-,NA,NA,ORANGE,FULLERTON,-117.93064977,33.89464186
6723607,2014,2015-01-15,3019,2014-11-24,1730,2769,SOUTH,1,5,7,3019,0,0,0,NA,0,004,MACARTHUR,HYLAND AV,780,W,N,A,-,N,NA,NA,NA,NA,NA,NA,NA,NA,NA,N,4,0,1,2,A,-,01,23152,A,M,C,C,A,A,H,-,C,D,0,NA,NA,NA,NA,Y,Y,D,22,0,0,1,0,0,0,0,0,0,-,-,NA,NA,ORANGE,SANTA ANA,-117.9283083,33.70193905
6723670,2014,2015-01-14,3019,2014-11-20,1836,3229,NE,4,5,7,3019,0,0,0,NA,0,002,TUSTIN,WELLINGTON,0,NA,Y,B,-,N,NA,NA,NA,NA,NA,NA,NA,NA,NA,N,4,0,1,2,A,-,08,22107,NA,F,G,G,A,A,H,-,C,A,0,NA,Y,NA,NA,Y,NA,L,04,0,0,1,0,0,0,1,0,0,-,-,NA,NA,ORANGE,SANTA ANA,-117.83422013,33.7552001
6725063,2014,2016-03-01,3004,2014-11-22,1030,P573,11,6,5,6,3004,0,0,0,NA,0,002,NEWPORT BL,VICTORIA ST,44,S,N,A,-,N,NA,NA,55,NA,NA,NA,NA,NA,NA,N,3,0,1,1,A,-,03,22350,NA,N,F,A,A,A,H,-,A,A,0,NA,NA,Y,NA,Y,NA,C,02,0,1,0,0,0,0,0,0,1,-,-,33.65194,-117.90903,ORANGE,COSTA MESA,-117.90877074,33.65168062
6725169,2014,2015-04-10,3016,2014-11-16,1416,1246,21,7,5,5,3016,0,0,0,NA,0,002,MELROSE AV,ORANGETHORPE,0,NA,Y,A,-,N,NA,NA,NA,NA,NA,NA,NA,NA,NA,N,4,0,1,2,A,-,12,21453,A,N,B,C,A,A,H,-,A,A,0,NA,NA,NA,NA,Y,NA,A,01,0,0,1,0,0,0,0,0,0,-,-,NA,NA,ORANGE,PLACENTIA,-117.87483007,33.86191011
6726735,2014,2016-06-15,9670,2014-11-20,1627,19290,NA,4,2,7,3001,0,1,3,NA,2,093,RT 91,LEMON ST,1000,E,N,B,-,Y,ORA,12,91,-,-,3.7,H,-,W,N,4,0,1,3,A,-,03,22350,NA,N,C,C,A,A,H,-,A,D,1,NA,NA,NA,NA,Y,NA,A,07,0,0,1,0,0,0,0,0,0,-,-,33.85457,-117.91877,ORANGE,ANAHEIM,-117.91656253,33.85410925
6727370,2014,2016-06-15,9675,2014-11-20,1805,18714,NA,4,2,7,3001,0,1,3,NA,2,571,RT 57,RT 91,1000,S,N,A,-,Y,ORA,12,57,-,-,15.39,H,-,S,N,4,0,3,2,A,-,03,22350,NA,N,C,C,A,A,H,-,C,D,6,NA,NA,NA,NA,Y,NA,D,22,0,0,3,0,0,0,0,0,0,-,-,33.84409,-117.87607,ORANGE,ANAHEIM,-117.87615826,33.84672859
6727724,2014,2015-01-15,3026,2014-11-21,1840,349,UNIVE,5,5,6,3026,0,0,0,NA,0,00U,MICHELSON,ANGELL,47,E,N,A,-,N,NA,NA,NA,NA,NA,NA,NA,NA,NA,N,4,0,1,2,A,-,10,21952,NA,N,G,B,D,A,H,-,C,D,0,Y,NA,NA,NA,Y,NA,A,01,0,0,1,0,1,0,0,0,0,-,-,NA,NA,ORANGE,IRVINE,-117.82518416,33.66492505
6727772,2014,2016-06-23,9675,2014-11-16,1830,20780,NA,7,2,7,3019,0,1,3,NA,2,222,RT 22,BRISTOL ST,400,W,N,A,-,Y,ORA,12,22,-,L,9.679,R,2,E,Y,4,0,1,2,A,-,03,22350,NA,N,C,C,A,A,H,-,C,D,6,NA,NA,NA,NA,Y,NA,A,01,0,0,1,0,0,0,0,0,0,-,-,33.77887,-117.88366,ORANGE,SANTA ANA,-118.04198073,33.77450039
6727892,2014,2015-01-15,3001,2014-11-27,1201,A1555,NA,4,5,7,3001,0,0,0,NA,0,0D1,HUNTINGTON AV,CATALPA AV,0,NA,Y,A,-,N,NA,NA,NA,NA,NA,NA,NA,NA,NA,N,4,0,1,2,A,-,12,22450,A,N,D,C,A,A,H,-,A,A,0,NA,NA,NA,NA,Y,NA,A,01,0,0,1,0,0,0,0,0,0,-,-,NA,NA,ORANGE,ANAHEIM,-117.95823004,33.85128006
6727941,2014,2015-01-14,3001,2014-11-25,2033,0845,NA,2,5,7,3001,0,0,0,NA,0,0D4,EAST SANTA ANA CANYON RD,ANAHEIM HILLS RD,38,E,N,A,-,N,NA,NA,NA,NA,NA,NA,NA,NA,NA,N,4,0,1,2,A,-,03,22350,NA,N,C,C,A,A,H,-,C,A,0,NA,NA,NA,NA,Y,NA,A,01,0,0,1,0,0,0,0,0,0,-,-,NA,NA,ORANGE,ANAHEIM,-117.77882884,33.85396743
6730992,2014,2015-01-20,3009,2014-11-26,2024,1604,075,3,5,6,3009,0,0,0,NA,0,1-3,MAGNOLIA ST,BESTEL AV,241,S,N,A,-,N,NA,NA,NA,NA,NA,NA,NA,NA,NA,N,4,0,1,2,A,-,03,22350,NA,N,C,C,A,A,H,-,C,B,0,NA,NA,NA,NA,Y,NA,A,01,0,0,1,0,0,0,0,0,0,-,-,NA,NA,ORANGE,GARDEN GROVE,-117.97246481,33.76815932
6732635,2014,2015-01-29,3001,2014-12-01,1744,A1252,NA,1,5,7,3001,0,0,0,NA,0,0D3,ORANGEWOOD AV,BRODEN ST,8,W,N,B,-,N,NA,NA,NA,NA,NA,NA,NA,NA,NA,N,4,0,2,2,A,-,09,21801,A,N,D,C,A,A,H,-,C,D,0,NA,NA,NA,NA,Y,NA,A,01,0,0,2,0,0,0,0,0,0,-,-,NA,NA,ORANGE,ANAHEIM,-117.91306627,33.7960997
6732718,2014,2015-05-12,3007,2014-10-18,1148,270,36,6,5,5,3007,0,0,0,NA,0,002,EUCLID ST,LAVENDER AV,33,S,N,A,-,N,NA,NA,NA,NA,NA,NA,NA,NA,NA,Y,2,0,1,2,A,-,11,21954,A,N,G,B,D,A,H,-,A,D,0,Y,NA,NA,NA,Y,NA,N,60,1,0,0,0,1,0,0,0,0,-,-,NA,NA,ORANGE,FOUNTAIN VALLEY,-117.93725,33.72213953
6732742,2014,2015-01-20,3014,2014-11-26,0022,1253,17,3,5,5,3014,0,0,0,NA,0,0A2,RT 1,CEDAR ST,27,W,N,A,-,Y,NA,NA,1,NA,NA,NA,NA,NA,NA,Y,4,0,1,2,A,-,09,21802,A,N,D,C,A,A,H,-,C,D,0,NA,NA,NA,NA,Y,NA,A,01,0,0,1,0,0,0,0,0,0,-,-,33.627,-117.9502,ORANGE,NEWPORT BEACH,-117.95018495,33.62702624
6735847,2014,2015-01-23,3024,2014-11-30,1712,381,P-17,7,5,5,3024,0,0,0,NA,0,WEST,HAZARD AV,CHESTNUT ST,0,NA,Y,C,-,N,NA,NA,NA,NA,NA,NA,NA,NA,NA,N,4,0,2,2,A,-,09,21802,A,N,D,C,A,B,H,-,C,A,0,NA,NA,NA,NA,Y,NA,A,01,0,0,2,0,0,0,0,0,0,-,-,NA,NA,ORANGE,WESTMINSTER,-118.00272007,33.75187002
6735947,2014,2015-01-23,3002,2014-11-26,1204,1347,529X,3,5,4,3002,0,0,0,NA,0,014,IMPERIAL HWY,CASTLEGATE LN,30,W,N,A,-,Y,NA,NA,NA,NA,NA,NA,NA,NA,NA,Y,4,0,3,4,A,-,08,22107,NA,N,C,C,A,A,H,-,A,A,0,NA,NA,NA,NA,Y,NA,D,22,0,0,3,0,0,0,0,0,0,-,-,NA,NA,ORANGE,BREA,-117.87543857,33.91093687
6737362,2014,2015-01-23,3019,2014-11-19,1452,2630,WE,3,5,7,3019,0,0,0,NA,0,001,1ST ST,FAIRVIEW ST,20,W,N,A,-,N,NA,NA,NA,NA,NA,NA,NA,NA,NA,N,4,0,1,2,A,-,03,22350,NA,M,C,C,A,A,H,-,A,A,0,NA,NA,NA,NA,Y,NA,A,08,0,0,1,0,0,0,0,0,0,-,-,NA,NA,ORANGE,SANTA ANA,-117.90541563,33.74527924
6737518,2014,2015-01-26,3015,2014-11-26,0556,1518,11,3,5,6,3015,0,0,0,NA,0,NA,WEST CHAPMAN AV,N GRANT PL,87,W,N,-,-,N,NA,NA,NA,NA,NA,NA,NA,NA,NA,Y,4,0,1,3,A,-,01,23152,E,N,-,-,A,-,-,-,-,-,0,NA,NA,NA,NA,Y,NA,A,01,0,0,1,0,0,0,0,0,0,-,-,NA,NA,ORANGE,ORANGE,-117.90271566,33.78895
6737851,2014,2016-06-18,3015,2014-12-02,1144,1518,24,2,5,6,3015,0,0,0,NA,0,NA,EAST CHAPMAN AV,RT 55,0,NA,Y,C,-,Y,ORA,12,55,-,-,13.898,R,4,N,N,4,0,1,2,A,-,12,21453,A,N,A,C,A,B,H,-,A,A,0,NA,NA,NA,NA,Y,NA,A,01,0,0,1,0,0,0,0,0,0,-,NO,NA,NA,ORANGE,ORANGE,-117.83085518,33.79048456
6737940,2014,2015-02-12,3024,2014-11-24,1449,384,P13,1,5,5,3024,0,0,0,NA,0,EAST,WESTMINSTER BL,NEWLAND ST,500,W,N,A,-,N,NA,NA,NA,NA,NA,NA,NA,NA,NA,N,4,0,2,3,A,-,03,22350,NA,N,C,C,A,A,H,-,A,D,0,NA,NA,NA,NA,Y,NA,A,07,0,0,2,0,0,0,0,0,0,-,-,NA,NA,ORANGE,WESTMINSTER,-117.98269117,33.75932406
6739014,2014,2016-06-18,9675,2014-11-13,1455,20582,NA,4,2,6,3004,0,1,3,NA,2,553,RT 55,PAULARINO AV,350,N,N,B,-,Y,ORA,12,55,-,R,5.61,H,-,N,Y,4,0,1,2,A,-,03,22350,NA,N,B,C,A,A,H,-,A,D,6,NA,NA,NA,NA,Y,NA,A,01,0,0,1,0,0,0,0,0,0,-,-,33.68318,-117.87642,ORANGE,COSTA MESA,-117.87644973,33.6830158
6739030,2014,2016-06-23,9675,2014-11-14,1820,18714,NA,5,2,6,3015,0,1,3,NA,2,222,RT 22,GLASSELL ST,2000,E,N,B,-,Y,ORA,12,22,-,R,12.24,H,-,W,NA,4,0,2,2,A,-,03,22350,NA,N,C,C,A,A,H,-,D,D,6,NA,NA,NA,NA,Y,NA,A,01,0,0,2,0,0,0,0,0,0,-,-,33.77608,-117.8454,ORANGE,ORANGE,-117.84638058,33.7756703
6741937,2014,2015-01-20,3010,2014-11-23,1544,2116,282,7,5,6,3010,0,0,0,NA,0,006,SLATER,QUEENS,0,NA,Y,A,-,N,NA,NA,NA,NA,NA,NA,NA,NA,NA,Y,4,0,1,2,A,-,03,22350,NA,N,C,C,A,A,H,-,A,D,0,NA,NA,NA,NA,Y,NA,A,07,0,0,1,0,0,0,0,0,0,-,-,NA,NA,ORANGE,HUNTINGTON BEACH,-117.99186002,33.70840007
6742117,2014,2016-06-18,3010,2014-11-29,0932,0147,452,6,5,6,3010,0,0,0,NA,0,002,RT 39,ATLANTA,33,N,N,A,-,Y,ORA,12,39,-,-,0.64,H,-,S,N,4,0,2,2,A,-,03,22350,NA,N,C,C,A,A,H,-,A,A,0,NA,NA,NA,NA,Y,NA,A,01,0,0,2,0,0,0,0,0,0,-,-,NA,NA,ORANGE,HUNTINGTON BEACH,-117.98847451,33.6578578
6742385,2014,2015-02-06,3009,2014-12-17,2055,3218,74,3,5,6,3009,0,0,0,NA,0,011,GARDEN GROVE BL,NEWLAND ST,0,NA,Y,A,-,N,NA,NA,NA,NA,NA,NA,NA,NA,NA,N,4,0,3,2,A,-,09,21801,A,N,D,C,A,A,H,-,C,A,0,NA,NA,NA,NA,Y,NA,A,01,0,0,3,0,0,0,0,0,0,-,-,NA,NA,ORANGE,GARDEN GROVE,-117.9812001,33.77394001
6742700,2014,2016-06-18,9675,2014-12-04,0645,013680,NA,4,1,6,3004,0,1,1,NA,2,405,RT 405,BRISTOL ST,250,S,N,B,-,Y,ORA,12,405,-,-,9.341,R,2,N,Y,4,0,1,1,A,-,03,22350,NA,N,E,I,A,B,H,-,A,D,6,NA,NA,NA,NA,Y,NA,D,22,0,0,1,0,0,0,0,0,0,TO,-,33.68823,-117.88406,ORANGE,COSTA MESA,-117.88266624,33.68750756
6742815,2014,2015-01-27,9690,2014-11-20,0730,013454,NA,4,1,9,3000,0,2,4,NA,2,034,ANTONIO PKWY,WINDMILL AV,0,NA,Y,A,-,N,NA,NA,NA,NA,NA,NA,NA,NA,NA,Y,4,0,1,2,A,-,12,21453,A,N,D,C,A,A,H,-,A,A,0,NA,NA,NA,NA,Y,NA,D,22,0,0,1,0,0,0,0,0,0,-,-,33.55987,-117.63045,ORANGE,UNINCORPORATED,-117.63062,33.55996009
6743227,2014,2016-06-17,9675,2014-12-03,1648,17773,NA,3,2,6,3026,0,1,1,NA,2,406,RT 405,JAMBOREE RD,1056,N,N,B,C,Y,ORA,12,405,-,-,7.19,H,-,S,N,4,0,1,3,A,-,03,22350,NA,N,C,C,A,B,H,-,C,D,6,NA,NA,NA,NA,Y,NA,D,22,0,0,1,0,0,0,0,0,0,-,-,33.67827,-117.84756,ORANGE,IRVINE,-117.84785418,33.67852817
6745221,2014,2016-03-01,3000,2014-10-30,1005,3602,971H6,4,5,4,3029,0,0,0,NA,0,735,PACIFIC COAST HWY,GOLDEN LANTERN,0,NA,Y,A,-,N,NA,NA,NA,NA,NA,NA,NA,NA,NA,Y,4,0,1,3,A,-,12,21453,A,N,D,C,A,A,H,-,A,D,0,NA,NA,NA,NA,Y,NA,A,07,0,0,1,0,0,0,0,0,0,-,-,NA,NA,ORANGE,DANA POINT,-117.69815011,33.46723004
6748381,2014,2015-02-02,3009,2014-12-04,0020,0444,022,4,5,6,3009,0,0,0,NA,0,011,SPRINGDALE ST,CHAPMAN AV,0,NA,Y,B,-,N,NA,NA,NA,NA,NA,NA,NA,NA,NA,Y,4,0,1,2,A,-,09,21800,D,N,D,C,A,B,-,-,A,B,0,NA,NA,NA,NA,Y,NA,A,07,0,0,1,0,0,0,0,0,0,-,-,NA,NA,ORANGE,GARDEN GROVE,-118.02000004,33.78860004
6748385,2014,2015-02-02,3009,2014-12-05,1155,2724,124,5,5,6,3009,0,0,0,NA,0,021,GARDEN GROVE BL,9TH ST,0,NA,Y,A,-,N,NA,NA,NA,NA,NA,NA,NA,NA,NA,Y,4,0,3,2,D,-,00,NA,NA,N,D,C,A,A,H,-,A,-,0,NA,NA,NA,NA,Y,NA,-,-,0,0,3,0,0,0,0,0,0,-,-,NA,NA,ORANGE,GARDEN GROVE,-117.93224001,33.7743401
6748900,2014,2016-06-15,3008,2014-12-05,0940,019304,NA,5,5,6,3008,0,0,0,NA,0,093,RT 91,MAGNOLIA AV,900,E,N,A,-,Y,ORA,12,91,-,R,4.04,H,-,W,Y,4,0,1,2,A,-,07,21658,A,N,B,C,A,A,H,-,A,D,0,NA,NA,NA,NA,Y,NA,A,01,0,0,1,0,0,0,0,0,0,-,-,33.85682,-117.97375,ORANGE,FULLERTON,-117.97391332,33.85672622
6748902,2014,2016-06-23,9670,2014-12-07,1724,19675,NA,7,2,6,3009,0,1,3,NA,2,025,RT 22,NEWHOPE ST,380,E,N,A,-,Y,ORA,12,22,-,R,7.45,H,-,W,Y,4,0,1,3,A,-,03,22350,NA,N,C,C,A,A,H,-,D,D,1,NA,NA,NA,NA,Y,NA,A,01,0,0,1,0,0,0,0,0,0,-,-,33.76635,-117.92772,ORANGE,GARDEN GROVE,-117.92727385,33.76620354
6749034,2014,2015-02-03,3010,2014-12-05,2231,1225,273,5,5,6,3010,0,0,0,NA,0,006,NEWLAND,WARNER,150,S,N,B,-,N,NA,NA,NA,NA,NA,NA,NA,NA,NA,Y,3,0,1,2,A,-,09,21801,A,N,D,A,A,A,H,-,C,D,0,NA,NA,Y,NA,Y,NA,A,07,0,1,0,0,0,0,0,0,1,-,-,NA,NA,ORANGE,HUNTINGTON BEACH,-117.98057322,33.71526877
6749979,2014,2016-06-10,9675,2014-11-23,1623,19407,NA,7,2,7,3001,0,1,3,NA,2,094,RT 91,GYPSUM CANYON RD,950,E,N,A,-,Y,ORA,12,91,-,R,16.8,H,-,W,Y,4,0,1,1,A,-,08,22107,NA,N,E,J,A,A,H,-,A,D,1,NA,NA,NA,NA,Y,NA,A,01,0,0,1,0,0,0,0,0,0,-,-,33.87126,-117.70269,ORANGE,ANAHEIM,-117.70569221,33.86973456
6750012,2014,2015-07-02,3020,2014-11-26,0830,361,NA,3,5,4,3020,0,0,0,NA,0,NA,SEAL BEACH BL,TOWNE CENTER,0,NA,Y,A,-,N,NA,NA,NA,NA,NA,NA,NA,NA,NA,Y,4,0,1,2,A,-,03,22350,NA,N,A,C,A,A,H,-,A,A,0,NA,NA,NA,NA,Y,NA,D,NA,0,0,1,0,0,0,0,0,0,-,-,NA,NA,ORANGE,SEAL BEACH,-118.071913,33.781997