CASE_ID,ACCIDENT_YEAR,PROC_DATE,JURIS,COLLISION_DATE,COLLISION_TIME,OFFICER_ID,REPORTING_DISTRICT,DAY_OF_WEEK,CHP_SHIFT,POPULATION,CNTY_CITY_LOC,SPECIAL_COND,BEAT_TYPE,CHP_BEAT_TYPE,CITY_DIVISION_LAPD,CHP_BEAT_CLASS,BEAT_NUMBER,PRIMARY_RD,SECONDARY_RD,DISTANCE,DIRECTION,INTERSECTION,WEATHER_1,WEATHER_2,STATE_HWY_IND,CALTRANS_COUNTY,CALTRANS_DISTRICT,STATE_ROUTE,ROUTE_SUFFIX,POSTMILE_PREFIX,POSTMILE,LOCATION_TYPE,RAMP_INTERSECTION,SIDE_OF_HWY,TOW_AWAY,COLLISION_SEVERITY,NUMBER_KILLED,NUMBER_INJURED,PARTY_COUNT,PRIMARY_COLL_FACTOR,PCF_CODE_OF_VIOL,PCF_VIOL_CATEGORY,PCF_VIOLATION,PCF_VIOL_SUBSECTION,HIT_AND_RUN,TYPE_OF_COLLISION,MVIW,PED_ACTION,ROAD_SURFACE,ROAD_COND_1,ROAD_COND_2,LIGHTING,CONTROL_DEVICE,CHP_ROAD_TYPE,PEDESTRIAN_ACCIDENT,BICYCLE_ACCIDENT,MOTORCYCLE_ACCIDENT,TRUCK_ACCIDENT,NOT_PRIVATE_PROPERTY,ALCOHOL_INVOLVED,STWD_VEHTYPE_AT_FAULT,CHP_VEHTYPE_AT_FAULT,COUNT_SEVERE_INJ,COUNT_VISIBLE_INJ,COUNT_COMPLAINT_PAIN,COUNT_PED_KILLED,COUNT_PED_INJURED,COUNT_BICYCLIST_KILLED,COUNT_BICYCLIST_INJURED,COUNT_MC_KILLED,COUNT_MC_INJURED,PRIMARY_RAMP,SECONDARY_RAMP,LATITUDE,LONGITUDE,COUNTY,CITY,POINT_X,POINT_Y
6971855,2015,2016-11-08,9675,2015-06-11,1307,16984,NA,4,1,4,3002,0,1,3,NA,2,570,RT 57,LAMBERT RD,600,S,N,B,-,Y,ORA,12,57,-,-,20.6,H,-,N,Y,3,0,1,2,A,-,07,21658,A,F,C,C,A,A,H,-,A,D,6,NA,NA,NA,NA,Y,NA,D,22,0,1,0,0,0,0,0,0,0,-,-,33.91931,-117.88019,ORANGE,BREA,-117.88012449,33.92092137
6971863,2015,2016-11-19,9675,2015-06-19,1732,16944,NA,5,2,6,3015,0,1,3,NA,2,550,RT 55,COLLINS AV,500,S,N,A,-,Y,ORA,12,55,-,-,14.62,H,-,S,Y,4,0,1,1,A,-,08,22107,NA,N,E,I,A,A,H,-,A,D,6,NA,NA,NA,NA,Y,NA,D,22,0,0,1,0,0,0,0,0,0,-,-,33.80093,-117.83147,ORANGE,ORANGE,-117.83162231,33.80097703
6971938,2015,2017-10-02,9690,2015-05-22,0020,014329,NA,5,3,9,3000,0,1,3,NA,1,074,RT 74,NARROW BRIDGE,225,W,N,B,-,Y,ORA,12,74,-,-,13.25,H,-,E,Y,3,0,1,1,A,-,08,22107,NA,N,F,A,A,A,H,-,D,D,0,NA,NA,NA,NA,Y,NA,A,07,0,1,0,0,0,0,0,0,0,-,-,33.3524,-117.301,ORANGE,UNINCORPORATED,-117.50244019,33.59028876
6971969,2015,2016-12-14,9690,2015-05-28,1645,020463,NA,4,2,5,3028,0,1,1,NA,2,056,RT 5,OSO PKWY,700,N,N,A,-,Y,ORA,12,5,-,-,15.45,R,1,N,Y,4,0,1,2,A,-,03,22350,NA,N,C,C,A,A,H,-,A,A,1,NA,NA,NA,NA,Y,NA,A,07,0,0,1,0,0,0,0,0,0,FR,-,33.34551,-117.40162,ORANGE,MISSION VIEJO,-117.67157036,33.58358709
6971980,2015,2015-07-01,3022,2015-05-29,1511,1236,NORTH,5,5,5,3022,0,0,0,NA,0,NA,17TH ST,ENDERLE CENTER DR,0,NA,Y,A,-,N,NA,NA,NA,NA,NA,NA,NA,NA,NA,Y,4,0,2,2,A,-,12,21453,A,N,D,D,A,A,H,-,A,A,0,NA,NA,NA,NA,Y,NA,A,01,0,0,2,0,0,0,0,0,0,-,-,NA,NA,ORANGE,TUSTIN,-117.8270901,33.75971009
6971997,2015,2016-11-15,9690,2015-05-02,1800,018840,NA,6,2,5,3017,0,1,1,NA,2,059,RT 5,AVENIDA MENDOCINO,950,S,N,A,-,Y,ORA,12,5,-,-,0.95,H,-,S,Y,3,0,1,2,A,-,08,22107,NA,N,E,I,A,A,H,-,A,D,1,NA,NA,NA,NA,Y,NA,A,01,0,1,0,0,0,0,0,0,0,-,-,33.409910000000004,-117.60024,ORANGE,SAN CLEMENTE,-117.6002649,33.40909866
6972889,2015,2015-07-17,3024,2015-06-04,0525,149,P28,4,5,5,3024,0,0,0,NA,0,EAST,BROOKHURST ST,BOLSA AV,0,NA,Y,B,-,N,NA,NA,NA,NA,NA,NA,NA,NA,NA,Y,3,0,2,2,D,-,00,NA,NA,N,D,C,A,A,H,-,B,A,0,NA,NA,NA,NA,Y,NA,-,-,0,1,1,0,0,0,0,0,0,-,-,NA,NA,ORANGE,WESTMINSTER,-117.95497012,33.74486008
6973767,2015,2015-07-13,3001,2015-06-19,2131,A1252,NA,5,5,7,3001,0,0,0,NA,0,0D1,N BROOKHURST ST,LA PALMA AV,0,NA,Y,A,-,N,NA,NA,NA,NA,NA,NA,NA,NA,NA,Y,4,0,1,2,A,-,12,21453,A,N,D,C,A,A,H,-,C,A,0,NA,NA,NA,Y,Y,NA,F,26,0,0,1,0,0,0,0,0,0,-,-,NA,NA,ORANGE,ANAHEIM,-117.95914004,33.84696007
6975873,2015,2016-11-19,9675,2015-06-23,1535,13300,NA,2,2,7,3019,0,1,3,NA,2,552,RT 55,MAIN ST,100,N,N,A,-,Y,ORA,12,55,-,R,6.45,H,-,N,Y,4,0,1,3,A,-,03,22350,NA,N,C,C,A,A,H,-,A,D,6,NA,NA,NA,NA,Y,NA,A,01,0,0,1,0,0,0,0,0,0,-,-,33.6921,-117.86725,ORANGE,SANTA ANA,-117.86730999,33.69255143
6975952,2015,2015-08-06,3019,2015-06-24,0923,2875,NA,3,5,7,3019,0,0,0,NA,0,004,BEAR ST,ALTON AV,0,NA,Y,A,-,N,NA,NA,NA,NA,NA,NA,NA,NA,NA,N,4,0,2,2,A,-,01,23152,A,N,D,C,A,A,H,-,A,A,0,NA,NA,NA,NA,Y,NA,D,22,0,0,2,0,0,0,0,0,0,-,-,NA,NA,ORANGE,SANTA ANA,-117.89230006,33.70368002
6976240,2015,2016-12-13,3010,2015-06-14,2114,2116,6,7,5,6,3010,0,0,0,NA,0,273,RT 39,WARNER,300,N,N,A,-,Y,ORA,12,39,-,-,4.69,H,-,N,Y,4,0,4,2,A,-,01,23152,A,N,C,C,A,A,H,-,C,D,0,NA,NA,NA,NA,Y,Y,D,22,0,0,4,0,0,0,0,0,0,-,-,NA,NA,ORANGE,HUNTINGTON BEACH,-117.98900469,33.71653991
6976896,2015,2015-07-14,3008,2015-06-16,1315,1158,NA,2,5,6,3008,0,0,0,NA,0,0II,LEMON ST,SANTE FE AV,60,N,N,A,-,N,NA,NA,NA,NA,NA,NA,NA,NA,NA,Y,4,0,1,2,A,-,03,22350,NA,N,C,C,A,A,E,-,A,D,0,NA,NA,NA,NA,Y,NA,A,01,0,0,1,0,0,0,0,0,0,-,-,NA,NA,ORANGE,FULLERTON,-117.91979465,33.86949445
6976952,2015,2015-07-14,3008,2015-06-09,1025,1033,NA,2,5,6,3008,0,0,0,NA,0,0Z1,BASTANCHURY RD,VALENCIA MESA DR,410,N,N,B,-,N,NA,NA,NA,NA,NA,NA,NA,NA,NA,Y,4,0,2,3,A,-,08,22107,NA,N,B,C,A,A,H,-,A,A,0,NA,NA,NA,NA,Y,NA,A,07,0,0,2,0,0,0,0,0,0,-,-,NA,NA,ORANGE,FULLERTON,-117.949653,33.88309093
6978030,2015,2016-11-19,9670,2015-06-19,1754,20860,NA,5,2,6,3010,0,1,1,NA,2,042,RT 405,MCFADDEN AV,25,S,N,A,-,Y,ORA,12,405,-,-,16.98,H,-,N,Y,4,0,1,3,A,-,03,22350,NA,N,C,C,A,A,H,-,A,D,1,NA,NA,NA,NA,Y,NA,A,01,0,0,1,0,0,0,0,0,0,-,-,33.73689,-117.99493,ORANGE,HUNTINGTON BEACH,-117.99502242,33.73679444
6978845,2015,2015-07-10,3001,2015-06-24,1731,1373,NA,3,5,7,3001,0,0,0,NA,0,EAST,EAST LA PALMA AV,N MANASSERO ST,138,W,N,A,-,N,NA,NA,NA,NA,NA,NA,NA,NA,NA,N,4,0,1,2,A,-,01,23152,A,N,C,C,A,A,H,-,A,D,0,NA,NA,NA,NA,Y,Y,A,01,0,0,1,0,0,0,0,0,0,-,-,NA,NA,ORANGE,ANAHEIM,-117.81211344,33.85946
6978850,2015,2016-12-13,3001,2015-06-19,1634,A1252,NA,5,5,7,3001,0,0,0,NA,0,0D1,RT 39,W LINCOLN AV,0,NA,Y,A,-,Y,ORA,12,39,-,-,12.685,I,5,S,N,4,0,3,3,A,-,12,21453,A,N,D,C,A,A,H,-,A,A,0,NA,NA,NA,NA,Y,NA,A,01,0,0,3,0,0,0,0,0,0,-,-,NA,NA,ORANGE,ANAHEIM,-117.99358267,33.83209533
6978851,2015,2016-11-09,3001,2015-06-19,1421,1469,NA,5,5,7,3001,0,0,0,NA,0,0D4,EAST ORANGETHORPE AV,RT 90,0,NA,Y,A,-,Y,ORA,12,90,-,-,12.12,R,4,E,Y,3,0,3,3,A,-,12,21453,A,N,D,C,A,A,H,-,A,A,0,NA,NA,NA,NA,Y,NA,A,01,0,2,1,0,0,0,0,0,0,-,CN,NA,NA,ORANGE,ANAHEIM,-117.79072453,33.8646515
6980375,2015,2015-07-16,3026,2015-06-18,1745,6352,NA,4,5,6,3026,0,0,0,NA,0,00U,JAMBOREE RD,BECKMAN AV,370,N,N,A,-,N,NA,NA,NA,NA,NA,NA,NA,NA,NA,N,4,0,1,2,A,-,03,22350,NA,N,C,C,A,A,H,-,A,A,0,NA,NA,NA,NA,Y,NA,A,01,0,0,1,0,0,0,0,0,0,-,-,NA,NA,ORANGE,IRVINE,-117.82793772,33.69298229
6981563,2015,2015-07-20,3000,2015-06-13,1245,1056,892G2,6,5,5,3028,0,0,0,NA,0,751,SANTA MARGARITA PKY,MELINDA DR,0,NA,Y,A,-,N,NA,NA,NA,NA,NA,NA,NA,NA,NA,Y,3,0,3,2,A,-,12,21453,A,N,A,C,A,A,H,-,A,A,0,NA,NA,NA,NA,Y,NA,-,-,0,2,1,0,0,0,0,0,0,-,-,33.64541,-117.62493,ORANGE,MISSION VIEJO,-117.62514005,33.64545002
6984347,2015,2015-07-23,3009,2015-06-12,2126,3819,154,5,5,6,3009,0,0,0,NA,0,2 2,HASTER ST,GARDEN GROVE BL,89,N,N,A,-,N,NA,NA,NA,NA,NA,NA,NA,NA,NA,N,3,0,1,2,A,-,05,21650,1,N,B,G,A,A,H,-,C,A,0,NA,Y,NA,NA,Y,NA,L,04,0,1,0,0,0,0,1,0,0,-,-,NA,NA,ORANGE,GARDEN GROVE,-117.90612758,33.77475399
6984701,2015,2016-12-14,3010,2015-06-27,1226,1109,273,6,5,6,3010,0,0,0,NA,0,006,RT 39,BLAYLOCK DR,485,S,N,B,-,Y,ORA,12,39,-,-,4.91,H,-,N,N,4,0,1,2,A,-,07,21658,A,N,B,C,A,B,H,-,A,D,0,NA,NA,NA,NA,Y,NA,A,01,0,0,1,0,0,0,0,0,0,-,-,NA,NA,ORANGE,HUNTINGTON BEACH,-117.98907428,33.71970959
6985343,2015,2017-01-24,9675,2015-07-02,0514,16748,NA,4,3,6,3008,0,1,3,NA,2,571,RT 57,CHAPMAN AV,1000,S,N,B,-,Y,ORA,12,57,-,-,17.11,H,-,S,Y,4,0,1,2,A,-,00,21653,A,N,B,C,A,A,H,-,C,D,6,NA,NA,NA,Y,Y,NA,-,-,0,0,1,0,0,0,0,0,0,-,-,33.86652,-117.87902,ORANGE,FULLERTON,-117.88033183,33.87109653
6986279,2015,2015-07-18,3019,2015-06-20,1230,3176,WE,6,5,7,3019,0,0,0,NA,0,001,7TH ST,PACIFIC,120,E,N,A,-,N,NA,NA,NA,NA,NA,NA,NA,NA,NA,Y,4,0,1,2,A,-,21,22106,NA,N,D,C,A,A,H,-,A,D,0,NA,NA,NA,NA,Y,NA,A,01,0,0,1,0,0,0,0,0,0,-,-,NA,NA,ORANGE,SANTA ANA,-117.88807617,33.75058
6986451,2015,2015-08-11,3002,2015-05-31,1711,9204,740G4,7,5,5,3025,0,0,0,NA,0,003,VILLAGE CENTER DR,VIA PEPITA,0,NA,Y,A,-,N,NA,NA,NA,NA,NA,NA,NA,NA,NA,Y,4,0,1,2,A,-,09,21802,A,N,D,C,A,A,H,-,A,D,0,NA,NA,NA,NA,Y,NA,A,07,0,0,1,0,0,0,0,0,0,-,-,NA,NA,ORANGE,YORBA LINDA,-117.77703004,33.89416007
6986948,2015,2015-08-05,3001,2015-07-03,2321,415,D3,5,5,7,3001,0,0,0,NA,0,NA,EAST ORANGEWOOD AV,S OERTLEY DR,0,NA,Y,A,-,N,NA,NA,NA,NA,NA,NA,NA,NA,NA,Y,3,0,2,2,A,-,12,22450,A,N,D,C,A,A,H,-,C,D,0,NA,NA,NA,NA,Y,NA,A,01,0,1,1,0,0,0,0,0,0,-,-,NA,NA,ORANGE,ANAHEIM,-117.91024005,33.79611006
6988072,2015,2015-07-17,3024,2015-06-11,2055,185,P05,4,5,5,3024,0,0,0,NA,0,WEST,GOLDENWEST ST,TRASK AV,229,N,N,A,-,N,NA,NA,NA,NA,NA,NA,NA,NA,NA,N,4,0,1,2,A,-,05,21650,1,N,D,G,A,A,H,-,C,D,0,NA,Y,NA,NA,Y,Y,L,04,0,0,1,0,0,0,1,0,0,-,-,NA,NA,ORANGE,WESTMINSTER,-118.00725437,33.76699786
6988654,2015,2016-11-19,9670,2015-06-24,2330,18867,NA,3,3,5,3007,0,1,1,NA,2,040,RT 405,BROOKHURST ST,645,S,N,A,-,Y,ORA,12,405,-,-,13.663,R,2,N,Y,4,0,1,1,A,-,08,22107,NA,N,E,J,A,A,H,-,C,D,1,NA,NA,NA,NA,Y,NA,A,07,0,0,1,0,0,0,0,0,0,TO,-,33.70587,-117.95303,ORANGE,FOUNTAIN VALLEY,-117.95279958,33.70416842
6989344,2015,2017-01-28,3001,2015-07-10,0214,2079,2,5,5,7,3001,0,0,0,NA,0,023,NORTH HARBOR BL,RT 91,0,NA,Y,A,-,Y,ORA,12,91,-,-,3.094,R,4,W,Y,3,0,2,2,A,-,12,21453,A,N,D,C,A,A,H,-,C,A,0,NA,NA,NA,NA,Y,NA,A,01,0,2,0,0,0,0,0,0,0,-,-,NA,NA,ORANGE,ANAHEIM,-117.9271135,33.85393444
6989367,2015,2015-07-28,3001,2015-07-10,2331,415,NA,5,5,7,3001,0,0,0,NA,0,0D2,N LA PALMA AV,N EUCLID ST,35,N,N,A,-,N,NA,NA,NA,NA,NA,NA,NA,NA,NA,Y,4,0,1,2,A,-,01,23152,A,N,C,C,A,A,H,-,C,A,0,NA,NA,NA,NA,Y,Y,A,01,0,0,1,0,0,0,0,0,0,-,-,NA,NA,ORANGE,ANAHEIM,-117.94167,33.8471
6991919,2015,2015-07-28,3001,2015-07-07,1528,1032,NA,2,5,7,3001,0,0,0,NA,0,0D4,S WEIR CANYON RD,RUNNING SPRINGS DR,142,N,N,A,-,N,NA,NA,NA,NA,NA,NA,NA,NA,NA,Y,3,0,1,2,A,-,03,22350,NA,N,C,C,A,A,H,-,A,A,0,NA,NA,NA,NA,Y,NA,A,01,0,1,0,0,0,0,0,0,0,-,-,NA,NA,ORANGE,ANAHEIM,-117.7284698,33.85992102
6994213,2015,2015-08-07,3019,2015-07-07,1949,2973,NE,2,5,7,3019,0,0,0,NA,0,002,TUSTIN AV,FRUIT ST,0,NA,Y,A,-,N,NA,NA,NA,NA,NA,NA,NA,NA,NA,Y,3,0,2,2,A,-,12,21453,A,N,D,C,A,A,H,-,B,A,0,NA,NA,NA,NA,Y,NA,A,01,0,1,1,0,0,0,0,0,0,-,-,NA,NA,ORANGE,SANTA ANA,-117.83421005,33.75278002
6994247,2015,2015-08-03,3019,2015-06-26,1402,1795,SC,5,5,7,3019,0,0,0,NA,0,004,RAITT ST,MONTA VISTA AV,0,NA,Y,A,-,N,NA,NA,NA,NA,NA,NA,NA,NA,NA,Y,4,0,1,2,A,-,09,21802,A,N,D,C,A,A,H,-,A,A,0,NA,NA,NA,NA,Y,NA,A,07,0,0,1,0,0,0,0,0,0,-,-,NA,NA,ORANGE,SANTA ANA,-117.89382011,33.73827006
6994541,2015,2017-01-19,9670,2015-07-25,1010,17951,NA,6,1,3,3013,0,1,1,NA,2,061,RT 605,KATELLA AV,1400,S,N,A,-,Y,ORA,12,605,-,R,1.14,H,-,S,Y,4,0,2,2,A,-,07,21658,A,F,B,C,A,A,H,-,A,D,1,NA,NA,NA,NA,Y,NA,D,22,0,0,2,0,0,0,0,0,0,-,-,33.79949,-118.0845,ORANGE,LOS ALAMITOS,-118.08444898,33.79971542
6995052,2015,2015-09-17,3015,2015-07-03,1404,1364,27E,5,5,6,3015,0,0,0,NA,0,NA,W TAFT AV,N CASE ST,193,W,N,A,-,N,NA,NA,NA,NA,NA,NA,NA,NA,NA,Y,4,0,1,2,A,-,09,21804,A,N,D,C,A,A,H,-,A,D,0,NA,NA,NA,NA,Y,NA,D,22,0,0,1,0,0,0,0,0,0,-,-,NA,NA,ORANGE,ORANGE,-117.85950363,33.81568
6995379,2015,2015-09-01,3001,2015-07-21,1630,1373,NA,2,5,7,3001,0,0,0,NA,0,0D3,EAST ORANGEWOOD AV,SOUTH HASTER ST,170,E,N,A,-,N,NA,NA,NA,NA,NA,NA,NA,NA,NA,N,4,0,2,3,A,-,03,22350,NA,N,C,C,A,A,H,-,A,D,0,NA,NA,NA,NA,Y,NA,A,01,0,0,2,0,0,0,0,0,0,-,-,NA,NA,ORANGE,ANAHEIM,-117.90585189,33.79612979
6995480,2015,2015-08-05,3014,2015-06-30,1700,1079,RD34,2,5,5,3014,0,0,0,NA,0,0A3,BRISTOL ST N,CAMPUS DR,82,E,N,B,-,N,NA,NA,NA,NA,NA,NA,NA,NA,NA,Y,4,0,1,2,A,-,03,22350,NA,M,C,C,A,A,H,-,A,A,0,NA,NA,NA,NA,Y,NA,A,01,0,0,1,0,0,0,0,0,0,-,-,NA,NA,ORANGE,NEWPORT BEACH,-117.8743626,33.66267697
6995513,2015,2015-08-29,3004,2015-07-08,2000,P550,22,3,5,6,3004,0,0,0,NA,0,005,BRISTOL ST,RT 405,530,N,N,A,-,N,NA,NA,405,NA,NA,NA,NA,NA,NA,Y,4,0,2,3,A,-,03,22350,NA,N,C,C,A,A,H,-,B,D,0,NA,NA,NA,NA,Y,NA,A,01,0,0,2,0,0,0,0,0,0,-,SO,33.68761,-117.88569,ORANGE,COSTA MESA,-117.88569,33.68751484
6995550,2015,2015-08-13,3001,2015-07-21,1505,406,NA,2,5,7,3001,0,0,0,NA,0,0D2,EUCLID ST,PAMPAS LN,282,N,N,B,-,N,NA,NA,NA,NA,NA,NA,NA,NA,NA,N,4,0,1,2,B,-,22,NA,NA,N,D,G,A,A,H,-,A,D,0,NA,Y,NA,NA,Y,NA,L,04,0,0,1,0,0,0,1,0,0,-,-,NA,NA,ORANGE,ANAHEIM,-117.94149068,33.83147297
6995920,2015,2015-08-17,3000,2015-07-18,2050,8779,921C2,6,5,4,3049,0,0,0,NA,0,383,WESTWING,ROSY FINCH LN,45,W,N,B,-,N,NA,NA,NA,NA,NA,NA,NA,NA,NA,Y,3,0,1,1,A,-,01,23152,A,N,E,I,A,B,H,-,C,D,0,NA,NA,NA,NA,Y,Y,A,01,0,1,0,0,0,0,0,0,0,-,-,NA,NA,ORANGE,ALISO VIEJO,-117.73987362,33.6001049
6996010,2015,2015-09-02,3012,2015-07-20,1235,634,15,1,5,5,3012,0,0,0,NA,0,001,LA HABRA BL,MONTE VISTA ST,0,NA,Y,A,-,N,NA,NA,NA,NA,NA,NA,NA,NA,NA,Y,3,0,2,3,A,-,10,21950,A,N,G,B,B,A,H,-,A,A,0,Y,NA,NA,NA,Y,NA,A,01,0,1,1,0,2,0,0,0,0,-,-,NA,NA,ORANGE,LA HABRA,-117.95489001,33.93186005
6996565,2015,2015-08-14,3002,2015-04-14,1300,6844,739J1,2,5,5,3025,0,0,0,NA,0,001,VALLEY VIEW CIR,LAVENDER DR,0,NA,Y,A,-,N,NA,NA,NA,NA,NA,NA,NA,NA,NA,Y,4,0,1,2,A,-,09,21802,A,N,D,C,A,A,H,-,A,A,0,NA,NA,NA,NA,Y,NA,A,07,0,0,1,0,0,0,0,0,0,-,-,NA,NA,ORANGE,YORBA LINDA,-117.83021005,33.91371011
6998258,2015,2015-07-23,3024,2015-06-24,0843,159,P43,3,5,5,3024,0,0,0,NA,0,00E,MAGNOLIA ST,HEIL AV,250,S,N,A,-,N,NA,NA,NA,NA,NA,NA,NA,NA,NA,N,4,0,1,2,A,-,03,22350,NA,N,C,C,A,A,H,-,A,D,0,NA,NA,NA,NA,Y,NA,A,01,0,0,1,0,0,0,0,0,0,-,-,NA,NA,ORANGE,WESTMINSTER,-117.97197629,33.7223547
6999282,2015,2015-07-29,3008,2015-07-04,0201,1489,NA,6,5,6,3008,0,0,0,NA,0,022,MARIE AV,CHAPMAN AV,75,S,N,A,-,N,NA,NA,NA,NA,NA,NA,NA,NA,NA,Y,4,0,1,1,A,-,01,23152,A,N,A,I,A,A,H,-,C,D,0,NA,NA,NA,NA,Y,Y,D,22,0,0,1,0,0,0,0,0,0,-,-,NA,NA,ORANGE,FULLERTON,-117.94405576,33.87361441
6999338,2015,2015-07-20,3001,2015-06-30,1346,1740,NA,2,5,7,3001,0,0,0,NA,0,0D2,EAST ST,LINCOLN AV,0,NA,Y,A,-,N,NA,NA,NA,NA,NA,NA,NA,NA,NA,Y,4,0,1,2,A,-,09,21801,A,N,D,C,A,A,H,-,A,A,0,NA,NA,NA,NA,Y,NA,A,01,0,0,1,0,0,0,0,0,0,-,-,NA,NA,ORANGE,ANAHEIM,-117.90270008,33.83809003
7001252,2015,2015-07-24,3016,2015-06-25,1307,1153,36,4,5,5,3016,0,0,0,NA,0,002,ALTA VISTA ST,JEFFERSON ST,0,NA,Y,A,-,N,NA,NA,NA,NA,NA,NA,NA,NA,NA,Y,3,0,2,2,A,-,09,21801,A,N,A,C,A,A,H,-,A,D,0,NA,NA,NA,NA,Y,NA,A,07,0,1,1,0,0,0,0,0,0,-,-,NA,NA,ORANGE,PLACENTIA,-117.83715005,33.87404003
7001267,2015,2015-07-24,3001,2015-06-23,1743,1373,NA,2,5,7,3001,0,0,0,NA,0,0D3,SOUTH LOARA ST,W ALOMAR AV,0,NA,Y,A,-,N,NA,NA,NA,NA,NA,NA,NA,NA,NA,Y,3,0,3,2,A,-,09,21802,A,N,D,C,A,A,H,-,A,A,0,NA,NA,NA,NA,Y,NA,A,01,0,2,1,0,0,0,0,0,0,-,-,NA,NA,ORANGE,ANAHEIM,-117.93713,33.82380005
7004498,2015,2015-08-10,3001,2015-07-25,1739,1469,NA,6,5,7,3001,0,0,0,NA,0,0D2,WEST BROADWAY,WALNUT,147,E,N,A,-,N,NA,NA,NA,NA,NA,NA,NA,NA,NA,Y,4,0,1,5,A,-,01,23152,E,N,C,E,A,A,H,-,A,D,0,NA,NA,NA,NA,Y,NA,A,01,0,0,1,0,0,0,0,0,0,-,-,NA,NA,ORANGE,ANAHEIM,-117.92804526,33.82990951
7004515,2015,2015-08-06,3001,2015-07-25,1051,A1555,2,6,5,7,3001,0,0,0,NA,0,026,STATE COLLEGE BL,LINCOLN AV,50,N,N,A,-,N,NA,NA,NA,NA,NA,NA,NA,NA,NA,N,4,0,1,2,A,-,07,21658,A,N,B,C,A,A,H,-,A,A,0,NA,NA,NA,NA,Y,NA,A,01,0,0,1,0,0,0,0,0,0,-,-,NA,NA,ORANGE,ANAHEIM,-117.88933,33.84015707
7004818,2015,2015-07-22,3008,2015-06-09,1119,1284,NA,2,5,6,3008,0,0,0,NA,0,0Z2,EUCLID ST,COMMONWEALTH,0,NA,Y,B,-,N,NA,NA,NA,NA,NA,NA,NA,NA,NA,N,4,0,1,2,A,-,05,21202,A,M,D,G,A,A,H,-,A,A,0,NA,Y,NA,NA,Y,NA,L,04,0,0,1,0,0,0,1,0,0,-,-,NA,NA,ORANGE,FULLERTON,-117.9419601,33.87022001
7005972,2015,2017-01-28,9670,2015-07-14,1750,20325,NA,2,2,7,3001,0,1,1,NA,2,502,RT 5,KATELLA AV,400,S,N,A,-,Y,ORA,12,5,-,-,36.74,R,2,N,Y,4,0,1,2,A,-,03,22350,NA,N,C,C,A,A,H,-,A,A,6,NA,NA,NA,NA,Y,NA,A,01,0,0,1,0,0,0,0,0,0,FR,-,33.80271,-117.89991,ORANGE,ANAHEIM,-117.90781893,33.80843693
7006698,2015,2016-04-12,3024,2015-06-06,1408,373,P36,6,5,5,3024,0,0,0,NA,0,EAST,BOLSA AV,WARD ST,10,W,N,A,-,N,NA,NA,NA,NA,NA,NA,NA,NA,NA,Y,1,1,0,2,A,-,10,21950,A,N,G,B,B,A,H,-,A,A,0,Y,NA,NA,NA,Y,NA,-,NA,0,0,0,1,0,0,0,0,0,-,-,NA,NA,ORANGE,WESTMINSTER,-117.94618181,33.74500325
6983404,2015,2015-07-28,3000,2015-07-05,0905,05271,992J1,7,5,5,3017,0,0,0,NA,0,776,AVE PICO,CALLE DEL CERRO,0,NA,Y,A,-,N,NA,NA,NA,NA,NA,NA,NA,NA,NA,Y,4,0,1,2,A,-,12,21453,A,N,D,C,A,A,H,-,A,A,0,NA,NA,NA,NA,Y,NA,A,07,0,0,1,0,0,0,0,0,0,-,-,NA,NA,ORANGE,SAN CLEMENTE,-117.61368004,33.4445101
6981830,2015,2015-11-06,3001,2015-06-21,0228,A1977,1,7,5,7,3001,0,0,0,NA,0,013,MAGNOLIA AV,LINCOLN,50,N,N,A,-,N,NA,NA,NA,NA,NA,NA,NA,NA,NA,N,4,0,1,3,A,-,03,22350,NA,M,-,C,A,A,H,-,C,A,0,NA,NA,NA,NA,Y,NA,A,01,0,0,1,0,0,0,0,0,0,-,-,NA,NA,ORANGE,ANAHEIM,-117.97599,33.83227
6978473,2015,2016-11-09,3011,2015-06-27,1916,31364,37,6,5,4,3011,0,0,0,NA,0,001,RT 133,CANYON ACRES,2640,N,N,A,-,Y,ORA,12,133,-,-,1.49,H,-,S,Y,4,0,1,2,A,-,03,22350,NA,N,C,C,A,A,H,-,A,D,0,NA,NA,NA,NA,Y,NA,A,01,0,0,1,0,0,0,0,0,0,-,-,NA,NA,ORANGE,LAGUNA BEACH,-117.772313,33.56101883
6971304,2015,2015-10-24,3026,2015-09-23,1912,368,NA,3,5,6,3026,0,0,0,NA,0,00C,SPOONBILL,OSPREY,104,N,N,A,-,N,NA,NA,NA,NA,NA,NA,NA,NA,NA,N,3,0,1,2,A,-,05,21650,NA,N,G,B,D,A,H,-,C,D,0,Y,NA,NA,NA,Y,NA,A,01,0,1,0,0,1,0,0,0,0,-,-,NA,NA,ORANGE,IRVINE,-117.80096366,33.68181953
6963345,2015,2015-07-23,3010,2015-06-07,1537,1176,281,7,5,6,3010,0,0,0,NA,0,006,SLATER,GOLDENWEST,176,E,N,A,-,N,NA,NA,NA,NA,NA,NA,NA,NA,NA,Y,3,0,2,2,A,-,09,21801,A,N,D,C,A,A,H,-,A,D,0,NA,NA,NA,NA,Y,NA,A,01,0,2,0,0,0,0,0,0,0,-,-,NA,NA,ORANGE,HUNTINGTON BEACH,-118.0059126,33.70831
6952105,2015,2015-07-16,3012,2015-06-03,0713,568,0713,3,5,5,3012,0,0,0,NA,0,035,LAMBERT RD,WHITEBOOK RD,0,NA,Y,C,-,N,NA,NA,NA,NA,NA,NA,NA,NA,NA,Y,4,0,1,1,B,-,22,NA,NA,N,H,A,A,B,H,-,A,A,0,NA,NA,Y,NA,Y,NA,C,02,0,0,1,0,0,0,0,0,1,-,-,NA,NA,ORANGE,LA HABRA,-117.96251011,33.92465007
6943923,2015,2015-06-15,3019,2015-02-26,2015,3315,NE,4,5,7,3019,0,0,0,NA,0,002,MAIN ST,MAINPLACE DR,0,NA,Y,A,-,N,NA,NA,NA,NA,NA,NA,NA,NA,NA,N,4,0,1,2,A,-,11,21456,B,N,G,B,B,A,H,-,C,A,0,Y,NA,NA,NA,Y,NA,N,60,0,0,1,0,1,0,0,0,0,-,-,NA,NA,ORANGE,SANTA ANA,-117.86744008,33.77658008