CASE_ID,ACCIDENT_YEAR,PROC_DATE,JURIS,COLLISION_DATE,COLLISION_TIME,OFFICER_ID,REPORTING_DISTRICT,DAY_OF_WEEK,CHP_SHIFT,POPULATION,CNTY_CITY_LOC,SPECIAL_COND,BEAT_TYPE,CHP_BEAT_TYPE,CITY_DIVISION_LAPD,CHP_BEAT_CLASS,BEAT_NUMBER,PRIMARY_RD,SECONDARY_RD,DISTANCE,DIRECTION,INTERSECTION,WEATHER_1,WEATHER_2,STATE_HWY_IND,CALTRANS_COUNTY,CALTRANS_DISTRICT,STATE_ROUTE,ROUTE_SUFFIX,POSTMILE_PREFIX,POSTMILE,LOCATION_TYPE,RAMP_INTERSECTION,SIDE_OF_HWY,TOW_AWAY,COLLISION_SEVERITY,NUMBER_KILLED,NUMBER_INJURED,PARTY_COUNT,PRIMARY_COLL_FACTOR,PCF_CODE_OF_VIOL,PCF_VIOL_CATEGORY,PCF_VIOLATION,PCF_VIOL_SUBSECTION,HIT_AND_RUN,TYPE_OF_COLLISION,MVIW,PED_ACTION,ROAD_SURFACE,ROAD_COND_1,ROAD_COND_2,LIGHTING,CONTROL_DEVICE,CHP_ROAD_TYPE,PEDESTRIAN_ACCIDENT,BICYCLE_ACCIDENT,MOTORCYCLE_ACCIDENT,TRUCK_ACCIDENT,NOT_PRIVATE_PROPERTY,ALCOHOL_INVOLVED,STWD_VEHTYPE_AT_FAULT,CHP_VEHTYPE_AT_FAULT,COUNT_SEVERE_INJ,COUNT_VISIBLE_INJ,COUNT_COMPLAINT_PAIN,COUNT_PED_KILLED,COUNT_PED_INJURED,COUNT_BICYCLIST_KILLED,COUNT_BICYCLIST_INJURED,COUNT_MC_KILLED,COUNT_MC_INJURED,PRIMARY_RAMP,SECONDARY_RAMP,LATITUDE,LONGITUDE,COUNTY,CITY,POINT_X,POINT_Y
8005450,2016,2016-04-01,3019,2016-03-10,1555,3196,SE,4,5,7,3019,0,0,0,NA,0,NA,1ST ST,CYPRESS AV,18,E,N,A,-,N,NA,NA,NA,NA,NA,NA,NA,NA,NA,N,4,0,1,2,A,-,12,21453,A,N,H,G,A,A,H,-,A,A,0,NA,Y,NA,NA,Y,NA,-,-,0,0,1,0,0,0,1,0,0,-,-,NA,NA,ORANGE,SANTA ANA,-117.86641094,33.74541067
8005478,2016,2016-04-04,3019,2016-03-01,0836,2630,NE,2,5,7,3019,0,0,0,NA,0,002,4TH ST,TUSTIN AV,20,E,N,A,-,N,NA,NA,NA,NA,NA,NA,NA,NA,NA,N,4,0,1,2,A,-,21,22106,NA,N,C,C,A,A,H,-,A,A,0,NA,NA,NA,NA,Y,NA,A,08,0,0,1,0,0,0,0,0,0,-,-,33.74798,-117.83438,ORANGE,SANTA ANA,-117.83406438,33.74827094
8006946,2016,2016-04-12,3024,2016-02-23,0529,156,P 14,2,5,5,3024,0,0,0,NA,0,WEST,TATTERSHALL AV,UXBRIDGE ST,214,W,N,A,-,N,NA,NA,NA,NA,NA,NA,NA,NA,NA,N,3,0,1,2,A,-,03,22350,NA,N,C,E,A,A,H,-,C,D,0,NA,NA,NA,NA,Y,NA,A,01,0,1,0,0,0,0,0,0,0,-,-,NA,NA,ORANGE,WESTMINSTER,-118.03507249,33.75821714
8007104,2014,2016-05-28,3012,2014-08-24,1429,594,45,7,5,5,3012,0,0,0,NA,0,004,IMPERIAL HWY,CYPRESS DR,0,NA,Y,A,-,Y,ORA,12,90,-,-,1.901,I,5,E,Y,3,0,1,2,A,-,12,21453,A,N,D,C,A,A,H,-,A,A,0,NA,NA,NA,NA,Y,NA,I,11,0,1,0,0,0,0,0,0,0,-,-,NA,NA,ORANGE,LA HABRA,-117.9437534,33.91727191
8007174,2016,2016-04-11,3001,2016-03-24,1637,A1825,NA,4,5,7,3001,0,0,0,NA,0,0D2,EAST ORANGETHORPE AV,N RAYMOND ST,651,W,N,A,-,N,NA,NA,NA,NA,NA,NA,NA,NA,NA,Y,3,0,1,2,A,-,09,21804,A,N,A,C,A,A,H,-,A,D,0,NA,NA,NA,NA,Y,NA,D,22,0,1,0,0,0,0,0,0,0,-,-,NA,NA,ORANGE,ANAHEIM,-117.908909,33.85955539
8008453,2016,2016-05-24,3007,2016-04-22,1338,1126,37,5,5,5,3007,0,0,0,NA,0,002,WARNER AV,EUCLID ST,0,NA,Y,A,-,N,NA,NA,NA,NA,NA,NA,NA,NA,NA,Y,2,0,6,2,A,-,09,21806,A,N,D,C,A,A,H,-,A,A,0,NA,NA,NA,NA,Y,NA,I,09,1,5,0,0,0,0,0,0,0,-,-,NA,NA,ORANGE,FOUNTAIN VALLEY,-117.93722001,33.71646003
8009155,2016,2016-04-05,3015,2016-03-11,1802,1386,43,5,5,6,3015,0,0,0,NA,0,711M,FAIRHAVEN AV,S YORBA ST,0,NA,Y,A,-,N,NA,NA,NA,NA,NA,NA,NA,NA,NA,N,4,0,1,2,A,-,10,21950,A,M,G,B,B,A,H,-,C,A,0,Y,NA,NA,NA,Y,Y,A,01,0,0,1,0,1,0,0,0,0,-,-,NA,NA,ORANGE,ORANGE,-117.82707012,33.77323001
8009625,2016,2017-02-16,3014,2016-03-16,1624,1379,RD41,3,5,5,3014,0,0,0,NA,0,0A3,RT 1,PROMONTORY DR,0,NA,Y,A,-,Y,ORA,12,1,-,-,17.624,I,5,S,Y,4,0,2,4,A,-,12,21453,A,N,D,C,A,A,H,-,A,A,0,NA,NA,NA,NA,Y,NA,D,22,0,0,2,0,0,0,0,0,0,-,-,33.6132,-117.8939,ORANGE,NEWPORT BEACH,-117.89380753,33.61317417
8009923,2016,2016-04-08,3001,2016-03-30,0519,41555,NA,3,5,7,3001,0,0,0,NA,0,0D1,WEST CERRITOS AV,SOUTH BETTES PL,126,E,N,A,-,N,NA,NA,NA,NA,NA,NA,NA,NA,NA,Y,4,0,1,2,A,-,08,22107,NA,N,C,E,A,A,H,-,C,D,0,NA,NA,NA,NA,Y,NA,A,07,0,0,1,0,0,0,0,0,0,-,-,NA,NA,ORANGE,ANAHEIM,-117.95279617,33.81053189
8010181,2016,2017-02-09,3012,2016-03-08,1330,516,NA,2,5,5,3012,0,0,0,NA,0,002,E WHITTIER BL,CHESTNUT ST,0,NA,Y,A,-,Y,ORA,12,39,-,-,22.319,I,5,N,N,4,0,1,2,A,-,09,21802,A,N,D,C,A,A,H,-,A,D,0,NA,NA,NA,NA,Y,NA,A,01,0,0,1,0,0,0,0,0,0,-,-,NA,NA,ORANGE,LA HABRA,-117.94019419,33.93904158
8010990,2016,2016-04-08,3008,2016-03-18,0059,1177,NA,5,5,6,3008,0,0,0,NA,0,0Z2,HARBOR BL,SANTA FE AV,0,NA,Y,A,-,N,NA,NA,NA,NA,NA,NA,NA,NA,NA,N,3,0,1,2,A,-,11,21954,A,N,A,B,-,A,H,-,C,A,0,Y,NA,NA,NA,Y,Y,N,60,0,1,0,0,1,0,0,0,0,-,-,NA,NA,ORANGE,FULLERTON,-117.92431002,33.86941005
8011024,2016,2016-04-07,3010,2016-03-25,1738,1226,437,5,5,6,3010,0,0,0,NA,0,005,ADAMS,BUSHARD,270,E,N,A,-,N,NA,NA,NA,NA,NA,NA,NA,NA,NA,Y,3,0,2,5,A,-,03,22350,NA,N,C,C,A,A,H,-,A,A,0,NA,NA,NA,NA,Y,NA,A,01,0,1,1,0,0,0,0,0,0,-,-,NA,NA,ORANGE,HUNTINGTON BEACH,-117.96292,33.67251
8011039,2016,2016-04-07,3009,2016-03-26,1753,4435,104,6,5,6,3009,0,0,0,NA,0,012,NUTWOOD ST,GARDEN GROVE BL,481,N,N,A,-,N,NA,NA,NA,NA,NA,NA,NA,NA,NA,N,3,0,1,2,A,-,11,21954,A,N,G,B,E,A,H,-,A,D,0,Y,NA,NA,NA,Y,NA,N,60,0,1,0,0,1,0,0,0,0,-,-,NA,NA,ORANGE,GARDEN GROVE,-117.94974468,33.77546868
8011214,2016,2016-04-08,3000,2016-02-21,1729,9051,891H2,7,5,5,3050,0,0,0,NA,0,765,TRABUCO RD,PEACHWOOD,0,NA,Y,A,-,N,NA,NA,NA,NA,NA,NA,NA,NA,NA,Y,3,0,1,2,A,-,12,21453,A,N,D,C,A,A,H,-,A,A,0,NA,NA,NA,NA,Y,NA,A,07,0,1,0,0,0,0,0,0,0,-,-,NA,NA,ORANGE,LAKE FOREST,-117.68956009,33.64982005
8011312,2016,2016-04-08,3000,2016-03-02,2201,5377,952A2,3,5,5,3040,0,0,0,NA,0,743,PASEO DE COLINAS,STAR DR,150,E,N,A,-,N,NA,NA,NA,NA,NA,NA,NA,NA,NA,Y,2,0,1,1,A,-,08,22107,NA,N,F,A,A,A,H,-,C,A,0,NA,NA,Y,NA,Y,NA,C,02,1,0,0,0,0,0,0,0,1,-,-,NA,NA,ORANGE,LAGUNA NIGUEL,-117.67512496,33.54787974
8011916,2016,2016-04-13,3000,2016-03-11,1730,9796,992H4,5,5,5,3017,0,0,0,NA,0,775,NORTH EL CAMINO REAL,AVE FLORENCIA,0,NA,Y,C,-,N,NA,NA,NA,NA,NA,NA,NA,NA,NA,Y,3,0,2,2,A,-,08,22107,NA,N,A,C,A,B,H,-,A,D,0,NA,NA,NA,NA,Y,NA,D,22,0,1,1,0,0,0,0,0,0,-,-,NA,NA,ORANGE,SAN CLEMENTE,-117.62610006,33.4321401
8011917,2016,2017-02-16,3000,2016-03-08,1706,9220,972D1,2,5,4,3018,0,0,0,NA,0,730,RT 74,RANCHO VIEJO RD,356,E,N,A,-,Y,ORA,12,74,-,-,0.03,H,-,W,N,4,0,1,2,A,-,07,21658,A,N,B,C,A,A,H,-,A,D,0,NA,NA,NA,NA,Y,NA,A,07,0,0,1,0,0,0,0,0,0,-,-,NA,NA,ORANGE,SAN JUAN CAPISTRANO,-117.65804214,33.50258853
8012405,2016,2016-04-07,3019,2016-03-14,0813,1561,WE,1,5,7,3019,0,0,0,NA,0,001,BRISTOL ST,17TH ST,298,S,N,B,-,N,NA,NA,NA,NA,NA,NA,NA,NA,NA,Y,4,0,1,2,A,-,05,21650,5,N,A,C,A,B,H,-,A,D,0,NA,NA,NA,NA,Y,NA,A,01,0,0,1,0,0,0,0,0,0,-,-,33.76003,-117.88512,ORANGE,SANTA ANA,-117.88501281,33.75933282
8013348,2016,2016-04-14,3016,2016-03-20,1520,1258,20,7,5,5,3016,0,0,0,NA,0,002,ORANGETHORPE AV,DUNN WY,0,NA,Y,A,-,N,NA,NA,NA,NA,NA,NA,NA,NA,NA,N,4,0,1,3,A,-,09,21801,A,F,D,C,A,A,H,-,A,D,0,NA,NA,NA,NA,Y,NA,A,01,0,0,1,0,0,0,0,0,0,-,-,NA,NA,ORANGE,PLACENTIA,-117.88004001,33.86054006
8015023,2016,2016-04-11,3007,2016-03-18,1652,256,27,5,5,5,3007,0,0,0,NA,0,309,EUCLID,BELLFLOWER,0,NA,Y,A,-,N,NA,NA,NA,NA,NA,NA,NA,NA,NA,N,4,0,1,3,A,-,09,21801,A,N,D,C,A,A,H,-,A,-,0,NA,NA,NA,NA,Y,NA,A,07,0,0,1,0,0,0,0,0,0,-,-,NA,NA,ORANGE,FOUNTAIN VALLEY,-117.93733007,33.72892005
8015866,2016,2016-04-12,3007,2016-03-18,1658,283,24,5,5,5,3007,0,0,0,NA,0,001,EDINGER,BUSHARD,0,NA,Y,A,-,N,NA,NA,NA,NA,NA,NA,NA,NA,NA,Y,3,0,1,2,A,-,12,21453,A,N,D,C,A,A,H,-,A,A,0,NA,NA,NA,NA,Y,NA,D,22,0,1,0,0,0,0,0,0,0,-,-,NA,NA,ORANGE,FOUNTAIN VALLEY,-117.96332001,33.73037007
8017626,2016,2016-04-20,3026,2016-03-30,1140,6352,NA,3,5,6,3026,0,0,0,NA,0,00P,JOURNEY,IRVINE BL,27,S,N,B,-,N,NA,NA,NA,NA,NA,NA,NA,NA,NA,Y,3,0,1,1,A,-,08,22107,NA,N,E,I,A,A,H,-,A,A,0,NA,NA,NA,NA,Y,NA,A,01,0,1,0,0,0,0,0,0,0,-,-,NA,NA,ORANGE,IRVINE,-117.74204737,33.70101362
8018082,2016,2016-04-25,3024,2016-04-06,1252,146,P11,3,5,5,3024,0,0,0,NA,0,WEST,WYOMING ST,LOCUST ST,0,NA,Y,A,-,N,NA,NA,NA,NA,NA,NA,NA,NA,NA,Y,3,0,3,2,A,-,09,21802,A,N,D,-,A,A,H,-,A,A,0,NA,NA,NA,NA,Y,NA,A,01,0,1,2,0,0,0,0,0,0,-,-,NA,NA,ORANGE,WESTMINSTER,-118.0052501,33.76094008
8018383,2016,2017-03-06,3009,2016-04-10,1245,0444,034,7,5,6,3009,0,0,0,NA,0,011,KNOTT ST,RT 22,0,NA,Y,A,-,Y,ORA,12,22,-,R,2.433,R,4,W,N,3,0,1,2,A,-,10,21950,A,N,G,B,B,A,H,-,A,A,0,Y,NA,NA,NA,Y,NA,A,07,0,1,0,0,1,0,0,0,0,-,WO,NA,NA,ORANGE,GARDEN GROVE,-118.01141759,33.77458975
8018391,2016,2016-04-26,3009,2016-04-04,1842,2580,13,1,5,6,3009,0,0,0,NA,0,106,TRASK AV,BROOKHURST ST,35,W,N,A,-,N,NA,NA,NA,NA,NA,NA,NA,NA,NA,N,4,0,2,2,A,-,03,22350,NA,N,-,D,A,A,H,-,C,A,0,NA,NA,NA,NA,Y,NA,A,01,0,0,2,0,0,0,0,0,0,-,-,NA,NA,ORANGE,GARDEN GROVE,-117.95519486,33.76678766
8018771,2016,2017-02-04,3010,2016-04-08,1336,2057,326,5,5,6,3010,0,0,0,NA,0,004,RT 1,GOLDENWEST,3613,N,N,B,-,Y,ORA,12,1,-,-,26.57,H,-,S,Y,3,0,1,2,A,-,07,21658,A,M,E,I,A,A,H,-,A,D,0,NA,NA,NA,NA,Y,NA,D,22,0,1,0,0,0,0,0,0,0,-,-,NA,NA,ORANGE,HUNTINGTON BEACH,-118.02629211,33.67493368
8018775,2016,2016-04-28,3010,2016-04-09,1136,2057,442,6,5,6,3010,0,0,0,NA,0,003,CALIFORNIA,INDIANAPOLIS,0,NA,Y,C,-,N,NA,NA,NA,NA,NA,NA,NA,NA,NA,Y,3,0,1,2,A,-,09,21802,A,N,D,C,A,B,H,-,A,D,0,NA,NA,NA,NA,Y,NA,A,01,0,1,0,0,0,0,0,0,0,-,-,NA,NA,ORANGE,HUNTINGTON BEACH,-117.99397007,33.66488012
8019767,2016,2016-04-25,3026,2016-03-12,2332,538,PORTP,6,5,6,3026,0,0,0,NA,0,00P,RUSH LILY,TWINFLOWER,162,N,N,A,-,N,NA,NA,NA,NA,NA,NA,NA,NA,NA,Y,3,0,1,2,A,-,08,22107,NA,N,C,E,A,A,H,-,C,D,0,NA,NA,NA,NA,Y,NA,A,01,0,1,0,0,0,0,0,0,0,-,-,NA,NA,ORANGE,IRVINE,-117.75955691,33.6831259
8020409,2016,2016-09-22,3001,2016-03-28,0547,1670,NA,1,5,7,3001,0,0,0,NA,0,0D3,SOUTH HARBOR BL,RT 5,154,N,N,C,-,N,NA,NA,NA,NA,NA,NA,NA,NA,NA,Y,3,0,1,1,A,-,03,22350,NA,N,E,I,A,B,H,-,C,D,0,NA,NA,NA,NA,Y,NA,A,07,0,1,0,0,0,0,0,0,0,-,NF,NA,NA,ORANGE,ANAHEIM,-117.91571074,33.81618625
8020705,2016,2016-04-18,3019,2016-03-21,0648,2528,SC,1,5,7,3019,0,0,0,NA,0,004,FAIRVIEW AV,PENDELTON,0,NA,Y,B,-,N,NA,NA,NA,NA,NA,NA,NA,NA,NA,N,4,0,1,2,A,-,09,21802,A,N,D,C,A,A,H,-,A,A,0,NA,NA,Y,NA,Y,NA,D,22,0,0,1,0,0,0,0,0,1,-,-,NA,NA,ORANGE,SANTA ANA,-117.90790012,33.71650011
8020865,2016,2016-04-14,3019,2016-03-23,0722,2460,WE,3,5,7,3019,0,0,0,NA,0,001,17TH ST,FAIRVIEW ST,33,W,N,A,-,N,NA,NA,NA,NA,NA,NA,NA,NA,NA,Y,4,0,2,3,A,-,12,21453,A,N,D,C,A,A,H,-,A,A,0,NA,NA,NA,NA,Y,NA,A,01,0,0,2,0,0,0,0,0,0,-,-,33.75988,-117.90256,ORANGE,SANTA ANA,-117.90296754,33.75983922
8020975,2016,2016-04-15,3010,2016-04-03,1125,1145,463,7,5,6,3010,0,0,0,NA,0,002,ATLANTA,BEACH,225,E,N,A,-,N,NA,NA,NA,NA,NA,NA,NA,NA,NA,Y,3,0,2,2,A,-,08,22107,NA,N,D,C,A,A,H,-,A,D,0,NA,NA,NA,NA,Y,NA,A,07,0,2,0,0,0,0,0,0,0,-,-,NA,NA,ORANGE,HUNTINGTON BEACH,-117.98769296,33.65763493
8021075,2016,2016-09-22,3022,2016-03-13,2257,1231,SOUTH,7,5,5,3022,0,0,0,NA,0,NA,TUSTIN RANCH RD,PARK AV,830,S,N,A,-,N,NA,NA,NA,NA,NA,NA,NA,NA,NA,Y,4,0,1,2,A,-,09,21804,A,N,D,C,A,A,H,-,C,D,0,NA,NA,NA,NA,Y,NA,A,01,0,0,1,0,0,0,0,0,0,-,-,33.69997,-117.83159,ORANGE,TUSTIN,-117.83142937,33.70012228
8021077,2016,2016-08-26,3014,2016-03-07,0652,1346,43,1,5,5,3014,0,0,0,NA,0,0A3,RT 1,AVOCADO AV,37,W,N,C,-,N,NA,NA,NA,NA,NA,NA,NA,NA,NA,Y,4,0,1,2,A,-,03,22350,NA,N,C,C,A,B,H,-,A,A,0,NA,NA,NA,NA,Y,NA,A,01,0,0,1,0,0,0,0,0,0,-,-,33.6058,-117.8762,ORANGE,NEWPORT BEACH,-117.876066,33.605676
8021084,2016,2016-04-15,3014,2016-03-16,0745,1046,38,3,5,5,3014,0,0,0,NA,0,0A3,MACARTHUR BL,FORD RD,15,S,N,A,-,N,NA,NA,NA,NA,NA,NA,NA,NA,NA,N,3,0,1,2,A,-,05,21202,A,N,D,G,A,A,H,-,A,A,0,NA,Y,NA,NA,Y,NA,L,04,0,1,0,0,0,0,1,0,0,-,-,33.6292,-117.6627,ORANGE,NEWPORT BEACH,-117.86273068,33.62937962
8021208,2016,2016-04-19,3026,2016-03-16,1518,6352,NA,3,5,6,3026,0,0,0,NA,0,00P,SAND CANYON AV,SPRING MEADOW,0,NA,Y,A,-,N,NA,NA,NA,NA,NA,NA,NA,NA,NA,Y,3,0,3,2,A,-,12,21453,A,N,D,C,A,A,H,-,A,A,0,NA,NA,NA,NA,Y,NA,A,07,0,3,0,0,0,0,0,0,0,-,-,NA,NA,ORANGE,IRVINE,-117.73551003,33.70075
8021209,2016,2016-04-19,3026,2016-03-08,0750,468,NA,2,5,6,3026,0,0,0,NA,0,00C,LAKE,BARRANCA,468,S,N,A,-,N,NA,NA,NA,NA,NA,NA,NA,NA,NA,N,4,0,1,2,A,-,06,21755,A,N,D,G,A,A,H,-,A,A,0,NA,Y,NA,NA,Y,NA,A,08,0,0,1,0,0,0,1,0,0,-,-,NA,NA,ORANGE,IRVINE,-117.8019772,33.67870402
8021656,2016,2016-04-18,3001,2016-03-31,1921,415,NA,4,5,7,3001,0,0,0,NA,0,0D2,NORTH ANAHEIM BL,WILHELMINA ST,8,N,N,A,-,N,NA,NA,NA,NA,NA,NA,NA,NA,NA,N,4,0,1,2,A,-,09,21804,A,M,D,G,A,A,H,-,C,D,0,NA,Y,NA,NA,Y,NA,L,04,0,0,1,0,0,0,1,0,0,-,-,NA,NA,ORANGE,ANAHEIM,-117.91604716,33.8420411
8022078,2016,2016-04-21,3010,2016-03-31,1729,1122,273,4,5,6,3010,0,0,0,NA,0,006,NEWLAND,SLATER,0,NA,Y,A,-,N,NA,NA,NA,NA,NA,NA,NA,NA,NA,Y,4,0,3,3,A,-,09,21801,A,N,D,C,A,A,H,-,A,A,0,NA,NA,NA,NA,Y,NA,A,01,0,0,3,0,0,0,0,0,0,-,-,NA,NA,ORANGE,HUNTINGTON BEACH,-117.98046005,33.70846004
8022403,2016,2016-04-21,3000,2016-03-15,1202,4333,798A1,2,5,4,3021,0,0,0,NA,0,6M21,CERRITOS AV,YANA DR,405,E,N,A,-,N,NA,NA,NA,NA,NA,NA,NA,NA,NA,Y,3,0,1,3,A,-,03,22350,NA,N,C,E,A,A,H,-,A,D,0,NA,NA,NA,NA,Y,NA,A,01,0,1,0,0,0,0,0,0,0,-,-,NA,NA,ORANGE,STANTON,-117.98163999,33.81031016
8023843,2016,2016-04-29,3000,2016-03-17,0742,8379,NA,4,5,2,3023,0,0,0,NA,0,014,WANDA RD,LINCOLN ST,0,NA,Y,A,-,N,NA,NA,NA,NA,NA,NA,NA,NA,NA,Y,2,0,1,2,A,-,03,22350,NA,N,-,C,A,A,H,-,A,-,0,NA,NA,Y,NA,Y,NA,C,02,1,0,0,0,0,0,0,0,1,-,-,NA,NA,ORANGE,VILLA PARK,-117.82193013,33.80777009
8024451,2016,2016-05-02,3001,2016-04-11,2022,A1622,NA,1,5,7,3001,0,0,0,NA,0,D 2,SANTA ANA ST,OLIVE ST,0,NA,Y,A,-,N,NA,NA,NA,NA,NA,NA,NA,NA,NA,N,4,0,3,2,A,-,09,21801,A,N,D,C,A,A,H,-,C,A,0,NA,NA,NA,NA,Y,NA,A,07,0,0,3,0,0,0,0,0,0,-,-,NA,NA,ORANGE,ANAHEIM,-117.90872009,33.83196006
8024453,2016,2016-05-02,3001,2016-04-12,1753,471,NA,2,5,7,3001,0,0,0,NA,0,0D1,WEST BALL RD,SOUTH DALE AV,646,W,N,A,-,N,NA,NA,NA,NA,NA,NA,NA,NA,NA,Y,4,0,1,3,A,-,08,22107,NA,N,C,E,A,A,H,-,A,D,0,NA,NA,NA,NA,Y,NA,A,01,0,0,1,0,0,0,0,0,0,-,-,NA,NA,ORANGE,ANAHEIM,-117.98667161,33.81749296
8025141,2016,2016-05-19,3019,2016-05-09,0822,1561,SE,1,5,7,3019,0,0,0,NA,0,003,GRAND AV,MCFADDEN AV,388,S,N,A,-,N,NA,NA,NA,NA,NA,NA,NA,NA,NA,Y,4,0,2,2,A,-,03,22350,NA,N,C,C,A,A,H,-,A,D,0,NA,NA,NA,NA,Y,NA,A,01,0,0,2,0,0,0,0,0,0,-,-,33.73361,-117.85011,ORANGE,SANTA ANA,-117.85041167,33.73263655
8025153,2016,2016-05-20,3001,2016-05-13,0242,415,NA,5,5,7,3001,0,0,0,NA,0,0D2,SOUTH EAST ST,EAST BROADWAY,10,S,N,B,-,N,NA,NA,NA,NA,NA,NA,NA,NA,NA,Y,3,0,2,1,A,-,01,23152,A,N,E,I,A,A,H,-,C,A,0,NA,NA,NA,NA,Y,Y,D,22,0,2,0,0,0,0,0,0,0,-,-,NA,NA,ORANGE,ANAHEIM,-117.90193157,33.8358935
8025283,2016,2016-04-18,3015,2016-03-24,1400,1386,54W,4,5,6,3015,0,0,0,NA,0,711,E SPRING AV,VIRAGE ST,0,NA,Y,A,-,N,NA,NA,NA,NA,NA,NA,NA,NA,NA,Y,3,0,2,2,A,-,03,22350,NA,N,C,C,A,A,H,-,A,D,0,NA,NA,NA,NA,Y,NA,A,08,0,1,1,0,0,0,0,0,0,-,-,NA,NA,ORANGE,ORANGE,-117.8169401,33.79141006
8025549,2016,2016-04-22,3015,2016-03-08,1352,1459,17E,2,5,6,3015,0,0,0,NA,0,212,NORTH TUSTIN ST,E GROVE AV,88,S,N,A,-,N,NA,NA,NA,NA,NA,NA,NA,NA,NA,Y,3,0,1,2,A,-,09,21801,A,N,D,C,A,A,H,-,A,D,0,NA,NA,NA,NA,Y,NA,D,23,0,1,0,0,0,0,0,0,0,-,-,NA,NA,ORANGE,ORANGE,-117.83598997,33.82035891
8026032,2016,2016-04-21,3024,2016-03-14,1150,409,P30,1,5,5,3024,0,0,0,NA,0,WEST,GOLDENWEST ST,MCFADDEN AV,185,N,N,B,-,N,NA,NA,NA,NA,NA,NA,NA,NA,NA,Y,3,0,1,2,A,-,09,21804,A,N,D,C,A,A,H,-,A,D,0,NA,NA,NA,NA,Y,NA,A,01,0,1,0,0,0,0,0,0,0,-,-,NA,NA,ORANGE,WESTMINSTER,-118.00690143,33.73787707
8026146,2016,2016-04-21,3024,2016-03-24,0958,140,P39,4,5,5,3024,0,0,0,NA,0,EAST,POPPY CIR,POPPY WY,7,W,N,A,-,N,NA,NA,NA,NA,NA,NA,NA,NA,NA,Y,4,0,1,1,A,-,03,22350,NA,N,E,I,A,A,H,-,A,D,0,NA,NA,NA,NA,Y,NA,A,01,0,0,1,0,0,0,0,0,0,-,-,33.73458,-117.96808,ORANGE,WESTMINSTER,-117.96822294,33.73449907
8026333,2016,2017-02-11,3010,2016-04-17,1815,1021,283,7,5,6,3010,0,0,0,NA,0,005,RT 39,TALBERT,135,S,N,A,-,Y,ORA,12,39,-,-,3.59,H,-,N,N,4,0,2,2,A,-,03,22350,NA,N,C,C,A,A,H,-,A,A,0,NA,NA,NA,NA,Y,Y,-,NA,0,0,2,0,0,0,0,0,0,-,-,NA,NA,ORANGE,HUNTINGTON BEACH,-117.98905075,33.7006052
8026559,2016,2016-04-26,3019,2016-04-15,1049,3411,WE,5,5,7,3019,0,0,0,NA,0,NA,WESTMINSTER AV,ENTERPRISE DR,312,W,N,A,-,N,NA,NA,NA,NA,NA,NA,NA,NA,NA,Y,4,0,1,2,A,-,03,22350,NA,N,C,C,A,A,H,-,A,D,0,NA,NA,NA,NA,Y,NA,A,01,0,0,1,0,0,0,0,0,0,-,-,33.75965,-117.91635,ORANGE,SANTA ANA,-117.91753409,33.75987
8028132,2016,2016-04-27,3019,2016-03-29,1354,3151,SE,2,5,7,3019,0,0,0,NA,0,003,ANAHURST PL,ORANGE AV,0,NA,Y,A,-,N,NA,NA,NA,NA,NA,NA,NA,NA,NA,Y,4,0,2,2,A,-,09,21802,A,N,D,C,A,A,D,-,A,A,0,NA,NA,NA,NA,Y,NA,A,01,0,0,2,0,0,0,0,0,0,-,-,33.71801,-117.8653,ORANGE,SANTA ANA,-117.86532002,33.71783003
8028321,2016,2017-02-16,3001,2016-04-21,1724,A1825,NA,4,5,7,3001,0,0,0,NA,0,0D2,N BROOKHURST ST,RT 91,123,S,N,A,-,Y,ORA,12,91,-,-,1.407,R,4,E,Y,4,0,1,2,A,-,03,22350,NA,N,C,C,A,A,H,-,A,A,0,NA,NA,NA,NA,Y,NA,D,22,0,0,1,0,0,0,0,0,0,-,EO,NA,NA,ORANGE,ANAHEIM,-117.95642876,33.85390776
8028445,2016,2017-02-16,3001,2016-05-10,1150,2115,NA,2,5,7,3001,0,0,0,NA,0,0D4,RT 90,EAST LA PALMA AV,155,S,N,B,-,Y,ORA,12,90,-,-,12.43,H,-,W,Y,4,0,3,4,A,-,03,22350,NA,N,C,C,A,A,H,-,A,A,0,NA,NA,NA,NA,Y,NA,A,01,0,0,3,0,0,0,0,0,0,-,-,NA,NA,ORANGE,ANAHEIM,-117.79031672,33.86019023
8028664,2016,2016-05-25,3001,2016-05-13,1623,2187,NA,5,5,7,3001,0,0,0,NA,0,0D3,WEST ORANGEWOOD AV,SOUTH HARBOR BL,100,W,N,A,-,N,NA,NA,NA,NA,NA,NA,NA,NA,NA,N,4,0,2,2,A,-,09,21804,A,N,D,C,A,A,H,-,A,D,0,NA,NA,NA,NA,Y,NA,A,01,0,0,2,0,0,0,0,0,0,-,-,NA,NA,ORANGE,ANAHEIM,-117.91551827,33.79607698
8030210,2016,2016-04-29,3015,2016-03-29,1538,1098,32E,2,5,6,3015,0,0,0,NA,0,731,WEST WALNUT AV,NORTH PARKER ST,0,NA,Y,A,-,N,NA,NA,NA,NA,NA,NA,NA,NA,NA,N,4,0,1,2,A,-,09,21804,A,N,D,C,A,A,H,-,A,D,0,NA,NA,NA,NA,Y,NA,A,01,0,0,1,0,0,0,0,0,0,-,-,NA,NA,ORANGE,ORANGE,-117.85965003,33.79512003
8030230,2016,2016-04-29,3015,2016-03-30,1805,1386,33,3,5,6,3015,0,0,0,NA,0,711,CAMBRIDGE ST,PALMYRA AV,0,NA,Y,A,-,N,NA,NA,NA,NA,NA,NA,NA,NA,NA,N,4,0,3,2,A,-,12,22450,A,N,D,C,A,A,H,-,A,D,0,NA,NA,NA,NA,Y,NA,A,07,0,0,3,0,0,0,0,0,0,-,-,NA,NA,ORANGE,ORANGE,-117.84442001,33.78419008
8030383,2016,2017-02-11,3000,2016-02-12,1410,8583,798A2,5,5,4,3021,0,0,0,NA,0,2A21,BEACH BL,KATELLA AV,2,S,N,A,-,Y,ORA,12,39,-,-,10.66,I,5,N,N,4,0,1,2,A,-,03,22350,NA,F,C,C,A,A,H,-,A,A,0,NA,NA,NA,NA,Y,NA,A,01,0,0,1,0,0,0,0,0,0,-,-,NA,NA,ORANGE,STANTON,-117.99303644,33.80267205