CASE_ID,ACCIDENT_YEAR,PROC_DATE,JURIS,COLLISION_DATE,COLLISION_TIME,OFFICER_ID,REPORTING_DISTRICT,DAY_OF_WEEK,CHP_SHIFT,POPULATION,CNTY_CITY_LOC,SPECIAL_COND,BEAT_TYPE,CHP_BEAT_TYPE,CITY_DIVISION_LAPD,CHP_BEAT_CLASS,BEAT_NUMBER,PRIMARY_RD,SECONDARY_RD,DISTANCE,DIRECTION,INTERSECTION,WEATHER_1,WEATHER_2,STATE_HWY_IND,CALTRANS_COUNTY,CALTRANS_DISTRICT,STATE_ROUTE,ROUTE_SUFFIX,POSTMILE_PREFIX,POSTMILE,LOCATION_TYPE,RAMP_INTERSECTION,SIDE_OF_HWY,TOW_AWAY,COLLISION_SEVERITY,NUMBER_KILLED,NUMBER_INJURED,PARTY_COUNT,PRIMARY_COLL_FACTOR,PCF_CODE_OF_VIOL,PCF_VIOL_CATEGORY,PCF_VIOLATION,PCF_VIOL_SUBSECTION,HIT_AND_RUN,TYPE_OF_COLLISION,MVIW,PED_ACTION,ROAD_SURFACE,ROAD_COND_1,ROAD_COND_2,LIGHTING,CONTROL_DEVICE,CHP_ROAD_TYPE,PEDESTRIAN_ACCIDENT,BICYCLE_ACCIDENT,MOTORCYCLE_ACCIDENT,TRUCK_ACCIDENT,NOT_PRIVATE_PROPERTY,ALCOHOL_INVOLVED,STWD_VEHTYPE_AT_FAULT,CHP_VEHTYPE_AT_FAULT,COUNT_SEVERE_INJ,COUNT_VISIBLE_INJ,COUNT_COMPLAINT_PAIN,COUNT_PED_KILLED,COUNT_PED_INJURED,COUNT_BICYCLIST_KILLED,COUNT_BICYCLIST_INJURED,COUNT_MC_KILLED,COUNT_MC_INJURED,PRIMARY_RAMP,SECONDARY_RAMP,LATITUDE,LONGITUDE,COUNTY,CITY,POINT_X,POINT_Y
8097613,2016,2016-08-16,3024,2016-07-03,2014,224,P30,7,5,5,3024,0,0,0,NA,0,WEST,GOLDENWEST ST,OXFORD DR,25,N,N,A,-,N,NA,NA,NA,NA,NA,NA,NA,NA,NA,Y,3,0,5,2,A,-,01,23152,A,N,C,C,A,A,H,-,B,A,0,NA,NA,NA,NA,Y,Y,A,01,0,2,3,0,0,0,0,0,0,-,-,NA,NA,ORANGE,WESTMINSTER,-118.00696,33.74246855
8097783,2016,2016-08-17,3002,2016-07-08,1322,1643,B212,5,5,4,3002,0,0,0,NA,0,013,BIRCH ST,STATE COLLEGE BL,600,W,N,A,-,N,NA,NA,NA,NA,NA,NA,NA,NA,NA,Y,4,0,2,2,A,-,09,21804,A,N,D,C,A,A,H,-,A,A,0,NA,NA,NA,NA,Y,NA,A,01,0,0,2,0,0,0,0,0,0,-,-,NA,NA,ORANGE,BREA,-117.88495258,33.9178594
8098378,2016,2016-08-05,3015,2016-06-27,1618,1522,16E,1,5,6,3015,0,0,0,NA,0,331,NORTH TUSTIN ST,E MAYFAIR AV,220,S,N,A,-,N,NA,NA,NA,NA,NA,NA,NA,NA,NA,N,4,0,1,2,A,-,03,22350,NA,N,C,C,A,A,H,-,A,A,0,NA,NA,NA,NA,Y,NA,A,01,0,0,1,0,0,0,0,0,0,-,-,NA,NA,ORANGE,ORANGE,-117.83566942,33.79843696
8098587,2016,2016-08-05,3019,2016-07-18,1332,2875,NE,1,5,7,3019,0,0,0,NA,0,002,MAIN ST,EDGEWOOD RD,0,NA,Y,A,-,N,NA,NA,NA,NA,NA,NA,NA,NA,NA,N,3,0,4,3,A,-,12,21453,A,N,D,C,A,A,H,-,A,A,0,NA,NA,NA,NA,Y,NA,A,01,0,2,2,0,0,0,0,0,0,-,-,33.7691,-117.86732,ORANGE,SANTA ANA,-117.86749006,33.76932001
8100456,2016,2016-08-12,3000,2016-07-05,1928,7734,892-E,2,5,5,3028,0,0,0,NA,0,752,MARGUERITE PKWY,OLYMPIAD RD,37,N,N,A,-,N,NA,NA,NA,NA,NA,NA,NA,NA,NA,Y,3,0,1,2,A,-,03,22350,NA,N,C,C,A,A,H,-,A,A,0,NA,NA,NA,NA,Y,NA,A,01,0,1,0,0,0,0,0,0,0,-,-,NA,NA,ORANGE,MISSION VIEJO,-117.64440303,33.64125952
8100480,2016,2016-08-12,3000,2016-07-13,0931,5377,971-G,3,5,5,3040,0,0,0,NA,0,741,NIGUEL RD,CAMINO DEL AVION,0,NA,Y,A,-,N,NA,NA,NA,NA,NA,NA,NA,NA,NA,Y,4,0,2,2,A,-,12,21453,A,N,D,C,A,A,H,-,A,A,0,NA,NA,NA,NA,Y,NA,A,01,0,0,2,0,0,0,0,0,0,-,-,NA,NA,ORANGE,LAGUNA NIGUEL,-117.71127004,33.4897701
8100861,2016,2016-08-26,3019,2016-04-19,1228,1291,SOUTH,2,5,7,3019,0,0,0,NA,0,004,DYER RD,GRAND,15,E,N,A,-,N,NA,NA,NA,NA,NA,NA,NA,NA,NA,N,4,0,1,2,A,-,03,22350,NA,N,C,C,A,A,H,-,A,A,0,NA,NA,NA,NA,Y,NA,D,22,0,0,1,0,0,0,0,0,0,-,-,NA,NA,ORANGE,SANTA ANA,-117.85249086,33.70849795
8102961,2016,2016-08-19,3009,2016-07-19,1149,3739,74,2,5,6,3009,0,0,0,NA,0,011,MAGNOLIA ST,ANTHONY,40,S,N,A,-,N,NA,NA,NA,NA,NA,NA,NA,NA,NA,N,4,0,1,2,A,-,06,21755,A,N,B,-,A,A,H,-,A,A,0,NA,NA,NA,NA,Y,NA,A,01,0,0,1,0,0,0,0,0,0,-,-,NA,NA,ORANGE,GARDEN GROVE,-117.97536831,33.77515034
8104050,2016,2016-08-23,3016,2016-08-03,1021,1241,4,3,5,5,3016,0,0,0,NA,0,001,YORBA LINDA BL,PROSPECT AV,35,W,N,A,-,N,NA,NA,NA,NA,NA,NA,NA,NA,NA,Y,3,0,3,2,A,-,03,22350,NA,N,C,C,A,A,H,-,A,A,0,NA,NA,NA,NA,Y,NA,A,07,0,2,1,0,0,0,0,0,0,-,-,33.88847,-117.83794,ORANGE,PLACENTIA,-117.83810503,33.88843858
8104438,2016,2016-08-23,3002,2016-08-10,1200,1630,425W,3,5,4,3002,0,0,0,NA,0,011,LAMBERT RD,PUENTE ST,593,E,N,A,-,N,NA,NA,NA,NA,NA,NA,NA,NA,NA,Y,3,0,1,2,A,-,01,23152,E,M,D,C,A,A,H,-,A,D,0,NA,NA,NA,NA,Y,NA,D,22,0,1,0,0,0,0,0,0,0,-,-,NA,NA,ORANGE,BREA,-117.91367981,33.92463
8104789,2016,2016-10-13,3004,2016-08-04,1558,P429,22,4,5,6,3004,0,0,0,NA,0,015,NEWPORT BL,WEST BAKER ST,0,NA,Y,A,-,N,NA,NA,NA,NA,NA,NA,NA,NA,NA,Y,4,0,4,2,A,-,12,21453,A,N,D,C,A,A,H,-,A,A,0,NA,NA,NA,NA,Y,NA,A,01,0,0,4,0,0,0,0,0,0,-,-,33.4048,-117.5248,ORANGE,COSTA MESA,-117.87881,33.679719
8104833,2016,2016-08-24,3008,2016-07-12,2344,1526,2,2,5,6,3008,0,0,0,NA,0,NA,ORANGETHORPE AV,HIGHLAND AV,0,NA,Y,A,-,N,NA,NA,NA,NA,NA,NA,NA,NA,NA,N,4,0,1,2,A,-,09,21801,A,N,D,C,A,A,H,-,C,A,0,NA,NA,NA,NA,Y,NA,A,01,0,0,1,0,0,0,0,0,0,-,-,NA,NA,ORANGE,FULLERTON,-117.92867006,33.85945003
8104837,2016,2016-08-24,3008,2016-07-11,1207,869,NA,1,5,6,3008,0,0,0,NA,0,NA,VALENCIA MESA DR,HARBOR BL,144,E,N,A,-,N,NA,NA,NA,NA,NA,NA,NA,NA,NA,N,4,0,1,2,-,-,-,NA,NA,N,G,B,D,A,H,-,A,D,0,Y,NA,NA,NA,Y,NA,-,-,0,0,1,0,1,0,0,0,0,-,-,NA,NA,ORANGE,FULLERTON,-117.92852,33.89341
8105190,2016,2016-08-26,3007,2016-08-11,1757,300,42,4,5,5,3007,0,0,0,NA,0,001,WARNER,MAGNOLIA,0,NA,Y,A,-,N,NA,NA,NA,NA,NA,NA,NA,NA,NA,N,4,0,1,2,A,-,03,22350,NA,N,C,C,A,A,H,-,A,A,0,NA,NA,NA,NA,Y,Y,D,22,0,0,1,0,0,0,0,0,0,-,-,NA,NA,ORANGE,FOUNTAIN VALLEY,-117.97196008,33.71574002
81057285,2019,2019-08-22,3014,2019-08-05,2040,1539,RD28,1,5,5,3014,0,0,0,NA,0,A2,16TH ST,BABCOCK ST,13,E,N,A,-,N,NA,NA,NA,NA,NA,NA,NA,NA,NA,N,3,0,1,2,A,-,09,21801,A,N,D,C,A,A,H,-,C,D,0,NA,NA,Y,NA,Y,NA,C,03,0,1,0,0,0,0,0,0,1,-,-,33.63249969482422,-117.93399810791016,ORANGE,NEWPORT BEACH,-117.93399810791016,33.632450103759766
81057286,2019,2019-08-22,3014,2019-08-08,1759,1374,RD33,4,5,5,3014,0,0,0,NA,0,A3,JAMBOREE RD,BRISTOL ST S,28,N,N,A,-,N,NA,NA,NA,NA,NA,NA,NA,NA,NA,Y,4,0,1,2,A,-,08,22100,NA,N,A,C,A,A,H,-,A,A,0,NA,NA,NA,NA,Y,NA,A,01,0,0,1,0,0,0,0,0,0,-,-,33.654998779296875,-117.86530303955078,ORANGE,NEWPORT BEACH,-117.86534881591795,33.655006408691406
8106006,2016,2016-08-29,3004,2016-08-13,1224,P603,11,6,5,6,3004,0,0,0,NA,0,012,VICTORIA ST,COLLEGE AV,0,NA,Y,A,-,N,NA,NA,NA,NA,NA,NA,NA,NA,NA,Y,3,0,4,2,A,-,09,21802,A,N,B,C,A,A,H,-,A,A,0,NA,NA,NA,NA,Y,NA,A,01,0,1,3,0,0,0,0,0,0,-,-,33.65257,-117.91618,ORANGE,COSTA MESA,-117.91669003,33.65259008
8106042,2016,2016-08-31,3019,2016-08-13,1628,3371,NE,6,5,7,3019,0,0,0,NA,0,002,ROSS,CIVIC CENTER,6,S,N,A,-,N,NA,NA,NA,NA,NA,NA,NA,NA,NA,Y,4,0,1,2,A,-,09,21801,A,N,B,C,A,A,H,-,A,A,0,NA,NA,NA,NA,Y,NA,D,22,0,0,1,0,0,0,0,0,0,-,-,NA,NA,ORANGE,SANTA ANA,-117.87249,33.75153355
8106046,2016,2016-08-31,3019,2016-08-05,0835,2630,SC,5,5,7,3019,0,0,0,NA,0,004,BRISTOL ST,SEGERSTROM AV,0,NA,Y,A,-,N,NA,NA,NA,NA,NA,NA,NA,NA,NA,Y,4,0,5,4,A,-,12,21453,A,N,D,C,A,A,H,-,A,A,0,NA,NA,NA,NA,Y,NA,A,01,0,0,5,0,0,0,0,0,0,-,-,33.70745,-117.8853,ORANGE,SANTA ANA,-117.88547013,33.70743002
81062800,2019,2019-08-29,3014,2019-08-20,0336,979,RD39,2,5,5,3014,0,0,0,NA,0,A3,SR-1 (E. COAST HWY),NEWPORT CENTER DR,0,NA,Y,A,-,Y,NA,NA,NA,NA,NA,NA,NA,NA,NA,Y,3,0,2,1,A,-,03,22350,NA,N,E,I,A,A,H,-,C,A,0,NA,NA,NA,NA,Y,NA,D,22,0,2,0,0,0,0,0,0,0,-,-,33.607601165771484,-117.87840270996094,ORANGE,NEWPORT BEACH,NA,NA
8107686,2016,2017-02-22,3019,2016-08-02,1418,3438,SE,2,5,7,3019,0,0,0,NA,0,002,DYER RD,GRAND AV,0,NA,Y,A,-,Y,ORA,12,55,-,R,7.851,R,4,N,Y,4,0,1,2,A,-,12,21453,A,N,A,C,A,A,H,-,A,A,0,NA,NA,NA,NA,Y,NA,D,22,0,0,1,0,0,0,0,0,0,-,-,33.70853,-117.85267,ORANGE,SANTA ANA,-117.85206326,33.70832527
8107807,2016,2016-10-20,3019,2016-07-30,1117,2647,SE,6,5,7,3019,0,0,0,NA,0,003,MAIN ST,WALNUT ST,45,N,N,A,-,N,NA,NA,NA,NA,NA,NA,NA,NA,NA,N,4,0,1,2,A,-,03,22350,NA,M,C,C,A,A,H,-,A,D,0,NA,NA,NA,NA,Y,NA,A,07,0,0,1,0,0,0,0,0,0,-,-,33.74428,-117.86746,ORANGE,SANTA ANA,-117.86765,33.74449336
8108044,2016,2016-10-11,3015,2016-07-14,1155,1300,13N,4,5,6,3015,0,0,0,NA,0,0II,S SHAFFER ST,E MORELAND DR,107,S,N,A,-,N,NA,NA,NA,NA,NA,NA,NA,NA,NA,N,4,0,1,2,A,-,17,22517,NA,N,B,G,A,A,H,-,A,D,0,NA,Y,NA,NA,Y,NA,D,22,0,0,1,0,0,0,1,0,0,-,-,NA,NA,ORANGE,ORANGE,-117.84876,33.78688667
8108200,2016,2017-03-03,3014,2016-07-22,0959,1383,RD26,5,5,5,3014,0,0,0,NA,0,0A2,RT 1,TUSTIN AV,420,E,N,A,-,Y,ORA,12,1,-,-,19.33,H,-,S,Y,4,0,1,2,A,-,09,21801,A,N,D,C,A,A,H,-,A,D,0,NA,NA,NA,NA,Y,NA,A,07,0,0,1,0,0,0,0,0,0,-,-,33.6192,-117.9216,ORANGE,NEWPORT BEACH,-117.92168214,33.61907125
8108213,2016,2017-03-03,3000,2016-07-27,1525,2849,862 C,3,5,5,3050,0,0,0,NA,0,903,LAKE FOREST DR,RT 241,0,NA,Y,A,-,Y,ORA,12,241,-,-,22.653,R,4,S,Y,3,0,1,1,A,-,03,22350,NA,N,F,A,A,A,H,-,A,A,0,NA,NA,Y,NA,Y,NA,C,02,0,1,0,0,0,0,0,0,1,-,SF,NA,NA,ORANGE,LAKE FOREST,-117.66386571,33.67286563
8108682,2016,2016-08-26,3019,2016-07-29,1613,3450,SC,5,5,7,3019,0,0,0,NA,0,004,W WARNER,BAKER ST,0,NA,Y,A,-,N,NA,NA,NA,NA,NA,NA,NA,NA,NA,Y,3,0,1,2,A,-,03,22350,NA,N,D,C,A,A,H,-,A,D,0,NA,NA,Y,NA,Y,NA,C,02,0,1,0,0,0,0,0,0,1,-,-,NA,NA,ORANGE,SANTA ANA,-117.88352002,33.71619004
8109010,2016,2016-08-23,3019,2016-08-02,1237,2460,SC,2,5,7,3019,0,0,0,NA,0,002,BRISTOL ST,GARRY AV,190,S,N,A,-,N,NA,NA,NA,NA,NA,NA,NA,NA,NA,Y,4,0,1,2,A,-,07,21658,A,N,D,C,A,A,H,-,A,D,0,NA,NA,NA,NA,Y,NA,A,01,0,0,1,0,0,0,0,0,0,-,-,33.70536,-117.88538,ORANGE,SANTA ANA,-117.88553051,33.70485925
8109044,2016,2016-08-29,3001,2016-08-15,1342,406,NA,1,5,7,3001,0,0,0,NA,0,0D1,LINCOLN AV,GILBERT ST,287,W,N,A,-,N,NA,NA,NA,NA,NA,NA,NA,NA,NA,N,4,0,1,2,A,-,03,22350,NA,N,C,C,A,A,H,-,A,D,0,NA,NA,NA,NA,Y,NA,A,01,0,0,1,0,0,0,0,0,0,-,-,NA,NA,ORANGE,ANAHEIM,-117.96862269,33.83241404
81095005,2019,2019-10-10,3014,2019-09-29,1614,1418,RD68,7,5,5,3014,0,0,0,NA,0,A4,SR-1 (E COAST HWY),CRYSTAL HEIGHTS,1597,W,N,A,-,N,NA,NA,1,NA,NA,NA,NA,NA,NA,Y,3,0,2,2,A,-,09,21804,NA,N,C,C,A,A,H,-,A,D,0,NA,NA,NA,NA,Y,NA,A,07,0,2,0,0,0,0,0,0,0,-,-,33.574501037597656,-117.83920288085938,ORANGE,NEWPORT BEACH,-117.83919525146484,33.57450485229492
8110295,2016,2016-08-31,3009,2016-08-06,0836,4156,117,6,5,6,3009,0,0,0,NA,0,023,LAKE ST,KEEL AV,132,S,N,A,-,N,NA,NA,NA,NA,NA,NA,NA,NA,NA,Y,3,0,2,2,A,-,03,22350,NA,N,F,E,A,A,H,-,A,A,0,NA,NA,NA,NA,Y,NA,A,01,0,2,0,0,0,0,0,0,0,-,-,NA,NA,ORANGE,GARDEN GROVE,-117.94428891,33.7583683
8110377,2016,2016-08-30,3000,2016-08-19,0632,8863,921G1,5,5,4,3045,0,0,0,NA,0,146,PASEO DE VALENCIA,LOS ALISOS,48,S,N,A,-,N,NA,NA,NA,NA,NA,NA,NA,NA,NA,Y,4,0,2,2,D,-,00,NA,NA,N,A,C,A,A,H,-,A,A,0,NA,NA,NA,NA,Y,NA,-,-,0,0,2,0,0,0,0,0,0,-,-,NA,NA,ORANGE,LAGUNA HILLS,-117.70369481,33.60457529
8110808,2016,2016-09-01,3010,2016-08-23,0932,0147,440,2,5,6,3010,0,0,0,NA,0,003,ADAMS AV,DERBYSHIRE,276,E,N,A,-,N,NA,NA,NA,NA,NA,NA,NA,NA,NA,Y,3,0,2,3,A,-,03,22350,NA,N,C,C,A,A,C,-,A,A,0,NA,NA,NA,Y,Y,NA,F,21,0,1,1,0,0,0,0,0,0,-,-,NA,NA,ORANGE,HUNTINGTON BEACH,-117.95896501,33.67254827
8110838,2016,2016-09-01,3001,2016-08-19,2350,415,NA,5,5,7,3001,0,0,0,NA,0,0D1,W LINCOLN AV,NORTH MAGNOLIA AV,96,E,N,A,-,N,NA,NA,NA,NA,NA,NA,NA,NA,NA,Y,4,0,2,2,A,-,03,22350,NA,N,C,C,A,A,H,-,C,A,0,NA,NA,NA,NA,Y,Y,D,22,0,0,2,0,0,0,0,0,0,-,-,NA,NA,ORANGE,ANAHEIM,-117.97567479,33.83227888
8111201,2016,2017-02-28,3001,2016-08-17,2041,415,NA,3,5,7,3001,0,0,0,NA,0,D-1,RT 39,ORANGE AV,130,N,N,A,-,Y,ORA,12,39,-,-,12.2,H,-,S,Y,3,0,3,4,A,-,03,22350,NA,N,C,C,A,A,H,-,C,A,0,NA,NA,NA,NA,Y,NA,A,01,0,2,1,0,0,0,0,0,0,-,-,NA,NA,ORANGE,ANAHEIM,-117.99343713,33.82504554
8111270,2016,2016-08-30,3001,2016-08-19,1158,A1355,NA,5,5,7,3001,0,0,0,NA,0,D-4,EAST SANTA ANA CANYON RD,ANAHEIM HILLS RD,0,NA,Y,A,-,N,NA,NA,NA,NA,NA,NA,NA,NA,NA,Y,3,0,2,2,A,-,12,21453,A,N,D,C,A,A,H,-,A,A,0,NA,NA,NA,NA,Y,NA,A,01,0,1,1,0,0,0,0,0,0,-,-,NA,NA,ORANGE,ANAHEIM,-117.77894007,33.85392003
8111459,2016,2016-09-06,3026,2016-08-11,1321,548,CROSS,4,5,6,3026,0,0,0,NA,0,00C,IRVINE CENTER DR,HEARTHSTONE,39,E,N,A,-,N,NA,NA,NA,NA,NA,NA,NA,NA,NA,N,4,0,1,2,A,-,04,21703,NA,N,C,A,A,A,H,-,A,A,0,NA,NA,NA,NA,Y,NA,E,22,0,0,1,0,0,0,0,0,0,-,-,NA,NA,ORANGE,IRVINE,-117.80134849,33.69744353
81117804,2019,2019-11-12,3014,2019-10-26,1818,1508,RD39,6,5,5,3014,0,0,0,NA,0,A3,MACARTHUR BLVD,SAN JOAQUIN HILLS RD,568,S,N,A,-,N,NA,NA,NA,NA,NA,NA,NA,NA,NA,Y,1,1,0,2,A,-,11,21955,NA,N,G,B,D,A,H,-,B,D,0,Y,NA,NA,NA,Y,NA,N,60,0,0,0,1,0,0,0,0,0,-,-,33.609798431396484,-117.87069702148438,ORANGE,NEWPORT BEACH,-117.86844635009766,33.61362838745117
81117813,2019,2019-11-12,3014,2019-11-02,1630,1508,RD39,6,5,5,3014,0,0,0,NA,0,A3,NEWPORT CENTER DR,SANTA ROSA,250,S,N,A,-,N,NA,NA,NA,NA,NA,NA,NA,NA,NA,Y,3,0,1,1,A,-,03,22350,NA,N,E,I,A,A,H,-,A,D,0,NA,NA,NA,NA,Y,NA,A,01,0,1,0,0,0,0,0,0,0,-,-,33.61629867553711,-117.87229919433594,ORANGE,NEWPORT BEACH,-117.87227630615234,33.616390228271484
8112066,2016,2016-08-31,3004,2016-08-16,0548,P614,35,2,5,6,3004,0,0,0,NA,0,015,FAIR DR,VANGUARD WY,0,NA,Y,A,-,N,NA,NA,NA,NA,NA,NA,NA,NA,NA,N,4,0,1,2,A,-,10,21950,A,N,G,B,B,A,H,-,C,A,0,Y,NA,NA,NA,Y,NA,A,01,0,0,1,0,1,0,0,0,0,-,-,33.6637,-117.9048,ORANGE,COSTA MESA,-117.90473,33.66387006
8112073,2016,2016-08-31,3010,2016-08-16,1937,1122,422,2,5,6,3010,0,0,0,NA,0,005,DELAWARE,YORKTOWN,0,NA,Y,A,-,N,NA,NA,NA,NA,NA,NA,NA,NA,NA,Y,3,0,4,2,A,-,12,21453,A,N,D,C,A,A,H,-,B,A,0,NA,NA,NA,NA,Y,NA,A,01,0,1,3,0,0,0,0,0,0,-,-,NA,NA,ORANGE,HUNTINGTON BEACH,-117.99305004,33.67942012
8112334,2016,2017-02-28,3000,2016-08-06,0150,4535,952F6,6,5,4,3018,0,0,0,NA,0,433,ORTEGA HWY,VIA ERRECARTE,95,W,N,A,-,Y,ORA,12,74,-,-,1.61,H,-,E,Y,4,0,1,2,D,-,00,NA,NA,N,B,C,A,A,H,-,C,D,0,NA,NA,NA,NA,Y,NA,-,-,0,0,1,0,0,0,0,0,0,-,-,NA,NA,ORANGE,SAN JUAN CAPISTRANO,-117.63499976,33.5143705
8112497,2016,2016-09-01,3015,2016-07-26,1712,1386,21W,2,5,6,3015,0,0,0,NA,0,711,LEWIS ST,CITY PKWY WEST,0,NA,Y,A,-,N,NA,NA,NA,NA,NA,NA,NA,NA,NA,Y,3,0,1,2,A,-,09,21802,A,N,D,C,A,A,H,-,A,A,0,NA,NA,NA,NA,Y,NA,A,01,0,1,0,0,0,0,0,0,0,-,-,NA,NA,ORANGE,ORANGE,-117.89746005,33.78297011
81125335,2019,2019-11-21,3014,2019-11-08,0845,1462,RD24,5,5,5,3014,0,0,0,NA,0,A2,SR-1 (COAST HWY.),SUPERIOR AVE,413,E,N,A,-,Y,NA,NA,1,NA,NA,NA,NA,NA,NA,Y,4,0,1,2,A,-,09,21801,A,N,A,C,A,A,H,-,A,D,0,NA,NA,NA,NA,Y,NA,A,01,0,0,1,0,0,0,0,0,0,-,-,33.62229919433594,-117.9376983642578,ORANGE,NEWPORT BEACH,-117.93768310546876,33.62234878540039
8113054,2016,2017-02-22,3014,2016-08-13,1553,1395,RD26,6,5,5,3014,0,0,0,NA,0,0A2,RT 1,TUSTIN AV,59,E,N,A,-,Y,ORA,12,1,-,-,19.4,H,-,S,Y,2,0,1,4,A,-,03,22350,NA,N,B,C,A,A,H,-,A,A,0,NA,NA,Y,NA,Y,NA,C,02,1,0,0,0,0,0,0,0,1,-,-,33.6195,-117.9226,ORANGE,NEWPORT BEACH,-117.92277171,33.61957188
8113404,2016,2016-09-08,3008,2016-07-20,1149,1431,NA,3,5,6,3008,0,0,0,NA,0,Z 2,HARBOR BL,COMMONWEALTH AV,0,NA,Y,A,-,N,NA,NA,NA,NA,NA,NA,NA,NA,NA,N,4,0,2,2,A,-,09,21801,A,N,D,C,A,A,H,-,A,A,0,NA,NA,NA,NA,Y,NA,A,01,0,0,2,0,0,0,0,0,0,-,-,NA,NA,ORANGE,FULLERTON,-117.92431012,33.87036001
8114484,2016,2016-09-09,3009,2016-08-18,1526,3397,74,4,5,6,3009,0,0,0,NA,0,011,GARDEN GROVE BL,JOSEPHINE,171,E,N,A,-,N,NA,NA,NA,NA,NA,NA,NA,NA,NA,N,4,0,1,2,A,-,08,22107,NA,N,B,C,A,A,H,-,A,D,0,NA,NA,NA,NA,Y,NA,A,07,0,0,1,0,0,0,0,0,0,-,-,NA,NA,ORANGE,GARDEN GROVE,-117.9790586,33.77395099
81144939,2019,2019-12-17,3014,2019-12-05,1219,1146,RD13,4,5,5,3014,0,0,0,NA,0,A1,WEST BALBOA BL,8TH ST,0,NA,Y,A,-,N,NA,NA,NA,NA,NA,NA,NA,NA,NA,Y,3,0,1,2,A,-,09,21801,A,N,D,C,A,A,H,-,A,D,0,NA,NA,Y,NA,Y,NA,A,01,0,1,0,0,0,0,0,0,1,-,-,33.604698181152344,-117.91049957275392,ORANGE,NEWPORT BEACH,-117.91058349609376,33.60464096069336
81149805,2019,2019-12-23,3024,2019-11-18,1955,383,P-11,1,5,5,3024,0,0,0,NA,0,WEST,WESTMINSTER BOULEVARD,LOCUST STREET (W),30,W,N,A,-,N,NA,NA,NA,NA,NA,NA,NA,NA,NA,N,3,0,1,2,A,-,11,21954,A,N,G,B,D,A,H,-,C,A,0,Y,NA,NA,NA,Y,Y,N,60,0,1,0,0,1,0,0,0,0,-,-,33.758670806884766,-118.0078125,ORANGE,WESTMINSTER,-118.00531768798828,33.75914001464844
8115387,2016,2016-09-27,3003,2016-08-12,1236,1124,57,5,5,5,3003,0,0,0,NA,0,003,BEACH BL,ORANGETHORPE AV,20,S,N,A,-,N,NA,NA,39,NA,NA,NA,NA,NA,NA,N,3,0,1,2,A,-,11,21456,B,F,G,B,B,A,H,-,A,A,0,Y,NA,NA,NA,Y,NA,N,60,0,1,0,0,1,0,0,0,0,-,-,33.8589,-117.9976,ORANGE,BUENA PARK,-117.99796667,33.85826702
81162339,2019,2020-01-09,3014,2019-12-21,2152,1421,RD26,6,5,5,3014,0,0,0,NA,0,A2,W. COAST HWY (SR-1),DOVER DR,1317,W,N,A,-,N,NA,NA,1,NA,NA,NA,NA,NA,NA,Y,2,0,1,2,A,-,11,21954,A,N,G,B,D,A,H,-,C,D,0,Y,NA,NA,NA,Y,Y,N,60,1,0,0,0,1,0,0,0,0,-,-,33.61579895019531,-117.91169738769533,ORANGE,NEWPORT BEACH,-117.91170501708984,33.61591339111328
81175663,2019,2020-01-29,3024,2019-12-14,1254,467,NA,6,5,5,3024,0,0,0,NA,0,NA,BEACH BOULEVARD (SR 39),WESTMINSTER BOULEVARD,35,N,N,A,-,Y,NA,NA,NA,NA,NA,NA,NA,NA,NA,N,4,0,1,2,A,-,03,22350,NA,N,C,C,A,A,H,-,A,A,0,NA,NA,NA,NA,Y,NA,A,01,0,0,1,0,0,0,0,0,0,-,-,33.75859069824219,-117.9922332763672,ORANGE,WESTMINSTER,-117.98977661132813,33.759376525878906
8118096,2016,2016-09-09,3009,2016-08-19,1019,4087,92,5,5,6,3009,0,0,0,NA,0,1-2,CHAPMAN,COVEY WY,0,NA,Y,A,-,N,NA,NA,NA,NA,NA,NA,NA,NA,NA,N,3,0,2,2,D,-,00,NA,NA,N,-,C,A,A,H,-,A,A,0,NA,NA,NA,NA,Y,NA,-,-,0,1,1,0,0,0,0,0,0,-,-,NA,NA,ORANGE,GARDEN GROVE,-117.96094001,33.78865007
81185800,2020,2020-02-13,3024,2020-01-07,1358,468,P-08,2,5,5,3024,0,0,0,NA,0,WEST,SPRINGDALE STREET,ROUTE 405 S/B OFFRAMP (N),0,NA,Y,-,-,N,NA,NA,NA,NA,NA,NA,NA,NA,NA,N,4,0,1,2,A,-,09,21802,A,N,D,C,A,A,H,-,A,D,0,NA,NA,NA,NA,Y,NA,A,01,0,0,1,0,0,0,0,0,0,-,-,33.76087188720703,-118.0246810913086,ORANGE,WESTMINSTER,-118.024664,33.760873
8119473,2016,2016-09-13,3019,2016-08-29,0750,2859,SC,1,5,7,3019,0,0,0,NA,0,004,MCFADDEN AV,CENTER ST,25,E,N,A,-,N,NA,NA,NA,NA,NA,NA,NA,NA,NA,Y,4,0,4,2,A,-,05,21650,NA,N,B,C,A,A,H,-,A,A,0,NA,NA,NA,NA,Y,NA,A,01,0,0,4,0,0,0,0,0,0,-,-,33.73435,-117.89801,ORANGE,SANTA ANA,-117.89805797,33.73449
8120976,2016,2016-09-16,3000,2016-08-03,1410,1010,893A2,3,5,4,3048,0,0,0,NA,0,766,SANTA MARGARITA PKWY,AVENIDA DE LAS FLORES,0,NA,Y,A,-,N,NA,NA,NA,NA,NA,NA,NA,NA,NA,Y,2,0,1,2,A,-,12,21453,A,N,D,C,A,A,H,-,A,A,0,NA,NA,NA,NA,Y,NA,D,22,1,0,0,0,0,0,0,0,0,-,-,NA,NA,ORANGE,RANCHO SANTA MARGARITA,-117.59860004,33.64355006
8121012,2016,2016-09-16,3000,2016-08-17,1520,8968,797J4,3,5,4,3021,0,0,0,NA,0,023,BRIARWOOD ST,CHAPMAN AV,0,NA,Y,A,-,N,NA,NA,NA,NA,NA,NA,NA,NA,NA,N,4,0,1,2,A,-,05,21650,1,N,G,G,A,A,H,-,A,D,0,NA,Y,NA,NA,Y,NA,L,04,0,0,1,0,0,0,1,0,0,-,-,NA,NA,ORANGE,STANTON,-117.98638007,33.78842005