CASE_ID,ACCIDENT_YEAR,PROC_DATE,JURIS,COLLISION_DATE,COLLISION_TIME,OFFICER_ID,REPORTING_DISTRICT,DAY_OF_WEEK,CHP_SHIFT,POPULATION,CNTY_CITY_LOC,SPECIAL_COND,BEAT_TYPE,CHP_BEAT_TYPE,CITY_DIVISION_LAPD,CHP_BEAT_CLASS,BEAT_NUMBER,PRIMARY_RD,SECONDARY_RD,DISTANCE,DIRECTION,INTERSECTION,WEATHER_1,WEATHER_2,STATE_HWY_IND,CALTRANS_COUNTY,CALTRANS_DISTRICT,STATE_ROUTE,ROUTE_SUFFIX,POSTMILE_PREFIX,POSTMILE,LOCATION_TYPE,RAMP_INTERSECTION,SIDE_OF_HWY,TOW_AWAY,COLLISION_SEVERITY,NUMBER_KILLED,NUMBER_INJURED,PARTY_COUNT,PRIMARY_COLL_FACTOR,PCF_CODE_OF_VIOL,PCF_VIOL_CATEGORY,PCF_VIOLATION,PCF_VIOL_SUBSECTION,HIT_AND_RUN,TYPE_OF_COLLISION,MVIW,PED_ACTION,ROAD_SURFACE,ROAD_COND_1,ROAD_COND_2,LIGHTING,CONTROL_DEVICE,CHP_ROAD_TYPE,PEDESTRIAN_ACCIDENT,BICYCLE_ACCIDENT,MOTORCYCLE_ACCIDENT,TRUCK_ACCIDENT,NOT_PRIVATE_PROPERTY,ALCOHOL_INVOLVED,STWD_VEHTYPE_AT_FAULT,CHP_VEHTYPE_AT_FAULT,COUNT_SEVERE_INJ,COUNT_VISIBLE_INJ,COUNT_COMPLAINT_PAIN,COUNT_PED_KILLED,COUNT_PED_INJURED,COUNT_BICYCLIST_KILLED,COUNT_BICYCLIST_INJURED,COUNT_MC_KILLED,COUNT_MC_INJURED,PRIMARY_RAMP,SECONDARY_RAMP,LATITUDE,LONGITUDE,COUNTY,CITY,POINT_X,POINT_Y
81606087,2021,2021-10-26,3008,2021-09-12,1239,1548,Zone,7,5,6,3008,0,0,0,NA,0,NA,CHAPMAN AVE,GORDON LN,13,W,N,A,-,N,NA,NA,NA,NA,NA,NA,NA,NA,NA,Y,3,0,1,1,A,-,01,23152,A,N,E,I,A,A,H,-,A,D,0,NA,NA,NA,NA,Y,NA,A,01,0,1,0,0,0,0,0,0,0,-,-,NA,NA,ORANGE,FULLERTON,-117.89684295654295,33.87417984008789
81607080,2021,2021-10-27,3015,2021-10-19,1925,1250,RD54,2,5,6,3015,0,0,0,NA,0,711M,CHAPMAN AVE,KATHLEEN LN,38,W,N,A,-,N,NA,NA,NA,NA,NA,NA,NA,NA,NA,Y,4,0,1,2,A,-,03,22350,NA,N,C,C,A,A,H,-,C,D,0,NA,NA,NA,NA,Y,NA,A,07,0,0,1,0,0,0,0,0,0,-,-,33.78778839111328,-117.82115173339844,ORANGE,ORANGE,-117.82137298583984,33.78779983520508
81607101,2021,2021-10-27,3001,2021-10-24,0056,A1047,NA,7,5,7,3001,0,0,0,NA,0,D-4,SANTA ANA CANYON ROAD,ANAHEIM HILLS ROAD,895,E,N,A,-,N,NA,NA,NA,NA,NA,NA,NA,NA,NA,Y,3,0,1,1,A,-,05,21651,A,N,E,I,A,A,H,-,D,D,0,NA,NA,NA,NA,Y,NA,A,01,0,1,0,0,0,0,0,0,0,-,-,33.85396957397461,-117.77899932861328,ORANGE,ANAHEIM,-117.77635955810548,33.85509490966797
81608240,2021,2021-10-28,3010,2021-10-20,1333,3042,149,3,5,6,3010,0,0,0,NA,0,009,GOLDENWEST ST,EDINGER AVE,325,N,N,A,-,N,NA,NA,NA,NA,NA,NA,NA,NA,NA,Y,3,0,2,3,A,-,09,21801,A,N,D,C,A,A,H,-,A,D,0,NA,NA,NA,NA,Y,NA,A,01,0,1,1,0,0,0,0,0,0,-,-,33.72914123535156,-118.00653839111328,ORANGE,HUNTINGTON BEACH,-118.0067901611328,33.73099136352539
81610417,2021,2021-10-29,3001,2021-10-27,1504,A2382,NA,3,5,7,3001,0,0,0,NA,0,D-2,EAST STREET,BALSAM AVENUE,86,S,N,A,-,N,NA,NA,NA,NA,NA,NA,NA,NA,NA,Y,3,0,1,1,A,-,01,23152,A,N,E,I,A,A,H,-,A,D,0,NA,NA,NA,NA,Y,Y,A,01,0,1,0,0,0,0,0,0,0,-,-,33.85049057006836,-117.9066162109375,ORANGE,ANAHEIM,-117.90658569335938,33.85002136230469
81611286,2021,2021-11-01,3019,2021-09-10,0737,2875,WE,5,5,7,3019,0,0,0,NA,0,001,CIVIC CENTER DRIVE,BAKER STREET,0,NA,Y,A,-,N,NA,NA,NA,NA,NA,NA,NA,NA,NA,Y,4,0,1,2,A,-,12,21453,A,N,D,C,A,A,H,-,A,A,0,NA,NA,NA,NA,Y,NA,A,01,0,0,1,0,0,0,0,0,0,-,-,33.75088882446289,-117.88282012939452,ORANGE,SANTA ANA,-117.8827896118164,33.75151062011719
81611990,2021,2021-11-01,3014,2021-10-19,0903,1435,RD47,2,5,5,3014,0,0,0,NA,0,A4,SAN JOAQUIN HILLS RD,SAN MIGUEL DR,0,NA,Y,A,-,N,NA,NA,NA,NA,NA,NA,NA,NA,NA,Y,3,0,2,2,A,-,12,21453,A,N,D,C,A,A,H,-,A,A,0,NA,NA,NA,NA,Y,NA,D,22,0,2,0,0,0,0,0,0,0,-,-,33.61206817626953,-117.8651123046875,ORANGE,NEWPORT BEACH,-117.86544036865234,33.611976623535156
81611993,2021,2021-11-01,3014,2021-10-17,1655,1527,RD39,7,5,5,3014,0,0,0,NA,0,A3,SR-1 (E. COAST HWY),NEWPORT CENTER DR,190,W,N,A,-,N,NA,NA,NA,NA,NA,NA,NA,NA,NA,N,2,0,1,1,A,-,03,22350,NA,N,H,A,A,A,H,-,A,D,0,NA,Y,NA,NA,Y,NA,L,04,1,0,0,0,0,0,1,0,0,-,-,33.60818862915039,-117.87918853759766,ORANGE,NEWPORT BEACH,-117.87920379638672,33.60808563232422
81614122,2021,2021-11-03,3001,2021-10-21,1926,A2545,NA,4,5,7,3001,0,0,0,NA,0,NA,ORANGE AVENUE,VALLEY STREET,0,NA,Y,A,-,N,NA,NA,NA,NA,NA,NA,NA,NA,NA,Y,4,0,2,2,A,-,09,21802,A,N,D,C,A,A,H,-,C,D,0,NA,NA,NA,NA,Y,NA,A,01,0,0,2,0,0,0,0,0,0,-,-,33.82490158081055,-117.95612335205078,ORANGE,ANAHEIM,-117.95628356933594,33.8250617980957
81614142,2021,2021-11-03,3001,2021-10-31,1908,A2092,D-2,7,5,7,3001,0,0,0,NA,0,023,ORANGETHORPE AVENUE,LEMON STREET,0,NA,Y,A,-,N,NA,NA,NA,NA,NA,NA,NA,NA,NA,Y,4,0,3,2,A,-,09,21804,A,N,D,C,A,A,H,-,C,D,0,NA,NA,NA,NA,Y,NA,A,01,0,0,3,0,0,0,0,0,0,-,-,33.85948181152344,-117.91961669921876,ORANGE,ANAHEIM,-117.91986846923828,33.85951232910156
81614196,2021,2021-11-03,3019,2021-09-17,1138,3424,SE,5,5,7,3019,0,0,0,NA,0,001,MCFADDEN AVENUE,ORANGE AVENUE,0,NA,Y,A,-,N,NA,NA,NA,NA,NA,NA,NA,NA,NA,Y,3,0,3,2,A,-,12,21453,A,N,D,C,A,A,H,-,A,A,0,NA,NA,NA,NA,Y,NA,A,07,0,1,2,0,0,0,0,0,0,-,-,33.73276901245117,-117.8655014038086,ORANGE,SANTA ANA,-117.86515045166016,33.73368453979492
8161420,2016,2016-11-10,3019,2016-10-23,0736,3384,WE,7,5,7,3019,0,0,0,NA,0,002,W MEMORY LN,PACIFIC AV,159,W,N,A,-,N,NA,NA,NA,NA,NA,NA,NA,NA,NA,Y,3,0,2,2,A,-,09,21804,A,N,D,C,A,A,H,-,A,D,0,NA,NA,NA,NA,Y,NA,A,01,0,1,1,0,0,0,0,0,0,-,-,NA,NA,ORANGE,SANTA ANA,-117.88672351,33.773267
81615466,2021,2021-11-04,3019,2021-09-15,0816,2771,SC,3,5,7,3019,0,0,0,NA,0,004,RAITT STREET,ELDER AVENUE,50,S,N,A,-,N,NA,NA,NA,NA,NA,NA,NA,NA,NA,N,3,0,2,2,A,-,03,22350,NA,N,C,C,A,A,H,-,A,D,0,NA,NA,NA,NA,Y,NA,A,01,0,1,1,0,0,0,0,0,0,-,-,33.72919845581055,-117.89401245117188,ORANGE,SANTA ANA,-117.89402770996094,33.72921371459961
81615590,2021,2021-11-04,3019,2021-09-24,2142,3574,SC,5,5,7,3019,0,0,0,NA,0,004,1ST STREET,RAITT STREET,0,NA,Y,A,-,N,NA,NA,NA,NA,NA,NA,NA,NA,NA,Y,3,0,1,4,A,-,12,21453,A,N,D,C,A,A,H,-,C,A,0,NA,NA,NA,NA,Y,NA,A,08,0,1,0,0,0,0,0,0,0,-,-,33.74530029296875,-117.89309692382813,ORANGE,SANTA ANA,-117.89315032958984,33.745399475097656
81615616,2021,2021-11-04,3019,2021-09-26,0600,3549,SE,7,5,7,3019,0,0,0,NA,0,003,DYER ROAD,RED HILL AVENUE,200,W,N,A,-,N,NA,NA,NA,NA,NA,NA,NA,NA,NA,N,3,0,1,2,A,-,09,21804,A,F,G,B,C,A,H,-,A,D,0,Y,NA,NA,NA,Y,Y,D,22,0,1,0,0,1,0,0,0,0,-,-,33.70542907714844,-117.84349822998048,ORANGE,SANTA ANA,-117.84382629394533,33.70588684082031
81615650,2021,2021-11-04,3019,2021-10-01,1700,3677,SC,5,5,7,3019,0,0,0,NA,0,004,FLOWER STREET,HIGHLAND STREET,8,S,N,A,-,N,NA,NA,NA,NA,NA,NA,NA,NA,NA,N,4,0,1,2,A,-,03,22350,NA,N,C,C,A,A,H,-,A,A,0,NA,NA,NA,NA,Y,NA,A,01,0,0,1,0,0,0,0,0,0,-,-,33.73651123046875,-117.8767318725586,ORANGE,SANTA ANA,-117.87644958496094,33.73701858520508
81615762,2021,2021-11-04,3024,2021-10-01,0745,329,P-25,5,5,5,3024,0,0,0,NA,0,EAST,BEACH BOULEVARD (SR 39),BOLSA AVENUE,88,N,N,A,-,Y,NA,NA,NA,NA,NA,NA,NA,NA,NA,Y,4,0,1,2,A,-,09,21453,B,N,D,C,A,A,H,-,A,A,0,NA,NA,NA,NA,Y,NA,A,01,0,0,1,0,0,0,0,0,0,-,-,NA,NA,ORANGE,WESTMINSTER,-117.98938751220705,33.74495315551758
81616873,2021,2021-11-05,3019,2021-10-03,1058,3327,SE,7,5,7,3019,0,0,0,NA,0,003,MACARTHUR PLACE,FIRST AMERICAN WAY,100,S,N,A,-,N,NA,NA,NA,NA,NA,NA,NA,NA,NA,Y,3,0,1,1,A,-,01,23152,A,N,E,I,A,A,H,-,A,D,0,NA,NA,NA,NA,Y,Y,A,01,0,1,0,0,0,0,0,0,0,-,-,33.70124053955078,-117.86165618896484,ORANGE,SANTA ANA,-117.86553955078124,33.70074462890625
81616947,2021,2021-11-05,3019,2021-10-14,1437,3553,NE,4,5,7,3019,0,0,0,NA,0,002,BROADWAY,1ST STREET,0,NA,Y,A,-,N,NA,NA,NA,NA,NA,NA,NA,NA,NA,N,4,0,1,2,A,-,09,21802,A,N,D,C,A,A,H,-,A,D,0,NA,NA,NA,NA,Y,NA,A,07,0,0,1,0,0,0,0,0,0,-,-,33.74468994140625,-117.8698501586914,ORANGE,SANTA ANA,-117.86972045898438,33.745418548583984
81619622,2021,2021-11-09,3019,2021-09-25,1844,3638,NE,6,5,7,3019,0,0,0,NA,0,002,4TH STREET,MABURY STREET,0,NA,Y,-,-,N,NA,NA,NA,NA,NA,NA,NA,NA,NA,N,4,0,1,2,A,-,12,21453,A,N,D,C,A,A,H,-,B,A,0,NA,NA,NA,NA,Y,NA,-,-,0,0,1,0,0,0,0,0,0,-,-,33.74802017211914,-117.84403228759766,ORANGE,SANTA ANA,-117.84384155273438,33.74805450439453
81619635,2021,2021-11-09,3019,2021-10-15,2003,3518,WE,5,5,7,3019,0,0,0,NA,0,001,FAIRVIEW STREET,AVALON AVENUE,70,S,N,A,-,N,NA,NA,NA,NA,NA,NA,NA,NA,NA,Y,2,0,1,2,A,-,08,22107,NA,N,B,C,A,A,H,-,C,D,0,NA,NA,NA,NA,Y,NA,D,22,1,0,0,0,0,0,0,0,0,-,-,33.76517105102539,-117.90264129638672,ORANGE,SANTA ANA,-117.90290069580078,33.76530838012695
81621206,2021,2021-11-10,3019,2021-10-19,0750,2307,SE,2,5,7,3019,0,0,0,NA,0,003,COLUMBINE AVENUE,BIRCH STREET (S),0,NA,Y,A,-,N,NA,NA,NA,NA,NA,NA,NA,NA,NA,N,3,0,1,2,A,-,09,21802,A,N,G,B,D,A,H,-,A,D,0,Y,NA,NA,NA,Y,NA,A,01,0,1,0,0,1,0,0,0,0,-,-,33.70212173461914,-117.87127685546876,ORANGE,SANTA ANA,-117.87166595458984,33.70283126831055
81622847,2021,2021-11-12,3002,2021-10-14,0843,1646,NA,4,5,4,3002,0,0,0,NA,0,014,ELM ST,POPLAR AV,94,E,N,A,-,N,NA,NA,NA,NA,NA,NA,NA,NA,NA,N,3,0,1,2,A,-,11,21950,B,N,G,B,E,A,H,-,A,D,0,Y,NA,NA,NA,Y,NA,N,60,0,1,0,0,1,0,0,0,0,-,-,33.91035842895508,-117.89481353759766,ORANGE,BREA,-117.89453125,33.910255432128906
81623751,2021,2021-11-15,3024,2021-09-13,1643,505,P-05,1,5,5,3024,0,0,0,NA,0,WEST,BEACH BOULEVARD (SR 39),TRASK AVENUE,35,N,N,A,-,Y,NA,NA,39,NA,NA,NA,NA,NA,NA,N,4,0,1,3,A,-,03,22350,NA,F,C,C,A,A,H,-,A,A,0,NA,NA,NA,NA,Y,NA,A,07,0,0,1,0,0,0,0,0,0,-,-,33.76628875732422,-117.98989868164063,ORANGE,WESTMINSTER,-117.98988342285156,33.76629638671875
8162481,2016,2016-12-12,3026,2016-10-21,1338,4991,NA,5,5,6,3026,0,0,0,NA,0,00U,JAMBOREE RD,RT 405,110,N,N,A,-,N,NA,NA,NA,NA,NA,NA,NA,NA,NA,Y,4,0,2,2,A,-,03,22350,NA,N,C,C,A,A,H,-,A,D,0,NA,NA,NA,NA,Y,NA,A,01,0,0,2,0,0,0,0,0,0,-,NF,NA,NA,ORANGE,IRVINE,-117.84348,33.67689
81625440,2021,2021-11-16,3019,2021-10-30,1351,3424,SE,6,5,7,3019,0,0,0,NA,0,003,FLOWER STREET,DYER ROAD,0,NA,Y,A,-,N,NA,NA,NA,NA,NA,NA,NA,NA,NA,Y,3,0,2,2,A,-,09,21801,A,N,D,C,A,A,H,-,A,D,0,NA,NA,NA,NA,Y,NA,A,01,0,1,1,0,0,0,0,0,0,-,-,33.70951843261719,-117.87661743164063,ORANGE,SANTA ANA,-117.87683868408205,33.709598541259766
81626573,2021,2021-11-17,3022,2021-10-28,1747,1154,North,4,5,5,3022,0,0,0,NA,0,NA,RED HILL AV,NISSON RD,0,NA,Y,A,-,N,NA,NA,NA,NA,NA,NA,NA,NA,NA,N,4,0,2,2,A,-,12,21453,A,N,D,C,A,A,H,-,C,A,0,NA,NA,NA,NA,Y,NA,A,01,0,0,2,0,0,0,0,0,0,-,-,33.73271179199219,-117.81609344482422,ORANGE,TUSTIN,-117.81621551513672,33.73273849487305
81626587,2021,2021-11-17,3015,2021-11-04,0911,1419,NA,4,5,6,3015,0,0,0,NA,0,722M,TUSTIN ST,WALNUT AVE,0,NA,Y,A,-,N,NA,NA,NA,NA,NA,NA,NA,NA,NA,Y,3,0,1,2,A,-,12,21453,A,N,D,C,A,A,H,-,A,A,0,NA,NA,NA,NA,Y,NA,A,01,0,1,0,0,0,0,0,0,0,-,-,NA,NA,ORANGE,ORANGE,-117.835693359375,33.79503631591797
81630008,2021,2021-11-19,3019,2021-09-29,2000,2875,SC,3,5,7,3019,0,0,0,NA,0,004,RAITT STREET,WILLITS STREET,0,NA,Y,A,-,N,NA,NA,NA,NA,NA,NA,NA,NA,NA,N,4,0,1,2,D,-,00,NA,NA,N,D,C,A,A,H,-,C,A,0,NA,NA,NA,NA,Y,NA,-,-,0,0,1,0,0,0,0,0,0,-,-,33.73981857299805,-117.89389801025392,ORANGE,SANTA ANA,-117.89380645751952,33.73989486694336
81632956,2021,2021-11-23,3014,2021-11-02,1616,1555,RD33,2,5,5,3014,0,0,0,NA,0,A3,IRVINE AVE,ORCHARD DR,589,S,N,A,-,N,NA,NA,NA,NA,NA,NA,NA,NA,NA,N,4,0,1,3,A,-,03,22350,NA,N,E,I,A,A,H,-,A,D,0,NA,NA,NA,NA,Y,NA,A,01,0,0,1,0,0,0,0,0,0,-,-,33.65980911254883,-117.88076019287108,ORANGE,NEWPORT BEACH,-117.88050079345705,33.659847259521484
8163397,2016,2016-11-21,3010,2016-10-31,0831,2057,423,1,5,6,3010,0,0,0,NA,0,003,NEWLAND,MILFORD CIR,592,S,N,A,-,N,NA,NA,NA,NA,NA,NA,NA,NA,NA,N,4,0,1,2,A,-,08,22100,B,N,D,C,A,A,H,-,A,D,0,NA,NA,NA,NA,Y,NA,D,22,0,0,1,0,0,0,0,0,0,-,-,NA,NA,ORANGE,HUNTINGTON BEACH,-117.98009,33.68432687
81635345,2021,2021-11-25,3007,2021-09-12,1145,322,73,7,5,5,3007,0,0,0,NA,0,003,MAGNOLIA STREET,GARFIELD AVENUE,0,NA,Y,A,-,N,NA,NA,NA,NA,NA,NA,NA,NA,NA,N,3,0,1,2,A,-,12,21453,NA,N,D,G,A,A,H,-,A,A,0,NA,Y,NA,NA,Y,NA,A,07,0,1,0,0,0,0,1,0,0,-,-,NA,NA,ORANGE,FOUNTAIN VALLEY,-117.97145080566406,33.68680953979492
81635381,2021,2021-11-26,3001,2021-11-16,2053,A2467,D-4,2,5,7,3001,0,0,0,NA,0,D-4,LA PALMA AVENUE,RICHFIELD ROAD,0,NA,Y,A,-,N,NA,NA,NA,NA,NA,NA,NA,NA,NA,Y,4,0,1,2,A,-,09,21801,A,N,D,C,A,A,H,-,C,A,0,NA,NA,NA,NA,Y,NA,A,01,0,0,1,0,0,0,0,0,0,-,-,33.85702896118164,-117.82525634765624,ORANGE,ANAHEIM,-117.82595825195313,33.85933303833008
81635389,2021,2021-11-26,3001,2021-11-24,0159,A1128,D-4,3,5,7,3001,0,0,0,NA,0,D-4,LA PALMA AVENUE,IMPERIAL HIGHWAY (E),342,E,N,A,-,N,NA,NA,NA,NA,NA,NA,NA,NA,NA,Y,4,0,1,1,A,-,01,23152,A,N,E,I,A,A,H,-,C,D,0,NA,NA,NA,NA,Y,Y,A,01,0,0,1,0,0,0,0,0,0,-,-,33.87200927734375,-117.76251220703124,ORANGE,ANAHEIM,-117.79118347167967,33.859806060791016
81635619,2021,2021-11-26,3007,2021-09-11,0621,247,15,6,5,5,3007,0,0,0,NA,0,001,EDINGER,WARD,0,NA,Y,A,-,N,NA,NA,NA,NA,NA,NA,NA,NA,NA,Y,1,1,0,2,A,-,12,21453,A,F,G,B,B,A,H,-,A,A,0,Y,NA,NA,NA,Y,NA,-,99,0,0,0,1,0,0,0,0,0,-,-,NA,NA,ORANGE,FOUNTAIN VALLEY,-117.9459991455078,33.73072052001953
81636013,2021,2021-11-29,3022,2021-11-12,0805,1323,NA,5,5,5,3022,0,0,0,NA,0,NA,BROWNING AV,PARKVIEW WY,0,NA,Y,A,-,N,NA,NA,NA,NA,NA,NA,NA,NA,NA,Y,3,0,2,2,A,-,09,21801,A,N,D,C,A,A,H,-,A,D,0,NA,NA,NA,NA,Y,NA,A,07,0,1,1,0,0,0,0,0,0,-,-,33.73265075683594,-117.80458068847656,ORANGE,TUSTIN,-117.80458831787108,33.73305130004883
81636129,2021,2021-11-29,3007,2021-08-17,2310,313,17,2,5,5,3007,0,0,0,NA,0,002,EDINGER,LOS GATOS ST,400,W,N,A,-,N,NA,NA,NA,NA,NA,NA,NA,NA,NA,Y,4,0,2,3,A,-,08,22107,NA,N,C,E,A,A,H,-,D,D,0,NA,NA,NA,NA,Y,NA,A,07,0,0,2,0,0,0,0,0,0,-,-,NA,NA,ORANGE,FOUNTAIN VALLEY,-117.94303894042967,33.730812072753906
81637813,2021,2021-11-30,3008,2021-10-13,1139,1407,NA,3,5,6,3008,0,0,0,NA,0,NA,IMPERIAL HWY,BONITA PL,0,NA,Y,A,-,N,NA,NA,NA,NA,NA,NA,NA,NA,NA,Y,4,0,1,2,A,-,12,21453,A,N,D,C,A,A,H,-,A,A,0,NA,NA,NA,NA,Y,NA,D,22,0,0,1,0,0,0,0,0,0,-,-,NA,NA,ORANGE,FULLERTON,-117.92740631103516,33.917327880859375
81638855,2021,2021-12-01,3001,2021-11-21,1209,A1508,D-1,7,5,7,3001,0,0,0,NA,0,015,BROOKHURST STREET,SEQUOIA AVENUE,179,S,N,A,-,N,NA,NA,NA,NA,NA,NA,NA,NA,NA,Y,3,0,6,5,A,-,03,22350,NA,M,C,C,A,A,H,-,A,A,0,NA,NA,NA,NA,Y,NA,A,07,0,1,5,0,0,0,0,0,0,-,-,33.84225845336914,-117.9591827392578,ORANGE,ANAHEIM,-117.95909118652344,33.842140197753906
81639048,2021,2021-12-01,3010,2021-11-22,1637,1208,263,1,5,6,3010,0,0,0,NA,0,006,BEACH BL - SR39,TERRY DR,0,NA,Y,A,-,Y,NA,NA,NA,NA,NA,NA,NA,NA,NA,N,4,0,2,2,A,-,03,22350,NA,N,C,C,A,A,H,-,A,A,0,NA,NA,NA,NA,Y,NA,A,01,0,0,2,0,0,0,0,0,0,-,-,33.71908950805664,-117.98931884765624,ORANGE,HUNTINGTON BEACH,-117.98905181884766,33.7193717956543
8163915,2016,2016-11-07,3022,2016-10-14,1249,1285,NA,5,5,5,3022,0,0,0,NA,0,NA,JAMBOREE RD,EDINGER AV,2109,S,N,A,-,N,NA,NA,NA,NA,NA,NA,NA,NA,NA,Y,3,0,1,1,A,-,08,22107,NA,N,E,I,A,A,H,-,A,D,0,NA,NA,NA,NA,Y,NA,A,01,0,1,0,0,0,0,0,0,0,-,-,NA,NA,ORANGE,TUSTIN,-117.81116525,33.70023622
81640642,2021,2021-12-02,3007,2021-07-17,0731,316,43,6,5,5,3007,0,0,0,NA,0,001,MAGNOLIA,SLATER,0,NA,Y,A,-,N,NA,NA,NA,NA,NA,NA,NA,NA,NA,N,4,0,1,2,A,-,10,21950,A,N,G,G,A,A,H,-,A,A,0,NA,Y,NA,NA,Y,NA,A,07,0,0,1,0,0,0,1,0,0,-,-,NA,NA,ORANGE,FOUNTAIN VALLEY,-117.97183990478516,33.708526611328125
81641489,2021,2021-12-03,3001,2021-11-30,0341,A1231,NA,2,5,7,3001,0,0,0,NA,0,D-1,MAGNOLIA AVENUE,BALL ROAD,21,N,N,E,-,N,NA,NA,NA,NA,NA,NA,NA,NA,NA,Y,4,0,1,1,A,-,03,22350,NA,N,E,I,A,B,H,-,C,A,0,NA,NA,NA,NA,Y,NA,A,01,0,0,1,0,0,0,0,0,0,-,-,33.81721878051758,-117.97599792480467,ORANGE,ANAHEIM,-117.97584533691406,33.817657470703125
81642753,2021,2021-12-06,3001,2021-12-01,1617,A2292,D-4,3,5,7,3001,0,0,0,NA,0,D-4,ANAHEIM HILLS ROAD,SANTA ANA CANYON ROAD,0,NA,Y,A,-,N,NA,NA,NA,NA,NA,NA,NA,NA,NA,N,3,0,1,2,A,-,10,21950,A,N,G,B,B,A,H,-,A,A,0,Y,NA,NA,NA,Y,NA,A,01,0,1,0,0,1,0,0,0,0,-,-,33.85396957397461,-117.77899932861328,ORANGE,ANAHEIM,-117.77893829345705,33.85392379760742
81644489,2021,2021-12-06,3014,2021-11-20,0646,1583,RD39,6,5,5,3014,0,0,0,NA,0,A3,SR-1 (E. COAST HWY),CLUBHOUSE DRIVE,1566,W,N,A,-,Y,NA,NA,NA,NA,NA,NA,NA,NA,NA,Y,3,0,1,2,A,-,03,22350,NA,N,C,C,A,A,H,-,A,D,0,NA,NA,NA,NA,Y,NA,A,01,0,1,0,0,0,0,0,0,0,-,-,33.611549377441406,-117.88494110107422,ORANGE,NEWPORT BEACH,-117.88599395751952,33.61202621459961
81644656,2021,2021-12-07,3015,2021-12-02,1724,1250,RD36,4,5,6,3015,0,0,0,NA,0,711M,TUSTIN ST,WILSON AVE,0,NA,Y,A,-,N,NA,NA,NA,NA,NA,NA,NA,NA,NA,Y,4,0,1,2,A,-,09,21801,A,N,D,C,A,A,H,-,C,D,0,NA,NA,NA,NA,Y,NA,D,22,0,0,1,0,0,0,0,0,0,-,-,33.807498931884766,-117.83583068847656,ORANGE,ORANGE,-117.83570861816406,33.807491302490234
81644735,2021,2021-12-07,3008,2021-10-18,1455,1530,Zone,1,5,6,3008,0,0,0,NA,0,NA,CHAPMAN AVE,BERKELEY AVE,20,S,N,A,-,N,NA,NA,NA,NA,NA,NA,NA,NA,NA,Y,3,0,2,2,A,-,12,21453,A,N,A,C,A,A,H,-,A,A,0,NA,NA,NA,NA,Y,NA,A,01,0,1,1,0,0,0,0,0,0,-,-,NA,NA,ORANGE,FULLERTON,-117.91425323486328,33.874019622802734
81647007,2021,2021-12-09,3007,2021-05-21,1334,1161,66,5,5,5,3007,0,0,0,NA,0,003,ELLIS,PACIFIC,11,E,N,A,-,N,NA,NA,NA,NA,NA,NA,NA,NA,NA,Y,4,0,2,2,A,-,09,21802,A,N,D,C,A,A,D,-,A,A,0,NA,NA,NA,Y,Y,NA,A,07,0,0,2,0,0,0,0,0,0,-,-,NA,NA,ORANGE,FOUNTAIN VALLEY,-117.93911743164063,33.69422149658203
81647180,2021,2021-12-09,3010,2021-09-22,1621,0147,442,3,5,6,3010,0,0,0,NA,0,003,BEACH BL - SR39,DRIVEWAY OF NEWLAND CENTER,36,S,N,A,-,Y,NA,NA,NA,NA,NA,NA,NA,NA,NA,Y,1,1,1,2,A,-,09,21801,A,N,D,C,A,A,H,-,A,D,0,NA,NA,Y,NA,Y,NA,A,07,0,0,1,0,0,0,0,1,0,-,-,33.67464828491211,-117.98956298828124,ORANGE,HUNTINGTON BEACH,NA,NA
8164925,2016,2016-11-14,3024,2016-10-29,1515,374,P04,6,5,5,3024,0,0,0,NA,0,WEST,HOOD DR,ESTES CIR,35,W,N,A,-,N,NA,NA,NA,NA,NA,NA,NA,NA,NA,N,3,0,1,2,A,-,08,22107,NA,N,A,E,A,A,H,-,A,D,0,NA,NA,Y,NA,Y,NA,C,03,0,1,0,0,0,0,0,0,1,-,-,NA,NA,ORANGE,WESTMINSTER,-118.00815489,33.77129837
81649571,2021,2021-12-13,3007,2021-04-30,2018,317,24,5,5,5,3007,0,0,0,NA,0,001,BUSHARD,HEIL,0,NA,Y,A,-,N,NA,NA,NA,NA,NA,NA,NA,NA,NA,Y,4,0,1,2,A,-,09,21801,A,N,A,D,A,A,H,-,C,A,0,NA,NA,NA,NA,Y,NA,A,01,0,0,1,0,0,0,0,0,0,-,-,NA,NA,ORANGE,FOUNTAIN VALLEY,-117.96322631835938,33.723331451416016
81650335,2021,2021-12-13,3014,2021-11-10,1737,1572,RD24,3,5,5,3014,0,0,0,NA,0,A2,SR-55 (NEWPORT BLVD),INDUSTRIAL WY,145,S,N,A,-,Y,NA,NA,55,NA,NA,NA,NA,NA,NA,Y,2,0,1,3,A,-,08,22107,NA,N,C,E,E,A,H,-,C,A,0,Y,NA,NA,NA,Y,NA,A,01,1,0,0,0,1,0,0,0,0,-,-,33.63053894042969,-117.92533111572266,ORANGE,NEWPORT BEACH,-117.92542266845705,33.6306266784668