CASE_ID,ACCIDENT_YEAR,PROC_DATE,JURIS,COLLISION_DATE,COLLISION_TIME,OFFICER_ID,REPORTING_DISTRICT,DAY_OF_WEEK,CHP_SHIFT,POPULATION,CNTY_CITY_LOC,SPECIAL_COND,BEAT_TYPE,CHP_BEAT_TYPE,CITY_DIVISION_LAPD,CHP_BEAT_CLASS,BEAT_NUMBER,PRIMARY_RD,SECONDARY_RD,DISTANCE,DIRECTION,INTERSECTION,WEATHER_1,WEATHER_2,STATE_HWY_IND,CALTRANS_COUNTY,CALTRANS_DISTRICT,STATE_ROUTE,ROUTE_SUFFIX,POSTMILE_PREFIX,POSTMILE,LOCATION_TYPE,RAMP_INTERSECTION,SIDE_OF_HWY,TOW_AWAY,COLLISION_SEVERITY,NUMBER_KILLED,NUMBER_INJURED,PARTY_COUNT,PRIMARY_COLL_FACTOR,PCF_CODE_OF_VIOL,PCF_VIOL_CATEGORY,PCF_VIOLATION,PCF_VIOL_SUBSECTION,HIT_AND_RUN,TYPE_OF_COLLISION,MVIW,PED_ACTION,ROAD_SURFACE,ROAD_COND_1,ROAD_COND_2,LIGHTING,CONTROL_DEVICE,CHP_ROAD_TYPE,PEDESTRIAN_ACCIDENT,BICYCLE_ACCIDENT,MOTORCYCLE_ACCIDENT,TRUCK_ACCIDENT,NOT_PRIVATE_PROPERTY,ALCOHOL_INVOLVED,STWD_VEHTYPE_AT_FAULT,CHP_VEHTYPE_AT_FAULT,COUNT_SEVERE_INJ,COUNT_VISIBLE_INJ,COUNT_COMPLAINT_PAIN,COUNT_PED_KILLED,COUNT_PED_INJURED,COUNT_BICYCLIST_KILLED,COUNT_BICYCLIST_INJURED,COUNT_MC_KILLED,COUNT_MC_INJURED,PRIMARY_RAMP,SECONDARY_RAMP,LATITUDE,LONGITUDE,COUNTY,CITY,POINT_X,POINT_Y
84402963,2024,2024-09-20,3026,2024-07-23,1503,8929,NA,2,5,6,3026,0,0,0,NA,0,002,CORONADO,AMBAZAR,0,NA,Y,A,-,N,NA,NA,NA,NA,NA,NA,NA,NA,NA,Y,3,0,2,2,A,-,09,21804,A,N,D,C,A,A,H,-,B,A,0,NA,NA,NA,NA,Y,NA,A,01,0,1,1,0,0,0,0,0,0,-,-,33.676151275634766,-117.83348083496094,ORANGE,IRVINE,-117.83351135253906,33.67616271972656
84403180,2024,2024-09-23,3019,2024-08-20,1816,3575,NA,2,5,7,3019,0,0,0,NA,0,001,BRISTOL STREET,LA VETA AVENUE,0,NA,Y,A,-,N,NA,NA,NA,NA,NA,NA,NA,NA,NA,N,4,0,1,2,A,-,03,22350,NA,N,C,C,A,A,H,-,A,A,0,NA,NA,NA,NA,Y,NA,A,07,0,0,1,0,0,0,0,0,0,-,-,33.77901077270508,-117.88336181640624,ORANGE,SANTA ANA,-117.88394927978516,33.778682708740234
84405354,2024,2024-09-24,3008,2024-07-16,1632,1634,NA,2,5,6,3008,0,0,0,NA,0,NA,ORANGETHORPE AVE,HIGHLAND AVE,0,NA,Y,A,-,N,NA,NA,NA,NA,NA,NA,NA,NA,NA,Y,4,0,1,2,A,-,12,21453,A,M,D,C,A,A,H,-,A,A,0,NA,NA,NA,NA,Y,NA,-,99,0,0,1,0,0,0,0,0,0,-,-,33.8595085144043,-117.92865753173828,ORANGE,FULLERTON,-117.92867279052734,33.85944747924805
84406809,2024,2024-09-24,3014,2024-09-10,808,1503,NA,2,5,5,3014,0,0,0,NA,0,A3,SAN MIGUEL DR.,MACARTHUR BLVD,0,NA,Y,A,-,N,NA,NA,NA,NA,NA,NA,NA,NA,NA,N,4,0,1,2,A,-,08,22107,NA,N,H,J,A,A,H,-,A,A,0,NA,NA,NA,NA,Y,NA,A,01,0,0,1,0,0,0,0,0,0,-,-,NA,NA,ORANGE,NEWPORT BEACH,-117.86994171142578,33.61143493652344
8440869,2017,2017-09-13,3008,2017-05-05,2212,1542,NJC,5,5,6,3008,0,0,0,NA,0,0D1,COMMONWEALTH AV,EUCLID AV,0,NA,Y,B,-,N,NA,NA,NA,NA,NA,NA,NA,NA,NA,N,3,0,3,2,D,-,00,NA,NA,N,D,C,A,A,H,-,C,A,0,NA,NA,NA,NA,Y,NA,-,-,0,1,2,0,0,0,0,0,0,-,-,NA,NA,ORANGE,FULLERTON,-117.9419601,33.87022001
8441010,2017,2017-09-11,3016,2017-08-07,1357,1228,39,1,5,5,3016,0,0,0,NA,0,002,RICHFIELD RD,ORCHARD DR,0,NA,Y,A,-,N,NA,NA,NA,NA,NA,NA,NA,NA,NA,Y,4,0,1,3,A,-,12,21453,A,N,D,C,A,A,H,-,A,A,0,NA,NA,NA,NA,Y,NA,A,01,0,0,1,0,0,0,0,0,0,-,-,33.87044,-117.82597,ORANGE,PLACENTIA,-117.82605,33.8706001
8441014,2017,2017-09-11,3016,2017-08-19,1258,2145,0007,6,5,5,3016,0,0,0,NA,0,001,KRAEMER BL,GOLDEN AV,0,NA,Y,A,-,N,NA,NA,NA,NA,NA,NA,NA,NA,NA,Y,3,0,2,2,D,-,00,NA,NA,N,D,C,A,A,H,-,A,A,0,NA,NA,NA,NA,Y,NA,-,-,0,1,1,0,0,0,0,0,0,-,-,33.90382,-117.86361,ORANGE,PLACENTIA,-117.86382005,33.90376008
84410204,2024,2024-09-27,3015,2024-09-25,1550,1250,NA,3,5,6,3015,0,0,0,NA,0,711M,GLASSELL ST,TAFT AVE,15,S,N,A,-,N,NA,NA,NA,NA,NA,NA,NA,NA,NA,Y,2,0,1,2,A,-,10,21950,A,F,G,B,B,A,H,-,A,A,0,Y,NA,NA,NA,Y,NA,A,01,1,0,0,0,1,0,0,0,0,-,-,33.81515121459961,-117.85240173339844,ORANGE,ORANGE,-117.85295104980467,33.81568908691406
8441030,2017,2017-09-11,3020,2017-08-09,2235,361,NA,3,5,4,3020,0,0,0,NA,0,NA,SEAL BEACH BL,NORTHGATE RD,300,S,N,A,-,N,NA,NA,NA,NA,NA,NA,NA,NA,NA,N,4,0,1,2,A,-,08,22107,NA,N,B,B,E,A,H,-,C,D,0,Y,NA,NA,NA,Y,NA,A,NA,0,0,1,0,1,0,0,0,0,-,-,NA,NA,ORANGE,SEAL BEACH,NA,NA
8441178,2017,2017-09-12,3016,2017-07-29,1311,1231,4,6,5,5,3016,0,0,0,NA,0,001,KRAEMER BL,BASTANCHURY RD,244,S,N,A,-,N,NA,NA,NA,NA,NA,NA,NA,NA,NA,N,3,0,1,2,A,-,08,22107,NA,F,H,G,A,A,H,-,A,D,0,NA,Y,NA,NA,Y,NA,A,01,0,1,0,0,0,0,1,0,0,-,-,33.89658,-117.86338,ORANGE,PLACENTIA,-117.86371219,33.89587114
84411875,2024,2024-09-30,3016,2024-08-18,1202,2214,NA,7,5,5,3016,0,0,0,NA,0,002,ORANGETHORPE AVENUE,VAN BUREN STREET,90,E,N,A,-,N,NA,NA,NA,NA,NA,NA,NA,NA,NA,Y,3,0,1,2,A,-,03,22350,NA,N,C,C,A,A,H,-,A,A,0,NA,NA,NA,NA,Y,NA,A,07,0,1,0,0,0,0,0,0,0,-,-,33.86758041381836,-117.83097076416016,ORANGE,PLACENTIA,-117.83097839355467,33.86814498901367
84411879,2024,2024-09-30,3016,2024-08-31,1649,2169,NA,6,5,5,3016,0,0,0,NA,0,001,PLACENTIA AVENUE,SAINT JOHN WAY,0,NA,Y,A,-,N,NA,NA,NA,NA,NA,NA,NA,NA,NA,Y,4,0,1,2,A,-,12,21453,A,N,D,C,A,A,H,-,A,A,0,NA,NA,NA,NA,Y,NA,A,07,0,0,1,0,0,0,0,0,0,-,-,33.89337921142578,-117.87226104736328,ORANGE,PLACENTIA,-117.87232971191406,33.89344024658203
84414812,2024,2024-10-01,3014,2024-08-29,1300,1418,NA,4,5,5,3014,0,0,0,NA,0,A1,W BAY AVE,ALLEY W OF 8TH ST,0,NA,Y,A,-,N,NA,NA,NA,NA,NA,NA,NA,NA,NA,N,3,0,1,2,A,-,05,21460,NA,N,H,G,A,A,H,-,A,D,0,NA,Y,NA,NA,Y,NA,A,07,0,1,0,0,0,0,1,0,0,-,-,33.605201721191406,-117.9105987548828,ORANGE,NEWPORT BEACH,-117.91040802001952,33.605224609375
84415639,2024,2024-10-02,3001,2024-09-12,2211,A2891,NA,4,5,7,3001,0,0,0,NA,0,D-2,STATE COLLEGE BOULEVARD,SR 91 W/B OFF RAMP,0,NA,Y,A,-,Y,NA,NA,NA,NA,NA,NA,NA,NA,NA,Y,4,0,2,2,A,-,09,21800,D,N,D,C,A,A,H,-,D,B,0,NA,NA,NA,NA,Y,NA,A,01,0,0,2,0,0,0,0,0,0,-,-,NA,NA,ORANGE,ANAHEIM,-117.88916778564452,33.85432052612305
84418787,2024,2024-10-04,3001,2024-09-10,807,A2832,NA,2,5,7,3001,0,0,0,NA,0,D-4,JACKSON AVENUE,VIA PORTO,810,W,N,A,-,N,NA,NA,NA,NA,NA,NA,NA,NA,NA,Y,4,0,1,2,A,-,21,22106,NA,N,B,C,A,A,H,-,A,D,0,NA,NA,NA,NA,Y,NA,A,07,0,0,1,0,0,0,0,0,0,-,-,33.84516143798828,-117.86132049560548,ORANGE,ANAHEIM,-117.86371612548828,33.84480667114258
84418847,2024,2025-01-24,3016,2024-09-22,1923,1295,NA,7,5,5,3016,0,0,0,NA,0,002,MELROSE STREET,LA JOLLA STREET,53,N,N,A,-,N,NA,NA,NA,NA,NA,NA,NA,NA,NA,Y,2,0,2,2,A,-,01,23153,A,N,C,C,A,A,H,-,C,A,0,NA,NA,NA,Y,Y,Y,A,01,1,0,1,0,0,0,0,0,0,-,-,33.85831832885742,-117.8735580444336,ORANGE,PLACENTIA,-117.87358856201172,33.858551025390625
84418851,2024,2024-10-04,3010,2024-09-25,904,0147,NA,3,5,6,3010,0,0,0,NA,0,003,ADAMS AVE,NEWLAND ST,41,W,N,A,-,N,NA,NA,NA,NA,NA,NA,NA,NA,NA,N,3,0,1,2,A,-,03,22350,NA,M,H,C,A,A,H,-,A,A,0,NA,Y,NA,NA,Y,NA,L,04,0,1,0,0,0,0,1,0,0,-,-,33.672210693359375,-117.97965240478516,ORANGE,HUNTINGTON BEACH,-117.98005676269533,33.67216873168945
84418871,2024,2024-10-04,3010,2024-09-29,1720,6069,NA,7,5,6,3010,0,0,0,NA,0,003,ADAMS AVE,BROOKHURST ST,0,NA,Y,A,-,N,NA,NA,NA,NA,NA,NA,NA,NA,NA,N,4,0,1,2,A,-,01,23152,A,M,C,C,A,A,H,-,A,A,0,NA,NA,NA,NA,Y,Y,A,01,0,0,1,0,0,0,0,0,0,-,-,33.67237854003906,-117.95387268066406,ORANGE,HUNTINGTON BEACH,-117.95397186279295,33.67230224609375
84418875,2024,2024-10-04,3010,2024-09-30,1749,1066,NA,1,5,6,3010,0,0,0,NA,0,006,GOTHARD ST,CEDAR DR,65,N,N,A,-,N,NA,NA,NA,NA,NA,NA,NA,NA,NA,Y,3,0,2,2,A,-,09,21804,A,N,D,C,A,A,H,-,A,D,0,NA,NA,NA,NA,Y,NA,D,22,0,1,1,0,0,0,0,0,0,-,-,33.712791442871094,-118.0002212524414,ORANGE,HUNTINGTON BEACH,-118.0000457763672,33.71305847167969
84422282,2024,2024-10-08,3019,2024-08-27,1238,3932,NA,2,5,7,3019,0,0,0,NA,0,001,WESTMINSTER AVENUE,HARBOR BLVD,20,W,N,A,-,N,NA,NA,NA,NA,NA,NA,NA,NA,NA,N,4,0,1,2,A,-,08,22107,NA,N,B,C,A,A,H,-,A,A,0,NA,NA,NA,NA,Y,NA,A,01,0,0,1,0,0,0,0,0,0,-,-,NA,NA,ORANGE,SANTA ANA,-117.92040252685548,33.75973129272461
84423912,2024,2024-10-09,3010,2024-10-03,940,1107,NA,4,5,6,3010,0,0,0,NA,0,005,NEWLAND ST,TALBERT AVE,0,NA,Y,A,-,N,NA,NA,NA,NA,NA,NA,NA,NA,NA,N,4,0,1,2,A,-,06,21755,A,N,D,G,A,A,H,-,A,A,0,NA,Y,NA,NA,Y,NA,M,91,0,0,1,0,0,0,1,0,0,-,-,33.699951171875,-117.98069763183594,ORANGE,HUNTINGTON BEACH,-117.98037719726563,33.701255798339844
84423925,2024,2024-10-09,3010,2024-10-06,1520,6069,NA,7,5,6,3010,0,0,0,NA,0,005,DELAWARE ST,AMBERLEAF CIR,162,N,N,A,-,N,NA,NA,NA,NA,NA,NA,NA,NA,NA,N,3,0,1,2,A,-,08,22107,NA,N,D,C,A,A,H,-,A,D,0,NA,NA,NA,NA,Y,NA,D,82,0,1,0,0,0,0,0,0,0,-,-,33.691871643066406,-117.99352264404295,ORANGE,HUNTINGTON BEACH,-117.99323272705078,33.69221496582031
84423926,2024,2024-10-09,3010,2024-10-06,1645,6069,NA,7,5,6,3010,0,0,0,NA,0,002,MAGNOLIA ST,PACIFIC COAST HWY - SR1,0,NA,Y,B,-,Y,ORA,NA,1,NA,NA,22.733,H,NA,R,Y,4,0,1,1,A,-,21,22106,NA,N,F,A,A,A,B,-,A,A,0,NA,NA,Y,NA,Y,NA,C,03,0,0,1,0,0,0,0,0,1,-,-,33.639869689941406,-117.97354888916016,ORANGE,HUNTINGTON BEACH,-117.97350311279295,33.639923095703125
84423927,2024,2024-10-09,3010,2024-10-07,813,3042,NA,1,5,6,3010,0,0,0,NA,0,002,PACIFIC COAST HWY - SR1,BROOKHURST ST,1383,S,N,E,-,N,NA,NA,NA,NA,NA,NA,NA,NA,NA,Y,3,0,1,1,A,-,08,22107,NA,N,E,I,A,A,H,-,A,D,0,NA,NA,NA,NA,Y,NA,A,07,0,1,0,0,0,0,0,0,0,-,-,33.6351318359375,-117.96417999267578,ORANGE,HUNTINGTON BEACH,-117.96045684814452,33.6330451965332
84423936,2024,2024-10-09,3019,2024-09-19,1426,3550,NA,4,5,7,3019,0,0,0,NA,0,001,GRAND AVENUE,WARNER AVENUE,50,N,N,A,-,N,NA,NA,NA,NA,NA,NA,NA,NA,NA,N,4,0,1,2,A,-,07,21658,A,N,B,C,A,A,H,-,A,D,0,NA,NA,NA,NA,Y,NA,A,07,0,0,1,0,0,0,0,0,0,-,-,33.71588134765625,-117.85060119628906,ORANGE,SANTA ANA,-117.85057830810548,33.71603775024414
84427074,2024,2024-10-11,3015,2024-10-08,1503,1250,NA,2,5,6,3015,0,0,0,NA,0,711M,WALNUT AVE,LINCOLN ST,0,NA,Y,A,-,N,NA,NA,NA,NA,NA,NA,NA,NA,NA,Y,4,0,2,2,A,-,09,21802,A,N,D,C,A,A,H,-,A,A,0,NA,NA,NA,NA,Y,NA,A,07,0,0,2,0,0,0,0,0,0,-,-,33.79523849487305,-117.83785247802734,ORANGE,ORANGE,-117.83788299560548,33.79502868652344
84434100,2024,2024-10-17,3019,2024-05-06,2230,3730,NA,1,5,7,3019,0,0,0,NA,0,001,BRISTOL STREET,17TH STREET,30,N,N,A,-,N,NA,NA,NA,NA,NA,NA,NA,NA,NA,N,4,0,1,2,A,-,08,22107,NA,N,B,C,A,A,H,-,C,A,0,NA,NA,NA,NA,Y,NA,D,22,0,0,1,0,0,0,0,0,0,-,-,33.76002883911133,-117.88511657714844,ORANGE,SANTA ANA,-117.88507843017578,33.76021194458008
8443411,2017,2017-09-29,3001,2017-08-14,1810,1880,NA,1,5,7,3001,0,0,0,NA,0,0D1,W LINCOLN AV,N DALE AV,287,W,N,A,-,N,NA,NA,NA,NA,NA,NA,NA,NA,NA,Y,3,0,2,3,A,-,03,22350,NA,N,C,C,A,A,H,-,A,D,0,NA,NA,NA,Y,Y,NA,A,08,0,1,1,0,0,0,0,0,0,-,-,NA,NA,ORANGE,ANAHEIM,-117.98569283,33.83220008
84434114,2024,2024-10-17,3019,2024-07-02,1659,3590,NA,2,5,7,3019,0,0,0,NA,0,004,FAIRVIEW STREET,HIGHLAND STREET,5,S,N,A,-,N,NA,NA,NA,NA,NA,NA,NA,NA,NA,N,4,0,1,2,A,-,09,21804,A,F,D,G,A,A,H,-,A,D,0,NA,Y,NA,NA,Y,NA,A,01,0,0,1,0,0,0,1,0,0,-,-,33.736820220947266,-117.90699768066406,ORANGE,SANTA ANA,-117.90677642822266,33.73706817626953
84435843,2024,2024-10-18,3010,2024-08-21,2040,2209,NA,3,5,6,3010,0,0,0,NA,0,005,GARFIELD AVE,BEACH BL - SR39 BLVD,0,NA,Y,A,-,Y,ORA,NA,39,NA,NA,2.649,H,NA,L,N,3,0,1,2,A,-,12,21453,A,N,D,G,A,A,H,-,C,A,0,NA,Y,NA,NA,Y,NA,L,04,0,1,0,0,0,0,1,0,0,-,-,33.686710357666016,-117.9892120361328,ORANGE,HUNTINGTON BEACH,-117.9888916015625,33.68671417236328
84435933,2024,2024-10-18,3019,2024-10-16,1651,3201,NA,3,5,7,3019,0,0,0,NA,0,002,SYCAMORE STREET,17TH STREET,0,NA,Y,A,-,N,NA,NA,NA,NA,NA,NA,NA,NA,NA,N,4,0,1,2,A,-,05,21650,1,N,D,G,A,A,H,-,A,D,0,NA,Y,NA,NA,Y,NA,L,04,0,0,1,0,0,0,1,0,0,-,-,33.759239196777344,-117.86846923828124,ORANGE,SANTA ANA,-117.86862182617188,33.759971618652344
8443622,2017,2017-09-12,3001,2017-08-18,0821,A0387,NA,5,5,7,3001,0,0,0,NA,0,0D1,SOUTH BROOKHURST ST,N BROADWAY,0,NA,Y,A,-,N,NA,NA,NA,NA,NA,NA,NA,NA,NA,Y,4,0,2,2,A,-,12,21453,A,N,D,C,A,A,H,-,A,A,0,NA,NA,NA,NA,Y,NA,A,01,0,0,2,0,0,0,0,0,0,-,-,NA,NA,ORANGE,ANAHEIM,-117.95895013,33.82889011
84437678,2024,2024-10-21,3019,2024-09-09,2234,3788,NA,1,5,7,3019,0,0,0,NA,0,001,NEWHOPE STREET,HAZARD AVENUE,0,NA,Y,A,-,N,NA,NA,NA,NA,NA,NA,NA,NA,NA,Y,4,0,2,2,A,-,09,21801,A,N,A,C,A,A,H,-,C,A,0,NA,NA,NA,NA,Y,NA,A,01,0,0,2,0,0,0,0,0,0,-,-,33.75246047973633,-117.92887115478516,ORANGE,SANTA ANA,-117.9288330078125,33.75244903564453
84441283,2024,2024-10-23,3022,2024-10-13,1835,1370,NA,7,5,5,3022,0,0,0,NA,0,NA,TUSTIN RANCH RD,AUTO CENTER DR,674,S,N,A,-,N,NA,NA,NA,NA,NA,NA,NA,NA,NA,N,3,0,1,2,A,-,03,22350,NA,N,C,C,A,A,H,-,C,A,0,NA,NA,NA,NA,Y,NA,A,01,0,1,0,0,0,0,0,0,0,-,-,33.72795104980469,-117.80177307128906,ORANGE,TUSTIN,-117.80311584472656,33.726600646972656
84441466,2024,2024-10-23,3019,2024-10-15,2217,3451,NA,2,5,7,3019,0,0,0,NA,0,001,BRISTOL STREET,18TH STREET,100,N,N,A,-,N,NA,NA,NA,NA,NA,NA,NA,NA,NA,Y,3,0,1,3,A,-,03,22350,NA,N,C,C,A,A,H,-,C,D,0,NA,NA,NA,NA,Y,NA,A,01,0,1,0,0,0,0,0,0,0,-,-,33.76123809814453,-117.88506317138672,ORANGE,SANTA ANA,-117.88490295410156,33.76154327392578
84443319,2024,2024-10-24,3019,2024-09-28,938,3910,NA,6,5,7,3019,0,0,0,NA,0,001,ROOSEVELT AVENUE,NEWHOPE STREET,375,W,N,A,-,N,NA,NA,NA,NA,NA,NA,NA,NA,NA,Y,4,0,1,3,A,-,03,22350,NA,N,B,E,A,A,H,-,A,B,0,NA,NA,NA,NA,Y,NA,A,01,0,0,1,0,0,0,0,0,0,-,-,33.75027084350586,-117.92887878417967,ORANGE,SANTA ANA,-117.93003845214844,33.75027084350586
84443358,2024,2024-10-24,3019,2024-10-16,733,3927,NA,3,5,7,3019,0,0,0,NA,0,002,1ST STREET,ROSS STREET,0,NA,Y,B,-,N,NA,NA,NA,NA,NA,NA,NA,NA,NA,Y,4,0,2,2,A,-,12,21453,A,N,D,C,A,A,H,-,A,A,0,NA,NA,NA,NA,Y,NA,A,01,0,0,2,0,0,0,0,0,0,-,-,33.745399475097656,-117.8721923828125,ORANGE,SANTA ANA,-117.87244415283205,33.745426177978516
8444374,2017,2017-09-22,3000,2017-07-18,1352,5805,891G6,2,5,5,3050,0,0,0,NA,0,764,EL TORO RD,RAYMOND WY,479,W,N,A,-,N,NA,NA,NA,NA,NA,NA,NA,NA,NA,Y,3,0,3,2,C,-,18,NA,NA,N,C,C,A,A,H,-,A,A,0,NA,NA,NA,NA,Y,NA,-,-,0,2,1,0,0,0,0,0,0,-,-,NA,NA,ORANGE,LAKE FOREST,-117.70173725,33.61964657
84444859,2024,2024-10-25,3015,2024-10-22,1857,1545,NA,2,5,6,3015,0,0,0,NA,0,721M,SANTIAGO BLVD,VILLAREAL DR,0,NA,Y,A,-,N,NA,NA,NA,NA,NA,NA,NA,NA,NA,N,3,0,1,2,A,-,10,21950,A,N,G,B,B,A,H,-,B,A,0,Y,NA,NA,NA,Y,Y,A,01,0,1,0,0,1,0,0,0,0,-,-,33.826011657714844,-117.82810974121094,ORANGE,ORANGE,-117.82882690429688,33.82688522338867
84444922,2024,2024-10-25,3010,2024-10-17,1810,6100,NA,4,5,6,3010,0,0,0,NA,0,004,ADAMS AVE,MAIN ST,0,NA,Y,A,-,N,NA,NA,NA,NA,NA,NA,NA,NA,NA,Y,3,0,2,2,A,-,09,21801,A,N,D,C,A,A,H,-,B,A,0,NA,NA,NA,NA,Y,NA,A,01,0,1,1,0,0,0,0,0,0,-,-,33.67206954956055,-118.00171661376952,ORANGE,HUNTINGTON BEACH,-118.00167083740234,33.67206954956055
84448321,2024,2024-10-29,3022,2024-10-03,1921,1392,NA,4,5,5,3022,0,0,0,NA,0,001,NEWPORT AV,EL CAMINO REAL,0,NA,Y,A,-,N,NA,NA,NA,NA,NA,NA,NA,NA,NA,N,4,0,1,2,A,-,10,21950,A,N,G,B,B,A,H,-,C,A,0,Y,NA,NA,NA,Y,NA,A,01,0,0,1,0,1,0,0,0,0,-,-,33.73807144165039,-117.82225799560548,ORANGE,TUSTIN,-117.82222747802734,33.738136291503906
84448395,2024,2024-10-29,3019,2024-09-17,1640,3655,NA,2,5,7,3019,0,0,0,NA,0,002,MAIN STREET,10TH STREET,140,S,N,A,-,N,NA,NA,NA,NA,NA,NA,NA,NA,NA,N,4,0,1,3,A,-,08,22107,NA,N,B,D,A,A,H,-,A,D,0,NA,NA,NA,NA,Y,NA,A,01,0,0,1,0,0,0,0,0,0,-,-,33.75260925292969,-117.86760711669922,ORANGE,SANTA ANA,-117.86760711669922,33.75300598144531
84448439,2024,2024-10-29,3008,2024-09-02,1742,1657,NA,1,5,6,3008,0,0,0,NA,0,NA,BASTANCHURY RD,LAGUNA RD,0,NA,Y,A,-,N,NA,NA,NA,NA,NA,NA,NA,NA,NA,Y,4,0,2,2,A,-,01,23152,A,N,A,C,A,A,H,-,A,A,0,NA,NA,NA,NA,Y,Y,A,01,0,0,2,0,0,0,0,0,0,-,-,33.894920349121094,-117.9306411743164,ORANGE,FULLERTON,-117.93058013916016,33.89470291137695
84449960,2024,2024-10-30,3015,2024-10-24,801,1515,NA,4,5,6,3015,0,0,0,NA,0,732M,CHAPMAN AVE,JAMBOREE RD,377,W,N,A,-,N,NA,NA,NA,NA,NA,NA,NA,NA,NA,Y,3,0,2,2,A,-,03,22350,NA,N,C,C,A,A,H,-,A,A,0,NA,NA,NA,NA,Y,NA,A,07,0,2,0,0,0,0,0,0,0,-,-,33.79056930541992,-117.76126861572266,ORANGE,ORANGE,-117.76261138916016,33.79257583618164
84450049,2024,2024-10-30,3010,2024-10-20,1517,6068,NA,7,5,6,3010,0,0,0,NA,0,006,WARNER AVE,ASH LN,0,NA,Y,A,-,N,NA,NA,NA,NA,NA,NA,NA,NA,NA,N,3,0,3,2,A,-,09,21801,A,N,D,C,A,A,H,-,A,A,0,NA,NA,NA,NA,Y,NA,A,01,0,2,1,0,0,0,0,0,0,-,-,33.71453094482422,-117.99214935302734,ORANGE,HUNTINGTON BEACH,-117.99208068847656,33.715675354003906
84450068,2024,2024-10-30,3010,2024-10-26,1600,4094,NA,6,5,6,3010,0,0,0,NA,0,002,ATLANTA AVE,SCHOONER LN,0,NA,Y,A,-,N,NA,NA,NA,NA,NA,NA,NA,NA,NA,Y,4,0,2,2,A,-,09,21802,A,N,D,C,A,A,H,-,A,D,0,NA,NA,NA,NA,Y,NA,A,08,0,0,2,0,0,0,0,0,0,-,-,33.65642166137695,-117.98590850830078,ORANGE,HUNTINGTON BEACH,-117.98469543457033,33.65766143798828
84450124,2024,2024-10-30,3008,2024-09-17,1712,1494,NA,2,5,6,3008,0,0,0,NA,0,NA,PLACENTIA AVE,GARNET LN,0,NA,Y,A,-,N,NA,NA,NA,NA,NA,NA,NA,NA,NA,N,4,0,1,2,A,-,09,21801,A,N,D,J,A,A,H,-,A,A,0,NA,NA,Y,NA,Y,NA,A,01,0,0,1,0,0,0,0,0,1,-,-,33.886661529541016,-117.87518310546876,ORANGE,FULLERTON,-117.87525939941406,33.88669967651367
84451790,2024,2024-10-31,3001,2024-09-08,110,A2891,NA,7,5,7,3001,0,0,0,NA,0,D-3,KATELLA AVENUE,LEWIS STREET,0,NA,Y,A,-,N,NA,NA,NA,NA,NA,NA,NA,NA,NA,Y,4,0,2,2,A,-,09,21801,A,N,D,C,A,A,H,-,C,A,0,NA,NA,NA,NA,Y,NA,A,01,0,0,2,0,0,0,0,0,0,-,-,33.803470611572266,-117.89804840087892,ORANGE,ANAHEIM,-117.89791870117188,33.80342483520508
84451795,2024,2024-10-31,3001,2024-10-01,1215,A1007,NA,2,5,7,3001,0,0,0,NA,0,D-1,LINCOLN AVENUE,DALE AVENUE,147,W,N,A,-,N,NA,NA,NA,NA,NA,NA,NA,NA,NA,Y,3,0,1,2,A,-,03,22350,NA,N,C,C,A,A,H,-,A,A,0,NA,NA,NA,Y,Y,NA,A,07,0,1,0,0,0,0,0,0,0,-,-,33.83189010620117,-117.9845962524414,ORANGE,ANAHEIM,-117.9852294921875,33.83220291137695
84453325,2024,2024-11-01,3010,2024-10-31,931,0147,NA,4,5,6,3010,0,0,0,NA,0,006,GOTHARD ST,WARNER AVE,0,NA,Y,A,-,N,NA,NA,NA,NA,NA,NA,NA,NA,NA,Y,3,0,2,2,A,-,09,21801,A,N,D,C,A,A,H,-,A,A,0,NA,NA,NA,NA,Y,NA,A,07,0,1,1,0,0,0,0,0,0,-,-,33.7145881652832,-118.00012969970705,ORANGE,HUNTINGTON BEACH,-118.00007629394533,33.71563720703125
84455602,2024,2024-11-04,3019,2024-10-21,1700,3788,NA,1,5,7,3019,0,0,0,NA,0,001,FLOWER STREET,1ST STREET,100,N,N,A,-,N,NA,NA,NA,NA,NA,NA,NA,NA,NA,N,4,0,2,2,A,-,03,22350,NA,N,C,C,A,A,H,-,A,A,0,NA,NA,NA,NA,Y,NA,A,01,0,0,2,0,0,0,0,0,0,-,-,33.74475860595703,-117.8765869140625,ORANGE,SANTA ANA,-117.8764190673828,33.745418548583984