CASE_ID,ACCIDENT_YEAR,PROC_DATE,JURIS,COLLISION_DATE,COLLISION_TIME,OFFICER_ID,REPORTING_DISTRICT,DAY_OF_WEEK,CHP_SHIFT,POPULATION,CNTY_CITY_LOC,SPECIAL_COND,BEAT_TYPE,CHP_BEAT_TYPE,CITY_DIVISION_LAPD,CHP_BEAT_CLASS,BEAT_NUMBER,PRIMARY_RD,SECONDARY_RD,DISTANCE,DIRECTION,INTERSECTION,WEATHER_1,WEATHER_2,STATE_HWY_IND,CALTRANS_COUNTY,CALTRANS_DISTRICT,STATE_ROUTE,ROUTE_SUFFIX,POSTMILE_PREFIX,POSTMILE,LOCATION_TYPE,RAMP_INTERSECTION,SIDE_OF_HWY,TOW_AWAY,COLLISION_SEVERITY,NUMBER_KILLED,NUMBER_INJURED,PARTY_COUNT,PRIMARY_COLL_FACTOR,PCF_CODE_OF_VIOL,PCF_VIOL_CATEGORY,PCF_VIOLATION,PCF_VIOL_SUBSECTION,HIT_AND_RUN,TYPE_OF_COLLISION,MVIW,PED_ACTION,ROAD_SURFACE,ROAD_COND_1,ROAD_COND_2,LIGHTING,CONTROL_DEVICE,CHP_ROAD_TYPE,PEDESTRIAN_ACCIDENT,BICYCLE_ACCIDENT,MOTORCYCLE_ACCIDENT,TRUCK_ACCIDENT,NOT_PRIVATE_PROPERTY,ALCOHOL_INVOLVED,STWD_VEHTYPE_AT_FAULT,CHP_VEHTYPE_AT_FAULT,COUNT_SEVERE_INJ,COUNT_VISIBLE_INJ,COUNT_COMPLAINT_PAIN,COUNT_PED_KILLED,COUNT_PED_INJURED,COUNT_BICYCLIST_KILLED,COUNT_BICYCLIST_INJURED,COUNT_MC_KILLED,COUNT_MC_INJURED,PRIMARY_RAMP,SECONDARY_RAMP,LATITUDE,LONGITUDE,COUNTY,CITY,POINT_X,POINT_Y
84459289,2024,2024-11-05,3026,2024-10-22,1629,12434,NA,2,5,6,3026,0,0,0,NA,0,007,PORTOLA PKWY,CULVER DR,0,NA,Y,A,-,N,NA,NA,NA,NA,NA,NA,NA,NA,NA,N,3,0,1,2,A,-,09,21800,A,N,D,C,A,A,H,-,A,A,0,NA,NA,NA,NA,Y,NA,M,93,0,1,0,0,0,0,0,0,0,-,-,33.731231689453125,-117.75868988037108,ORANGE,IRVINE,-117.76026153564452,33.73225021362305
8445997,2017,2017-09-13,3000,2017-08-13,1846,8714,1023B,7,5,5,3017,0,0,0,NA,0,3A78,SOUTH EL CAMINO REAL,AVENIDA SAN DIEGO,0,NA,Y,A,-,N,NA,NA,NA,NA,NA,NA,NA,NA,NA,Y,2,0,1,2,A,-,08,22107,NA,N,D,C,A,A,H,-,A,D,0,NA,NA,Y,NA,Y,NA,A,07,1,0,0,0,0,0,0,0,1,-,-,NA,NA,ORANGE,SAN CLEMENTE,-117.59547001,33.40072011
8446077,2017,2018-01-22,3001,2017-08-22,1933,2115,NA,2,5,7,3001,0,0,0,NA,0,002,WEST LINCOLN AV,SOUTH LOARA ST,216,W,N,A,-,N,NA,NA,NA,NA,NA,NA,NA,NA,NA,Y,4,0,2,2,C,-,18,NA,NA,N,C,C,A,A,H,-,C,A,0,NA,NA,NA,NA,Y,NA,-,-,0,0,2,0,0,0,0,0,0,-,-,NA,NA,ORANGE,ANAHEIM,-117.93789914,33.83255942
8446085,2017,2017-09-13,3001,2017-08-18,1327,2187,NA,5,5,7,3001,0,0,0,NA,0,0D3,EUCLID ST,KATELLA AV,300,S,N,A,-,N,NA,NA,NA,NA,NA,NA,NA,NA,NA,Y,4,0,2,2,A,-,09,21801,A,N,D,C,A,A,H,-,A,D,0,NA,NA,NA,NA,Y,NA,A,08,0,0,2,0,0,0,0,0,0,-,-,NA,NA,ORANGE,ANAHEIM,-117.94150792,33.8024434
8446098,2017,2017-10-13,3000,2017-07-20,1500,3358,972C1,4,5,4,3018,0,0,0,NA,0,731,DEL OBISPO,ORTEGA HWY,400,S,N,A,-,N,NA,NA,NA,NA,NA,NA,NA,NA,NA,Y,4,0,1,2,A,-,09,21804,A,N,D,C,A,A,H,-,A,D,0,NA,NA,NA,NA,Y,NA,A,07,0,0,1,0,0,0,0,0,0,-,-,NA,NA,ORANGE,SAN JUAN CAPISTRANO,-117.65998236,33.5004489
84461107,2024,2024-11-07,3019,2024-11-05,1950,3424,NA,2,5,7,3019,0,0,0,NA,0,004,FAIRVIEW STREET,WARNER AVENUE,369,S,N,A,-,N,NA,NA,NA,NA,NA,NA,NA,NA,NA,N,3,0,1,2,A,-,11,21954,A,N,G,B,E,A,H,-,C,D,0,Y,NA,NA,NA,Y,NA,N,60,0,1,0,0,1,0,0,0,0,-,-,33.715248107910156,-117.90805053710938,ORANGE,SANTA ANA,-117.90789031982422,33.71419906616211
84462829,2024,2024-11-08,3001,2024-10-25,1553,A2367,NA,5,5,7,3001,0,0,0,NA,0,D-2,NORTH STREET,DICKEL STREET,0,NA,Y,A,-,N,NA,NA,NA,NA,NA,NA,NA,NA,NA,Y,4,0,1,2,A,-,09,21804,A,N,D,C,A,A,H,-,A,D,0,NA,NA,NA,NA,Y,NA,A,01,0,0,1,0,0,0,0,0,0,-,-,33.84336853027344,-117.92059326171876,ORANGE,ANAHEIM,-117.92060089111328,33.84339141845703
84462830,2024,2024-11-08,3001,2024-10-29,944,A2303,NA,2,5,7,3001,0,0,0,NA,0,D-2,LINCOLN AVENUE,OLANA WAY,249,E,N,A,-,N,NA,NA,NA,NA,NA,NA,NA,NA,NA,N,4,0,1,3,A,-,12,21453,A,N,D,C,A,A,H,-,A,A,0,NA,NA,NA,NA,Y,NA,D,22,0,0,1,0,0,0,0,0,0,-,-,NA,NA,ORANGE,ANAHEIM,-117.88639068603516,33.839508056640625
84462899,2024,2024-11-08,3019,2024-09-11,152,3590,NA,3,5,7,3019,0,0,0,NA,0,004,WARNER AVENUE,FAIRVIEW STREET,10,E,N,A,-,N,NA,NA,NA,NA,NA,NA,NA,NA,NA,N,4,0,1,2,A,-,03,22350,NA,N,C,C,A,A,H,-,C,A,0,NA,NA,NA,NA,Y,NA,A,01,0,0,1,0,0,0,0,0,0,-,-,33.71495819091797,-117.90853881835938,ORANGE,SANTA ANA,-117.90786743164063,33.71520233154297
84464725,2024,2024-11-13,3008,2024-09-25,1800,1387,NA,3,5,6,3008,0,0,0,NA,0,NA,CHAPMAN AVE,HART PL,100,E,N,A,-,N,NA,NA,NA,NA,NA,NA,NA,NA,NA,N,4,0,3,3,A,-,03,22350,NA,N,C,C,A,A,H,-,A,A,0,NA,NA,NA,NA,Y,NA,A,01,0,0,3,0,0,0,0,0,0,-,-,NA,NA,ORANGE,FULLERTON,-117.90222930908205,33.87413024902344
84466825,2024,2024-11-12,3026,2024-11-08,503,747,NA,5,5,6,3026,0,0,0,NA,0,002,REDHILL AVE,MCGAW AVE,0,NA,Y,A,-,N,NA,NA,NA,NA,NA,NA,NA,NA,NA,Y,3,0,1,2,A,-,09,21453,C,N,B,C,A,A,H,-,C,A,0,NA,NA,NA,NA,Y,NA,A,01,0,1,0,0,0,0,0,0,0,-,-,NA,NA,ORANGE,IRVINE,-117.85157775878906,33.697242736816406
84467039,2024,2024-11-13,3026,2024-11-05,816,358,NA,2,5,6,3026,0,0,0,NA,0,009,IRVINE BLVD,PUSAN,26,S,N,B,-,N,NA,NA,NA,NA,NA,NA,NA,NA,NA,N,3,0,1,2,D,-,00,NA,NA,N,H,G,A,A,H,-,A,D,0,NA,Y,NA,NA,Y,NA,-,-,0,1,0,0,0,0,1,0,0,-,-,33.68014144897461,-117.715087890625,ORANGE,IRVINE,-117.7156982421875,33.680198669433594
84468869,2024,2024-11-22,3016,2024-11-01,1205,2169,NA,5,5,5,3016,0,0,0,NA,0,001,KRAEMER BOULEVARD,YORBA LINDA BOULEVARD,0,NA,Y,A,-,N,NA,NA,NA,NA,NA,NA,NA,NA,NA,Y,4,0,1,2,A,-,01,23153,A,F,C,C,A,A,H,-,A,A,0,NA,NA,NA,NA,Y,Y,A,01,0,0,1,0,0,0,0,0,0,-,-,33.88753128051758,-117.86264038085938,ORANGE,PLACENTIA,-117.86354064941406,33.88785171508789
84470456,2024,2024-11-15,3019,2024-11-08,2000,3931,NA,5,5,7,3019,0,0,0,NA,0,001,1ST STREET,FLOWER STREET,0,NA,Y,A,-,N,NA,NA,NA,NA,NA,NA,NA,NA,NA,N,4,0,1,2,A,-,11,21954,A,N,G,B,B,A,H,-,C,A,0,Y,NA,NA,NA,Y,NA,N,60,0,0,1,0,1,0,0,0,0,-,-,33.74544143676758,-117.87622833251952,ORANGE,SANTA ANA,-117.8764190673828,33.745418548583984
84472581,2024,2024-11-19,3008,2024-09-23,2102,1705,NA,1,5,6,3008,0,0,0,NA,0,NA,GILBERT ST,PORTER AVE,64,S,N,A,-,N,NA,NA,NA,NA,NA,NA,NA,NA,NA,Y,4,0,1,2,A,-,07,21658,A,N,D,E,A,A,H,-,C,D,0,NA,NA,NA,NA,Y,NA,A,01,0,0,1,0,0,0,0,0,0,-,-,33.85993957519531,-117.96800994873048,ORANGE,FULLERTON,-117.96800994873048,33.859886169433594
8447290,2017,2017-09-08,3019,2017-08-07,1253,3198,WE,1,5,7,3019,0,0,0,NA,0,001,BRISTOL ST,WASHINGTON AV,0,NA,Y,A,-,N,NA,NA,NA,NA,NA,NA,NA,NA,NA,Y,4,0,1,2,A,-,09,21801,A,N,A,C,A,A,H,-,A,A,0,NA,NA,NA,NA,Y,NA,A,01,0,0,1,0,0,0,0,0,0,-,-,33.75577,-117.88522,ORANGE,SANTA ANA,-117.8850401,33.75577004
8447638,2017,2017-09-28,3008,2017-04-28,0842,1297,NA,5,5,6,3008,0,0,0,NA,0,002,ORANGETHORPE AV,LEMON ST,0,NA,Y,A,-,N,NA,NA,NA,NA,NA,NA,NA,NA,NA,Y,4,0,1,2,A,-,09,21804,A,N,A,C,A,A,H,-,A,A,0,NA,NA,NA,NA,Y,NA,A,01,0,0,1,0,0,0,0,0,0,-,-,NA,NA,ORANGE,FULLERTON,-117.91987002,33.85951001
84477854,2024,2024-11-21,3019,2024-11-14,729,3957,NA,4,5,7,3019,0,0,0,NA,0,004,MCFADDEN AVENUE,SULLIVAN STREET,641,W,N,A,-,N,NA,NA,NA,NA,NA,NA,NA,NA,NA,N,3,0,1,2,A,-,09,21804,A,N,G,B,D,A,H,-,A,D,0,Y,NA,NA,NA,Y,NA,A,01,0,1,0,0,1,0,0,0,0,-,-,33.734439849853516,-117.9023895263672,ORANGE,SANTA ANA,-117.90465545654295,33.7345085144043
8447830,2017,2018-05-04,3014,2017-09-02,2251,1508,RD15,6,5,5,3014,0,0,0,NA,0,0A1,RT 55,VIA LIDO,60,S,N,A,-,N,NA,NA,55,NA,NA,NA,NA,NA,NA,Y,4,0,2,2,A,-,01,23152,A,N,C,C,A,A,H,-,C,A,0,NA,NA,Y,NA,Y,Y,A,07,0,0,2,0,0,0,0,0,2,-,-,33.6179,-117.9304,ORANGE,NEWPORT BEACH,-117.93021283,33.61788374
8447874,2017,2018-04-09,3024,2017-08-27,1146,421,P19,7,5,5,3024,0,0,0,NA,0,EAST,RT 39,WESTMINSTER BL,0,NA,Y,A,-,Y,ORA,12,39,-,-,7.61,H,-,N,Y,4,0,1,2,A,-,03,22350,NA,N,C,C,A,A,H,-,A,A,0,NA,NA,NA,NA,Y,NA,A,01,0,0,1,0,0,0,0,0,0,-,-,NA,NA,ORANGE,WESTMINSTER,-117.98955577,33.75886813
8447965,2017,2017-11-29,3000,2017-10-18,1841,1916,921H2,3,5,4,3045,0,0,0,NA,0,746,ALICIA PKWY,WILKES PL,400,E,N,A,-,N,NA,NA,NA,NA,NA,NA,NA,NA,NA,N,4,0,1,3,A,-,03,22350,NA,N,C,C,A,A,H,-,C,A,0,NA,NA,NA,NA,Y,NA,A,07,0,0,1,0,0,0,0,0,0,-,-,NA,NA,ORANGE,LAGUNA HILLS,-117.69483423,33.59674404
8447974,2017,2018-05-30,3011,2017-09-02,0947,31340,98,6,5,4,3011,0,0,0,NA,0,001,N COAST HWY,EMERALD BAY,31,N,N,A,-,Y,ORA,12,1,-,-,10.98,H,-,N,N,3,0,1,1,C,-,18,NA,NA,N,E,J,A,A,H,-,A,D,0,NA,Y,NA,NA,Y,NA,-,-,0,1,0,0,0,0,1,0,0,-,-,NA,NA,ORANGE,LAGUNA BEACH,-117.80841799,33.55311925
8448004,2017,2017-09-29,3007,2017-07-26,1917,246,16,3,5,5,3007,0,0,0,NA,0,002,EDINGER,WARD,0,E,N,A,-,N,NA,NA,NA,NA,NA,NA,NA,NA,NA,N,4,0,1,3,A,-,03,22350,NA,N,C,C,A,A,H,-,A,D,0,NA,NA,NA,NA,Y,NA,A,01,0,0,1,0,0,0,0,0,0,-,-,NA,NA,ORANGE,FOUNTAIN VALLEY,-117.94600008,33.73072012
84482895,2024,2024-11-25,3014,2024-10-18,16,1640,NA,5,5,5,3014,0,0,0,NA,0,A1,NEWPORT BLVD,29TH ST,0,NA,Y,A,-,N,NA,NA,NA,NA,NA,NA,NA,NA,NA,Y,3,0,1,3,A,-,01,23152,F,N,E,I,A,A,H,-,C,A,0,NA,NA,NA,NA,Y,NA,A,01,0,1,0,0,0,0,0,0,0,-,-,33.61370086669922,-117.93019104003906,ORANGE,NEWPORT BEACH,-117.9301528930664,33.613792419433594
84483434,2024,2024-11-26,3019,2024-11-15,1118,3698,NA,5,5,7,3019,0,0,0,NA,0,001,1ST STREET,BAKER STREET,0,NA,Y,A,-,N,NA,NA,NA,NA,NA,NA,NA,NA,NA,Y,4,0,1,2,A,-,09,21802,A,N,D,C,A,A,H,-,A,A,0,NA,NA,NA,NA,Y,NA,A,07,0,0,1,0,0,0,0,0,0,-,-,33.745540618896484,-117.88256072998048,ORANGE,SANTA ANA,-117.8827896118164,33.745418548583984
84485148,2024,2024-11-27,3019,2024-09-29,1927,3778,NA,7,5,7,3019,0,0,0,NA,0,003,MAIN STREET,SAINT ANDREW PLACE,0,NA,N,A,-,N,NA,NA,NA,NA,NA,NA,NA,NA,NA,N,4,0,1,2,-,-,-,NA,NA,M,B,C,A,A,H,-,C,A,0,NA,NA,NA,NA,Y,NA,-,-,0,0,1,0,0,0,0,0,0,-,-,33.721641540527344,-117.86843872070313,ORANGE,SANTA ANA,-117.86785125732422,33.72240447998047
84485168,2024,2024-11-27,3019,2024-11-21,1651,3727,NA,4,5,7,3019,0,0,0,NA,0,004,GREENVILLE STREET,WARNER AVENUE,50,S,N,A,-,N,NA,NA,NA,NA,NA,NA,NA,NA,NA,N,4,0,3,2,A,-,03,22350,NA,N,C,C,A,A,H,-,C,A,0,NA,NA,NA,NA,Y,NA,A,07,0,0,3,0,0,0,0,0,0,-,-,33.71527099609375,-117.90435791015624,ORANGE,SANTA ANA,-117.90415191650392,33.71512222290039
84486914,2024,2024-11-28,3001,2024-10-29,2115,A2373,NA,2,5,7,3001,0,0,0,NA,0,D-4,LAKEVIEW AVENUE,RT 91,0,NA,Y,A,-,Y,ORA,NA,91,NA,R,10.09,H,NA,L,Y,4,0,2,2,A,-,08,22101,D,N,D,C,A,A,H,-,C,A,0,NA,NA,NA,NA,Y,NA,A,01,0,0,2,0,0,0,0,0,0,-,-,33.85102844238281,-117.81452941894533,ORANGE,ANAHEIM,-117.81450653076172,33.851009368896484
84486929,2024,2024-11-28,3001,2024-11-23,2333,A1047,NA,6,5,7,3001,0,0,0,NA,0,D-2,EAST STREET,OAK STREET,25,N,N,B,-,N,NA,NA,NA,NA,NA,NA,NA,NA,NA,Y,4,0,1,2,A,-,01,23152,A,N,C,C,A,B,D,-,C,A,0,NA,NA,NA,NA,Y,Y,A,01,0,0,1,0,0,0,0,0,0,-,-,33.83573913574219,-117.90210723876952,ORANGE,ANAHEIM,-117.90240478515624,33.837196350097656
84487316,2024,2024-11-29,3019,2024-08-04,1532,3886,NA,7,5,7,3019,0,0,0,NA,0,001,WESTMINSTER AVENUE,SEABOARD CIRCLE,0,W,Y,-,-,N,NA,NA,NA,NA,NA,NA,NA,NA,NA,Y,2,0,4,2,A,-,09,21802,A,N,D,C,A,A,H,-,A,B,0,NA,NA,NA,NA,Y,NA,J,48,2,0,2,0,0,0,0,0,0,-,-,33.759681701660156,-117.92247009277344,ORANGE,SANTA ANA,-117.92259979248048,33.75982666015625
84487376,2024,2024-11-29,3019,2024-11-17,945,3956,NA,7,5,7,3019,0,0,0,NA,0,002,GRAND AVENUE,FRUIT STREET (N),0,NA,Y,A,-,N,NA,NA,NA,NA,NA,NA,NA,NA,NA,Y,4,0,1,2,A,-,12,21453,A,M,D,C,A,A,H,-,A,A,0,NA,NA,NA,NA,Y,Y,A,01,0,0,1,0,0,0,0,0,0,-,-,33.75276184082031,-117.85198974609376,ORANGE,SANTA ANA,-117.85190582275392,33.752708435058594
84487456,2024,2024-11-29,3008,2024-10-15,815,1407,NA,2,5,6,3008,0,0,0,NA,0,NA,NUTWOOD AVE,HALE AVE,213,W,N,B,-,N,NA,NA,NA,NA,NA,NA,NA,NA,NA,N,4,0,2,2,A,-,09,21804,A,N,B,C,A,A,H,-,A,D,0,NA,NA,NA,NA,Y,NA,-,35,0,0,2,0,0,0,0,0,0,-,-,33.87800979614258,-117.89498138427734,ORANGE,FULLERTON,-117.89560699462892,33.87776184082031
84488146,2024,2024-12-02,3016,2024-11-06,1039,2218,NA,3,5,5,3016,0,0,0,NA,0,001,KRAEMER BOULEVARD,PATRICIAN LANE,179,N,N,A,-,N,NA,NA,NA,NA,NA,NA,NA,NA,NA,N,4,0,1,2,A,-,03,22350,NA,N,C,D,A,A,H,-,A,A,0,NA,NA,NA,NA,Y,NA,A,07,0,0,1,0,0,0,0,0,0,-,-,33.89973831176758,-117.86264038085938,ORANGE,PLACENTIA,-117.86378479003906,33.90085983276367
8448815,2017,2017-09-14,3015,2017-08-24,1946,1515,13S,4,5,6,3015,0,0,0,NA,0,001,E LA VETA AV,S CENTER ST,16,E,N,A,-,N,NA,NA,NA,NA,NA,NA,NA,NA,NA,Y,3,0,3,3,A,-,01,23152,A,N,B,C,A,A,H,-,D,D,0,NA,NA,NA,NA,Y,Y,A,01,0,1,2,0,0,0,0,0,0,-,-,NA,NA,ORANGE,ORANGE,-117.84980748,33.78060951
84489783,2024,2024-12-03,3010,2024-11-30,1718,6102,NA,6,5,6,3010,0,0,0,NA,0,002,ATLANTA AVE,MAGNOLIA ST,202,W,N,A,-,N,NA,NA,NA,NA,NA,NA,NA,NA,NA,Y,4,0,1,2,A,-,01,23152,A,N,C,C,A,A,H,-,C,A,0,NA,NA,NA,NA,Y,Y,A,01,0,0,1,0,0,0,0,0,0,-,-,33.65631103515625,-117.97231292724608,ORANGE,HUNTINGTON BEACH,-117.97171020507813,33.65773010253906
84489807,2024,2024-12-03,3019,2024-12-01,1917,3732,NA,7,5,7,3019,0,0,0,NA,0,003,BRISTOL STREET,MACARTHUR BOULEVARD,0,NA,Y,A,-,N,NA,NA,NA,NA,NA,NA,NA,NA,NA,N,4,0,1,2,A,-,05,21650,1,N,D,G,A,A,H,-,C,A,0,NA,Y,NA,Y,Y,NA,L,04,0,0,1,0,0,0,1,0,0,-,-,33.69942855834961,-117.8865203857422,ORANGE,SANTA ANA,-117.88561248779295,33.69992446899414
8449041,2017,2017-09-18,3000,2017-06-20,1835,1713,891G1,2,5,5,3050,0,0,0,NA,0,462,TRABUCO RD,PASEO SOMBRA,0,NA,Y,A,-,N,NA,NA,NA,NA,NA,NA,NA,NA,NA,Y,4,0,1,2,A,-,12,21453,A,N,D,C,A,A,H,-,A,A,0,NA,NA,NA,NA,Y,NA,A,01,0,0,1,0,0,0,0,0,0,-,-,NA,NA,ORANGE,LAKE FOREST,-117.70083002,33.65410002
84492861,2024,2024-12-05,3019,2024-11-09,1542,3749,NA,6,5,7,3019,0,0,0,NA,0,NA,MCFADDEN AVENUE,JACKSON STREET,0,NA,Y,A,-,N,NA,NA,NA,NA,NA,NA,NA,NA,NA,N,4,0,1,2,A,-,10,21950,A,N,G,B,B,A,H,-,A,A,0,Y,NA,NA,NA,Y,NA,A,07,0,0,1,0,1,0,0,0,0,-,-,33.73847961425781,-117.915771484375,ORANGE,SANTA ANA,-117.91570281982422,33.73820877075195
84492892,2024,2024-12-05,3019,2024-12-03,2230,3675,NA,2,5,7,3019,0,0,0,NA,0,004,FAIRVIEW STREET,WILLITS STREET,35,S,N,A,-,N,NA,NA,NA,NA,NA,NA,NA,NA,NA,Y,4,0,1,2,A,-,03,22350,NA,N,C,C,A,A,H,-,C,A,0,NA,NA,NA,NA,Y,NA,A,01,0,0,1,0,0,0,0,0,0,-,-,33.73984909057617,-117.9069366455078,ORANGE,SANTA ANA,-117.90679168701172,33.74004364013672
84495403,2024,2024-12-09,3001,2024-11-07,1539,A1410,NA,4,5,7,3001,0,0,0,NA,0,NA,LOARA STREET,BALL ROAD (W),3,S,N,A,-,N,NA,NA,NA,NA,NA,NA,NA,NA,NA,N,4,0,1,2,A,-,05,21650,1,N,D,G,A,A,H,-,A,D,0,NA,Y,NA,NA,Y,Y,L,04,0,0,1,0,0,0,1,0,0,-,-,33.81803894042969,-117.9373779296875,ORANGE,ANAHEIM,-117.93765258789063,33.81792068481445
84495877,2024,2024-12-10,3001,2024-11-13,1848,A2339,NA,3,5,7,3001,0,0,0,NA,0,D-2,STATE COLLEGE BOULEVARD,LA PALMA AVENUE,131,S,N,A,-,N,NA,NA,NA,NA,NA,NA,NA,NA,NA,N,4,0,1,2,A,-,17,21235,G,N,A,C,A,A,H,-,C,D,0,NA,NA,NA,NA,Y,NA,M,94,0,0,1,0,0,0,0,0,0,-,-,NA,NA,ORANGE,ANAHEIM,-117.88929748535156,33.846900939941406
84496079,2024,2024-12-10,3022,2024-11-10,1849,1422,NA,7,5,5,3022,0,0,0,NA,0,NA,JAMBOREE RD,PORTOLA PKWY,0,NA,Y,A,-,N,NA,NA,NA,NA,NA,NA,NA,NA,NA,Y,3,0,1,2,A,-,09,21453,C,N,A,C,A,A,H,-,C,A,0,NA,NA,NA,NA,Y,NA,A,01,0,1,0,0,0,0,0,0,0,-,-,33.74386978149414,-117.77147674560548,ORANGE,TUSTIN,-117.77140808105467,33.743896484375
8449749,2015,2017-09-23,3006,2015-03-03,0904,299,27,2,5,3,3006,0,0,0,NA,0,002,LA PALMA AV,WALKER ST,123,W,N,A,-,N,NA,NA,NA,NA,NA,NA,NA,NA,NA,N,4,0,1,2,A,-,03,22350,NA,N,C,C,A,A,H,-,A,A,0,NA,NA,NA,NA,Y,NA,A,01,0,0,1,0,0,0,0,0,0,-,-,NA,NA,ORANGE,LA PALMA,-118.03764419,33.84641
84497770,2024,2024-12-13,3010,2024-08-14,157,2109,NA,3,5,6,3010,0,0,0,NA,0,006,WARNER AVE,GOLDENWEST ST,14,W,N,A,-,N,NA,NA,NA,NA,NA,NA,NA,NA,NA,Y,2,0,1,2,A,-,12,21453,A,N,D,G,A,A,H,-,C,A,0,NA,Y,NA,NA,Y,NA,L,04,1,0,0,0,0,0,1,0,0,-,-,33.71556854248047,-118.00672149658205,ORANGE,HUNTINGTON BEACH,-118.0067138671875,33.71548843383789
8449864,2016,2017-09-16,3006,2016-11-29,1920,322,1-20,2,5,3,3006,0,0,0,NA,0,001,LA PALMA,MOODY,0,NA,Y,A,-,N,NA,NA,NA,NA,NA,NA,NA,NA,NA,Y,4,0,3,2,A,-,09,21801,A,N,D,C,A,A,H,-,C,A,0,NA,NA,NA,NA,Y,NA,A,01,0,0,3,0,0,0,0,0,0,-,-,NA,NA,ORANGE,LA PALMA,-118.04609001,33.84635011
8449891,2016,2017-09-16,3006,2016-07-15,0906,277,34,5,5,3,3006,0,0,0,NA,0,002,VALLEY VIEW ST,WALKER ST,0,NA,Y,A,-,N,NA,NA,NA,NA,NA,NA,NA,NA,NA,N,4,0,1,2,A,-,09,21800,A,N,H,A,A,A,H,-,A,A,0,NA,Y,NA,NA,Y,NA,A,01,0,0,1,0,0,0,1,0,0,-,-,NA,NA,ORANGE,LA PALMA,NA,NA
84499420,2024,2024-12-13,3001,2024-12-07,2025,A2804,NA,6,5,7,3001,0,0,0,NA,0,D-1,EUCLID STREET,LINCOLN AVENUE,10,N,N,A,-,N,NA,NA,NA,NA,NA,NA,NA,NA,NA,N,4,0,1,2,A,-,01,23152,A,N,C,C,A,A,H,-,C,A,0,NA,NA,NA,NA,Y,Y,A,01,0,0,1,0,0,0,0,0,0,-,-,33.83272171020508,-117.94159698486328,ORANGE,ANAHEIM,-117.94148254394533,33.83246612548828
84502615,2024,2024-12-13,3001,2024-11-20,1034,A1404,NA,3,5,7,3001,0,0,0,NA,0,NA,TUSTIN AVENUE,RT 91 WBOFF/R,0,NA,Y,A,-,Y,NA,NA,NA,NA,NA,NA,NA,NA,NA,Y,4,0,1,2,A,-,03,22350,NA,N,C,C,A,A,H,-,A,A,0,NA,NA,NA,NA,Y,NA,A,01,0,0,1,0,0,0,0,0,0,-,-,NA,NA,ORANGE,ANAHEIM,-117.83797454833984,33.85123062133789
84506209,2024,2024-12-17,3026,2024-12-12,739,747,NA,4,5,6,3026,0,0,0,NA,0,003,UNIVERSITY DR,BEECH TREE LN,230,W,N,A,-,N,NA,NA,NA,NA,NA,NA,NA,NA,NA,Y,3,0,3,2,A,-,03,22350,NA,N,C,C,A,A,H,-,A,D,0,NA,NA,NA,NA,Y,NA,A,01,0,1,2,0,0,0,0,0,0,-,-,33.65830993652344,-117.81813049316406,ORANGE,IRVINE,-117.81869506835938,33.65816116333008
84506235,2023,2024-12-17,3026,2023-12-09,850,746,NA,6,5,6,3026,0,0,0,NA,0,004,WALNUT AVE,YALE AVE,0,NA,Y,A,-,N,NA,NA,NA,NA,NA,NA,NA,NA,NA,Y,3,0,2,2,A,-,09,21453,C,N,D,C,A,A,H,-,A,A,0,NA,NA,NA,NA,Y,NA,A,01,0,1,1,0,0,0,0,0,0,-,-,33.69736862182617,-117.77745819091795,ORANGE,IRVINE,-117.77825927734376,33.69816970825195
8450629,2017,2017-10-07,3004,2017-08-24,1652,P550,27,4,5,6,3004,0,0,0,NA,0,015,SCENIC AV,HYLAND AV,235,W,N,A,-,N,NA,NA,NA,NA,NA,NA,NA,NA,NA,Y,3,0,1,3,A,-,09,21801,A,N,D,C,A,A,H,-,A,D,0,NA,NA,NA,NA,Y,NA,A,01,0,1,0,0,0,0,0,0,0,-,-,33.69929,-117.92663,ORANGE,COSTA MESA,-117.92649082,33.69932
84507977,2024,2024-12-18,3010,2024-12-05,158,3194,NA,4,5,6,3010,0,0,0,NA,0,003,BROOKHURST ST,MEREDITH DR,395,N,N,A,-,N,NA,NA,NA,NA,NA,NA,NA,NA,NA,Y,4,0,2,2,A,-,09,21801,A,N,D,C,A,A,H,-,C,A,0,NA,NA,NA,NA,Y,NA,A,01,0,0,2,0,0,0,0,0,0,-,-,33.67021942138672,-117.9538803100586,ORANGE,HUNTINGTON BEACH,-117.9539031982422,33.67018127441406
84508039,2024,2024-12-19,3008,2024-10-23,1806,1627,NA,3,5,6,3008,0,0,0,NA,0,NA,CHAPMAN AVE,CLARKE AVE,180,W,N,A,-,N,NA,NA,NA,NA,NA,NA,NA,NA,NA,N,4,0,1,2,A,-,10,21952,NA,N,G,B,F,A,H,-,B,D,0,Y,NA,NA,NA,Y,NA,A,07,0,0,1,0,1,0,0,0,0,-,-,33.87432861328125,-117.88623046875,ORANGE,FULLERTON,-117.88666534423828,33.874080657958984
84509784,2024,2024-12-19,3026,2024-12-17,1146,745,NA,2,5,6,3026,0,0,0,NA,0,005,CULVER DR,BARRANCA PKWY,0,NA,Y,A,-,N,NA,NA,NA,NA,NA,NA,NA,NA,NA,Y,4,0,2,2,D,-,00,NA,NA,N,A,C,A,A,H,-,A,A,0,NA,NA,NA,NA,Y,NA,-,-,0,0,2,0,0,0,0,0,0,-,-,33.68423843383789,-117.80847930908205,ORANGE,IRVINE,-117.80841827392578,33.68410110473633