CASE_ID,ACCIDENT_YEAR,PROC_DATE,JURIS,COLLISION_DATE,COLLISION_TIME,OFFICER_ID,REPORTING_DISTRICT,DAY_OF_WEEK,CHP_SHIFT,POPULATION,CNTY_CITY_LOC,SPECIAL_COND,BEAT_TYPE,CHP_BEAT_TYPE,CITY_DIVISION_LAPD,CHP_BEAT_CLASS,BEAT_NUMBER,PRIMARY_RD,SECONDARY_RD,DISTANCE,DIRECTION,INTERSECTION,WEATHER_1,WEATHER_2,STATE_HWY_IND,CALTRANS_COUNTY,CALTRANS_DISTRICT,STATE_ROUTE,ROUTE_SUFFIX,POSTMILE_PREFIX,POSTMILE,LOCATION_TYPE,RAMP_INTERSECTION,SIDE_OF_HWY,TOW_AWAY,COLLISION_SEVERITY,NUMBER_KILLED,NUMBER_INJURED,PARTY_COUNT,PRIMARY_COLL_FACTOR,PCF_CODE_OF_VIOL,PCF_VIOL_CATEGORY,PCF_VIOLATION,PCF_VIOL_SUBSECTION,HIT_AND_RUN,TYPE_OF_COLLISION,MVIW,PED_ACTION,ROAD_SURFACE,ROAD_COND_1,ROAD_COND_2,LIGHTING,CONTROL_DEVICE,CHP_ROAD_TYPE,PEDESTRIAN_ACCIDENT,BICYCLE_ACCIDENT,MOTORCYCLE_ACCIDENT,TRUCK_ACCIDENT,NOT_PRIVATE_PROPERTY,ALCOHOL_INVOLVED,STWD_VEHTYPE_AT_FAULT,CHP_VEHTYPE_AT_FAULT,COUNT_SEVERE_INJ,COUNT_VISIBLE_INJ,COUNT_COMPLAINT_PAIN,COUNT_PED_KILLED,COUNT_PED_INJURED,COUNT_BICYCLIST_KILLED,COUNT_BICYCLIST_INJURED,COUNT_MC_KILLED,COUNT_MC_INJURED,PRIMARY_RAMP,SECONDARY_RAMP,LATITUDE,LONGITUDE,COUNTY,CITY,POINT_X,POINT_Y
84955103,2025,2025-12-03,3001,2025-11-15,2231,A2694,NA,6,5,7,3001,0,0,0,NA,0,D-3,KATELLA AVE,STADIUM CROSSING,30,E,N,C,-,N,NA,NA,NA,NA,NA,NA,NA,NA,NA,N,3,0,1,2,A,-,03,22350,NA,F,G,B,F,B,H,-,C,A,0,Y,NA,NA,NA,Y,NA,A,07,0,1,0,0,1,0,0,0,0,-,-,33.8034782409668,-117.88688659667967,ORANGE,ANAHEIM,NA,NA
84955234,2025,2025-12-03,3019,2025-11-09,1854,3252,NA,7,5,7,3019,0,0,0,NA,0,001,17TH STREET,BRISTOL MARKET PLACE,58,E,N,A,-,N,NA,NA,NA,NA,NA,NA,NA,NA,NA,N,4,0,2,3,A,-,03,22350,NA,N,C,C,A,A,H,-,C,A,0,NA,NA,NA,NA,Y,NA,A,01,0,0,2,0,0,0,0,0,0,-,-,33.759490966796875,-117.88825225830078,ORANGE,SANTA ANA,-117.88824462890624,33.75994110107422
84955235,2025,2025-12-03,3019,2025-11-12,833,3295,NA,3,5,7,3019,0,0,0,NA,0,004,WARNER AVENUE,HARBOR BOULEVARD,200,W,N,A,-,N,NA,NA,NA,NA,NA,NA,NA,NA,NA,N,4,0,1,4,A,-,03,22350,NA,N,C,C,A,A,H,-,A,A,0,NA,NA,NA,NA,Y,NA,A,01,0,0,1,0,0,0,0,0,0,-,-,33.71403121948242,-117.91996002197266,ORANGE,SANTA ANA,-117.92047119140624,33.71385955810547
84955249,2025,2025-12-03,3019,2025-11-20,1057,4021,NA,4,5,7,3019,0,0,0,NA,0,003,MCFADDEN AVENUE,BIRCH STREET,48,W,N,A,-,N,NA,NA,NA,NA,NA,NA,NA,NA,NA,Y,4,0,1,4,A,-,03,22350,NA,N,C,C,A,A,H,-,A,A,0,NA,NA,NA,NA,Y,NA,A,01,0,0,1,0,0,0,0,0,0,-,-,33.73442840576172,-117.87098693847656,ORANGE,SANTA ANA,-117.87118530273438,33.734519958496094
84955308,2025,2025-12-03,3019,2025-11-26,1604,3201,NA,3,5,7,3019,0,0,0,NA,0,001,1ST STREET,HARBOR BOULEVARD,230,W,N,A,-,N,NA,NA,NA,NA,NA,NA,NA,NA,NA,Y,4,0,1,2,A,-,09,21804,A,N,D,C,A,A,H,-,A,D,0,NA,NA,NA,NA,Y,NA,A,01,0,0,1,0,0,0,0,0,0,-,-,33.74504089355469,-117.92022705078124,ORANGE,SANTA ANA,-117.92093658447266,33.74515151977539
8495807,2017,2017-12-07,3026,2017-10-18,0850,313,NA,3,5,6,3026,0,0,0,NA,0,NA,ALTON,HARVARD,622,W,N,A,-,N,NA,NA,NA,NA,NA,NA,NA,NA,NA,N,3,0,1,2,A,-,03,22350,NA,N,D,C,A,A,H,-,A,D,0,NA,NA,Y,NA,Y,NA,C,03,0,1,0,0,0,0,0,0,1,-,-,NA,NA,ORANGE,IRVINE,-117.82814603,33.68566239
8495839,2017,2017-12-07,3010,2017-10-25,2030,1109,137,3,5,6,3010,0,0,0,NA,0,009,SPRINGDALE,CHEMICAL,0,NA,Y,A,-,N,NA,NA,NA,NA,NA,NA,NA,NA,NA,Y,4,0,1,2,A,-,09,21802,A,N,D,C,A,A,H,-,C,A,0,NA,NA,NA,NA,Y,NA,A,08,0,0,1,0,0,0,0,0,0,-,-,NA,NA,ORANGE,HUNTINGTON BEACH,NA,NA
84958605,2025,2025-12-05,3001,2025-11-21,1026,A3061,NA,5,5,7,3001,0,0,0,NA,0,D-2,STATE COLLEGE BOULEVARD,LINCOLN AVENUE,210,N,N,B,-,N,NA,NA,NA,NA,NA,NA,NA,NA,NA,Y,3,0,1,3,A,-,08,22107,NA,N,B,C,A,A,H,-,A,D,0,NA,NA,NA,NA,Y,NA,A,01,0,1,0,0,0,0,0,0,0,-,-,NA,NA,ORANGE,ANAHEIM,-117.88932800292967,33.84059524536133
8495909,2017,2017-12-07,3010,2017-11-02,0730,1208,165,4,5,6,3010,0,0,0,NA,0,008,GREEN LN,NEELY,162,S,N,A,-,N,NA,NA,NA,NA,NA,NA,NA,NA,NA,Y,4,0,3,2,A,-,09,21804,A,N,D,C,A,A,H,-,A,D,0,NA,NA,NA,NA,Y,NA,A,01,0,0,3,0,0,0,0,0,0,-,-,NA,NA,ORANGE,HUNTINGTON BEACH,-118.04365783,33.71984592
8495995,2017,2017-12-05,3000,2017-10-23,1250,2849,862B4,1,5,5,3050,0,0,0,NA,0,764,ALTON PKWY,PORTOLA PKWY,0,NA,Y,A,-,N,NA,NA,NA,NA,NA,NA,NA,NA,NA,Y,4,0,2,2,A,-,12,21453,A,N,D,C,A,A,H,-,A,A,0,NA,NA,NA,NA,Y,NA,A,07,0,0,2,0,0,0,0,0,0,-,-,NA,NA,ORANGE,LAKE FOREST,-117.66660012,33.6831701
84960232,2025,2025-12-11,3001,2025-11-04,1540,A3060,NA,2,5,7,3001,0,0,0,NA,0,026,LA PALMA AVE,ACACIA ST,0,NA,Y,A,-,N,NA,NA,NA,NA,NA,NA,NA,NA,NA,Y,3,0,2,2,A,-,09,21801,A,N,D,C,A,A,H,-,A,A,0,NA,NA,NA,NA,Y,NA,A,07,0,2,0,0,0,0,0,0,0,-,-,33.847389221191406,-117.8979034423828,ORANGE,ANAHEIM,-117.89785003662108,33.84727096557617
84960238,2025,2025-12-08,3001,2025-11-22,1431,A2576,NA,6,5,7,3001,0,0,0,NA,0,021,91 EBOFF/R,BROOKHURST,17,W,N,A,-,N,NA,NA,NA,NA,NA,NA,NA,NA,NA,Y,4,0,2,2,A,-,03,22350,NA,N,C,C,A,A,H,-,A,A,0,NA,NA,NA,NA,Y,NA,A,01,0,0,2,0,0,0,0,0,0,-,-,33.85271072387695,-117.95864105224608,ORANGE,ANAHEIM,NA,NA
84963033,2025,2025-12-09,3001,2025-11-26,1902,A1278,NA,3,5,7,3001,0,0,0,NA,0,D-2,SUNKIST ST,LA PALMA AVE,212,S,N,A,-,N,NA,NA,NA,NA,NA,NA,NA,NA,NA,Y,3,0,1,3,A,-,01,23152,A,N,C,E,A,A,H,-,C,D,0,NA,NA,NA,NA,Y,Y,A,01,0,1,0,0,0,0,0,0,0,-,-,33.84716033935547,-117.88043975830078,ORANGE,ANAHEIM,-117.88044738769533,33.84668731689453
8496316,2017,2017-12-07,3009,2017-11-14,0836,3486,106,2,5,6,3009,0,0,0,NA,0,013,BROOKHURST ST,WOODBURY AV,0,NA,Y,A,-,N,NA,NA,NA,NA,NA,NA,NA,NA,NA,N,4,0,1,3,A,-,12,21453,A,N,D,C,A,A,H,-,A,A,0,NA,NA,NA,NA,Y,NA,A,01,0,0,1,0,0,0,0,0,0,-,-,NA,NA,ORANGE,GARDEN GROVE,-117.95508004,33.76261007
84967293,2025,2025-12-11,3008,2025-10-20,847,1387,NA,1,5,6,3008,0,0,0,NA,0,NA,ANNIN AVE,WILSHIRE AVE,0,NA,Y,A,-,N,NA,NA,NA,NA,NA,NA,NA,NA,NA,Y,4,0,2,2,A,-,09,21800,A,N,D,C,A,A,H,-,A,D,0,NA,NA,NA,NA,Y,NA,A,07,0,0,2,0,0,0,0,0,0,-,-,NA,NA,ORANGE,FULLERTON,-117.90170288085938,33.8726692199707
84969109,2025,2025-12-12,3019,2025-10-16,1743,4009,NA,4,5,7,3019,0,0,0,NA,0,002,MAIN STREET,18TH STREET (N),0,NA,Y,A,-,N,NA,NA,NA,NA,NA,NA,NA,NA,NA,N,4,0,1,2,A,-,08,22107,NA,N,D,C,A,A,H,-,A,D,0,NA,NA,NA,NA,Y,NA,A,01,0,0,1,0,0,0,0,0,0,-,-,33.761409759521484,-117.86753845214844,ORANGE,SANTA ANA,-117.86756134033205,33.76115036010742
8497169,2017,2018-06-22,3010,2017-11-27,1122,1059,451,1,5,6,3010,0,0,0,NA,0,004,RT 1,MAIN ST,189,S,N,A,-,Y,ORA,12,1,-,-,24.68,H,-,N,Y,3,0,1,2,A,-,04,21703,NA,N,C,C,A,A,H,-,A,D,0,NA,NA,Y,NA,Y,NA,C,02,0,1,0,0,0,0,0,0,1,-,-,NA,NA,ORANGE,HUNTINGTON BEACH,-118.00135314,33.6567487
84975225,2025,2025-12-18,3001,2025-11-30,2347,A2706,NA,7,5,7,3001,0,0,0,NA,0,NA,HARBOR BLVD,CYPRESS ST,159,N,N,A,-,N,NA,NA,NA,NA,NA,NA,NA,NA,NA,Y,2,0,4,3,A,-,05,21651,A,N,A,C,A,A,H,-,C,D,0,NA,NA,NA,NA,Y,NA,A,01,1,0,3,0,0,0,0,0,0,-,-,33.836299896240234,-117.92030334472656,ORANGE,ANAHEIM,-117.9204330444336,33.8368034362793
84976959,2025,2025-12-18,3019,2025-12-04,1917,4021,NA,4,5,7,3019,0,0,0,NA,0,001,BRISTOL STREET,BRISTOL MARKET PLACE,134,S,N,-,-,N,NA,NA,NA,NA,NA,NA,NA,NA,NA,Y,3,0,1,2,A,-,01,23152,A,M,B,C,A,A,H,-,C,D,0,NA,NA,NA,NA,Y,Y,A,01,0,1,0,0,0,0,0,0,0,-,-,33.761959075927734,-117.8850326538086,ORANGE,SANTA ANA,-117.88506317138672,33.76160430908203
8497725,2017,2017-12-07,3009,2017-11-01,1444,4282,117,3,5,6,3009,0,0,0,NA,0,023,EUCLID ST,HAZARD AV,0,NA,Y,A,-,N,NA,NA,NA,NA,NA,NA,NA,NA,NA,N,4,0,1,4,A,-,12,21453,A,N,D,C,A,A,H,-,A,A,0,NA,NA,NA,NA,Y,NA,A,01,0,0,1,0,0,0,0,0,0,-,-,NA,NA,ORANGE,GARDEN GROVE,-117.93758,33.75235007
8497858,2017,2017-12-07,3024,2017-11-20,1055,329,P30,1,5,5,3024,0,0,0,NA,0,WEST,GOLDENWEST ST,GEORGETOWN AV,510,S,N,A,-,N,NA,NA,NA,NA,NA,NA,NA,NA,NA,N,3,0,1,2,A,-,05,21650,1,N,D,G,A,A,H,-,A,D,0,NA,Y,NA,NA,Y,NA,L,04,0,1,0,0,0,0,1,0,0,-,-,33.74228,-118.00695,ORANGE,WESTMINSTER,-118.00695061,33.7410017
8498225,2017,2017-12-05,3000,2017-10-02,0210,5805,891H5,1,5,5,3050,0,0,0,NA,0,765,EL TORO RD,JERONIMO RD,103,E,N,A,-,N,NA,NA,NA,NA,NA,NA,NA,NA,NA,Y,3,0,1,1,A,-,01,23152,A,N,F,A,A,A,H,-,C,A,0,NA,NA,Y,NA,Y,Y,C,02,0,1,0,0,0,0,0,0,1,-,-,NA,NA,ORANGE,LAKE FOREST,-117.69043681,33.62874574
84982338,2025,2025-12-22,3014,2025-12-13,733,1561,NA,6,5,5,3014,0,0,0,NA,0,A2,WESTCLIFF DR,DOVER DR,122,E,N,A,-,N,NA,NA,NA,NA,NA,NA,NA,NA,NA,Y,3,0,1,1,A,-,03,22350,NA,N,E,I,A,A,H,-,A,D,0,NA,NA,NA,NA,Y,NA,A,01,0,1,0,0,0,0,0,0,0,-,-,33.625701904296875,-117.90309143066406,ORANGE,NEWPORT BEACH,-117.90412902832033,33.625099182128906
8498452,2017,2017-12-08,3010,2017-11-12,2023,1261,454,7,5,6,3010,0,0,0,NA,0,002,INDIANAPOLIS,NEWLAND,0,NA,Y,B,-,N,NA,NA,NA,NA,NA,NA,NA,NA,NA,Y,3,0,1,2,A,-,09,21801,A,F,D,C,A,A,H,-,C,A,0,NA,NA,Y,NA,Y,NA,A,01,0,1,0,0,0,0,0,0,1,-,-,NA,NA,ORANGE,HUNTINGTON BEACH,-117.97981,33.6649401
84988022,2025,2025-12-29,3019,2025-12-03,1811,3907,NA,3,5,7,3019,0,0,0,NA,0,003,CUBBON STREET,MAIN STREET,117,E,N,A,-,N,NA,NA,NA,NA,NA,NA,NA,NA,NA,N,4,0,2,2,A,-,09,21804,A,N,D,C,A,A,H,-,C,D,0,NA,NA,NA,NA,Y,NA,A,01,0,0,2,0,0,0,0,0,0,-,-,33.73503112792969,-117.86805725097656,ORANGE,SANTA ANA,-117.86772918701172,33.73579025268555
8498957,2017,2017-12-06,3020,2017-10-06,2500,437,3020,5,5,4,3020,0,0,0,NA,0,SOUTH,MARVISTA AV,COASTLINE DR,490,E,N,A,-,N,NA,NA,NA,NA,NA,NA,NA,NA,NA,N,4,0,1,2,A,-,21,22106,NA,N,G,B,F,A,H,-,A,D,0,Y,NA,NA,NA,Y,NA,A,NA,0,0,1,0,1,0,0,0,0,-,-,NA,NA,ORANGE,SEAL BEACH,-118.10485,33.7468
84992807,2025,2026-01-01,3001,2025-12-13,1810,A2823,NA,6,5,7,3001,0,0,0,NA,0,D-2,LINCOLN AVE,57 SBOFF/R,0,NA,Y,A,-,Y,NA,NA,NA,NA,NA,NA,NA,NA,NA,N,4,0,1,2,A,-,09,21804,A,N,D,G,A,A,H,-,C,A,0,NA,Y,NA,NA,Y,NA,L,04,0,0,1,0,0,0,1,0,0,-,-,33.83805847167969,-117.87841796875,ORANGE,ANAHEIM,NA,NA
84992810,2025,2025-12-31,3001,2025-12-15,1728,A2602,NA,1,5,7,3001,0,0,0,NA,0,NA,SUNKIST STREET,BETHEL DRIVE,0,NA,Y,A,-,N,NA,NA,NA,NA,NA,NA,NA,NA,NA,Y,3,0,4,2,A,-,09,21801,A,N,D,C,A,A,H,-,B,D,0,NA,NA,NA,NA,Y,NA,A,01,0,1,3,0,0,0,0,0,0,-,-,NA,NA,ORANGE,ANAHEIM,-117.88053131103516,33.831180572509766
84993035,2025,2025-12-31,3019,2025-12-16,1320,2676,NA,2,5,7,3019,0,0,0,NA,0,002,FRENCH STREET,17TH STREET,0,NA,Y,A,-,N,NA,NA,NA,NA,NA,NA,NA,NA,NA,N,4,0,1,2,A,-,03,22350,NA,N,D,C,A,A,H,-,A,D,0,NA,NA,Y,NA,Y,NA,C,03,0,0,1,0,0,0,0,0,1,-,-,33.759151458740234,-117.86383819580078,ORANGE,SANTA ANA,-117.8639907836914,33.75993728637695
84993060,2025,2025-12-31,3019,2025-12-19,735,3884,NA,5,5,7,3019,0,0,0,NA,0,004,MCFADDEN AVENUE,DIAMOND STREET,0,NA,Y,A,-,N,NA,NA,NA,NA,NA,NA,NA,NA,NA,N,4,0,1,2,A,-,06,21755,A,N,B,C,A,A,H,-,A,D,0,NA,NA,NA,NA,Y,NA,A,01,0,0,1,0,0,0,0,0,0,-,-,33.734378814697266,-117.89951324462892,ORANGE,SANTA ANA,-117.89967346191406,33.734500885009766
84994792,2025,2026-01-01,3001,2025-12-11,1934,A2494,NA,4,5,7,3001,0,0,0,NA,0,D-3,ANAHEIM WAY,ANAHEIM BLVD,28,E,N,A,-,N,NA,NA,NA,NA,NA,NA,NA,NA,NA,N,4,0,3,3,A,-,03,22350,NA,M,C,C,A,A,H,-,C,A,0,NA,NA,NA,NA,Y,NA,A,01,0,0,3,0,0,0,0,0,0,-,-,NA,NA,ORANGE,ANAHEIM,-117.90594482421876,33.807125091552734
84995498,2025,2026-01-02,3001,2025-12-14,130,A2706,NA,7,5,7,3001,0,0,0,NA,0,D-2,ANAHEIM BLVD,LA PALMA AVE (E),50,N,N,A,-,N,NA,NA,NA,NA,NA,NA,NA,NA,NA,Y,4,0,1,1,A,-,03,22350,NA,N,E,I,A,A,H,-,C,A,0,NA,NA,NA,NA,Y,NA,A,01,0,0,1,0,0,0,0,0,0,-,-,33.8471794128418,-117.91768646240234,ORANGE,ANAHEIM,-117.91983032226563,33.847476959228516
84996978,2025,2026-01-05,3001,2025-12-17,1930,A2785,NA,3,5,7,3001,0,0,0,NA,0,D-1,LINCOLN AVE,BEACH BLVD,0,NA,Y,E,-,Y,ORA,NA,39,NA,NA,12.679,H,NA,R,N,4,0,1,2,A,-,10,21950,A,N,G,B,B,A,H,-,C,A,0,Y,NA,NA,NA,Y,NA,A,01,0,0,1,0,1,0,0,0,0,-,-,33.83197021484375,-117.99333953857422,ORANGE,ANAHEIM,-117.99339294433594,33.83197021484375
84999860,2025,2026-01-07,3001,2025-12-23,2022,A2783,NA,2,5,7,3001,0,0,0,NA,0,D-1,MAGNOLIA AVE,LINCOLN AVE,338,N,N,A,-,N,NA,NA,NA,NA,NA,NA,NA,NA,NA,N,4,0,1,3,A,-,03,22350,NA,N,C,C,A,A,H,-,C,D,0,NA,NA,NA,NA,Y,NA,A,01,0,0,1,0,0,0,0,0,0,-,-,33.831871032714844,-117.97583770751952,ORANGE,ANAHEIM,-117.97599029541016,33.832271575927734
84999863,2025,2026-01-07,3001,2025-12-24,1930,A2494,NA,3,5,7,3001,0,0,0,NA,0,D-4,FRONTERA ST,ARMANDO ST,0,NA,Y,C,-,N,NA,NA,NA,NA,NA,NA,NA,NA,NA,Y,3,0,2,3,A,-,09,21801,A,N,D,C,A,B,H,-,C,D,0,NA,NA,Y,NA,Y,NA,A,01,0,1,1,0,0,0,0,0,0,-,-,33.84449005126953,-117.8588409423828,ORANGE,ANAHEIM,-117.85926055908205,33.8464241027832
8500205,2017,2017-12-07,3007,2017-11-07,0849,1126,37,2,5,5,3007,0,0,0,NA,0,002,NEWHOPE ST,QUARTZ AV,101,N,N,A,-,N,NA,NA,NA,NA,NA,NA,NA,NA,NA,Y,4,0,2,2,A,-,03,22350,NA,N,C,C,A,A,H,-,A,A,0,NA,NA,NA,NA,Y,NA,A,07,0,0,2,0,0,0,0,0,0,-,-,NA,NA,ORANGE,FOUNTAIN VALLEY,-117.92848287,33.71995669
85003019,2025,2026-01-22,3014,2025-12-26,630,1694,NA,5,5,5,3014,0,0,0,NA,0,A3,IRVINE AVE,MESA DR,533,N,N,A,-,N,NA,NA,NA,NA,NA,NA,NA,NA,NA,Y,3,0,1,4,A,-,03,22350,A,N,C,E,A,A,H,-,A,D,0,NA,NA,NA,NA,Y,NA,A,01,0,1,0,0,0,0,0,0,0,-,-,33.659698486328125,-117.88289642333984,ORANGE,NEWPORT BEACH,-117.88304901123048,33.65964889526367
85003731,2025,2026-01-08,3019,2025-12-12,723,3295,NA,5,5,7,3019,0,0,0,NA,0,003,EDINGER AVENUE,MAPLE BIKE TRAIL,0,NA,Y,A,-,N,NA,NA,NA,NA,NA,NA,NA,NA,NA,N,4,0,1,2,A,-,12,21453,A,N,D,G,A,A,H,-,A,A,0,NA,Y,NA,NA,Y,NA,A,07,0,0,1,0,0,0,1,0,0,-,-,33.72698974609375,-117.86344146728516,ORANGE,SANTA ANA,-117.86408233642578,33.727237701416016
8500377,2017,2017-12-05,3007,2017-10-17,1816,284,35I,2,5,5,3007,0,0,0,NA,0,003,MAGNOLIA,TALBERT,0,NA,Y,A,-,N,NA,NA,NA,NA,NA,NA,NA,NA,NA,N,3,0,1,2,A,-,12,21453,A,N,D,C,A,A,H,-,B,A,0,NA,NA,NA,NA,Y,NA,A,01,0,1,0,0,0,0,0,0,0,-,-,NA,NA,ORANGE,FOUNTAIN VALLEY,-117.97175014,33.70136005
85005521,2025,2026-01-09,3019,2025-12-21,1620,3791,NA,7,5,7,3019,0,0,0,NA,0,004,FLOWER STREET,BISHOP STREET,0,NA,Y,A,-,N,NA,NA,NA,NA,NA,NA,NA,NA,NA,N,3,0,1,2,A,-,09,21800,A,N,D,G,A,A,H,-,A,A,0,NA,Y,NA,NA,Y,NA,A,07,0,1,0,0,0,0,1,0,0,-,-,33.73942184448242,-117.87631225585938,ORANGE,SANTA ANA,-117.87642669677734,33.73939895629883
85005524,2025,2026-01-09,3019,2025-12-20,1847,4037,NA,6,5,7,3019,0,0,0,NA,0,004,SEGERSTROM AVENUE,GREENVILLE STREET,0,NA,Y,A,-,N,NA,NA,NA,NA,NA,NA,NA,NA,NA,N,4,0,2,2,A,-,09,21801,A,N,D,C,A,A,H,-,C,A,0,NA,NA,NA,NA,Y,NA,A,01,0,0,2,0,0,0,0,0,0,-,-,33.70878982543945,-117.90448760986328,ORANGE,SANTA ANA,-117.90410614013672,33.70884323120117
8500955,2017,2018-01-16,3022,2017-11-06,0600,1154,SOUTH,1,5,5,3022,0,0,0,NA,0,NA,NISSON RD,RED HILL AV,174,W,N,B,-,N,NA,NA,NA,NA,NA,NA,NA,NA,NA,Y,3,0,1,1,A,-,08,22107,NA,N,E,I,A,A,H,-,A,D,0,NA,NA,NA,NA,Y,NA,A,01,0,1,0,0,0,0,0,0,0,-,-,33.73271,-117.81609,ORANGE,TUSTIN,-117.81661361,33.73308361
85010443,2025,2026-01-13,3019,2025-12-23,2230,3907,NA,2,5,7,3019,0,0,0,NA,0,002,1ST STREET,DOWN TOWN PLAZA,0,NA,Y,A,-,N,NA,NA,NA,NA,NA,NA,NA,NA,NA,N,4,0,1,2,D,-,00,NA,NA,N,D,D,A,A,H,-,A,D,0,NA,NA,NA,NA,Y,NA,-,-,0,0,1,0,0,0,0,0,0,-,-,33.74531173706055,-117.86434173583984,ORANGE,SANTA ANA,NA,NA
8501220,2017,2017-12-08,3000,2017-11-05,1400,2785,921D2,7,5,4,3049,0,0,0,NA,0,784,ALISO CREEK,WOLVERINE,100,S,N,A,-,N,NA,NA,NA,NA,NA,NA,NA,NA,NA,N,4,0,1,2,D,-,00,NA,NA,M,C,C,A,A,H,-,A,A,0,NA,NA,NA,NA,Y,NA,-,-,0,0,1,0,0,0,0,0,0,-,-,NA,NA,ORANGE,ALISO VIEJO,-117.72510661,33.56395089
8501623,2017,2017-12-18,3013,2017-11-11,2007,197,NA,6,5,3,3013,0,0,0,NA,0,NA,CERRITOS AV,BLOOMFIELD ST,0,NA,Y,A,-,N,NA,NA,NA,NA,NA,NA,NA,NA,NA,N,3,0,2,2,A,-,01,23152,A,N,D,C,A,A,H,-,C,A,0,NA,NA,NA,NA,Y,Y,D,22,0,1,1,0,0,0,0,0,0,-,-,NA,NA,ORANGE,LOS ALAMITOS,-118.06314012,33.81034009
8501670,2017,2017-12-18,3000,2017-11-08,1733,9342,797H1,3,5,4,3021,0,0,0,NA,0,3A22,CERRITOS AV,WESTERN AV,325,E,N,A,-,N,NA,NA,NA,NA,NA,NA,NA,NA,NA,Y,3,0,2,2,A,-,08,22107,NA,N,D,C,A,A,H,-,C,A,0,NA,NA,NA,NA,Y,NA,D,22,0,1,1,0,0,0,0,0,0,-,-,NA,NA,ORANGE,STANTON,-118.00093273,33.81007799
85018372,2025,2026-01-19,3008,2025-11-15,2050,1714,NA,6,5,6,3008,0,0,0,NA,0,NA,HARBOR BLVD,BASTANCHURY RD,0,NA,Y,C,-,N,NA,NA,NA,NA,NA,NA,NA,NA,NA,Y,4,0,1,2,A,-,05,21651,A,F,B,C,A,B,H,-,C,A,0,NA,NA,NA,NA,Y,NA,-,99,0,0,1,0,0,0,0,0,0,-,-,33.895870208740234,-117.92900848388672,ORANGE,FULLERTON,-117.92890167236328,33.8956184387207
8501936,2017,2017-12-15,3019,2017-11-14,1624,3524,SE,2,5,7,3019,0,0,0,NA,0,004,MAIN ST,PINE ST,0,NA,Y,A,-,N,NA,NA,NA,NA,NA,NA,NA,NA,NA,N,4,0,1,2,A,-,09,21802,A,N,D,C,A,A,H,-,A,D,0,NA,NA,NA,NA,Y,NA,A,01,0,0,1,0,0,0,0,0,0,-,-,33.74327,-117.86748,ORANGE,SANTA ANA,-117.8676701,33.74336011
8501958,2017,2017-12-18,3026,2017-11-24,1423,7094,CROSS,5,5,6,3026,0,0,0,NA,0,004,IRVINE CENTER DR,CULVER DR,2,E,N,A,-,N,NA,NA,NA,NA,NA,NA,NA,NA,NA,Y,3,0,1,1,A,-,08,22107,NA,N,E,I,A,A,H,-,A,A,0,NA,NA,NA,NA,Y,NA,A,01,0,1,0,0,0,0,0,0,0,-,-,NA,NA,ORANGE,IRVINE,-117.799035,33.69356646
85025722,2025,2026-01-23,3002,2025-12-03,1225,1717,NA,3,5,4,3002,0,0,0,NA,0,003,IMPERIAL HY,KINGSWOOD CT,370,W,N,A,-,Y,ORA,NA,90,NA,NA,5.802,H,NA,L,N,4,0,1,4,A,-,03,22350,NA,N,C,C,A,A,H,-,A,A,0,NA,NA,NA,NA,Y,NA,A,01,0,0,1,0,0,0,0,0,0,-,-,33.910850524902344,-117.87751007080078,ORANGE,BREA,-117.87751007080078,33.91090393066406
85025741,2025,2026-01-23,3002,2025-12-10,1500,1734,NA,3,5,4,3002,0,0,0,NA,0,003,WILDCAT WY,LAMBERT RD,1806,N,N,A,-,N,NA,NA,NA,NA,NA,NA,NA,NA,NA,N,3,0,1,1,A,-,03,22350,NA,N,F,A,A,A,H,-,A,D,0,NA,NA,NA,NA,Y,NA,M,94,0,1,0,0,0,0,0,0,0,-,-,33.924869537353516,-117.87513732910156,ORANGE,BREA,-117.87471771240234,33.93008804321289
8503317,2017,2017-11-30,3003,2017-09-16,1822,1180,90,6,5,5,3003,0,0,0,NA,0,003,STANTON AV,LA PALMA AV,0,NA,Y,A,-,N,NA,NA,NA,NA,NA,NA,NA,NA,NA,Y,4,0,1,3,A,-,12,21453,A,N,D,C,A,A,H,-,A,A,0,NA,NA,NA,NA,Y,NA,A,01,0,0,1,0,0,0,0,0,0,-,-,33.8469,-117.9936,ORANGE,BUENA PARK,-117.99370002,33.84662008
85034800,2025,2026-01-29,3008,2025-12-19,758,1700,NA,5,5,6,3008,0,0,0,NA,0,NA,MADISON AVE,CAMEO LN,150,E,N,A,-,N,NA,NA,NA,NA,NA,NA,NA,NA,NA,Y,4,0,2,2,A,-,08,22107,NA,N,D,C,A,A,H,-,A,D,0,NA,NA,NA,NA,Y,NA,A,01,0,0,2,0,0,0,0,0,0,-,-,33.882320404052734,-117.8747329711914,ORANGE,FULLERTON,-117.87442779541016,33.88228988647461
8503841,2017,2018-07-09,3026,2017-12-16,1157,8929,PORTO,6,5,6,3026,0,0,0,NA,0,009,ALTON PKWY,RT 5,0,NA,Y,A,-,Y,ORA,12,5,-,-,21.991,R,4,N,Y,4,0,2,2,A,-,12,21453,A,N,D,C,A,A,H,-,A,A,0,NA,NA,NA,NA,Y,NA,A,01,0,0,2,0,0,0,0,0,0,-,NF,NA,NA,ORANGE,IRVINE,-117.74158437,33.65302598