CASE_ID,ACCIDENT_YEAR,PROC_DATE,JURIS,COLLISION_DATE,COLLISION_TIME,OFFICER_ID,REPORTING_DISTRICT,DAY_OF_WEEK,CHP_SHIFT,POPULATION,CNTY_CITY_LOC,SPECIAL_COND,BEAT_TYPE,CHP_BEAT_TYPE,CITY_DIVISION_LAPD,CHP_BEAT_CLASS,BEAT_NUMBER,PRIMARY_RD,SECONDARY_RD,DISTANCE,DIRECTION,INTERSECTION,WEATHER_1,WEATHER_2,STATE_HWY_IND,CALTRANS_COUNTY,CALTRANS_DISTRICT,STATE_ROUTE,ROUTE_SUFFIX,POSTMILE_PREFIX,POSTMILE,LOCATION_TYPE,RAMP_INTERSECTION,SIDE_OF_HWY,TOW_AWAY,COLLISION_SEVERITY,NUMBER_KILLED,NUMBER_INJURED,PARTY_COUNT,PRIMARY_COLL_FACTOR,PCF_CODE_OF_VIOL,PCF_VIOL_CATEGORY,PCF_VIOLATION,PCF_VIOL_SUBSECTION,HIT_AND_RUN,TYPE_OF_COLLISION,MVIW,PED_ACTION,ROAD_SURFACE,ROAD_COND_1,ROAD_COND_2,LIGHTING,CONTROL_DEVICE,CHP_ROAD_TYPE,PEDESTRIAN_ACCIDENT,BICYCLE_ACCIDENT,MOTORCYCLE_ACCIDENT,TRUCK_ACCIDENT,NOT_PRIVATE_PROPERTY,ALCOHOL_INVOLVED,STWD_VEHTYPE_AT_FAULT,CHP_VEHTYPE_AT_FAULT,COUNT_SEVERE_INJ,COUNT_VISIBLE_INJ,COUNT_COMPLAINT_PAIN,COUNT_PED_KILLED,COUNT_PED_INJURED,COUNT_BICYCLIST_KILLED,COUNT_BICYCLIST_INJURED,COUNT_MC_KILLED,COUNT_MC_INJURED,PRIMARY_RAMP,SECONDARY_RAMP,LATITUDE,LONGITUDE,COUNTY,CITY,POINT_X,POINT_Y
8633121,2018,2018-06-18,3026,2018-05-22,1518,4991,NA,2,5,6,3026,0,0,0,NA,0,00U,WALNUT,PETERS CANYON,43,E,N,A,-,N,NA,NA,NA,NA,NA,NA,NA,NA,NA,Y,4,0,2,2,A,-,03,22350,NA,N,C,C,A,A,H,-,A,A,0,NA,NA,NA,NA,Y,NA,A,01,0,0,2,0,0,0,0,0,0,-,-,NA,NA,ORANGE,IRVINE,-117.79866027832033,33.71082305908203
8633129,2018,2018-06-18,3026,2018-05-09,1741,6352,NA,3,5,6,3026,0,0,0,NA,0,NA,JAMBOREE RD,MICHELLE DR,1000,S,N,B,-,N,NA,NA,NA,NA,NA,NA,NA,NA,NA,Y,3,0,4,5,A,-,03,22350,NA,N,C,C,A,A,H,-,A,A,0,NA,NA,NA,NA,Y,NA,A,07,0,1,3,0,0,0,0,0,0,-,-,NA,NA,ORANGE,IRVINE,-117.79907989501952,33.715087890625
8633648,2018,2018-06-18,3019,2018-04-24,0800,2460,NE,2,5,7,3019,0,0,0,NA,0,002,MAIN ST,19TH ST,18,N,N,A,-,N,NA,NA,NA,NA,NA,NA,NA,NA,NA,Y,4,0,1,4,A,-,09,21802,A,N,D,C,A,A,H,-,A,A,0,NA,NA,NA,NA,Y,NA,A,01,0,0,1,0,0,0,0,0,0,-,-,33.76197052001953,-117.86752319335938,ORANGE,SANTA ANA,-117.86754608154295,33.76177978515625
8633680,2018,2018-06-18,3002,2018-04-28,1225,1674,NA,6,5,4,3002,0,0,0,NA,0,012,STATE COLLEGE BL,IMPERIAL HWY,614,S,N,A,-,N,NA,NA,NA,NA,NA,NA,NA,NA,NA,Y,3,0,3,2,A,-,08,22102,NA,N,D,C,A,A,H,-,A,D,0,NA,NA,NA,NA,Y,NA,A,01,0,1,2,0,0,0,0,0,0,-,-,NA,NA,ORANGE,BREA,-117.88880157470705,33.9102668762207
8633849,2018,2018-06-20,3000,2018-05-27,0945,2262,892G2,7,5,4,3048,0,0,0,NA,0,169,MELINDA RD,VIA ARRIBO,0,NA,Y,A,-,N,NA,NA,NA,NA,NA,NA,NA,NA,NA,Y,4,0,1,2,A,-,12,21453,A,N,D,C,A,A,H,-,A,A,0,NA,NA,NA,NA,Y,NA,A,01,0,0,1,0,0,0,0,0,0,-,-,NA,NA,ORANGE,RANCHO SANTA MARGARITA,-117.62198638916016,33.646629333496094
8635908,2018,2018-06-26,3010,2018-06-07,1633,1208,252,4,5,6,3010,0,0,0,NA,0,007,PARKSIDE,ALDRICH,18,S,N,A,-,N,NA,NA,NA,NA,NA,NA,NA,NA,NA,N,4,0,1,2,A,-,09,21802,A,N,D,C,A,A,H,-,A,A,0,NA,NA,Y,NA,Y,NA,C,02,0,0,1,0,0,0,0,0,1,-,-,NA,NA,ORANGE,HUNTINGTON BEACH,-117.99166870117188,33.72890090942383
8636550,2018,2018-06-20,3014,2018-06-05,1435,1435,RD15,2,5,5,3014,0,0,0,NA,0,0A1,NEWPORT BL,28TH ST,0,NA,Y,A,-,N,NA,NA,NA,NA,NA,NA,NA,NA,NA,Y,4,0,1,2,A,-,09,21800,A,N,D,C,A,A,H,-,A,D,0,NA,NA,NA,NA,Y,NA,A,01,0,0,1,0,0,0,0,0,0,-,-,33.612701416015625,-117.92970275878906,ORANGE,NEWPORT BEACH,-117.92974090576172,33.61281967163086
8637490,2018,2018-06-13,3015,2018-05-21,1700,1105,NA,1,5,6,3015,0,0,0,NA,0,NA,TUSTIN ST,TAFT AV,112,N,N,A,-,N,NA,NA,NA,NA,NA,NA,NA,NA,NA,Y,3,0,1,1,A,-,03,22350,NA,N,H,-,A,A,H,-,A,D,0,NA,NA,NA,NA,Y,NA,-,-,0,1,0,0,0,0,0,0,0,-,-,NA,NA,ORANGE,ORANGE,-117.83592987060548,33.81776809692383
8638088,2018,2018-06-28,3000,2018-06-08,1314,8865,992H2,5,5,5,3017,0,0,0,NA,0,174,AVENIDA PICO,SAN CLEMENTE HIGH SCHOOL,176,E,N,A,-,N,NA,NA,NA,NA,NA,NA,NA,NA,NA,Y,4,0,1,2,A,-,08,22107,NA,N,B,C,A,A,H,-,A,D,0,NA,NA,NA,Y,Y,NA,F,27,0,0,1,0,0,0,0,0,0,-,-,NA,NA,ORANGE,SAN CLEMENTE,-117.618089,33.440793
8638938,2018,2018-08-17,3010,2018-05-24,1224,1059,242,4,5,6,3010,0,0,0,NA,0,009,CENTER AV,RT 39,0,W,N,B,-,Y,ORA,12,39,-,-,5.721,I,5,S,N,4,0,1,2,A,-,05,21650,1,M,-,G,A,A,H,-,A,A,0,NA,Y,NA,NA,Y,NA,L,04,0,0,1,0,0,0,1,0,0,-,-,NA,NA,ORANGE,HUNTINGTON BEACH,-117.98944854736328,33.73140335083008
8638944,2018,2018-08-21,3024,2018-05-23,1710,169,P31,3,5,5,3024,0,0,0,NA,0,WEST,RT 39,BISHOP AV,179,S,N,A,-,Y,ORA,12,39,-,-,6.34,H,-,S,N,4,0,1,2,A,-,03,22350,NA,N,C,C,A,A,H,-,A,D,0,NA,NA,NA,NA,Y,NA,D,22,0,0,1,0,0,0,0,0,0,-,-,NA,NA,ORANGE,WESTMINSTER,-117.98956298828124,33.740360260009766
8639065,2017,2018-07-20,3015,2017-11-24,1436,1386,55E,5,5,6,3015,0,0,0,NA,0,711,EAST KATELLA AV,RT 55,200,W,N,A,-,N,NA,NA,NA,NA,NA,NA,NA,NA,NA,N,4,0,1,2,A,-,21,22106,NA,M,D,C,A,A,H,-,A,D,0,NA,NA,NA,NA,Y,NA,A,08,0,0,1,0,0,0,0,0,0,-,SO,NA,NA,ORANGE,ORANGE,-117.83270276,33.80994724
8642165,2018,2018-06-27,3026,2018-06-02,1255,531,PORTO,6,5,6,3026,0,0,0,NA,0,007,BRYAN AV,MARKET PL,0,NA,Y,A,-,N,NA,NA,NA,NA,NA,NA,NA,NA,NA,Y,4,0,3,2,A,-,12,21453,A,N,D,C,A,A,H,-,A,A,0,NA,NA,NA,NA,Y,NA,A,01,0,0,3,0,0,0,0,0,0,-,-,33.724300384521484,-117.78823852539063,ORANGE,IRVINE,-117.78832244873048,33.724021911621094
8642491,2018,2018-07-05,3015,2018-06-05,1641,1595,17E,2,5,6,3015,0,0,0,NA,0,732,NORTH CAMBRIDGE ST,EAST BRIARDALE AV,0,NA,Y,A,-,N,NA,NA,NA,NA,NA,NA,NA,NA,NA,N,3,0,1,2,A,-,10,21950,A,N,G,B,E,A,H,-,A,A,0,Y,NA,NA,NA,Y,NA,A,07,0,1,0,0,1,0,0,0,0,-,-,NA,NA,ORANGE,ORANGE,-117.8451690673828,33.81705856323242
8643060,2018,2018-07-09,3022,2018-06-01,1450,1225,NA,5,5,5,3022,0,0,0,NA,0,NA,BROWNING AV,PARKVIEW WY,225,S,N,A,-,N,NA,NA,NA,NA,NA,NA,NA,NA,NA,N,3,0,1,2,A,-,09,21804,B,N,D,G,A,A,H,-,A,D,0,NA,Y,NA,NA,Y,NA,L,04,0,1,0,0,0,0,1,0,0,-,-,33.73310852050781,-117.80461120605467,ORANGE,TUSTIN,-117.80506134033205,33.732574462890625
8643076,2018,2018-07-09,3022,2018-06-06,1741,1296,SOUTH,3,5,5,3022,0,0,0,NA,0,NA,TUSTIN RANCH RD,WARNER AV E,0,NA,Y,A,-,N,NA,NA,NA,NA,NA,NA,NA,NA,NA,N,4,0,1,2,A,-,12,21453,A,N,C,C,A,A,H,-,A,A,0,NA,NA,NA,NA,Y,NA,A,01,0,0,1,0,0,0,0,0,0,-,-,33.70100021362305,-117.8222885131836,ORANGE,TUSTIN,-117.82563018798828,33.70075988769531
8643252,2018,2018-08-22,3024,2018-06-13,1600,421,P18,3,5,5,3024,0,0,0,NA,0,EAST,RT 39,15TH ST,113,S,N,A,-,Y,ORA,12,39,-,-,7.47,H,-,N,N,4,0,1,2,A,-,03,22350,NA,N,C,C,A,A,H,-,A,D,0,NA,NA,NA,NA,Y,NA,D,22,0,0,1,0,0,0,0,0,0,-,-,NA,NA,ORANGE,WESTMINSTER,-117.9895248413086,33.75682830810547
8646420,2018,2018-07-02,3024,2018-06-12,1744,159,P34,2,5,5,3024,0,0,0,NA,0,EAST,MAGNOLIA ST,BOLSA AV,500,S,N,A,-,N,NA,NA,NA,NA,NA,NA,NA,NA,NA,Y,4,0,2,2,A,-,03,22350,NA,N,C,C,A,A,H,-,A,D,0,NA,NA,NA,NA,Y,NA,A,01,0,0,2,0,0,0,0,0,0,-,-,33.74483108520508,-117.97222137451172,ORANGE,WESTMINSTER,-117.97225952148438,33.74345779418945
8646719,2018,2018-07-03,3003,2018-06-09,0759,1223,80,6,5,5,3003,0,0,0,NA,0,004,LA PALMA AV,SAN RAFAEL DR,59,E,N,A,-,N,NA,NA,NA,NA,NA,NA,NA,NA,NA,N,4,0,1,5,A,-,03,22350,NA,N,C,C,A,A,H,-,A,A,0,NA,NA,NA,NA,Y,NA,A,01,0,0,1,0,0,0,0,0,0,-,-,33.84640121459961,-118.02410125732422,ORANGE,BUENA PARK,-118.02403259277344,33.84661102294922
8647033,2018,2018-07-11,3004,2018-05-16,1254,P665,20,3,5,6,3004,0,0,0,NA,0,008,FAIRVIEW RD,MCCORMACK LN,125,N,N,A,-,N,NA,NA,NA,NA,NA,NA,NA,NA,NA,Y,4,0,1,3,A,-,03,22350,NA,N,C,C,A,A,H,-,A,D,0,NA,NA,NA,NA,Y,NA,A,01,0,0,1,0,0,0,0,0,0,-,-,33.68510055541992,-117.90769958496094,ORANGE,COSTA MESA,-117.90785217285156,33.685142517089844
8647374,2018,2018-08-22,3008,2018-06-09,2052,1546,NA,6,5,6,3008,0,0,0,NA,0,3008,EUCLID ST,ORANGETHORPE AV,0,NA,Y,A,-,N,NA,NA,NA,NA,NA,NA,NA,NA,NA,Y,4,0,1,2,A,-,17,21457,B,N,D,C,A,A,H,-,A,A,0,NA,NA,NA,NA,Y,NA,A,01,0,0,1,0,0,0,0,0,0,-,-,NA,NA,ORANGE,FULLERTON,-117.94183349609376,33.85934829711914
8648010,2018,2020-05-26,3004,2018-05-01,0022,P542,12,2,5,6,3004,0,0,0,NA,0,015,SANTA ANA AV,MESA DR,0,NA,Y,A,-,N,NA,NA,NA,NA,NA,NA,NA,NA,NA,Y,1,1,1,3,A,-,01,23152,A,N,D,C,A,A,H,-,C,A,0,NA,NA,NA,NA,Y,Y,A,07,1,0,0,0,0,0,0,0,0,-,-,33.6609992980957,-117.8874969482422,ORANGE,COSTA MESA,-117.88764190673828,33.660980224609375
8648337,2018,2018-11-19,3002,2018-01-14,0031,5705,740B3,7,5,5,3025,0,0,0,NA,0,1760,IMPERIAL HWY,EUREKA AV,688,N,N,A,-,N,NA,NA,NA,NA,NA,NA,NA,NA,NA,Y,1,1,0,1,A,-,01,23152,F,N,E,I,A,A,H,-,C,D,0,NA,NA,NA,NA,Y,NA,A,01,0,0,0,0,0,0,0,0,0,-,-,33.38380813598633,-117.82021331787108,ORANGE,YORBA LINDA,-117.82174682617188,33.89495849609375
8648411,2018,2018-12-06,3026,2018-02-05,1743,313,CROSS,1,5,6,3026,0,0,0,NA,0,NA,PASEO WESTPARK,SAN REMO,0,NA,Y,-,-,N,NA,NA,NA,NA,NA,NA,NA,NA,NA,Y,1,1,0,2,A,-,09,21801,A,N,D,C,A,A,H,-,C,A,0,NA,NA,Y,NA,Y,NA,A,01,0,0,0,0,0,0,0,1,0,-,-,33.683990478515625,-117.81664276123048,ORANGE,IRVINE,-117.81675720214844,33.68415069580078
8648817,2018,2018-08-16,3004,2018-06-05,0949,P543,13,2,5,6,3004,0,0,0,NA,0,002,NEWPORT BL,VICTORIA ST,0,NA,Y,B,-,Y,ORA,12,55,-,R,2.557,R,4,S,Y,3,0,4,3,A,-,12,21453,A,N,D,C,A,A,H,-,A,A,0,NA,NA,NA,NA,Y,NA,A,01,0,2,2,0,0,0,0,0,0,-,-,33.652198791503906,-117.90879821777344,ORANGE,COSTA MESA,-117.91092681884766,33.64952087402344
8648854,2018,2018-08-13,3003,2018-05-27,0054,1134,14,7,5,5,3003,0,0,0,NA,0,001,BEACH BL,CASCADE WY,52,S,N,B,-,Y,ORA,12,39,-,-,16.12,H,-,N,Y,3,0,1,2,A,-,08,22107,NA,F,C,C,A,A,H,-,C,D,0,NA,NA,NA,NA,Y,NA,-,NA,0,1,0,0,0,0,0,0,0,-,-,33.525299072265625,-117.59519958496094,ORANGE,BUENA PARK,-117.99801635742188,33.881465911865234
8649240,2018,2018-07-30,3010,2018-06-10,1948,1118,452,7,5,6,3010,0,0,0,NA,0,002,DETROIT,CALIFORNIA,63,E,N,A,-,N,NA,NA,NA,NA,NA,NA,NA,NA,NA,N,3,0,1,1,A,-,08,22107,NA,N,F,I,A,A,H,-,A,D,0,NA,Y,NA,NA,Y,Y,L,04,0,1,0,0,0,0,1,0,0,-,-,NA,NA,ORANGE,HUNTINGTON BEACH,-117.99370574951172,33.660343170166016
8649614,2018,2018-09-10,3015,2018-07-03,0135,1550,21E,2,5,6,3015,0,0,0,NA,0,002,WEST CHAPMAN AV,CITY DR SOUTH,0,NA,Y,A,-,N,NA,NA,NA,NA,NA,NA,NA,NA,NA,Y,4,0,2,2,A,-,12,21453,A,N,A,C,A,A,H,-,C,A,0,NA,NA,NA,NA,Y,Y,A,01,0,0,2,0,0,0,0,0,0,-,-,NA,NA,ORANGE,ORANGE,-117.89095,33.7889
8650952,2018,2018-10-12,3003,2018-07-07,2336,1229,NA,6,5,5,3003,0,0,0,NA,0,005,KNOTT AV,LINCOLN AV,56,N,N,A,-,N,NA,NA,NA,NA,NA,NA,NA,NA,NA,Y,3,0,5,3,A,-,01,23153,A,N,C,C,A,A,H,-,C,A,0,NA,NA,NA,NA,Y,Y,A,01,0,1,4,0,0,0,0,0,0,-,-,NA,NA,ORANGE,BUENA PARK,-118.01106262207033,33.83213424682617
8652178,2018,2018-08-22,3010,2018-06-19,1923,1015,253,2,5,6,3010,0,0,0,NA,0,007,RT 39,STARK DR,137,N,N,A,-,Y,ORA,12,39,-,-,5.5,H,-,N,NA,4,0,1,2,A,-,03,22350,NA,N,C,C,A,A,H,-,A,D,0,NA,NA,NA,NA,Y,NA,A,01,0,0,1,0,0,0,0,0,0,-,-,NA,NA,ORANGE,HUNTINGTON BEACH,-117.98919677734376,33.72821044921875
8652238,2018,2018-08-16,3001,2018-06-06,1315,2187,NA,3,5,7,3001,0,0,0,NA,0,0D1,RT 39,LINCOLN AV,71,N,N,A,-,Y,ORA,12,39,-,-,12.7,H,-,S,N,3,0,1,3,A,-,03,22350,NA,N,C,C,A,A,H,-,A,A,0,NA,NA,NA,NA,Y,NA,A,01,0,1,0,0,0,0,0,0,0,-,-,NA,NA,ORANGE,ANAHEIM,-117.99359130859376,33.832313537597656
8652508,2018,2018-08-16,3002,2018-06-28,1607,1646,NA,4,5,4,3002,0,0,0,NA,0,012,CARBON CANYON RD,BREA HILLS AV,1450,E,N,A,-,Y,ORA,12,142,-,-,2.78,H,-,E,N,4,0,1,3,A,-,03,22350,NA,N,C,C,A,A,H,-,A,D,0,NA,NA,NA,NA,Y,NA,A,07,0,0,1,0,0,0,0,0,0,-,-,NA,NA,ORANGE,BREA,-117.8310775756836,33.92194747924805
8652524,2018,2018-08-07,3000,2018-06-05,1215,9680,971H6,2,5,4,3029,0,0,0,NA,0,736,PACIFIC COAST HWY,VIOLET LANTERN,94,N,N,A,-,N,NA,NA,NA,NA,NA,NA,NA,NA,NA,Y,4,0,1,3,A,-,03,22350,NA,N,C,C,A,A,H,-,A,D,0,NA,NA,NA,NA,Y,NA,A,01,0,0,1,0,0,0,0,0,0,-,-,NA,NA,ORANGE,DANA POINT,-117.69998168945313,33.46686935424805
8652849,2018,2018-07-10,3000,2018-05-20,1715,5805,861J6,7,5,5,3050,0,0,0,NA,0,765,BAKE PKWY,BAFFIN BAY DR,13,E,N,B,-,N,NA,NA,NA,NA,NA,NA,NA,NA,NA,Y,2,0,1,2,A,-,09,21802,A,N,D,C,A,A,H,-,A,A,0,NA,NA,NA,NA,Y,NA,A,07,1,0,0,0,0,0,0,0,0,-,-,NA,NA,ORANGE,LAKE FOREST,-117.68175506591795,33.667884826660156
8653646,2018,2018-07-13,3001,2018-06-16,1410,1830,NA,6,5,7,3001,0,0,0,NA,0,0D3,SOUTH HASTER ST,E WAKEFIELD AV,27,N,N,A,-,N,NA,NA,NA,NA,NA,NA,NA,NA,NA,N,3,0,2,3,A,-,11,21954,A,N,G,B,D,A,H,-,A,D,0,Y,NA,NA,NA,Y,NA,N,60,0,2,0,0,2,0,0,0,0,-,-,NA,NA,ORANGE,ANAHEIM,-117.906494140625,33.79934310913086
8654173,2018,2018-07-13,3001,2018-06-14,1451,2187,NA,4,5,7,3001,0,0,0,NA,0,0D1,N MAGNOLIA ST,W LINCOLN AV,366,N,N,A,-,N,NA,NA,NA,NA,NA,NA,NA,NA,NA,Y,3,0,2,2,A,-,03,22350,NA,N,C,C,A,A,H,-,A,D,0,NA,NA,NA,NA,Y,NA,A,07,0,1,1,0,0,0,0,0,0,-,-,NA,NA,ORANGE,ANAHEIM,-117.97600555419922,33.833274841308594
8654226,2018,2018-07-13,3001,2018-06-15,1514,A2227,NA,5,5,7,3001,0,0,0,NA,0,0D3,MANCHESTER AV,WEST BALL RD,961,N,N,A,-,N,NA,NA,NA,NA,NA,NA,NA,NA,NA,N,3,0,1,2,A,-,07,21658,A,N,B,C,A,A,H,-,A,D,0,NA,NA,Y,NA,Y,NA,A,07,0,1,0,0,0,0,0,0,1,-,-,NA,NA,ORANGE,ANAHEIM,-117.926345,33.825794
8654270,2018,2018-09-19,3002,2018-06-15,1130,1643,NA,5,5,4,3002,0,0,0,NA,0,013,STATE COLLEGE BL,BREA MALL SOUTH,0,NA,Y,A,-,N,NA,NA,NA,NA,NA,NA,NA,NA,NA,Y,3,0,1,2,D,-,00,NA,NA,N,D,C,A,A,H,-,A,A,0,NA,NA,NA,NA,Y,NA,-,-,0,1,0,0,0,0,0,0,0,-,-,NA,NA,ORANGE,BREA,-117.88603973388672,33.91286087036133
8655523,2018,2018-07-06,3000,2018-06-06,0821,8966,993A6,3,5,5,3017,0,0,0,NA,0,172,SOUTH OLA VISTA,WEST AVENIDA CORNELIO,91,NA,N,A,-,N,NA,NA,NA,NA,NA,NA,NA,NA,NA,N,3,0,1,2,A,-,17,22517,NA,N,H,G,A,A,H,-,A,D,0,NA,Y,NA,NA,Y,NA,A,07,0,1,0,0,0,0,1,0,0,-,-,NA,NA,ORANGE,SAN CLEMENTE,-117.60556030273438,33.41202926635742
8655578,2018,2018-07-10,3009,2018-06-11,1453,3972,013,1,5,6,3009,0,0,0,NA,0,1-1,LAMPSON AV,VALLEY VIEW ST,75,N,N,A,-,N,NA,NA,NA,NA,NA,NA,NA,NA,NA,Y,2,0,1,2,A,-,09,21804,A,N,D,C,A,A,H,-,A,D,0,NA,NA,NA,NA,Y,NA,A,01,1,0,0,0,0,0,0,0,0,-,-,NA,NA,ORANGE,GARDEN GROVE,-118.02978515625,33.782039642333984
8655583,2018,2018-07-06,3000,2018-06-19,1045,9684,891D5,2,5,4,3045,0,0,0,NA,0,745,LAKE FOREST DR,MOULTON PKWY,52,E,N,A,-,N,NA,NA,NA,NA,NA,NA,NA,NA,NA,Y,3,0,1,1,A,-,08,22107,NA,N,H,J,A,A,H,-,A,A,0,NA,NA,Y,NA,Y,NA,C,02,0,1,0,0,0,0,0,0,1,-,-,NA,NA,ORANGE,LAGUNA HILLS,-117.72994232177734,33.62937545776367
8655590,2018,2018-07-10,3009,2018-06-13,1622,3927,105,3,5,6,3009,0,0,0,NA,0,1-3,FLOWER ST,LARSON AV,0,NA,Y,A,-,N,NA,NA,NA,NA,NA,NA,NA,NA,NA,Y,3,0,2,2,A,-,12,22450,A,N,D,C,A,A,H,-,A,D,0,NA,NA,NA,NA,Y,NA,A,01,0,1,1,0,0,0,0,0,0,-,-,33.772239685058594,-117.9535903930664,ORANGE,GARDEN GROVE,-117.9535903930664,33.772239685058594
8656587,2018,2018-09-04,3009,2018-07-06,1821,4587,122,5,5,6,3009,0,0,0,NA,0,2 1,CHAPMAN AV,DELLA,0,NA,Y,A,-,N,NA,NA,NA,NA,NA,NA,NA,NA,NA,Y,4,0,1,2,A,-,12,21453,A,N,D,C,A,A,H,-,A,A,0,NA,NA,NA,NA,Y,NA,-,-,0,0,1,0,0,0,0,0,0,-,-,33.78873825073242,-117.93852996826172,ORANGE,GARDEN GROVE,-117.93852996826172,33.78873825073242
8656628,2018,2018-08-09,3008,2018-07-10,1124,1158,NA,2,5,6,3008,0,0,0,NA,0,002,RAYMOND AV,KIMBERLY AV,471,S,N,A,-,N,NA,NA,NA,NA,NA,NA,NA,NA,NA,Y,4,0,1,2,A,-,09,21804,A,N,D,C,A,A,H,-,A,D,0,NA,NA,NA,NA,Y,NA,A,01,0,0,1,0,0,0,0,0,0,-,-,NA,NA,ORANGE,FULLERTON,-117.90682983398438,33.86180877685547
8657109,2018,2018-09-24,3007,2018-07-06,1805,297,54,5,5,5,3007,0,0,0,NA,0,003,BUSHARD,TALBERT,0,NA,Y,A,-,N,NA,NA,NA,NA,NA,NA,NA,NA,NA,Y,4,0,1,3,A,-,03,22350,NA,N,C,C,A,A,H,-,A,A,0,NA,NA,NA,NA,Y,NA,A,01,0,0,1,0,0,0,0,0,0,-,-,NA,NA,ORANGE,FOUNTAIN VALLEY,-117.96292877197266,33.701629638671875
8658562,2018,2018-07-12,3015,2018-06-13,1200,1364,33,3,5,6,3015,0,0,0,NA,0,713,EAST CHAPMAN AV,NORTH WATER ST,0,NA,Y,A,-,N,NA,NA,NA,NA,NA,NA,NA,NA,NA,N,3,0,1,2,A,-,11,21950,B,N,G,B,D,A,H,-,A,D,0,Y,NA,NA,NA,Y,NA,N,60,0,1,0,0,1,0,0,0,0,-,-,NA,NA,ORANGE,ORANGE,-117.84140777587892,33.787841796875
8658586,2018,2018-07-12,3015,2018-06-23,1053,1419,202,6,5,6,3015,0,0,0,NA,0,722,EAST SANTIAGO CANYON RD,NORTH JAMBOREE RD,2600,E,N,A,-,N,NA,NA,NA,NA,NA,NA,NA,NA,NA,Y,4,0,2,2,A,-,03,22350,I,N,F,I,A,A,H,-,A,D,0,NA,NA,Y,NA,Y,NA,C,02,0,0,2,0,0,0,0,0,2,-,-,NA,NA,ORANGE,ORANGE,-117.75409698486328,33.788536071777344
8661006,2018,2018-07-18,3010,2018-06-28,1642,1118,146,4,5,6,3010,0,0,0,NA,0,009,SPRINGDALE,MARINA VIKING WY,0,NA,Y,A,-,N,NA,NA,NA,NA,NA,NA,NA,NA,NA,Y,3,0,3,2,A,-,12,21453,A,N,D,C,A,A,H,-,A,A,0,NA,NA,NA,NA,Y,NA,D,22,0,1,2,0,0,0,0,0,0,-,-,NA,NA,ORANGE,HUNTINGTON BEACH,-118.024067,33.732277
8661192,2018,2018-07-26,3026,2018-05-11,1010,4991,NA,5,5,6,3026,0,0,0,NA,0,NA,ALTON,EAST YALE LOOP,368,W,N,A,-,N,NA,NA,NA,NA,NA,NA,NA,NA,NA,N,2,0,1,2,A,-,03,22350,NA,N,C,C,A,A,H,-,A,B,0,NA,NA,NA,NA,Y,NA,A,01,1,0,0,0,0,0,0,0,0,-,-,NA,NA,ORANGE,IRVINE,-117.79264831542967,33.67171096801758
8664340,2018,2018-07-27,3013,2018-06-29,1245,199,L08,5,5,3,3013,0,0,0,NA,0,004,KATELLA AV,KAYLOR ST,36,E,N,A,-,N,NA,NA,NA,NA,NA,NA,NA,NA,NA,Y,4,0,1,2,C,-,18,NA,NA,N,C,C,A,A,H,-,A,D,0,NA,NA,NA,NA,Y,NA,-,-,0,0,1,0,0,0,0,0,0,-,-,NA,NA,ORANGE,LOS ALAMITOS,-118.06620025634766,33.80316162109375
8664759,2018,2018-08-08,3008,2018-06-22,1248,1528,3008,5,5,6,3008,0,0,0,NA,0,ZONE2,BREA BL,LONGVIEW DR,28,W,N,A,-,N,NA,NA,NA,NA,NA,NA,NA,NA,NA,Y,4,0,1,2,A,-,09,21802,A,N,D,C,A,A,H,-,A,D,0,NA,NA,NA,NA,Y,NA,A,01,0,0,1,0,0,0,0,0,0,-,-,NA,NA,ORANGE,FULLERTON,-117.91866302490234,33.88849639892578
8666754,2018,2018-07-26,3007,2018-06-10,0702,293,46,7,5,5,3007,0,0,0,NA,0,002,SLATER,WARD,0,NA,Y,A,-,N,NA,NA,NA,NA,NA,NA,NA,NA,NA,Y,4,0,1,2,A,-,12,21453,A,N,D,C,A,A,H,-,A,A,0,NA,NA,NA,NA,Y,NA,A,01,0,0,1,0,0,0,0,0,0,-,-,NA,NA,ORANGE,FOUNTAIN VALLEY,-117.94570159912108,33.709041595458984
8666901,2017,2018-07-20,3008,2017-12-03,1021,1525,ZONE2,7,5,6,3008,0,0,0,NA,0,002,ORANGETHORPE AV,LEMON ST,20,W,N,A,-,N,NA,NA,NA,NA,NA,NA,NA,NA,NA,N,3,0,1,2,A,-,03,22350,NA,N,C,J,A,A,H,-,A,A,0,NA,NA,NA,NA,Y,NA,A,01,0,1,0,0,0,0,0,0,0,-,-,NA,NA,ORANGE,FULLERTON,-117.9199346,33.85949991
8666950,2018,2019-01-07,3012,2018-07-02,1107,631,12,1,5,5,3012,0,0,0,NA,0,001,WHITTIER BL,IDAHO ST,0,NA,Y,A,-,Y,ORA,12,39,-,-,21.215,I,5,S,N,4,0,1,2,D,-,00,NA,NA,N,D,C,A,A,H,-,A,A,0,NA,NA,NA,NA,Y,NA,-,-,0,0,1,0,0,0,0,0,0,-,-,NA,NA,ORANGE,LA HABRA,-117.959228515625,33.93915557861328
8666955,2018,2018-08-07,3026,2018-06-28,2036,592,2,4,5,6,3026,0,0,0,NA,0,00U,ALTON PKWY,MILLIKAN,32,E,N,A,-,N,NA,NA,NA,NA,NA,NA,NA,NA,NA,Y,4,0,1,2,A,-,03,22350,A,N,C,C,A,A,H,-,C,A,0,NA,NA,NA,NA,Y,NA,A,01,0,0,1,0,0,0,0,0,0,-,-,NA,NA,ORANGE,IRVINE,-117.8344955444336,33.690185546875