CASE_ID,ACCIDENT_YEAR,PROC_DATE,JURIS,COLLISION_DATE,COLLISION_TIME,OFFICER_ID,REPORTING_DISTRICT,DAY_OF_WEEK,CHP_SHIFT,POPULATION,CNTY_CITY_LOC,SPECIAL_COND,BEAT_TYPE,CHP_BEAT_TYPE,CITY_DIVISION_LAPD,CHP_BEAT_CLASS,BEAT_NUMBER,PRIMARY_RD,SECONDARY_RD,DISTANCE,DIRECTION,INTERSECTION,WEATHER_1,WEATHER_2,STATE_HWY_IND,CALTRANS_COUNTY,CALTRANS_DISTRICT,STATE_ROUTE,ROUTE_SUFFIX,POSTMILE_PREFIX,POSTMILE,LOCATION_TYPE,RAMP_INTERSECTION,SIDE_OF_HWY,TOW_AWAY,COLLISION_SEVERITY,NUMBER_KILLED,NUMBER_INJURED,PARTY_COUNT,PRIMARY_COLL_FACTOR,PCF_CODE_OF_VIOL,PCF_VIOL_CATEGORY,PCF_VIOLATION,PCF_VIOL_SUBSECTION,HIT_AND_RUN,TYPE_OF_COLLISION,MVIW,PED_ACTION,ROAD_SURFACE,ROAD_COND_1,ROAD_COND_2,LIGHTING,CONTROL_DEVICE,CHP_ROAD_TYPE,PEDESTRIAN_ACCIDENT,BICYCLE_ACCIDENT,MOTORCYCLE_ACCIDENT,TRUCK_ACCIDENT,NOT_PRIVATE_PROPERTY,ALCOHOL_INVOLVED,STWD_VEHTYPE_AT_FAULT,CHP_VEHTYPE_AT_FAULT,COUNT_SEVERE_INJ,COUNT_VISIBLE_INJ,COUNT_COMPLAINT_PAIN,COUNT_PED_KILLED,COUNT_PED_INJURED,COUNT_BICYCLIST_KILLED,COUNT_BICYCLIST_INJURED,COUNT_MC_KILLED,COUNT_MC_INJURED,PRIMARY_RAMP,SECONDARY_RAMP,LATITUDE,LONGITUDE,COUNTY,CITY,POINT_X,POINT_Y
8777901,2019,2019-02-07,3010,2019-01-05,2149,2137,176,6,5,6,3010,0,0,0,NA,0,008,BOLSA CHICA,LOS PATOS,90,S,N,C,-,N,NA,NA,NA,NA,NA,NA,NA,NA,NA,Y,4,0,1,1,A,-,03,22350,NA,N,E,I,A,B,F,-,C,D,0,NA,NA,NA,NA,Y,NA,A,01,0,0,1,0,0,0,0,0,0,-,-,NA,NA,ORANGE,HUNTINGTON BEACH,-118.04140472412108,33.711402893066406
8778773,2018,2019-02-01,3000,2018-08-06,2148,2215,893A2,1,5,4,3048,0,0,0,NA,0,3A88,SANTA MARGARITA PKWY,EL PASEO,0,NA,Y,A,-,N,NA,NA,NA,NA,NA,NA,NA,NA,NA,Y,3,0,1,2,A,-,12,22450,A,N,C,C,A,A,H,-,E,A,0,NA,NA,NA,NA,Y,NA,A,01,0,1,0,0,0,0,0,0,0,-,-,NA,NA,ORANGE,RANCHO SANTA MARGARITA,-117.59529876708984,33.643741607666016
8779101,2018,2019-02-11,3008,2018-11-04,1045,1254,NA,7,5,6,3008,0,0,0,NA,0,002,COMMONWEALTH AV,LEMON ST,75,E,N,A,-,N,NA,NA,NA,NA,NA,NA,NA,NA,NA,Y,3,0,2,3,A,-,03,22350,NA,N,C,C,A,A,H,-,A,A,0,NA,NA,NA,NA,Y,NA,A,01,0,1,1,0,0,0,0,0,0,-,-,NA,NA,ORANGE,FULLERTON,-117.91957092285156,33.870391845703125
8779262,2019,2019-02-07,3022,2019-01-18,0635,1250,SOUTH,5,5,5,3022,0,0,0,NA,0,NA,RED HILL AV,WALNUT AV,321,S,N,B,-,N,NA,NA,NA,NA,NA,NA,NA,NA,NA,Y,4,0,1,1,A,-,03,22350,NA,N,E,I,A,B,H,-,B,D,0,NA,NA,NA,NA,Y,NA,A,01,0,0,1,0,0,0,0,0,0,-,-,33.72795867919922,-117.82096862792967,ORANGE,TUSTIN,-117.82168579101563,33.72733688354492
8779764,2018,2019-01-29,3003,2018-12-18,1800,1080,NA,2,5,5,3003,0,0,0,NA,0,NA,BEACH BL,FRANKLIN ST,0,NA,Y,A,-,Y,ORA,12,39,-,-,15.771,I,5,N,N,4,0,1,2,A,-,10,21950,A,N,G,B,B,A,H,-,C,A,0,Y,NA,NA,NA,Y,NA,A,01,0,0,1,0,1,0,0,0,0,-,-,33.87699890136719,-117.99810028076172,ORANGE,BUENA PARK,-117.99819946289063,33.87635803222656
8779975,2018,2019-02-13,3001,2018-12-24,2328,A2256,D2,1,5,7,3001,0,0,0,NA,0,021,N EUCLID ST,RT 5,67,S,N,C,-,Y,ORA,12,5,-,-,39.226,R,4,S,N,4,0,2,2,A,-,03,22350,NA,M,C,C,A,B,H,-,C,A,0,NA,NA,NA,NA,Y,NA,A,01,0,0,2,0,0,0,0,0,0,-,SO,NA,NA,ORANGE,ANAHEIM,-117.9370346069336,33.83427047729492
8781064,2018,2019-01-30,3003,2018-12-27,1850,1184,NA,4,5,5,3003,0,0,0,NA,0,NA,KNOTT AV,NORITSU AV,526,S,N,A,-,N,NA,NA,NA,NA,NA,NA,NA,NA,NA,Y,4,0,1,3,A,-,08,22107,NA,N,B,C,A,A,H,-,C,D,0,NA,NA,NA,NA,Y,NA,A,01,0,0,1,0,0,0,0,0,0,-,-,NA,NA,ORANGE,BUENA PARK,-118.01126861572266,33.8560791015625
8781816,2019,2019-03-14,3004,2019-01-09,0849,P462,10,3,5,6,3004,0,0,0,NA,0,012,VICTORIA ST,NATIONAL AV,90,E,N,A,-,N,NA,NA,NA,NA,NA,NA,NA,NA,NA,Y,4,0,1,4,A,-,03,22350,NA,N,C,C,A,A,H,-,A,D,0,NA,NA,NA,Y,Y,NA,F,26,0,0,1,0,0,0,0,0,0,-,-,33.65245819091797,-117.93662261962892,ORANGE,COSTA MESA,-117.93665313720705,33.652645111083984
8781899,2019,2019-02-04,3009,2019-01-05,0628,4559,102,6,5,6,3009,0,0,0,NA,0,1-2,BROOKHURST ST,DEWEY DR,0,NA,Y,B,-,N,NA,NA,NA,NA,NA,NA,NA,NA,NA,Y,2,0,2,2,A,-,09,21802,A,N,A,C,A,B,H,-,C,A,0,NA,NA,Y,NA,Y,NA,-,NA,1,1,0,0,0,0,0,0,2,-,-,NA,NA,ORANGE,GARDEN GROVE,-117.95883941650392,33.800010681152344
8783805,2019,2019-02-02,3024,2019-01-11,2311,383,P22,5,5,5,3024,0,0,0,NA,0,WEST,MALL ACCESS RD,GOLDENWEST ST,49,W,N,B,-,N,NA,NA,NA,NA,NA,NA,NA,NA,NA,Y,4,0,1,2,A,-,08,22107,NA,N,A,C,A,A,H,-,C,A,0,NA,NA,NA,NA,Y,NA,A,07,0,0,1,0,0,0,0,0,0,-,-,NA,NA,ORANGE,WESTMINSTER,-118.0071258544922,33.745487213134766
8784517,2019,2019-02-13,3003,2019-01-30,0758,750,NA,3,5,5,3003,0,0,0,NA,0,NA,WHITAKER ST,DALE ST,265,W,N,B,-,N,NA,NA,NA,NA,NA,NA,NA,NA,NA,Y,3,0,1,2,A,-,09,21804,A,N,D,C,A,A,H,-,A,D,0,NA,NA,NA,NA,Y,NA,-,NA,0,1,0,0,0,0,0,0,0,-,-,33.86629867553711,-117.98600006103516,ORANGE,BUENA PARK,-117.98593139648438,33.866329193115234
8784798,2018,2019-03-25,3015,2018-11-25,0731,1613,023E,7,5,6,3015,0,0,0,NA,0,231,NORTH TUSTIN ST,E WALNUT AV,0,NA,Y,A,-,N,NA,NA,NA,NA,NA,NA,NA,NA,NA,Y,4,0,1,3,A,-,12,21453,A,N,A,C,A,A,H,-,A,A,0,NA,NA,NA,NA,Y,NA,D,22,0,0,1,0,0,0,0,0,0,-,-,NA,NA,ORANGE,ORANGE,-117.835693359375,33.795040130615234
8784896,2019,2019-03-22,3010,2019-03-05,1223,2045,271,2,5,6,3010,0,0,0,NA,0,006,WARNER AV,GOLDENWEST ST,150,W,N,A,-,N,NA,NA,NA,NA,NA,NA,NA,NA,NA,Y,4,0,2,2,A,-,09,21804,A,N,D,C,A,A,H,-,A,D,0,NA,NA,NA,NA,Y,NA,A,01,0,0,2,0,0,0,0,0,0,-,-,NA,NA,ORANGE,HUNTINGTON BEACH,-118.00716400146484,33.71548843383789
8784949,2019,2019-03-08,3003,2019-02-04,0920,1200,NA,1,5,5,3003,0,0,0,NA,0,001,BEACH BL,MALVERN AV,569,N,N,B,-,Y,ORA,12,39,-,-,16.49,H,-,N,N,3,0,1,1,A,-,08,22107,NA,N,E,I,A,B,H,-,A,D,0,NA,NA,NA,NA,Y,NA,D,22,0,1,0,0,0,0,0,0,0,-,-,33.88600158691406,-117.99420166015624,ORANGE,BUENA PARK,-117.99445343017578,33.88581085205078
8785335,2019,2019-02-05,3010,2019-01-10,0710,1080,168,4,5,6,3010,0,0,0,NA,0,007,HEIL,SPRINGDALE,37,W,N,B,-,N,NA,NA,NA,NA,NA,NA,NA,NA,NA,N,3,0,1,2,A,-,08,22107,NA,N,B,C,A,A,H,-,A,A,0,NA,NA,NA,NA,Y,NA,A,01,0,1,0,0,0,0,0,0,0,-,-,NA,NA,ORANGE,HUNTINGTON BEACH,-118.02420806884766,33.722686767578125
8785608,2019,2019-02-05,3010,2019-01-11,1451,3042,164,5,5,6,3010,0,0,0,NA,0,008,BOARDWALK,OUTRIGGER,0,NA,Y,A,-,N,NA,NA,NA,NA,NA,NA,NA,NA,NA,N,3,0,1,2,A,-,10,21950,A,N,G,B,B,A,H,-,A,D,0,Y,NA,NA,NA,Y,NA,A,01,0,1,0,0,1,0,0,0,0,-,-,NA,NA,ORANGE,HUNTINGTON BEACH,-118.05104064941406,33.71805953979492
8786438,2018,2019-02-06,3007,2018-12-30,0833,308,63,7,5,5,3007,0,0,0,NA,0,003,ELLIS,MAGNOLIA,0,NA,Y,A,-,N,NA,NA,NA,NA,NA,NA,NA,NA,NA,N,4,0,4,3,A,-,12,21453,A,N,D,C,A,A,H,-,A,A,0,NA,NA,NA,NA,Y,NA,A,07,0,0,4,0,0,0,0,0,0,-,-,NA,NA,ORANGE,FOUNTAIN VALLEY,-117.97161865234376,33.69401931762695
8786942,2019,2019-02-11,3000,2019-01-01,0300,9242,800C1,2,5,2,3023,0,0,0,NA,0,414,VILLA PARK RD,CENTER DR,40,E,N,A,G,N,NA,NA,NA,NA,NA,NA,NA,NA,NA,Y,2,0,1,1,A,-,05,21651,A,N,E,I,A,A,H,-,D,A,0,NA,NA,NA,NA,Y,NA,A,07,1,0,0,0,0,0,0,0,0,-,-,33.81060028076172,-117.81120300292967,ORANGE,VILLA PARK,-117.81317138671876,33.81065368652344
8787472,2018,2019-03-12,3012,2018-12-07,1447,623,22,5,5,5,3012,0,0,0,NA,0,002,HARBOR BL,WHITTIER BL,0,NA,Y,A,-,Y,ORA,12,39,-,-,22.659,I,5,S,Y,3,0,1,1,A,-,03,22350,NA,N,F,A,A,A,H,-,A,A,0,NA,NA,Y,NA,Y,NA,C,02,0,1,0,0,0,0,0,0,1,-,-,NA,NA,ORANGE,LA HABRA,-117.93306732177734,33.939178466796875
8787522,2019,2019-02-05,3009,2019-01-09,0849,4087,146,3,5,6,3009,0,0,0,NA,0,023,TRASK AV,HARBOR BL,0,NA,Y,A,-,N,NA,NA,NA,NA,NA,NA,NA,NA,NA,N,4,0,1,2,A,-,08,22100,A,N,B,C,A,A,H,-,A,A,0,NA,NA,NA,NA,Y,NA,A,07,0,0,1,0,0,0,0,0,0,-,-,NA,NA,ORANGE,GARDEN GROVE,-117.92044830322266,33.7671012878418
8788407,2019,2019-02-11,3004,2019-01-17,1238,P648,04,4,5,6,3004,0,0,0,NA,0,006,EAST 17TH ST,TUSTIN AV,36,E,N,C,-,N,NA,NA,NA,NA,NA,NA,NA,NA,NA,N,4,0,1,2,A,-,03,22350,NA,N,C,C,A,A,H,-,A,A,0,NA,NA,NA,NA,Y,NA,A,01,0,0,1,0,0,0,0,0,0,-,-,33.63069152832031,-117.91188049316406,ORANGE,COSTA MESA,-117.91196441650392,33.630699157714844
8788477,2018,2019-01-31,3012,2018-12-21,1754,623,45,5,5,5,3012,0,0,0,NA,0,004,LAMBERT RD,EUCLID ST,0,NA,Y,A,-,N,NA,NA,NA,NA,NA,NA,NA,NA,NA,Y,4,0,6,2,A,-,09,21801,A,N,D,C,A,A,H,-,C,A,0,NA,NA,NA,NA,Y,NA,A,07,0,0,6,0,0,0,0,0,0,-,-,NA,NA,ORANGE,LA HABRA,-117.94611358642578,33.92461013793945
8788668,2018,2019-01-28,3001,2018-11-20,1622,1410,NA,2,5,7,3001,0,0,0,NA,0,0D2,LA PALMA AV,STATE COLLEGE BL,545,E,N,A,-,N,NA,NA,NA,NA,NA,NA,NA,NA,NA,Y,3,0,2,2,A,-,09,21801,A,N,D,C,A,A,H,-,A,D,0,NA,NA,NA,NA,Y,NA,A,08,0,2,0,0,0,0,0,0,0,-,-,NA,NA,ORANGE,ANAHEIM,-117.88751220703124,33.84727096557617
8788688,2018,2019-01-28,3026,2018-11-30,1910,593,NA,5,5,6,3026,0,0,0,NA,0,00C,QUAILCREEK,SAINT VINCENT,21,E,N,A,-,N,NA,NA,NA,NA,NA,NA,NA,NA,NA,N,4,0,1,2,A,-,03,22350,NA,M,G,B,D,A,H,-,C,D,0,Y,NA,NA,NA,Y,NA,A,01,0,0,1,0,1,0,0,0,0,-,-,NA,NA,ORANGE,IRVINE,-117.78958129882813,33.6662712097168
8790898,2018,2019-01-31,3000,2018-11-04,1930,7734,952B2,7,5,5,3028,0,0,0,NA,0,752,MARGUERITE PKWY,VIA ESCOLAR,490,N,N,A,-,N,NA,NA,NA,NA,NA,NA,NA,NA,NA,N,4,0,3,3,A,-,07,21658,A,N,B,C,A,A,H,-,C,D,0,NA,NA,NA,NA,Y,NA,A,01,0,0,3,0,0,0,0,0,0,-,-,NA,NA,ORANGE,MISSION VIEJO,-117.67302703857422,33.543853759765625
8791463,2018,2019-02-08,3026,2018-12-17,1454,4779,CROSS,1,5,6,3026,0,0,0,NA,0,005,WEST YALE LOOP,THUNDER RUN,36,W,N,A,-,N,NA,NA,NA,NA,NA,NA,NA,NA,NA,N,3,0,1,2,A,-,05,21650,1,N,H,G,A,A,H,-,A,A,0,NA,Y,NA,NA,Y,NA,L,04,0,1,0,0,0,0,1,0,0,-,-,NA,NA,ORANGE,IRVINE,-117.80875396728516,33.66800308227539
8793639,2019,2019-03-05,3001,2019-02-02,1139,1278,NA,6,5,7,3001,0,0,0,NA,0,0D3,ANAHEIM BL,MIDWAY DR,146,S,N,B,C,N,NA,NA,NA,NA,NA,NA,NA,NA,NA,Y,4,0,1,2,A,-,09,21804,A,N,C,C,A,B,H,-,A,D,0,NA,NA,NA,NA,Y,NA,D,22,0,0,1,0,0,0,0,0,0,-,-,NA,NA,ORANGE,ANAHEIM,-117.90632629394533,33.812232971191406
8793719,2019,2019-02-25,3014,2019-01-11,1620,1462,RD36,5,5,5,3014,0,0,0,NA,0,0A3,JAMBOREE RD,BRISTOL ST S,0,NA,Y,A,-,N,NA,NA,NA,NA,NA,NA,NA,NA,NA,Y,3,0,1,2,A,-,12,21453,A,N,D,C,A,A,H,-,A,A,0,NA,NA,NA,NA,Y,NA,A,01,0,1,0,0,0,0,0,0,0,-,-,33.65489959716797,-117.86530303955078,ORANGE,NEWPORT BEACH,-117.86540985107422,33.65494918823242
8794093,2018,2019-02-19,3026,2018-12-18,1616,7094,NA,2,5,6,3026,0,0,0,NA,0,00U,MACARTHUR BL,RT 405,0,NA,Y,B,-,Y,ORA,12,405,-,-,7.833,R,4,S,Y,3,0,3,2,A,-,12,21453,A,N,D,C,A,A,H,-,A,A,0,NA,NA,NA,NA,Y,NA,A,01,0,1,2,0,0,0,0,0,0,-,-,NA,NA,ORANGE,IRVINE,-117.85752868652344,33.682838439941406
8794345,2018,2019-02-15,3000,2018-12-30,0805,9220,972C1,7,5,4,3018,0,0,0,NA,0,730,RT 74,EL CAMINO REAL,0,NA,Y,A,-,N,NA,NA,NA,NA,NA,NA,NA,NA,NA,Y,3,0,2,3,A,-,10,21950,A,N,G,B,B,A,H,-,A,A,0,Y,NA,NA,NA,Y,NA,A,01,0,2,0,0,2,0,0,0,0,-,-,NA,NA,ORANGE,SAN JUAN CAPISTRANO,-117.66172,33.50178
8794828,2019,2019-02-06,3001,2019-01-08,1939,1410,NA,2,5,7,3001,0,0,0,NA,0,0D2,W CARL KARCHER WY,NORTH ANAHEIM BL,10,W,N,A,-,N,NA,NA,NA,NA,NA,NA,NA,NA,NA,N,4,0,1,2,A,-,08,22100,A,N,B,C,A,A,H,-,C,A,0,NA,NA,NA,NA,Y,NA,A,07,0,0,1,0,0,0,0,0,0,-,-,NA,NA,ORANGE,ANAHEIM,-117.9198760986328,33.85084915161133
8795238,2018,2019-02-08,3001,2018-11-28,1324,1252,NA,3,5,7,3001,0,0,0,NA,0,D 3,WEST BALL RD,SOUTH ANAHEIM BL,117,W,N,B,-,N,NA,NA,NA,NA,NA,NA,NA,NA,NA,N,4,0,2,2,A,-,09,21804,A,N,D,C,A,A,H,-,A,D,0,NA,NA,NA,NA,Y,NA,A,01,0,0,2,0,0,0,0,0,0,-,-,NA,NA,ORANGE,ANAHEIM,-117.90843963623048,33.81801986694336
8796080,2018,2019-02-21,3015,2018-12-02,0457,1578,35E,7,5,6,3015,0,0,0,NA,0,111,COLLINS AV,PARKER ST,0,NA,Y,A,-,N,NA,NA,NA,NA,NA,NA,NA,NA,NA,Y,3,0,1,2,A,-,09,21801,A,N,D,C,A,A,H,-,B,D,0,NA,NA,NA,NA,Y,NA,J,48,0,1,0,0,0,0,0,0,0,-,-,NA,NA,ORANGE,ORANGE,-117.85983276367188,33.80241012573242
8797848,2019,2019-02-11,3010,2019-01-29,1724,1259,475,2,5,6,3010,0,0,0,NA,0,002,MAGNOLIA,HAMILTON,93,N,N,A,-,N,NA,NA,NA,NA,NA,NA,NA,NA,NA,Y,4,0,1,3,A,-,01,23152,A,F,B,C,A,A,H,-,B,A,0,NA,NA,NA,NA,Y,Y,A,01,0,0,1,0,0,0,0,0,0,-,-,NA,NA,ORANGE,HUNTINGTON BEACH,-117.9709243774414,33.6507453918457
8800451,2019,2019-02-21,3005,2019-02-04,1837,8214,C26,1,5,4,3005,0,0,0,NA,0,003,BALL RD,SORRENTO DR,357,E,N,A,-,N,NA,NA,NA,NA,NA,NA,NA,NA,NA,Y,3,0,2,1,A,-,08,22107,NA,N,F,I,A,B,H,-,C,D,0,NA,NA,NA,NA,Y,NA,D,22,0,1,1,0,0,0,0,0,0,-,-,NA,NA,ORANGE,CYPRESS,-118.05068969726563,33.81691360473633
8801195,2018,2019-03-12,3009,2018-10-18,0834,3486,042,4,5,6,3009,0,0,0,NA,0,021,WESTERN AV,SEABOARD CIR,409,N,N,A,-,N,NA,NA,NA,NA,NA,NA,NA,NA,NA,N,3,0,1,1,A,-,08,22107,NA,N,A,I,A,A,H,-,A,D,0,NA,NA,NA,NA,Y,NA,A,01,0,1,0,0,0,0,0,0,0,-,-,NA,NA,ORANGE,GARDEN GROVE,-118.00160980224608,33.79541015625
8804337,2019,2019-03-07,3024,2019-02-18,1247,400,P 23,1,5,5,3024,0,0,0,NA,0,WEST,BOLSA AV,GOLDEN WEST CIR,20,E,N,A,-,N,NA,NA,NA,NA,NA,NA,NA,NA,NA,N,4,0,1,2,A,-,04,21703,NA,N,C,C,A,A,H,-,A,D,0,NA,NA,Y,NA,Y,NA,C,02,0,0,1,0,0,0,0,0,1,-,-,33.74477005004883,-118.00045776367188,ORANGE,WESTMINSTER,-118.00216674804688,33.74460983276367
8804456,2019,2019-04-02,3026,2019-02-04,0816,518,UNIVE,1,5,6,3026,0,0,0,NA,0,003,TURTLE ROCK DR,AMALFI DR S,105,N,N,B,C,N,NA,NA,NA,NA,NA,NA,NA,NA,NA,N,3,0,1,2,D,-,00,NA,NA,N,B,C,A,B,H,-,A,D,0,NA,NA,NA,NA,Y,NA,-,-,0,1,0,0,0,0,0,0,0,-,-,33.64271926879883,-117.81952667236328,ORANGE,IRVINE,-117.81997680664063,33.647369384765625
8804563,2019,2019-03-06,3026,2019-02-10,1759,480,NA,7,5,6,3026,0,0,0,NA,0,00C,IRVINE CENTER DR,BAKE PKWY,0,NA,Y,B,-,N,NA,NA,NA,NA,NA,NA,NA,NA,NA,Y,4,0,2,2,D,-,00,NA,NA,N,D,C,A,B,H,-,C,A,0,NA,NA,NA,NA,Y,NA,-,-,0,0,2,0,0,0,0,0,0,-,-,NA,NA,ORANGE,IRVINE,-117.74073791503906,33.63758850097656
8804786,2018,2019-03-11,3008,2018-12-10,1427,1381,NA,1,5,6,3008,0,0,0,NA,0,002,E VALENCIA MESA DR,HARBOR BL,10,E,N,A,-,N,NA,NA,NA,NA,NA,NA,NA,NA,NA,N,4,0,1,2,A,-,08,22107,NA,N,B,C,A,A,H,-,A,D,0,NA,NA,NA,NA,Y,NA,A,01,0,0,1,0,0,0,0,0,0,-,-,NA,NA,ORANGE,FULLERTON,-117.9284896850586,33.89341354370117
8804881,2018,2019-02-28,3000,2018-11-25,2225,9704,922C7,7,5,5,3028,0,0,0,NA,0,754,MARGUERITE PKWY,SADDLEBACK,0,NA,Y,A,-,N,NA,NA,NA,NA,NA,NA,NA,NA,NA,Y,3,0,1,2,A,-,08,22100,B,N,D,C,A,A,H,-,C,A,0,NA,NA,NA,NA,Y,NA,A,01,0,1,0,0,0,0,0,0,0,-,-,NA,NA,ORANGE,MISSION VIEJO,-117.67041778564452,33.5536994934082
8804917,2018,2019-03-12,3000,2018-12-29,0910,9031,892E1,6,5,5,3028,0,0,0,NA,0,058,SANTA MARGARITA PKWY,PINECREST,290,E,N,A,-,N,NA,NA,NA,NA,NA,NA,NA,NA,NA,Y,4,0,2,3,A,-,16,24002,A,N,H,C,A,A,H,-,A,D,0,NA,NA,NA,NA,Y,NA,D,22,0,0,2,0,0,0,0,0,0,-,-,33.65193176269531,-117.64495849609376,ORANGE,MISSION VIEJO,-117.63812255859376,33.65100860595703
8805204,2018,2019-02-26,3000,2018-12-28,1525,10576,892A7,5,5,5,3028,0,0,0,NA,0,753,ALICIA PKWY,VIA FABRICANTE,0,NA,Y,A,-,N,NA,NA,NA,NA,NA,NA,NA,NA,NA,Y,4,0,1,2,A,-,09,21453,B,N,D,C,A,A,H,-,A,A,0,NA,NA,NA,NA,Y,NA,A,01,0,0,1,0,0,0,0,0,0,-,-,NA,NA,ORANGE,MISSION VIEJO,-117.67977905273438,33.6142692565918
8805550,2018,2019-02-20,3001,2018-12-12,1023,1278,NA,3,5,7,3001,0,0,0,NA,0,0D3,WEST BALL RD,S IRIS ST,71,W,N,B,-,N,NA,NA,NA,NA,NA,NA,NA,NA,NA,Y,3,0,1,1,A,-,08,22107,NA,N,F,A,A,A,H,-,A,D,0,NA,NA,Y,NA,Y,NA,C,02,0,1,0,0,0,0,0,0,1,-,-,NA,NA,ORANGE,ANAHEIM,-117.9092025756836,33.81801986694336
8805660,2018,2019-02-20,3001,2018-12-07,1042,1032,NA,5,5,7,3001,0,0,0,NA,0,0D4,S RIO VISTA ST,E DUTCH AV,0,NA,Y,A,-,N,NA,NA,NA,NA,NA,NA,NA,NA,NA,Y,3,0,3,2,A,-,09,21802,A,N,D,C,A,A,H,-,A,A,0,NA,NA,NA,NA,Y,NA,A,01,0,1,2,0,0,0,0,0,0,-,-,NA,NA,ORANGE,ANAHEIM,-117.87161254882813,33.841461181640625
8805691,2019,2019-02-19,3024,2019-01-27,2135,452,P-38,7,5,5,3024,0,0,0,NA,0,EAST,MAGNOLIA ST,EDINGER AV,335,N,N,A,-,N,NA,NA,NA,NA,NA,NA,NA,NA,NA,Y,3,0,1,1,A,-,08,22107,NA,N,E,I,A,A,H,-,C,D,0,NA,NA,NA,NA,Y,NA,A,01,0,1,0,0,0,0,0,0,0,-,-,33.73017883300781,-117.97200012207033,ORANGE,WESTMINSTER,-117.97209930419922,33.731239318847656
8805867,2019,2019-02-21,3024,2019-02-06,0746,146,P-09,3,5,5,3024,0,0,0,NA,0,WEST,EDWARDS ST,SHAWNEE RD,0,NA,Y,A,-,N,NA,NA,NA,NA,NA,NA,NA,NA,NA,Y,4,0,1,2,A,-,09,21802,A,N,D,C,A,A,H,-,A,A,0,NA,NA,NA,NA,Y,NA,A,07,0,0,1,0,0,0,0,0,0,-,-,33.77156066894531,-118.01621246337892,ORANGE,WESTMINSTER,-118.01612091064452,33.771400451660156
8807053,2019,2019-03-06,3022,2019-02-04,1511,1169,NA,1,5,5,3022,0,0,0,NA,0,NA,NEWPORT AV,WALNUT AV,327,N,N,B,-,N,NA,NA,NA,NA,NA,NA,NA,NA,NA,N,4,0,2,2,A,-,03,22350,NA,N,C,C,A,B,H,-,A,D,0,NA,NA,NA,NA,Y,NA,A,08,0,0,2,0,0,0,0,0,0,-,-,33.73270034790039,-117.82756042480467,ORANGE,TUSTIN,-117.82695770263672,33.733299255371094
8808033,2018,2019-03-27,3009,2018-09-10,2153,3965,107,1,5,6,3009,0,0,0,NA,0,013,WESTMINSTER AV,FLOWER ST,24,E,N,A,-,N,NA,NA,NA,NA,NA,NA,NA,NA,NA,Y,1,1,0,3,A,-,11,21954,A,N,G,B,D,A,H,-,C,A,0,Y,NA,NA,NA,Y,NA,N,60,0,0,0,1,0,0,0,0,0,-,-,33.75947952270508,-117.9548568725586,ORANGE,GARDEN GROVE,-117.95272064208984,33.75962829589844
8808224,2018,2020-05-22,3015,2018-09-16,0120,1017,84N,7,5,6,3015,0,0,0,NA,0,751,SANTIAGO CANYON RD,JAMESTOWN WY,0,NA,Y,A,-,N,NA,NA,NA,NA,NA,NA,NA,NA,NA,Y,1,1,0,1,A,-,03,22350,NA,N,-,I,A,A,H,-,C,A,0,NA,NA,Y,NA,Y,NA,C,02,0,0,0,0,0,0,0,1,0,-,-,NA,NA,ORANGE,ORANGE,-117.79020690917967,33.813621520996094
8808237,2018,2019-06-18,3008,2018-11-24,1717,1116,ZONE2,6,5,6,3008,0,0,0,NA,0,NA,ORANGETHORPE AV,HIGHLAND AV,680,E,N,A,-,N,NA,NA,NA,NA,NA,NA,NA,NA,NA,Y,1,1,0,3,A,-,11,21950,B,F,G,B,D,A,H,-,C,D,0,Y,NA,NA,NA,Y,Y,N,60,0,0,0,1,0,0,0,0,0,-,-,NA,NA,ORANGE,FULLERTON,-117.92643737792967,33.85947799682617
8808323,2018,2019-06-19,3026,2018-09-23,1711,587,3026,7,5,6,3026,0,0,0,NA,0,00C,JAMBOREE RD,WALNUT AV,0,NA,Y,A,-,N,NA,NA,NA,NA,NA,NA,NA,NA,NA,Y,1,1,2,2,A,-,12,21453,A,N,D,C,A,A,H,-,A,A,0,NA,NA,NA,NA,Y,NA,A,07,1,1,0,0,0,0,0,0,0,-,-,NA,NA,ORANGE,IRVINE,-117.8010711669922,33.71171188354492
8809596,2019,2019-05-13,3026,2019-01-18,2152,590,8,5,5,6,3026,0,0,0,NA,0,00P,CULVER,FARWELL,0,NA,Y,A,-,N,NA,NA,NA,NA,NA,NA,NA,NA,NA,Y,3,0,1,2,A,-,12,21453,A,N,C,-,A,A,H,-,C,A,0,NA,NA,NA,NA,Y,NA,A,01,0,1,0,0,0,0,0,0,0,-,-,NA,NA,ORANGE,IRVINE,-117.7783432006836,33.714210510253906
8809813,2019,2019-03-07,3001,2019-01-28,1042,1825,NA,1,5,7,3001,0,0,0,NA,0,0D1,KNOTT AV,BALL RD,161,N,N,B,-,N,NA,NA,NA,NA,NA,NA,NA,NA,NA,Y,4,0,1,2,A,-,07,21658,A,N,B,C,A,A,H,-,A,D,0,NA,NA,NA,NA,Y,NA,A,01,0,0,1,0,0,0,0,0,0,-,-,NA,NA,ORANGE,ANAHEIM,-118.01080322265624,33.817691802978516