CASE_ID,ACCIDENT_YEAR,PROC_DATE,JURIS,COLLISION_DATE,COLLISION_TIME,OFFICER_ID,REPORTING_DISTRICT,DAY_OF_WEEK,CHP_SHIFT,POPULATION,CNTY_CITY_LOC,SPECIAL_COND,BEAT_TYPE,CHP_BEAT_TYPE,CITY_DIVISION_LAPD,CHP_BEAT_CLASS,BEAT_NUMBER,PRIMARY_RD,SECONDARY_RD,DISTANCE,DIRECTION,INTERSECTION,WEATHER_1,WEATHER_2,STATE_HWY_IND,CALTRANS_COUNTY,CALTRANS_DISTRICT,STATE_ROUTE,ROUTE_SUFFIX,POSTMILE_PREFIX,POSTMILE,LOCATION_TYPE,RAMP_INTERSECTION,SIDE_OF_HWY,TOW_AWAY,COLLISION_SEVERITY,NUMBER_KILLED,NUMBER_INJURED,PARTY_COUNT,PRIMARY_COLL_FACTOR,PCF_CODE_OF_VIOL,PCF_VIOL_CATEGORY,PCF_VIOLATION,PCF_VIOL_SUBSECTION,HIT_AND_RUN,TYPE_OF_COLLISION,MVIW,PED_ACTION,ROAD_SURFACE,ROAD_COND_1,ROAD_COND_2,LIGHTING,CONTROL_DEVICE,CHP_ROAD_TYPE,PEDESTRIAN_ACCIDENT,BICYCLE_ACCIDENT,MOTORCYCLE_ACCIDENT,TRUCK_ACCIDENT,NOT_PRIVATE_PROPERTY,ALCOHOL_INVOLVED,STWD_VEHTYPE_AT_FAULT,CHP_VEHTYPE_AT_FAULT,COUNT_SEVERE_INJ,COUNT_VISIBLE_INJ,COUNT_COMPLAINT_PAIN,COUNT_PED_KILLED,COUNT_PED_INJURED,COUNT_BICYCLIST_KILLED,COUNT_BICYCLIST_INJURED,COUNT_MC_KILLED,COUNT_MC_INJURED,PRIMARY_RAMP,SECONDARY_RAMP,LATITUDE,LONGITUDE,COUNTY,CITY,POINT_X,POINT_Y
8851663,2019,2019-05-06,3009,2019-04-05,1529,4721,2-2,5,5,6,3009,0,0,0,NA,0,153,HASTER ST,TWINTREE LN,109,S,N,A,-,N,NA,NA,NA,NA,NA,NA,NA,NA,NA,Y,4,0,2,2,A,-,08,22107,NA,N,D,C,A,A,H,-,A,D,0,NA,NA,NA,NA,Y,NA,A,01,0,0,2,0,0,0,0,0,0,-,-,33.783870697021484,-117.9061279296875,ORANGE,GARDEN GROVE,-117.90613555908205,33.783573150634766
8851841,2019,2019-05-03,3001,2019-04-12,1517,1830,NA,5,5,7,3001,0,0,0,NA,0,0D2,SOUTH EUCLID ST,W PAMPAS LN,55,S,N,A,-,N,NA,NA,NA,NA,NA,NA,NA,NA,NA,N,3,0,1,2,A,-,03,22350,NA,N,C,C,A,A,H,-,A,A,0,NA,NA,NA,NA,Y,NA,A,07,0,1,0,0,0,0,0,0,0,-,-,NA,NA,ORANGE,ANAHEIM,-117.94151306152344,33.83054733276367
8856755,2019,2019-10-30,3026,2019-04-03,1320,4779,NA,3,5,6,3026,0,0,0,NA,0,001,CULVER DR,RT 405,8,N,N,A,-,Y,ORA,12,405,-,-,5.831,R,4,S,Y,4,0,1,2,A,-,12,21453,A,N,D,C,A,A,H,-,A,A,0,NA,NA,NA,NA,Y,NA,I,11,0,0,1,0,0,0,0,0,0,-,SF,33.66828918457031,-117.8239517211914,ORANGE,IRVINE,-117.82630920410156,33.67051315307617
8856887,2019,2019-05-08,3009,2019-04-17,1836,3819,145,3,5,6,3009,0,0,0,NA,0,2   3,HARBOR BL,TRASK AV,35,S,N,A,-,N,NA,NA,NA,NA,NA,NA,NA,NA,NA,N,4,0,1,2,A,-,11,21456,C,N,D,G,A,A,H,-,A,A,0,NA,Y,NA,NA,Y,NA,L,04,0,0,1,0,0,0,1,0,0,-,-,NA,NA,ORANGE,GARDEN GROVE,-117.92044830322266,33.767005920410156
8857268,2019,2019-06-04,3024,2019-05-03,1150,472,P-27,5,5,5,3024,0,0,0,NA,0,EAST,MAGNOLIA ST,BOLSA AV,3,E,N,A,-,N,NA,NA,NA,NA,NA,NA,NA,NA,NA,N,3,0,1,2,A,-,10,21950,A,N,G,B,B,A,H,-,A,A,0,Y,NA,NA,NA,Y,NA,D,22,0,1,0,0,1,0,0,0,0,-,-,33.74483108520508,-117.97222137451172,ORANGE,WESTMINSTER,-117.97225952148438,33.74483108520508
8857272,2019,2019-05-28,3024,2019-04-30,1551,153,P-32,2,5,5,3024,0,0,0,NA,0,EAST,MCFADDEN AV,JACKSON ST,162,W,N,A,-,N,NA,NA,NA,NA,NA,NA,NA,NA,NA,N,4,0,1,2,A,-,11,21954,A,N,G,B,D,A,H,-,A,D,0,Y,NA,NA,NA,Y,NA,N,60,0,0,1,0,1,0,0,0,0,-,-,33.73759841918945,-117.98721313476563,ORANGE,WESTMINSTER,-117.98792266845705,33.73747634887695
8860098,2019,2019-05-30,3024,2019-05-10,1427,176,P43,5,5,5,3024,0,0,0,NA,0,EAST,MAGNOLIA ST,HEIL AV,400,S,N,A,-,N,NA,NA,NA,NA,NA,NA,NA,NA,NA,N,4,0,1,4,A,-,03,22350,NA,N,C,C,A,A,H,-,A,A,0,NA,NA,NA,NA,Y,NA,A,08,0,0,1,0,0,0,0,0,0,-,-,NA,NA,ORANGE,WESTMINSTER,-117.97197723388672,33.72194290161133
8860572,2019,2019-07-31,3001,2019-06-22,1847,415,D3,6,5,7,3001,0,0,0,NA,0,034,E OMEGA AV,S ATHENA WY,37,W,N,A,B,N,NA,NA,NA,NA,NA,NA,NA,NA,NA,N,2,0,1,1,A,-,08,22107,NA,N,F,A,A,A,H,-,A,D,0,NA,NA,Y,NA,Y,NA,C,02,1,0,0,0,0,0,0,0,1,-,-,NA,NA,ORANGE,ANAHEIM,-117.8834991455078,33.81632995605469
8860723,2018,2019-05-21,3000,2018-11-17,1739,5163,952A2,6,5,5,3040,0,0,0,NA,0,743,PASEO DE LA COLINAS,LOMA LINDA,25,W,N,A,-,N,NA,NA,NA,NA,NA,NA,NA,NA,NA,Y,4,0,1,3,A,-,08,22107,NA,N,F,C,A,A,H,-,C,D,0,NA,NA,NA,NA,Y,Y,D,22,0,0,1,0,0,0,0,0,0,-,-,NA,NA,ORANGE,LAGUNA NIGUEL,-117.68264770507813,33.54576110839844
8860784,2019,2019-05-20,3000,2019-04-24,1510,5013,951F5,3,5,5,3040,0,0,0,NA,0,741,ALICIA PKWY,PACIFIC ISLAND DR,97,N,N,A,-,N,NA,NA,NA,NA,NA,NA,NA,NA,NA,Y,4,0,2,2,A,-,03,22350,NA,N,C,C,A,A,H,-,A,A,0,NA,NA,NA,NA,Y,NA,A,07,0,0,2,0,0,0,0,0,0,-,-,NA,NA,ORANGE,LAGUNA NIGUEL,-117.71665191650392,33.52637481689453
8862122,2019,2019-05-28,3010,2019-04-13,0600,1253,261,6,5,6,3010,0,0,0,NA,0,007,GOLDENWEST ST,NORMA DR,400,S,N,A,-,N,NA,NA,NA,NA,NA,NA,NA,NA,NA,N,3,0,1,2,D,-,00,NA,NA,M,G,B,-,A,H,-,A,A,0,Y,NA,NA,NA,Y,NA,-,-,0,1,0,0,1,0,0,0,0,-,-,NA,NA,ORANGE,HUNTINGTON BEACH,-118.0066146850586,33.718082427978516
8862242,2019,2020-03-05,3010,2019-04-27,0906,2090,272,6,5,6,3010,0,0,0,NA,0,006,WARNER AV,ASH ST,0,NA,Y,B,-,N,NA,NA,NA,NA,NA,NA,NA,NA,NA,Y,4,0,1,2,A,-,09,21801,A,N,D,C,A,A,H,-,A,A,0,NA,NA,NA,NA,Y,NA,A,01,0,0,1,0,0,0,0,0,0,-,-,NA,NA,ORANGE,HUNTINGTON BEACH,-117.99208068847656,33.71567153930664
8863436,2019,2019-05-21,3009,2019-05-11,0837,1940,116,6,5,6,3009,0,0,0,NA,0,2-3,WESTMINSTER AV,TAFT ST,159,W,N,A,-,N,NA,NA,NA,NA,NA,NA,NA,NA,NA,Y,3,0,2,3,A,-,09,21804,A,N,D,C,A,A,H,-,A,D,0,NA,NA,NA,NA,Y,NA,A,01,0,2,0,0,0,0,0,0,0,-,-,NA,NA,ORANGE,GARDEN GROVE,-117.94252014160156,33.759674072265625
8863445,2019,2019-05-21,3001,2019-05-03,1810,415,NA,5,5,7,3001,0,0,0,NA,0,0D2,E LINCOLN AV,N OLIVE ST,0,NA,Y,A,-,N,NA,NA,NA,NA,NA,NA,NA,NA,NA,Y,3,0,2,2,A,-,12,21453,A,N,D,C,A,A,H,-,A,A,0,NA,NA,NA,NA,Y,NA,A,07,0,2,0,0,0,0,0,0,0,-,-,NA,NA,ORANGE,ANAHEIM,-117.91050720214844,33.83749008178711
8864345,2019,2019-05-31,3015,2019-05-03,1658,1507,31,5,5,6,3015,0,0,0,NA,0,721,SOUTH LEWIS ST,METROPOLITAN DR,502,S,N,A,-,N,NA,NA,NA,NA,NA,NA,NA,NA,NA,NA,4,0,1,3,A,-,17,22109,NA,M,C,C,A,A,H,-,A,D,0,NA,NA,NA,NA,Y,NA,A,01,0,0,1,0,0,0,0,0,0,-,-,33.78099822998047,-117.89700317382813,ORANGE,ORANGE,-117.89714050292967,33.78037643432617
8864704,2019,2019-06-05,3005,2019-05-29,1153,8237,C27,3,5,4,3005,0,0,0,NA,0,003,CERRITOS AV,MOODY ST,0,NA,Y,A,-,N,NA,NA,NA,NA,NA,NA,NA,NA,NA,N,4,0,2,2,A,-,03,22350,NA,N,C,C,A,A,H,-,A,A,0,NA,NA,NA,NA,Y,NA,A,01,0,0,2,0,0,0,0,0,0,-,-,NA,NA,ORANGE,CYPRESS,-118.04572296142578,33.81026840209961
8865325,2019,2019-05-29,3000,2019-04-12,1057,2731,798A2,5,5,4,3021,0,0,0,NA,0,022,KATELLA AV,DALE ST,0,NA,Y,A,-,N,NA,NA,NA,NA,NA,NA,NA,NA,NA,N,3,0,1,2,A,-,11,21456,A,N,-,B,B,A,H,-,A,A,0,Y,NA,NA,NA,Y,Y,N,60,0,1,0,0,1,0,0,0,0,-,-,NA,NA,ORANGE,STANTON,-117.98446655273438,33.8029899597168
8865355,2019,2019-05-31,3002,2019-05-18,1554,1447,NA,6,5,4,3002,0,0,0,NA,0,014,IMPERIAL HWY,FLOWER AV,134,E,N,A,-,N,NA,NA,90,NA,NA,NA,NA,NA,NA,Y,4,0,1,2,A,-,03,22350,NA,N,C,C,A,A,H,-,B,A,0,NA,NA,NA,NA,Y,NA,A,07,0,0,1,0,0,0,0,0,0,-,-,33.91548156738281,-117.89820861816406,ORANGE,BREA,-117.89815521240234,33.91562271118164
8866209,2019,2019-05-23,3001,2019-04-20,1751,A2447,D3,6,5,7,3001,0,0,0,NA,0,032,ORANGEWOOD AV,9TH ST,51,W,N,A,-,N,NA,NA,NA,NA,NA,NA,NA,NA,NA,N,4,0,1,2,A,-,04,21703,NA,N,C,C,A,A,H,-,A,A,0,NA,NA,NA,NA,Y,NA,A,01,0,0,1,0,0,0,0,0,0,-,-,NA,NA,ORANGE,ANAHEIM,-117.93276977539063,33.79595184326172
8866350,2019,2019-05-23,3001,2019-05-01,1849,415,P4,3,5,7,3001,0,0,0,NA,0,NA,LA PALMA AV,FAIRMONT BL,10,W,N,A,-,N,NA,NA,NA,NA,NA,NA,NA,NA,NA,NA,2,0,2,1,A,-,05,21651,B,N,E,I,A,A,H,-,A,A,0,NA,NA,Y,NA,Y,NA,C,02,1,0,1,0,0,0,0,0,2,-,-,NA,NA,ORANGE,ANAHEIM,-117.77570343017578,33.863956451416016
8866625,2019,2019-05-28,3001,2019-04-01,1614,1825,D4,1,5,7,3001,0,0,0,NA,0,1330,E MIRALOMA AV,N BLUE GUM ST,0,NA,Y,A,-,N,NA,NA,NA,NA,NA,NA,NA,NA,NA,Y,4,0,1,2,A,-,09,21801,A,N,A,C,A,A,D,-,A,A,0,NA,NA,NA,NA,Y,NA,A,07,0,0,1,0,0,0,0,0,0,-,-,NA,NA,ORANGE,ANAHEIM,-117.87225341796876,33.854888916015625
8868672,2019,2019-06-11,3022,2019-05-22,1819,1109,SOUTH,3,5,5,3022,0,0,0,NA,0,002,WALNUT AV,NEWPORT AV,0,NA,Y,B,-,N,NA,NA,NA,NA,NA,NA,NA,NA,NA,Y,4,0,2,2,A,-,09,21801,A,N,D,C,A,B,H,-,A,A,0,NA,NA,NA,NA,Y,NA,D,22,0,0,2,0,0,0,0,0,0,-,-,33.73270034790039,-117.82756042480467,ORANGE,TUSTIN,-117.8276596069336,33.73262023925781
8868868,2019,2019-06-13,3001,2019-05-18,0941,A1740,ANAHE,6,5,7,3001,0,0,0,NA,0,0D3,WEST BALL RD,S CAMBRIDGE ST,0,NA,Y,A,-,N,NA,NA,NA,NA,NA,NA,NA,NA,NA,N,3,0,4,2,A,-,03,22350,NA,N,C,C,A,A,H,-,A,A,0,NA,NA,NA,NA,Y,NA,A,07,0,1,3,0,0,0,0,0,0,-,-,NA,NA,ORANGE,ANAHEIM,-117.91120147705078,33.81814956665039
8870273,2019,2019-06-06,3004,2019-05-17,1047,P555,05,5,5,6,3004,0,0,0,NA,0,006,EAST 17TH ST,ORANGE AV,3,W,N,A,-,N,NA,NA,NA,NA,NA,NA,NA,NA,NA,N,4,0,1,2,A,-,03,22350,NA,N,C,C,A,A,H,-,A,D,0,NA,NA,NA,NA,Y,NA,D,22,0,0,1,0,0,0,0,0,0,-,-,33.635311126708984,-117.91885375976563,ORANGE,COSTA MESA,-117.91873931884766,33.635406494140625
8870486,2019,2019-06-05,3009,2019-05-01,1628,3965,122,3,5,6,3009,0,0,0,NA,0,021,CHAPMAN AV,9TH ST,345,W,N,A,-,N,NA,NA,NA,NA,NA,NA,NA,NA,NA,N,2,0,1,2,A,-,08,22107,NA,N,D,G,A,A,H,-,A,A,0,NA,Y,NA,NA,Y,NA,L,04,1,0,0,0,0,0,1,0,0,-,-,NA,NA,ORANGE,GARDEN GROVE,-117.93360900878906,33.788726806640625
8870533,2019,2019-06-06,3009,2019-05-20,1314,4656,135,1,5,6,3009,0,0,0,NA,0,3-3,HARBOR BL,TRASK AV,0,NA,Y,A,-,N,NA,NA,NA,NA,NA,NA,NA,NA,NA,N,4,0,1,2,A,-,08,22100,A,N,B,C,A,A,H,-,A,A,0,NA,NA,NA,NA,Y,NA,A,01,0,0,1,0,0,0,0,0,0,-,-,NA,NA,ORANGE,GARDEN GROVE,-117.92044830322266,33.7671012878418
8870557,2019,2019-06-06,3009,2019-05-17,1257,3965,2-1,5,5,6,3009,0,0,0,NA,0,125,EUCLID ST,GARDEN GROVE BL,272,S,N,A,-,N,NA,NA,NA,NA,NA,NA,NA,NA,NA,N,4,0,1,2,A,-,05,21650,NA,N,D,G,A,A,H,-,A,A,0,NA,Y,NA,NA,Y,NA,L,04,0,0,1,0,0,0,1,0,0,-,-,NA,NA,ORANGE,GARDEN GROVE,-117.93799591064452,33.77354431152344
8872729,2019,2019-06-11,3000,2019-05-16,1020,5013,971J2,4,5,5,3040,0,0,0,NA,0,903,STREET OF THE GOLDEN LANTERN,OLD RANCH RD,46,N,N,C,-,N,NA,NA,NA,NA,NA,NA,NA,NA,NA,Y,3,0,1,1,A,-,08,22107,NA,N,E,I,A,B,H,-,A,A,0,NA,NA,NA,NA,Y,NA,A,01,0,1,0,0,0,0,0,0,0,-,-,NA,NA,ORANGE,LAGUNA NIGUEL,-117.69278717041016,33.50040817260742
8873815,2019,2019-06-12,3003,2019-05-19,1702,665,23,7,5,5,3003,0,0,0,NA,0,008,AUTO CENTER DR,BEACH BL,26,E,N,A,-,N,NA,NA,NA,NA,NA,NA,NA,NA,NA,N,4,0,2,2,D,-,00,NA,NA,N,C,C,A,A,H,-,A,A,0,NA,NA,NA,NA,Y,NA,-,-,0,0,2,0,0,0,0,0,0,-,-,33.867698669433594,-117.997802734375,ORANGE,BUENA PARK,-117.99817657470705,33.86762237548828
8873984,2019,2019-06-11,3015,2019-04-28,0233,1550,16E,7,5,6,3015,0,0,0,NA,0,002,E COLLINS AV,N CALIFORNIA ST,83,E,N,A,-,N,NA,NA,NA,NA,NA,NA,NA,NA,NA,Y,4,0,1,2,A,-,01,23152,A,N,A,E,A,A,H,-,C,D,0,NA,NA,NA,NA,Y,Y,A,01,0,0,1,0,0,0,0,0,0,-,-,NA,NA,ORANGE,ORANGE,-117.84069061279295,33.802330017089844
8874242,2019,2019-06-13,3007,2019-05-21,1404,280,45,2,5,5,3007,0,0,0,NA,0,001,BROOKHURST,LA HACIENDA,0,NA,Y,A,-,N,NA,NA,NA,NA,NA,NA,NA,NA,NA,N,4,0,1,2,A,-,09,21801,A,N,A,C,A,A,H,-,A,A,0,NA,NA,NA,NA,Y,NA,A,01,0,0,1,0,0,0,0,0,0,-,-,NA,NA,ORANGE,FOUNTAIN VALLEY,-117.9545669555664,33.714271545410156
8874320,2019,2019-06-12,3015,2019-05-24,1400,1372,21W,5,5,6,3015,0,0,0,NA,0,732,METROPOLITAN DR,LEWIS ST,0,NA,Y,A,-,N,NA,NA,NA,NA,NA,NA,NA,NA,NA,Y,3,0,1,2,A,-,09,21801,A,N,D,C,A,A,H,-,A,A,0,NA,NA,NA,NA,Y,NA,A,01,0,1,0,0,0,0,0,0,0,-,-,33.78171920776367,-117.89759063720705,ORANGE,ORANGE,-117.8974609375,33.78171157836914
8875333,2019,2019-08-29,3010,2019-06-10,1114,1179,273,1,5,6,3010,0,0,0,NA,0,006,WARNER AV,RT 39,33,E,N,A,-,Y,ORA,12,39,-,-,4.651,I,6,N,N,3,0,1,2,A,-,11,21456,C,N,G,B,B,A,H,-,A,A,0,Y,NA,NA,NA,Y,NA,N,60,0,1,0,0,1,0,0,0,0,-,-,NA,NA,ORANGE,HUNTINGTON BEACH,-117.98899841308594,33.71597671508789
8875503,2019,2019-08-29,3003,2019-06-13,1339,1184,NA,4,5,5,3003,0,0,0,NA,0,NA,BEACH BL,STAGE RD,541,N,N,A,-,Y,ORA,12,39,-,-,16.24,H,-,S,N,4,0,1,2,A,-,17,21451,A,N,D,C,A,A,H,-,A,D,0,NA,NA,NA,NA,Y,NA,A,01,0,0,1,0,0,0,0,0,0,-,-,33.8828010559082,-117.99729919433594,ORANGE,BUENA PARK,-117.99697875976563,33.88279724121094
8877202,2019,2019-06-21,3015,2019-05-12,0907,1618,26N,7,5,6,3015,0,0,0,NA,0,213,NORTH TUSTIN ST,EAST COLLINS AV,0,NA,Y,A,-,N,NA,NA,NA,NA,NA,NA,NA,NA,NA,N,4,0,1,2,A,-,03,22350,NA,N,C,C,A,A,H,-,A,A,0,NA,NA,NA,NA,Y,NA,A,01,0,0,1,0,0,0,0,0,0,-,-,NA,NA,ORANGE,ORANGE,-117.83563232421876,33.802310943603516
8879812,2019,2019-06-18,3009,2019-05-30,1700,3005,113,4,5,6,3009,0,0,0,NA,0,021,CHAPMAN AV,EUCLID ST,400,W,N,A,-,N,NA,NA,NA,NA,NA,NA,NA,NA,NA,Y,3,0,1,2,A,-,03,22350,NA,N,C,C,A,A,H,-,A,A,0,NA,NA,NA,NA,Y,NA,A,01,0,1,0,0,0,0,0,0,0,-,-,NA,NA,ORANGE,GARDEN GROVE,-117.94257354736328,33.788658142089844
8879954,2019,2019-06-18,3010,2019-06-07,1456,0147,264,5,5,6,3010,0,0,0,NA,0,006,WARNER,MAGNOLIA,106,W,N,A,-,N,NA,NA,NA,NA,NA,NA,NA,NA,NA,N,3,0,1,1,A,-,08,22107,NA,N,E,A,A,A,H,-,A,D,0,NA,Y,NA,NA,Y,NA,L,04,0,1,0,0,0,0,1,0,0,-,-,NA,NA,ORANGE,HUNTINGTON BEACH,-117.97226715087892,33.71588897705078
8879962,2019,2019-07-19,3010,2019-06-08,1453,1015,413,6,5,6,3010,0,0,0,NA,0,005,ELLIS AV,RT 39,210,E,N,A,-,N,NA,NA,NA,NA,NA,NA,NA,NA,NA,Y,4,0,1,2,A,-,08,22107,NA,N,B,C,A,A,H,-,A,D,0,NA,NA,NA,NA,Y,NA,A,01,0,0,1,0,0,0,0,0,0,-,-,NA,NA,ORANGE,HUNTINGTON BEACH,-117.98807525634766,33.69393539428711
8884274,2019,2019-06-25,3001,2019-05-25,0912,A1740,NA,6,5,7,3001,0,0,0,NA,0,0D2,E LINCOLN AV,PEREGRINE ST,199,W,N,B,-,N,NA,NA,NA,NA,NA,NA,NA,NA,NA,N,3,0,1,2,B,-,22,NA,NA,N,D,G,A,A,H,-,A,A,0,NA,Y,NA,NA,Y,NA,L,04,0,1,0,0,0,0,1,0,0,-,-,NA,NA,ORANGE,ANAHEIM,-117.88451385498048,33.83920669555664
8884294,2019,2019-06-25,3001,2019-05-24,0834,A1740,NA,5,5,7,3001,0,0,0,NA,0,0D3,W WINSTON RD,SOUTH ANAHEIM BL,214,W,N,A,-,N,NA,NA,NA,NA,NA,NA,NA,NA,NA,N,3,0,3,2,A,-,09,21804,A,N,D,C,A,A,H,-,A,D,0,NA,NA,NA,NA,Y,NA,A,01,0,3,0,0,0,0,0,0,0,-,-,NA,NA,ORANGE,ANAHEIM,-117.90760803222656,33.8148307800293
8884622,2019,2020-03-05,3008,2019-04-13,0249,1486,NA,6,5,6,3008,0,0,0,NA,0,2 3,ACACIA AV,VALENCIA DR,175,N,N,A,-,N,NA,NA,NA,NA,NA,NA,NA,NA,NA,Y,4,0,1,1,A,-,01,23152,A,N,B,I,A,A,H,-,C,A,0,NA,NA,NA,NA,Y,Y,A,01,0,0,1,0,0,0,0,0,0,-,-,NA,NA,ORANGE,FULLERTON,-117.89820098876952,33.8673095703125
8885472,2019,2019-07-11,3026,2019-05-30,1758,380,1,4,5,6,3026,0,0,0,NA,0,00U,RED HILL,REYNOLDS,0,NA,Y,A,-,N,NA,NA,NA,NA,NA,NA,NA,NA,NA,Y,4,0,1,2,A,-,09,21801,A,N,D,C,A,A,H,-,A,D,0,NA,NA,NA,NA,Y,NA,A,01,0,0,1,0,0,0,0,0,0,-,-,NA,NA,ORANGE,IRVINE,-117.85350799560548,33.695289611816406
8886103,2019,2019-07-23,3001,2019-06-06,1424,A1012,NA,4,5,7,3001,0,0,0,NA,0,0D4,E CROWTHER AV,KRAEMER BL,6,W,N,A,-,N,NA,NA,NA,NA,NA,NA,NA,NA,NA,N,3,0,1,2,A,-,09,21804,A,N,D,G,A,A,H,-,A,A,0,NA,Y,NA,NA,Y,NA,L,04,0,1,0,0,0,0,1,0,0,-,-,NA,NA,ORANGE,ANAHEIM,-117.86312866210938,33.86840057373047
8886519,2019,2019-07-16,3010,2019-06-22,1504,4094,292,6,5,6,3010,0,0,0,NA,0,005,TALBERT,JOYFUL LN,0,NA,Y,A,-,N,NA,NA,NA,NA,NA,NA,NA,NA,NA,Y,4,0,2,2,A,-,09,21802,A,N,D,C,A,A,H,-,A,D,0,NA,NA,NA,NA,Y,NA,A,01,0,0,2,0,0,0,0,0,0,-,-,NA,NA,ORANGE,HUNTINGTON BEACH,-117.99083709716795,33.70117950439453
8886556,2019,2019-07-23,3001,2019-06-04,2130,2243,ANAHE,2,5,7,3001,0,0,0,NA,0,0D1,WEST ORANGE AV,WESTERN AV,0,NA,Y,A,-,N,NA,NA,NA,NA,NA,NA,NA,NA,NA,N,4,0,1,3,A,-,12,21453,A,N,D,C,A,A,H,-,C,A,0,NA,NA,NA,NA,Y,NA,A,01,0,0,1,0,0,0,0,0,0,-,-,NA,NA,ORANGE,ANAHEIM,-118.0021514892578,33.82461929321289
8886559,2019,2019-07-23,3001,2019-06-09,2144,1278,NA,7,5,7,3001,0,0,0,NA,0,0D1,BALL RD,DALE AV,0,NA,Y,A,-,N,NA,NA,NA,NA,NA,NA,NA,NA,NA,Y,2,0,3,3,A,-,12,21453,A,N,D,C,A,A,H,-,C,A,0,NA,NA,NA,NA,Y,NA,A,01,1,1,1,0,0,0,0,0,0,-,-,NA,NA,ORANGE,ANAHEIM,-117.98455047607422,33.81752014160156
8888424,2019,2019-07-08,3008,2019-03-22,1609,1378,ZONE2,5,5,6,3008,0,0,0,NA,0,NA,SANTA FE AV,HARBOR BL,147,W,N,A,-,N,NA,NA,NA,NA,NA,NA,NA,NA,NA,Y,4,0,2,2,A,-,06,21750,A,N,D,C,A,A,H,-,A,A,0,NA,NA,NA,NA,Y,NA,A,07,0,0,2,0,0,0,0,0,0,-,-,NA,NA,ORANGE,FULLERTON,-117.9247817993164,33.86933135986328
8889309,2019,2019-07-10,3008,2019-02-07,0755,1158,NA,4,5,6,3008,0,0,0,NA,0,0II,LEMON ST,BERKELEY AV,16,S,N,A,-,N,NA,NA,NA,NA,NA,NA,NA,NA,NA,N,3,0,1,2,A,-,10,21950,A,N,G,B,B,A,H,-,A,A,0,Y,NA,NA,NA,Y,NA,A,01,0,1,0,0,1,0,0,0,0,-,-,NA,NA,ORANGE,FULLERTON,-117.91984558105467,33.878726959228516
8889312,2019,2019-07-16,3001,2019-06-11,1225,1278,NA,2,5,7,3001,0,0,0,NA,0,0D1,EUCLID ST,CRIS AV,226,S,N,A,-,N,NA,NA,NA,NA,NA,NA,NA,NA,NA,Y,3,0,1,2,A,-,09,21804,A,N,A,C,A,A,H,-,A,A,0,NA,NA,NA,NA,Y,NA,A,01,0,1,0,0,0,0,0,0,0,-,-,NA,NA,ORANGE,ANAHEIM,-117.9414520263672,33.808380126953125
8890439,2019,2019-07-15,3015,2019-06-17,1403,1098,97,1,5,6,3015,0,0,0,NA,0,731M,SANTIAGO BL,TAFT AV,0,NA,Y,B,-,N,NA,NA,NA,NA,NA,NA,NA,NA,NA,Y,3,0,2,2,A,-,12,21453,A,N,D,C,A,A,H,-,A,A,0,NA,NA,NA,NA,Y,NA,A,07,0,1,1,0,0,0,0,0,0,-,-,33.81769943237305,-117.82331848144533,ORANGE,ORANGE,-117.82324981689452,33.817691802978516
8890655,2019,2019-12-11,3002,2019-06-13,0802,1461,NA,4,5,4,3002,0,0,0,NA,0,014,IMPERIAL HWY,BERRY ST,425,E,N,B,-,Y,ORA,12,90,-,-,4.09,H,-,W,NA,4,0,1,3,A,-,03,22350,NA,N,C,C,A,A,H,-,A,A,0,NA,NA,NA,NA,Y,NA,A,01,0,0,1,0,0,0,0,0,0,-,-,33.91727828979492,-117.90695190429688,ORANGE,BREA,-117.90528869628906,33.917476654052734
8890714,2019,2019-10-30,3000,2019-05-28,1454,9720,972C1,2,5,4,3018,0,0,0,NA,0,IA30,RT 74,RT 5,0,NA,Y,A,-,Y,ORA,12,5,-,-,9.722,R,1,S,N,3,0,1,2,A,-,05,21650,1,N,D,G,A,A,H,-,A,A,0,NA,Y,NA,NA,Y,NA,L,04,0,1,0,0,0,0,1,0,0,-,SF,NA,NA,ORANGE,SAN JUAN CAPISTRANO,-117.65896606445313,33.504066467285156
8890870,2019,2019-12-17,3014,2019-06-26,0854,1146,RD17,3,5,5,3014,0,0,0,NA,0,0A2,ORANGE AV,RT 1,15,S,N,A,-,Y,ORA,12,1,-,-,21.271,I,6,S,N,2,0,1,2,A,-,03,22350,NA,N,H,G,A,A,H,-,A,A,0,NA,Y,NA,NA,Y,NA,L,04,1,0,0,0,0,0,1,0,0,-,-,33.62810134887695,-117.95262908935548,ORANGE,NEWPORT BEACH,-117.95250701904295,33.6281852722168
8891108,2019,2019-07-17,3014,2019-06-17,1420,1508,RD39,1,5,5,3014,0,0,0,NA,0,0A3,SANTA ROSA DR,NEWPORT CENTER DR,0,NA,Y,A,-,N,NA,NA,NA,NA,NA,NA,NA,NA,NA,N,4,0,2,2,A,-,12,21453,A,N,D,C,A,A,H,-,A,A,0,NA,NA,NA,NA,Y,NA,A,01,0,0,2,0,0,0,0,0,0,-,-,33.61703872680664,-117.87254333496094,ORANGE,NEWPORT BEACH,-117.87238311767578,33.617069244384766
8891558,2019,2019-08-06,3008,2019-04-03,0641,1147,ZONE3,3,5,6,3008,0,0,0,NA,0,NA,PLACENTIA AV,CEDARBROOK DR,0,NA,Y,A,-,N,NA,NA,NA,NA,NA,NA,NA,NA,NA,N,4,0,1,2,A,-,05,21202,A,N,D,G,A,A,H,-,A,A,0,NA,Y,NA,NA,Y,NA,L,04,0,0,1,0,0,0,1,0,0,-,-,NA,NA,ORANGE,FULLERTON,-117.8743133544922,33.90663146972656