CASE_ID,ACCIDENT_YEAR,PROC_DATE,JURIS,COLLISION_DATE,COLLISION_TIME,OFFICER_ID,REPORTING_DISTRICT,DAY_OF_WEEK,CHP_SHIFT,POPULATION,CNTY_CITY_LOC,SPECIAL_COND,BEAT_TYPE,CHP_BEAT_TYPE,CITY_DIVISION_LAPD,CHP_BEAT_CLASS,BEAT_NUMBER,PRIMARY_RD,SECONDARY_RD,DISTANCE,DIRECTION,INTERSECTION,WEATHER_1,WEATHER_2,STATE_HWY_IND,CALTRANS_COUNTY,CALTRANS_DISTRICT,STATE_ROUTE,ROUTE_SUFFIX,POSTMILE_PREFIX,POSTMILE,LOCATION_TYPE,RAMP_INTERSECTION,SIDE_OF_HWY,TOW_AWAY,COLLISION_SEVERITY,NUMBER_KILLED,NUMBER_INJURED,PARTY_COUNT,PRIMARY_COLL_FACTOR,PCF_CODE_OF_VIOL,PCF_VIOL_CATEGORY,PCF_VIOLATION,PCF_VIOL_SUBSECTION,HIT_AND_RUN,TYPE_OF_COLLISION,MVIW,PED_ACTION,ROAD_SURFACE,ROAD_COND_1,ROAD_COND_2,LIGHTING,CONTROL_DEVICE,CHP_ROAD_TYPE,PEDESTRIAN_ACCIDENT,BICYCLE_ACCIDENT,MOTORCYCLE_ACCIDENT,TRUCK_ACCIDENT,NOT_PRIVATE_PROPERTY,ALCOHOL_INVOLVED,STWD_VEHTYPE_AT_FAULT,CHP_VEHTYPE_AT_FAULT,COUNT_SEVERE_INJ,COUNT_VISIBLE_INJ,COUNT_COMPLAINT_PAIN,COUNT_PED_KILLED,COUNT_PED_INJURED,COUNT_BICYCLIST_KILLED,COUNT_BICYCLIST_INJURED,COUNT_MC_KILLED,COUNT_MC_INJURED,PRIMARY_RAMP,SECONDARY_RAMP,LATITUDE,LONGITUDE,COUNTY,CITY,POINT_X,POINT_Y
8928290,2019,2019-09-04,3024,2019-08-02,1618,189,P34,5,5,5,3024,0,0,0,NA,0,EAST,MAGNOLIA ST,NATOMA AV,0,NA,Y,A,-,N,NA,NA,NA,NA,NA,NA,NA,NA,NA,N,4,0,1,2,A,-,03,22350,NA,F,C,C,A,A,H,-,A,A,0,NA,NA,NA,NA,Y,NA,D,22,0,0,1,0,0,0,0,0,0,-,-,33.7411994934082,-117.97225189208984,ORANGE,WESTMINSTER,-117.97222900390624,33.74121856689453
8929593,2019,2019-10-02,3015,2019-08-28,2228,1504,76,3,5,6,3015,0,0,0,NA,0,NA,EAST CHAPMAN AV,S KATHLEEN LN,11,W,N,A,-,N,NA,NA,NA,NA,NA,NA,NA,NA,NA,Y,2,0,1,2,A,-,01,23153,A,N,D,C,A,A,H,-,C,D,0,NA,NA,Y,NA,Y,Y,D,22,1,0,0,0,0,0,0,0,1,-,-,NA,NA,ORANGE,ORANGE,-117.8212890625,33.78779983520508
8929875,2019,2019-09-19,3001,2019-08-08,1448,869,NA,4,5,7,3001,0,0,0,NA,0,0D2,SOUTH SUNKIST ST,EAST SOUTH ST,33,N,N,A,-,N,NA,NA,NA,NA,NA,NA,NA,NA,NA,Y,3,0,1,2,A,-,03,22350,NA,N,C,C,A,A,H,-,A,A,0,NA,NA,NA,NA,Y,NA,A,07,0,1,0,0,0,0,0,0,0,-,-,NA,NA,ORANGE,ANAHEIM,-117.88053131103516,33.8327522277832
8930135,2019,2019-09-06,3001,2019-08-07,2018,415,NA,3,5,7,3001,0,0,0,NA,0,0D1,WEST BALL RD,SOUTH MAGNOLIA AV,105,E,N,A,-,N,NA,NA,NA,NA,NA,NA,NA,NA,NA,N,4,0,2,2,A,-,08,22107,NA,M,B,C,A,A,H,-,A,A,0,NA,NA,NA,NA,Y,NA,A,01,0,0,2,0,0,0,0,0,0,-,-,NA,NA,ORANGE,ANAHEIM,-117.97550201416016,33.81760025024414
8931071,2019,2019-09-17,3005,2019-08-13,1456,8237,C28,2,5,4,3005,0,0,0,NA,0,003,WALKER ST,CERRITOS AV,0,NA,Y,A,-,N,NA,NA,NA,NA,NA,NA,NA,NA,NA,N,2,0,1,2,A,-,12,21453,A,N,D,C,A,A,H,-,A,A,0,NA,NA,NA,NA,Y,NA,A,01,1,0,0,0,0,0,0,0,0,-,-,NA,NA,ORANGE,CYPRESS,-118.03694915771484,33.81024169921875
8931465,2019,2019-09-17,3000,2019-08-24,0813,3357,921E6,6,5,4,3049,0,0,0,NA,0,181,PACIFIC PARK,ALISO CREEK RD,0,NA,Y,A,-,N,NA,NA,NA,NA,NA,NA,NA,NA,NA,Y,4,0,1,2,A,-,12,21453,A,N,D,C,A,A,H,-,A,A,0,NA,NA,NA,NA,Y,NA,A,01,0,0,1,0,0,0,0,0,0,-,-,NA,NA,ORANGE,ALISO VIEJO,-117.72345733642578,33.570919036865234
8931513,2019,2019-09-17,3000,2019-08-23,0900,1056,922C7,5,5,5,3028,0,0,0,NA,0,751,MARGUERITE PKWY,HIGHLAND,79,S,N,A,-,N,NA,NA,NA,NA,NA,NA,NA,NA,NA,N,3,0,1,2,A,-,09,21804,A,N,G,B,B,A,H,-,A,A,0,Y,NA,NA,NA,Y,NA,A,07,0,1,0,0,1,0,0,0,0,-,-,33.56153869628906,-117.65840911865234,ORANGE,MISSION VIEJO,-117.65847778320313,33.56185531616211
8931899,2019,2019-09-12,3007,2019-08-26,0024,259,48,1,5,5,3007,0,0,0,NA,0,002,NEWHOPE,WARNER,0,NA,Y,A,-,N,NA,NA,NA,NA,NA,NA,NA,NA,NA,Y,4,0,2,2,A,-,01,23153,A,N,D,C,A,A,H,-,C,A,0,NA,NA,NA,NA,Y,Y,A,01,0,0,2,0,0,0,0,0,0,-,-,NA,NA,ORANGE,FOUNTAIN VALLEY,-117.92845153808594,33.71651077270508
8932261,2019,2019-09-17,3005,2019-08-31,0504,8235,C09,6,5,4,3005,0,0,0,NA,0,001,LINCOLN AV,WALKER ST,0,NA,Y,A,-,N,NA,NA,NA,NA,NA,NA,NA,NA,NA,Y,4,0,1,1,A,-,08,22107,NA,N,E,I,A,A,H,-,C,A,0,NA,NA,NA,NA,Y,NA,A,08,0,0,1,0,0,0,0,0,0,-,-,NA,NA,ORANGE,CYPRESS,-118.03703308105467,33.83174133300781
8933057,2019,2019-09-24,3000,2019-08-06,1633,10026,972D1,2,5,4,3018,0,0,0,NA,0,2A32,CALLE ARROYO,PASEO TIRADOR,121,E,N,A,-,N,NA,NA,NA,NA,NA,NA,NA,NA,NA,Y,3,0,1,2,A,-,09,21804,A,N,D,C,A,A,H,-,A,D,0,NA,NA,NA,NA,Y,NA,A,01,0,1,0,0,0,0,0,0,0,-,-,NA,NA,ORANGE,SAN JUAN CAPISTRANO,-117.65477752685548,33.49961853027344
8933064,2019,2019-09-23,3004,2019-09-02,1541,P459,01,1,5,6,3004,0,0,0,NA,0,015,PLACENTIA AV,W 18TH ST,80,S,N,A,-,N,NA,NA,NA,NA,NA,NA,NA,NA,NA,Y,4,0,1,3,C,-,18,NA,NA,N,B,C,A,A,H,-,A,D,0,NA,NA,NA,NA,Y,NA,-,-,0,0,1,0,0,0,0,0,0,-,-,NA,NA,ORANGE,COSTA MESA,-117.93195343017578,33.639522552490234
8934180,2019,2019-09-20,3010,2019-08-20,1329,1095,319,2,5,6,3010,0,0,0,NA,0,005,ELLIS AV,QUARTERHORSE LN,200,E,N,A,-,N,NA,NA,NA,NA,NA,NA,NA,NA,NA,Y,4,0,2,2,A,-,03,22350,NA,N,C,C,A,A,H,-,A,D,0,NA,NA,NA,NA,Y,NA,A,01,0,0,2,0,0,0,0,0,0,-,-,NA,NA,ORANGE,HUNTINGTON BEACH,-118.01211547851563,33.69367218017578
8934228,2019,2019-09-20,3010,2019-08-23,1705,2880,117,5,5,6,3010,0,0,0,NA,0,009,SPRINGDALE ST,CHINOOK AV,9,S,N,A,-,N,NA,NA,NA,NA,NA,NA,NA,NA,NA,Y,4,0,1,2,A,-,09,21801,A,N,D,C,A,A,H,-,A,D,0,NA,NA,NA,NA,Y,NA,A,07,0,0,1,0,0,0,0,0,0,-,-,NA,NA,ORANGE,HUNTINGTON BEACH,-118.02452087402344,33.75424575805664
8934680,2019,2019-10-28,3024,2019-08-05,1509,374,P-11,1,5,5,3024,0,0,0,NA,0,WEST,GOLDENWEST ST,FENWAY DR,0,NA,Y,A,-,N,NA,NA,NA,NA,NA,NA,NA,NA,NA,NA,4,0,2,2,A,-,09,21802,A,N,D,D,A,A,H,-,A,A,0,NA,NA,NA,NA,Y,NA,A,07,0,0,2,0,0,0,0,0,0,-,-,33.764129638671875,-118.0097198486328,ORANGE,WESTMINSTER,-118.00721740722656,33.764591217041016
8935443,2019,2019-09-25,3001,2019-08-10,0707,1278,NA,6,5,7,3001,0,0,0,NA,0,0D1,SOUTH MAGNOLIA AV,W ROWLAND AV,46,S,N,B,-,N,NA,NA,NA,NA,NA,NA,NA,NA,NA,Y,3,0,3,4,A,-,08,22107,NA,N,C,C,A,A,H,-,A,D,0,NA,NA,NA,NA,Y,NA,A,01,0,1,2,0,0,0,0,0,0,-,-,NA,NA,ORANGE,ANAHEIM,-117.97594451904295,33.827213287353516
8936026,2019,2019-12-10,3026,2019-07-17,1655,358,CROSS,3,5,6,3026,0,0,0,NA,0,005,ORANGE BLOSSOM,LEMON GROVE,82,W,N,A,-,N,NA,NA,NA,NA,NA,NA,NA,NA,NA,Y,3,0,2,2,A,-,03,22350,NA,N,D,E,A,A,H,-,A,D,0,NA,NA,NA,NA,Y,NA,A,01,0,1,1,0,0,0,0,0,0,-,-,33.67136001586914,-117.77130126953124,ORANGE,IRVINE,-117.77179718017578,33.67239761352539
8936084,2019,2019-12-10,3008,2019-01-26,1546,1511,ZONE2,6,5,6,3008,0,0,0,NA,0,NA,ORANGETHORPE AV,POMONA AV,0,NA,Y,A,-,N,NA,NA,NA,NA,NA,NA,NA,NA,NA,Y,2,0,1,1,A,-,08,22107,NA,N,F,A,A,A,H,-,A,A,0,NA,NA,Y,NA,Y,NA,C,02,1,0,0,0,0,0,0,0,1,-,-,NA,NA,ORANGE,FULLERTON,-117.92202758789063,33.85955047607422
8938508,2019,2019-10-03,3004,2019-09-05,1642,P459,36,4,5,6,3004,0,0,0,NA,0,004,HARBOR BL,ADAMS AV,312,S,N,A,-,N,NA,NA,NA,NA,NA,NA,NA,NA,NA,Y,4,0,1,2,A,-,08,22107,NA,N,D,C,A,A,H,-,A,D,0,NA,NA,NA,NA,Y,NA,A,07,0,0,1,0,0,0,0,0,0,-,-,33.67226028442383,-117.91934204101563,ORANGE,COSTA MESA,-117.91934204101563,33.67244338989258
8938512,2019,2019-10-03,3004,2019-09-18,1306,P459,22,3,5,6,3004,0,0,0,NA,0,010,W BAKER ST,ENTERPRISE ST,0,NA,Y,A,-,N,NA,NA,NA,NA,NA,NA,NA,NA,NA,Y,4,0,2,2,A,-,09,21802,A,N,D,C,A,A,H,-,A,A,0,NA,NA,NA,NA,Y,NA,A,07,0,0,2,0,0,0,0,0,0,-,-,33.65557861328125,-117.74481201171876,ORANGE,COSTA MESA,-117.88243865966795,33.680110931396484
8939545,2019,2020-02-05,3019,2019-05-05,2033,2647,SE,7,5,7,3019,0,0,0,NA,0,003,1ST ST,STANDARD AV,589,E,N,B,-,N,NA,NA,NA,NA,NA,NA,NA,NA,NA,N,1,1,0,2,C,-,18,NA,NA,N,G,B,E,A,H,-,C,D,0,Y,NA,NA,NA,Y,NA,-,-,0,0,0,1,0,0,0,0,0,-,-,33.74559020996094,-117.85726165771484,ORANGE,SANTA ANA,-117.85504913330078,33.74560546875
8941594,2019,2019-10-02,3026,2019-08-13,1217,7094,NA,2,5,6,3026,0,0,0,NA,0,00U,CULVER DR,UNIVERSITY DR,130,N,N,A,-,N,NA,NA,NA,NA,NA,NA,NA,NA,NA,Y,4,0,2,2,A,-,03,22350,NA,N,C,C,A,A,D,-,A,A,0,NA,NA,NA,NA,Y,NA,A,01,0,0,2,0,0,0,0,0,0,-,-,NA,NA,ORANGE,IRVINE,-117.82785034179688,33.65778732299805
8942297,2019,2019-10-24,3024,2019-09-11,2152,412,P 20,3,5,5,3024,0,0,0,NA,0,EAST,WESTMINSTER AV,NEWLAND ST,0,NA,Y,A,-,N,NA,NA,NA,NA,NA,NA,NA,NA,NA,Y,4,0,1,3,A,-,12,21453,A,N,D,C,A,A,H,-,C,A,0,NA,NA,NA,NA,Y,NA,A,01,0,0,1,0,0,0,0,0,0,-,-,NA,NA,ORANGE,WESTMINSTER,-117.98104858398438,33.75933837890625
8943924,2018,2019-09-27,3001,2018-02-13,0809,41555,NA,2,5,7,3001,0,0,0,NA,0,0D1,KNOTT AV,DEL MONTE DR,0,W,N,A,-,N,NA,NA,NA,NA,NA,NA,NA,NA,NA,Y,4,0,1,2,A,-,03,22350,NA,N,C,C,A,A,H,-,A,D,0,NA,NA,NA,NA,Y,NA,A,01,0,0,1,0,0,0,0,0,0,-,-,NA,NA,ORANGE,ANAHEIM,-118.0109405517578,33.829620361328125
8945086,2019,2019-09-26,3001,2019-09-01,1931,A2247,D2,7,5,7,3001,0,0,0,NA,0,026,NORTH EAST ST,E WILHELMINA ST,9,W,N,A,-,N,NA,NA,NA,NA,NA,NA,NA,NA,NA,Y,4,0,2,2,A,-,17,21753,NA,N,D,C,A,A,H,-,C,A,0,NA,NA,NA,NA,Y,NA,A,01,0,0,2,0,0,0,0,0,0,-,-,NA,NA,ORANGE,ANAHEIM,-117.90497589111328,33.84516525268555
8945857,2019,2019-10-01,3003,2019-09-05,1439,1200,NA,4,5,5,3003,0,0,0,NA,0,002,KNOTT AV,VALLARTA DR,14,S,N,A,-,N,NA,NA,NA,NA,NA,NA,NA,NA,NA,N,4,0,1,2,A,-,09,21453,C,N,G,B,B,A,H,-,A,A,0,Y,NA,NA,NA,Y,NA,A,01,0,0,1,0,1,0,0,0,0,-,-,33.870201110839844,-118.01129913330078,ORANGE,BUENA PARK,NA,NA
8945906,2019,2019-10-09,3024,2019-05-07,1649,422,P-30,2,5,5,3024,0,0,0,NA,0,WEST,GOLDENWEST ST,BOLSA AV,0,NA,Y,A,G,N,NA,NA,NA,NA,NA,NA,NA,NA,NA,Y,3,0,1,2,A,-,12,21453,A,N,D,D,A,A,H,-,A,A,0,NA,NA,NA,NA,Y,NA,A,01,0,1,0,0,0,0,0,0,0,-,-,NA,NA,ORANGE,WESTMINSTER,-118.00698852539063,33.74449157714844
8946057,2019,2020-02-04,3012,2019-06-29,2041,670,3012,6,5,5,3012,0,0,0,NA,0,001,N WALNUT ST,W WHITTIER BL,0,NA,Y,A,-,Y,ORA,12,39,-,-,21.719,I,5,S,Y,4,0,1,2,A,-,01,23152,A,N,D,C,A,A,H,-,C,A,0,NA,NA,NA,NA,Y,Y,A,01,0,0,1,0,0,0,0,0,0,-,-,NA,NA,ORANGE,LA HABRA,-117.95054626464844,33.93916702270508
8948005,2019,2019-10-11,3008,2019-06-14,1228,1511,ZONE2,5,5,6,3008,0,0,0,NA,0,NA,COMMONWEALTH AV,LEMON ST,8,E,N,A,-,N,NA,NA,NA,NA,NA,NA,NA,NA,NA,N,4,0,1,2,A,-,05,21650,1,N,D,G,A,A,H,-,A,A,0,NA,Y,NA,NA,Y,NA,L,04,0,0,1,0,0,0,1,0,0,-,-,NA,NA,ORANGE,FULLERTON,-117.91979217529295,33.870391845703125
8948650,2019,2019-11-15,3024,2019-09-13,1359,474,P-19,5,5,5,3024,0,0,0,NA,0,EAST,NEWLAND ST,HAZARD AV,0,NA,Y,A,-,N,NA,NA,NA,NA,NA,NA,NA,NA,NA,Y,3,0,3,2,A,-,09,21801,A,N,D,C,A,A,H,-,A,A,0,NA,NA,NA,NA,Y,NA,A,01,0,1,2,0,0,0,0,0,0,-,-,33.75189971923828,-117.98081970214844,ORANGE,WESTMINSTER,-117.98094940185548,33.75209045410156
8948737,2019,2019-10-01,3001,2019-09-12,1849,1397,NA,4,5,7,3001,0,0,0,NA,0,0D2,EUCLID ST,CRESCENT AV,401,N,N,A,-,N,NA,NA,NA,NA,NA,NA,NA,NA,NA,N,3,0,2,2,A,-,09,21804,A,N,D,C,A,A,H,-,A,A,0,NA,NA,NA,NA,Y,NA,A,01,0,2,0,0,0,0,0,0,0,-,-,NA,NA,ORANGE,ANAHEIM,-117.94159698486328,33.84090042114258
8948745,2019,2019-10-18,3010,2019-09-01,1210,1019,455,7,5,6,3010,0,0,0,NA,0,002,MAGNOLIA,INDIANAPOLIS,48,N,N,A,-,N,NA,NA,NA,NA,NA,NA,NA,NA,NA,Y,3,0,1,2,A,-,01,23152,A,F,C,C,A,A,H,-,A,A,0,NA,NA,NA,NA,Y,Y,A,07,0,1,0,0,0,0,0,0,0,-,-,NA,NA,ORANGE,HUNTINGTON BEACH,-117.97113800048828,33.66510009765625
8950322,2019,2019-11-06,3001,2019-09-15,2106,1278,NA,7,5,7,3001,0,0,0,NA,0,0D2,BALL RD,BELHAVEN ST,132,W,N,A,-,N,NA,NA,NA,NA,NA,NA,NA,NA,NA,Y,3,0,1,2,A,-,08,22102,NA,M,F,A,A,A,H,-,C,D,0,NA,NA,Y,NA,Y,NA,A,07,0,1,0,0,0,0,0,0,1,-,-,NA,NA,ORANGE,ANAHEIM,-117.8859405517578,33.81809997558594
8950377,2019,2019-10-21,3001,2019-09-19,1855,415,NA,4,5,7,3001,0,0,0,NA,0,0D1,SOUTH KNOTT AV,W EUREKA AV,235,N,N,A,-,N,NA,NA,NA,NA,NA,NA,NA,NA,NA,Y,4,0,1,3,A,-,03,22350,NA,N,C,C,A,A,H,-,A,A,0,NA,NA,NA,NA,Y,NA,A,01,0,0,1,0,0,0,0,0,0,-,-,NA,NA,ORANGE,ANAHEIM,-118.01079559326172,33.816802978515625
8950765,2019,2019-10-15,3010,2019-09-23,1158,1243,433,1,5,6,3010,0,0,0,NA,0,003,NEWLAND,YORKTOWN,0,NA,Y,A,-,N,NA,NA,NA,NA,NA,NA,NA,NA,NA,Y,4,0,2,2,A,-,12,21453,A,N,D,C,A,A,H,-,A,A,0,NA,NA,NA,NA,Y,NA,D,22,0,0,2,0,0,0,0,0,0,-,-,NA,NA,ORANGE,HUNTINGTON BEACH,-117.98004913330078,33.67945861816406
8951529,2019,2019-10-24,3026,2019-10-07,1100,518,CROSS,1,5,6,3026,0,0,0,NA,0,00C,SAND CANYON AV,LAGUNA CANYON RD,723,N,N,A,-,N,NA,NA,NA,NA,NA,NA,NA,NA,NA,Y,4,0,2,3,A,-,03,22350,NA,F,C,C,A,A,H,-,A,D,0,NA,NA,NA,NA,Y,NA,A,01,0,0,2,0,0,0,0,0,0,-,-,NA,NA,ORANGE,IRVINE,-117.7611083984375,33.67485046386719
8956386,2019,2019-12-14,3024,2019-10-01,0752,433,P-26,2,5,5,3024,0,0,0,NA,0,EAST,HAZARD AV,PURDY ST,190,E,N,A,-,N,NA,NA,NA,NA,NA,NA,NA,NA,NA,Y,4,0,2,2,A,-,08,22107,NA,N,B,C,A,A,H,-,A,D,0,NA,NA,NA,NA,Y,NA,A,01,0,0,2,0,0,0,0,0,0,-,-,33.752140045166016,-117.97791290283205,ORANGE,WESTMINSTER,-117.97747802734376,33.752105712890625
8956459,2019,2019-11-07,3022,2019-09-03,1214,1096,NA,2,5,5,3022,0,0,0,NA,0,NA,TUSTIN RANCH RD,WARNER AV,0,NA,Y,A,-,N,NA,NA,NA,NA,NA,NA,NA,NA,NA,N,4,0,1,2,A,-,08,22100,B,N,H,G,A,A,H,-,A,A,0,NA,Y,NA,NA,Y,NA,L,04,0,0,1,0,0,0,1,0,0,-,-,33.7009391784668,-117.82267761230467,ORANGE,TUSTIN,-117.82563018798828,33.70075988769531
8957595,2019,2019-12-16,3008,2019-10-04,2031,1567,NA,5,5,6,3008,0,0,0,NA,0,NA,HARBOR BL,HOUSTON AV,0,NA,Y,A,-,N,NA,NA,NA,NA,NA,NA,NA,NA,NA,Y,4,0,3,3,A,-,01,23153,A,F,C,C,A,A,H,-,C,A,0,NA,NA,NA,NA,Y,Y,A,01,0,0,3,0,0,0,0,0,0,-,-,NA,NA,ORANGE,FULLERTON,-117.92434692382813,33.85541915893555
8957776,2019,2019-10-16,3022,2019-08-29,1531,1324,NA,4,5,5,3022,0,0,0,NA,0,NA,MC FADDEN AV,MYRTLE AV,38,E,N,A,-,N,NA,NA,NA,NA,NA,NA,NA,NA,NA,NA,4,0,1,2,A,-,03,22350,NA,N,C,C,A,A,H,-,A,D,0,NA,NA,NA,NA,Y,NA,A,01,0,0,1,0,0,0,0,0,0,-,-,33.733768463134766,-117.83090209960938,ORANGE,TUSTIN,-117.83046722412108,33.73387145996094
8957780,2019,2019-10-16,3022,2019-08-22,1240,1193,SOUTH,4,5,5,3022,0,0,0,NA,0,NA,NEWPORT AV,VALENCIA AV,9,E,N,A,-,N,NA,NA,NA,NA,NA,NA,NA,NA,NA,NA,3,0,1,1,A,-,08,22107,NA,N,E,J,A,A,H,-,A,A,0,NA,NA,Y,NA,Y,NA,C,02,0,1,0,0,0,0,0,0,1,-,-,33.71990966796875,-117.83834075927734,ORANGE,TUSTIN,-117.83643341064452,33.71982955932617
8958131,2019,2019-10-24,3007,2019-09-20,1337,1140,43,5,5,5,3007,0,0,0,NA,0,001,SLATER,MAGNOLIA,0,NA,Y,A,-,N,NA,NA,NA,NA,NA,NA,NA,NA,NA,Y,4,0,2,2,A,-,09,21801,A,N,A,C,A,A,H,-,A,A,0,NA,NA,NA,NA,Y,NA,D,22,0,0,2,0,0,0,0,0,0,-,-,NA,NA,ORANGE,FOUNTAIN VALLEY,-117.97183990478516,33.70853042602539
8958224,2019,2019-10-18,3000,2019-09-01,1740,7734,922E2,7,5,5,3028,0,0,0,NA,0,752,FIELDCREST DR,BACCARA DR,0,NA,Y,A,-,N,NA,NA,NA,NA,NA,NA,NA,NA,NA,Y,2,0,1,2,A,-,09,21801,A,N,A,C,A,A,H,-,A,D,0,NA,NA,NA,NA,Y,NA,A,07,1,0,0,0,0,0,0,0,0,-,-,NA,NA,ORANGE,MISSION VIEJO,-117.6448211669922,33.59452819824219
8958258,2019,2019-10-22,3007,2019-09-23,1335,315,17I,1,5,5,3007,0,0,0,NA,0,002,EUCLID,EDINGER,0,NA,Y,A,-,N,NA,NA,NA,NA,NA,NA,NA,NA,NA,N,3,0,2,2,A,-,09,21453,C,N,A,C,A,A,H,-,A,A,0,NA,NA,NA,NA,Y,NA,A,01,0,1,1,0,0,0,0,0,0,-,-,NA,NA,ORANGE,FOUNTAIN VALLEY,-117.93737030029295,33.730979919433594
8958842,2019,2019-10-25,3010,2019-10-02,2348,1675,443,3,5,6,3010,0,0,0,NA,0,003,INDIANAPOLIS AV,VAIL DR,111,S,N,A,-,N,NA,NA,NA,NA,NA,NA,NA,NA,NA,Y,4,0,1,3,A,-,08,22107,NA,N,C,E,A,A,H,-,C,D,0,NA,NA,NA,NA,Y,NA,A,01,0,0,1,0,0,0,0,0,0,-,-,NA,NA,ORANGE,HUNTINGTON BEACH,NA,NA
8959448,2019,2019-11-04,3015,2019-10-03,0851,1344,117N,4,5,6,3015,0,0,0,NA,0,712M,SANTIAGO BL,VILLA REAL DR,0,NA,Y,A,-,N,NA,NA,NA,NA,NA,NA,NA,NA,NA,Y,4,0,2,3,A,-,03,22350,NA,N,C,C,A,A,H,-,A,A,0,NA,NA,NA,NA,Y,NA,A,07,0,0,2,0,0,0,0,0,0,-,-,NA,NA,ORANGE,ORANGE,-117.82882690429688,33.82688903808594
8959509,2019,2019-11-04,3024,2019-10-10,0929,329,P-23,4,5,5,3024,0,0,0,NA,0,WEST,BOLSA AV,HOOVER ST,0,NA,Y,A,-,N,NA,NA,NA,NA,NA,NA,NA,NA,NA,Y,3,0,3,3,A,-,09,21801,A,N,D,C,A,A,H,-,A,A,0,NA,NA,NA,NA,Y,NA,A,01,0,2,1,0,0,0,0,0,0,-,-,33.7447395324707,-117.9982681274414,ORANGE,WESTMINSTER,-117.99830627441406,33.74462127685547
8959561,2019,2019-11-08,3015,2019-10-13,1727,1372,NA,7,5,6,3015,0,0,0,NA,0,732M,COLLINS AV,MAIN ST,0,NA,Y,A,-,N,NA,NA,NA,NA,NA,NA,NA,NA,NA,Y,3,0,1,2,A,-,12,21453,A,N,D,C,A,A,H,-,A,A,0,NA,NA,NA,NA,Y,NA,A,01,0,1,0,0,0,0,0,0,0,-,-,33.80229187011719,-117.86663818359376,ORANGE,ORANGE,-117.86663055419922,33.80242919921875
8959588,2019,2019-10-31,3015,2019-09-30,0803,1364,RD27,1,5,6,3015,0,0,0,NA,0,713M,BLUERIDGE AV,NEVILLE ST,233,E,N,A,-,N,NA,NA,NA,NA,NA,NA,NA,NA,NA,NA,4,0,1,2,A,-,08,22107,NA,N,B,E,A,A,H,-,A,D,0,NA,NA,Y,NA,Y,NA,C,02,0,0,1,0,0,0,0,0,1,-,-,33.819000244140625,-117.85706329345705,ORANGE,ORANGE,-117.85623168945313,33.818912506103516
8959766,2019,2019-11-08,3007,2019-10-15,0744,263,62,2,5,5,3007,0,0,0,NA,0,003,RHINE RIVER,SANTA JOANANA,15,W,N,A,-,N,NA,NA,NA,NA,NA,NA,NA,NA,NA,N,3,0,1,2,A,-,09,21804,A,N,G,G,A,A,H,-,A,D,0,NA,Y,NA,NA,Y,NA,L,04,0,1,0,0,0,0,1,0,0,-,-,NA,NA,ORANGE,FOUNTAIN VALLEY,-117.97312927246094,33.6991081237793
8959774,2019,2019-11-08,3007,2019-10-19,1310,320,65,6,5,5,3007,0,0,0,NA,0,003,ELLIS,BROOKHURST,208,W,N,A,-,N,NA,NA,NA,NA,NA,NA,NA,NA,NA,N,3,0,1,2,A,-,09,21802,A,N,D,G,A,A,H,-,A,D,0,NA,Y,NA,NA,Y,NA,L,04,0,1,0,0,0,0,1,0,0,-,-,NA,NA,ORANGE,FOUNTAIN VALLEY,-117.95494842529295,33.694129943847656
8961456,2019,2019-11-04,3009,2019-09-13,1141,3972,144,5,5,6,3009,0,0,0,NA,0,2    3,GARDEN GROVE BL,HARBOR BL,400,E,N,A,-,N,NA,NA,NA,NA,NA,NA,NA,NA,NA,N,3,0,1,2,A,-,11,21954,A,N,G,B,E,A,H,-,A,A,0,Y,NA,NA,NA,Y,NA,N,60,0,1,0,0,1,0,0,0,0,-,-,33.774471282958984,-117.92019653320313,ORANGE,GARDEN GROVE,-117.91898345947266,33.77431106567383
8962495,2019,2019-10-24,3003,2019-09-01,1857,1124,98,7,5,5,3003,0,0,0,NA,0,004,LA PALMA AV,EL DOMINO WY W,0,NA,Y,A,-,N,NA,NA,NA,NA,NA,NA,NA,NA,NA,Y,3,0,2,2,A,-,09,21802,A,N,D,C,A,A,H,-,A,A,0,NA,NA,NA,NA,Y,NA,A,01,0,2,0,0,0,0,0,0,0,-,-,NA,NA,ORANGE,BUENA PARK,-118.00576782226563,33.84659957885742
8963076,2019,2019-11-05,3004,2019-10-12,1215,P394,01,6,5,6,3004,0,0,0,NA,0,009,PLACENTIA AV,CENTER ST,0,NA,Y,A,-,N,NA,NA,NA,NA,NA,NA,NA,NA,NA,Y,4,0,1,2,A,-,09,21802,A,N,D,C,A,A,H,-,A,D,0,NA,NA,NA,NA,Y,NA,A,07,0,0,1,0,0,0,0,0,0,-,-,33.6431999206543,-117.93202209472656,ORANGE,COSTA MESA,-117.93197631835938,33.642051696777344
8963613,2019,2019-10-31,3005,2019-10-13,1327,8081,C34,7,5,4,3005,0,0,0,NA,0,003,KATELLA AV,WALKER ST,49,E,N,A,-,N,NA,NA,NA,NA,NA,NA,NA,NA,NA,Y,3,0,1,1,A,-,03,22350,NA,N,E,I,A,A,H,-,A,A,0,NA,NA,NA,NA,Y,NA,A,01,0,1,0,0,0,0,0,0,0,-,-,NA,NA,ORANGE,CYPRESS,-118.0369110107422,33.80305862426758