CASE_ID,ACCIDENT_YEAR,PROC_DATE,JURIS,COLLISION_DATE,COLLISION_TIME,OFFICER_ID,REPORTING_DISTRICT,DAY_OF_WEEK,CHP_SHIFT,POPULATION,CNTY_CITY_LOC,SPECIAL_COND,BEAT_TYPE,CHP_BEAT_TYPE,CITY_DIVISION_LAPD,CHP_BEAT_CLASS,BEAT_NUMBER,PRIMARY_RD,SECONDARY_RD,DISTANCE,DIRECTION,INTERSECTION,WEATHER_1,WEATHER_2,STATE_HWY_IND,CALTRANS_COUNTY,CALTRANS_DISTRICT,STATE_ROUTE,ROUTE_SUFFIX,POSTMILE_PREFIX,POSTMILE,LOCATION_TYPE,RAMP_INTERSECTION,SIDE_OF_HWY,TOW_AWAY,COLLISION_SEVERITY,NUMBER_KILLED,NUMBER_INJURED,PARTY_COUNT,PRIMARY_COLL_FACTOR,PCF_CODE_OF_VIOL,PCF_VIOL_CATEGORY,PCF_VIOLATION,PCF_VIOL_SUBSECTION,HIT_AND_RUN,TYPE_OF_COLLISION,MVIW,PED_ACTION,ROAD_SURFACE,ROAD_COND_1,ROAD_COND_2,LIGHTING,CONTROL_DEVICE,CHP_ROAD_TYPE,PEDESTRIAN_ACCIDENT,BICYCLE_ACCIDENT,MOTORCYCLE_ACCIDENT,TRUCK_ACCIDENT,NOT_PRIVATE_PROPERTY,ALCOHOL_INVOLVED,STWD_VEHTYPE_AT_FAULT,CHP_VEHTYPE_AT_FAULT,COUNT_SEVERE_INJ,COUNT_VISIBLE_INJ,COUNT_COMPLAINT_PAIN,COUNT_PED_KILLED,COUNT_PED_INJURED,COUNT_BICYCLIST_KILLED,COUNT_BICYCLIST_INJURED,COUNT_MC_KILLED,COUNT_MC_INJURED,PRIMARY_RAMP,SECONDARY_RAMP,LATITUDE,LONGITUDE,COUNTY,CITY,POINT_X,POINT_Y
9010845,2019,2020-02-15,3010,2019-12-09,1434,1243,155,1,5,6,3010,0,0,0,NA,0,008,BOLSA CHICA,S KONA,0,NA,Y,A,-,N,NA,NA,NA,NA,NA,NA,NA,NA,NA,Y,3,0,1,2,A,-,09,21801,A,N,D,D,A,A,H,-,A,D,0,NA,NA,NA,NA,Y,NA,A,08,0,1,0,0,0,0,0,0,0,-,-,NA,NA,ORANGE,HUNTINGTON BEACH,-118.04165649414063,33.72785186767578
90111287,2016,2016-02-08,9670,2016-02-05,1945,019925,NA,5,2,7,3001,0,1,3,NA,2,093,SR-91 W/B,STATE COLLEGE BLVD.,200,W,N,A,-,Y,NA,NA,91,NA,NA,NA,NA,NA,W,N,4,0,3,3,A,-,03,22350,NA,N,C,C,A,A,H,-,C,D,0,NA,NA,NA,NA,Y,NA,A,07,0,0,3,0,0,0,0,0,0,-,-,33.8544,-117.89141,ORANGE,ANAHEIM,-117.89140705,33.85428921
9011145,2019,2020-02-14,3002,2019-12-19,1317,9211,741A6,4,5,5,3025,0,0,0,NA,0,004,OLD CANAL RD,MIRAGE ST,236,W,N,A,-,N,NA,NA,NA,NA,NA,NA,NA,NA,NA,Y,4,0,1,2,A,-,08,22102,NA,N,D,C,A,A,H,-,A,D,0,NA,NA,NA,NA,Y,NA,A,01,0,0,1,0,0,0,0,0,0,-,-,NA,NA,ORANGE,YORBA LINDA,-117.7451171875,33.873294830322266
9011264,2019,2020-02-01,3001,2019-12-19,1251,A1252,NA,4,5,7,3001,0,0,0,NA,0,0D1,BALL RD,GILBUCK DR,257,W,N,B,-,N,NA,NA,NA,NA,NA,NA,NA,NA,NA,Y,4,0,1,2,A,-,03,22350,NA,N,C,C,A,A,H,-,A,D,0,NA,NA,NA,NA,Y,NA,A,01,0,0,1,0,0,0,0,0,0,-,-,33.81705093383789,-117.93348693847656,ORANGE,ANAHEIM,-117.93419647216795,33.818031311035156
9011579,2019,2019-12-26,3015,2019-10-24,1358,1098,23W,4,5,6,3015,0,0,0,NA,0,731M,ORANGE ST,CHAPMAN AV,238,N,N,A,-,N,NA,NA,NA,NA,NA,NA,NA,NA,NA,N,4,0,1,2,A,-,09,21804,A,N,D,G,A,A,H,-,A,D,0,NA,Y,NA,NA,Y,NA,A,01,0,0,1,0,0,0,1,0,0,-,-,33.78791046142578,-117.85198211669922,ORANGE,ORANGE,-117.85201263427734,33.787879943847656
90120186,2016,2016-02-22,9675,2016-02-20,1250,020668,NA,6,1,6,3004,0,1,3,NA,2,553,SR-55 N/B,BAKER STREET,500,S,N,A,-,Y,NA,NA,55,NA,NA,NA,NA,NA,N,Y,3,0,3,4,A,-,01,23152,E,N,C,C,A,A,H,-,A,D,0,NA,NA,NA,NA,Y,NA,D,22,0,1,2,0,0,0,0,0,0,-,-,33.6794,-117.87955,ORANGE,COSTA MESA,-117.87970909,33.67955822
90120196,2016,2016-02-22,9670,2016-02-20,0221,020860,NA,6,3,7,3001,0,1,1,NA,2,502,I-5 N/B,BROOKHURST ST,250,S,N,A,-,Y,NA,NA,5,NA,NA,NA,NA,NA,N,Y,3,0,1,1,A,-,01,23152,A,N,E,I,A,A,H,-,D,D,0,NA,NA,NA,NA,Y,Y,A,07,0,1,0,0,0,0,0,0,0,-,-,33.84512,-117.95794,ORANGE,ANAHEIM,-117.95792751,33.84514191
90120631,2016,2016-02-22,9670,2016-02-09,1753,018212,NA,2,2,3,3013,0,1,1,NA,2,061,I-605 S/B (SAN GABRIEL FREEWAY),I-405,1056,N,N,A,-,Y,NA,NA,605,NA,NA,NA,NA,NA,S,Y,4,0,1,2,A,-,07,21658,A,F,F,A,A,A,H,-,D,D,0,NA,NA,Y,NA,Y,NA,-,99,0,0,1,0,0,0,0,0,1,-,-,33.78734,-118.0904,ORANGE,LOS ALAMITOS,-118.09027795,33.78727957
9012103,2019,2019-12-30,3026,2019-09-19,1045,623,NA,4,5,6,3026,0,0,0,NA,0,NA,IRVINE CENTER DR,BAKE PKWY,0,NA,Y,A,-,N,NA,NA,NA,NA,NA,NA,NA,NA,NA,Y,4,0,1,2,A,-,09,21453,C,N,D,C,A,A,H,-,A,A,0,NA,NA,NA,NA,Y,NA,A,01,0,0,1,0,0,0,0,0,0,-,-,33.637760162353516,-117.74078369140624,ORANGE,IRVINE,-117.74073791503906,33.63758850097656
9012111,2019,2019-12-30,3026,2019-09-27,1520,8929,PORTO,5,5,6,3026,0,0,0,NA,0,008,VISIONS,ROOSEVELT,730,N,N,A,-,N,NA,NA,NA,NA,NA,NA,NA,NA,NA,NA,4,0,1,2,A,-,03,22350,NA,N,C,C,A,A,H,-,A,D,0,NA,NA,NA,NA,Y,NA,A,07,0,0,1,0,0,0,0,0,0,-,-,33.69062042236328,-117.76114654541016,ORANGE,IRVINE,-117.76034545898438,33.69313430786133
90122486,2016,2016-02-24,9690,2016-02-18,0340,017988,NA,4,3,4,3018,0,1,1,NA,2,057,I-5 N/B (SAN DIEGO FRWY),SAN JUAN CREEK RD,600,S,N,C,-,Y,NA,NA,5,NA,NA,NA,NA,NA,N,Y,4,0,1,2,A,-,03,22350,NA,N,D,C,A,B,H,-,D,D,0,NA,NA,NA,NA,Y,NA,A,01,0,0,1,0,0,0,0,0,0,-,-,33.48835,-117.66415,ORANGE,SAN JUAN CAPISTRANO,-117.66416249,33.48835978
90123793,2016,2016-03-17,9675,2016-02-09,1720,016944,NA,2,2,7,3019,0,1,3,NA,2,551,SR-55 SOUTHBOUND,17TH ST.,400,N,N,A,-,Y,NA,NA,55,NA,NA,NA,NA,NA,S,Y,4,0,1,2,A,-,03,22350,NA,N,C,C,A,A,H,-,A,D,0,NA,NA,NA,NA,Y,NA,A,01,0,0,1,0,0,0,0,0,0,-,-,33.76067,-117.83121,ORANGE,SANTA ANA,-117.83119195,33.76066986
90127556,2016,2016-03-02,9670,2016-02-18,1540,015587,NA,4,2,7,3001,0,1,3,NA,2,094,SR-91 E/B (RIVERSIDE FREEWAY),EUCLID STREET,0,NA,N,A,-,Y,NA,NA,NA,NA,NA,NA,NA,NA,NA,Y,4,0,1,3,A,-,03,22350,NA,N,C,C,A,A,H,-,A,D,0,NA,NA,NA,NA,Y,NA,A,01,0,0,1,0,0,0,0,0,0,-,-,NA,NA,ORANGE,ANAHEIM,-117.94183001,33.85405004
90128904,2016,2016-03-03,9670,2016-02-23,1559,015927,NA,2,2,9,3000,0,3,5,NA,2,005,BOLSA AVE.,PURDY ST,0,NA,Y,A,-,N,NA,NA,NA,NA,NA,NA,NA,NA,NA,N,4,0,1,2,A,-,09,21453,C,N,D,C,A,A,H,-,A,A,0,NA,NA,NA,NA,Y,NA,A,01,0,0,1,0,0,0,0,0,0,-,-,33.744839999999996,-117.97801,ORANGE,UNINCORPORATED,-117.97804011,33.74497008
90129830,2016,2016-03-04,9675,2016-02-27,0810,021206,NA,6,1,6,3026,0,1,1,NA,2,503,I-5 NORTHBOUND,JEFFREY RD,350,S,N,A,-,Y,NA,NA,5,NA,NA,NA,NA,NA,N,Y,3,0,2,1,A,-,08,22107,NA,N,E,I,A,A,H,-,A,D,0,NA,NA,NA,NA,Y,NA,A,01,0,1,1,0,0,0,0,0,0,-,-,33.68931,-117.7676,ORANGE,IRVINE,-117.76771404,33.68923506
90131239,2016,2016-03-08,9675,2016-02-29,1555,018539,NA,1,2,7,3001,0,1,3,NA,2,572,SR-57 S/B,BALL RD,350,S,N,A,-,Y,NA,NA,57,NA,NA,NA,NA,NA,S,N,4,0,1,2,A,-,03,22350,NA,N,C,C,A,A,H,-,A,D,0,NA,NA,NA,NA,Y,NA,A,01,0,0,1,0,0,0,0,0,0,-,-,33.81462,-117.87748,ORANGE,ANAHEIM,-117.8773713,33.81457737
90131455,2016,2016-03-08,9670,2016-03-05,2140,020605,NA,6,2,7,3001,0,1,3,NA,2,094,SR-91 E/B,RAYMOND AVE,1584,W,N,A,-,Y,NA,NA,91,NA,NA,NA,NA,NA,E,Y,4,0,2,2,A,-,07,21658,A,N,C,C,A,A,H,-,D,D,0,NA,NA,NA,NA,Y,NA,A,07,0,0,2,0,0,0,0,0,0,-,-,33.85369,-117.91256,ORANGE,ANAHEIM,-117.91255957,33.85365391
90131562,2016,2016-03-08,9675,2016-03-01,1710,018539,NA,2,2,6,3015,0,1,3,NA,2,222,SR-22 E/B,BRISTOL STREET,250,W,N,A,-,Y,NA,NA,22,NA,NA,NA,NA,NA,E,Y,3,0,2,5,A,-,03,22350,NA,N,C,C,A,A,H,-,A,D,0,NA,NA,NA,NA,Y,NA,A,01,0,1,1,0,0,0,0,0,0,-,-,33.77891,-117.88543,ORANGE,ORANGE,-117.88543,33.77895284
90133301,2016,2016-03-10,9675,2016-02-19,2020,020746,NA,5,2,6,3015,0,1,3,NA,2,222,SR-22 EASTBOUND,BRISTOL STREET,100,W,N,A,-,Y,NA,NA,22,NA,NA,NA,NA,NA,E,Y,4,0,1,2,A,-,03,22350,NA,N,C,C,A,A,H,-,C,D,0,NA,NA,NA,NA,Y,NA,A,01,0,0,1,0,0,0,0,0,0,-,-,33.77873,-117.88471,ORANGE,ORANGE,-117.8847086,33.77894676
90133392,2016,2016-03-10,9690,2016-03-09,0945,012830,NA,3,1,5,3028,0,1,1,NA,2,056,I-5 N/B (SAN DIEGO FRWY),OSO PKWY,10,N,N,A,-,Y,NA,NA,5,NA,NA,NA,NA,NA,N,N,4,0,1,2,A,-,03,22350,NA,N,C,C,A,A,H,-,A,D,0,NA,NA,NA,NA,Y,NA,A,07,0,0,1,0,0,0,0,0,0,-,-,33.58032,-117.67153,ORANGE,MISSION VIEJO,-117.67161742,33.5803214
90134362,2016,2016-03-11,9670,2016-03-10,0735,015587,NA,4,1,6,3008,0,1,3,NA,2,093,SR-91 W/B (RIVERSIDE FREEWAY),GILBERT STREET,363,W,N,A,-,Y,NA,NA,91,NA,NA,NA,NA,NA,W,Y,4,0,1,5,A,-,03,22350,NA,N,C,C,A,A,H,-,A,D,0,NA,NA,NA,NA,Y,NA,A,07,0,0,1,0,0,0,0,0,0,-,-,33.85517,-117.96908,ORANGE,FULLERTON,-117.9690971,33.85511878
90135550,2016,2016-03-14,9670,2016-03-06,1935,020597,NA,7,2,4,3020,0,1,1,NA,2,044,I-405 N/B,SR-22 TO 7TH,2640,N,N,A,-,Y,NA,NA,405,NA,NA,NA,NA,NA,N,Y,4,0,1,2,A,-,03,22350,NA,N,C,C,A,A,H,-,C,D,0,NA,NA,NA,NA,Y,NA,A,01,0,0,1,0,0,0,0,0,0,-,-,33.77985,-118.08994,ORANGE,SEAL BEACH,-118.08996716,33.77984211
90138632,2016,2016-03-17,9675,2016-03-09,1512,017833,NA,3,2,6,3004,0,1,1,NA,2,405,I-405 NORTHBOUND,HARBOR BLVD,1184,N,N,A,-,Y,NA,NA,405,NA,NA,NA,NA,NA,N,N,4,0,1,2,A,-,03,22350,NA,N,C,C,A,A,H,-,A,D,0,NA,NA,NA,NA,Y,NA,D,22,0,0,1,0,0,0,0,0,0,-,-,33.68718,-117.90529,ORANGE,COSTA MESA,-117.90526861,33.68792827
90139076,2016,2016-03-17,9675,2016-03-03,0615,018005,NA,4,1,5,3022,0,1,1,NA,2,503,I-5 SOUTHBOUND,RED HILL AVE,1350,N,N,A,-,Y,NA,NA,5,NA,NA,NA,NA,NA,S,Y,4,0,1,4,A,-,03,22350,NA,N,C,C,A,A,H,-,A,D,0,NA,NA,NA,NA,Y,NA,A,01,0,0,1,0,0,0,0,0,0,-,-,33.73593,-117.82042,ORANGE,TUSTIN,-117.82038138,33.73604453
9014067,2019,2020-01-10,3000,2019-11-24,2144,8715,797G2,7,5,4,3021,0,0,0,NA,0,321,KATELLA AV,BRADFORD PL,0,NA,Y,A,-,N,NA,NA,NA,NA,NA,NA,NA,NA,NA,Y,3,0,2,2,A,-,09,21801,A,N,A,C,A,A,H,-,C,D,0,NA,NA,NA,NA,Y,NA,A,07,0,1,1,0,0,0,0,0,0,-,-,NA,NA,ORANGE,STANTON,-118.00762939453124,33.802799224853516
90142620,2016,2016-03-24,9670,2016-03-12,1650,017858,NA,6,2,6,3009,0,1,3,NA,2,025,SR-22 W/B,GARDEN GROVE BOULEVARD,457,W,N,A,-,Y,NA,NA,22,NA,NA,NA,NA,NA,W,Y,4,0,1,2,A,-,03,22350,NA,N,C,C,A,A,H,-,A,D,0,NA,NA,NA,NA,Y,NA,A,01,0,0,1,0,0,0,0,0,0,-,-,33.77359,-117.90694,ORANGE,GARDEN GROVE,-117.90689312,33.77349819
9014378,2019,2020-02-10,3001,2019-12-11,1708,1762,1627,3,5,7,3001,0,0,0,NA,0,024,LINCOLN AV,LA PLAZA,90,E,N,B,-,N,NA,NA,NA,NA,NA,NA,NA,NA,NA,Y,4,0,1,2,A,-,08,21460,5,N,D,C,A,A,H,-,C,D,0,NA,NA,NA,NA,Y,NA,A,08,0,0,1,0,0,0,0,0,0,-,-,NA,NA,ORANGE,ANAHEIM,-117.89832305908205,33.839088439941406
90146117,2016,2016-03-28,9675,2016-03-16,0442,018983,NA,3,3,7,3019,0,1,1,NA,2,530,I-5 N/B,FIRST STREET,1150,S,N,A,-,Y,NA,NA,5,NA,NA,NA,NA,NA,N,Y,3,0,1,1,C,-,18,NA,NA,N,E,J,A,A,H,-,C,D,0,NA,NA,Y,NA,Y,NA,-,-,0,1,0,0,0,0,0,0,1,-,-,33.74291,-117.8396,ORANGE,SANTA ANA,-117.83957598,33.74295193
90146299,2016,2016-03-28,9675,2016-03-10,1610,018733,NA,4,2,9,3000,0,2,4,NA,2,022,FOOTHILL BLVD. (19000 BLOCK),OLD FOOTHILL BLVD.,0,NA,Y,A,-,N,NA,NA,NA,NA,NA,NA,NA,NA,NA,Y,4,0,1,2,A,-,09,21802,A,N,D,C,A,A,H,-,A,A,0,NA,NA,Y,NA,Y,NA,A,01,0,0,1,0,0,0,0,0,1,-,-,33.76902,-117.79945,ORANGE,UNINCORPORATED,-117.79950001,33.76898002
90146386,2016,2016-03-28,9675,2016-03-15,1650,017993,NA,2,2,7,3001,0,1,3,NA,2,240,STATE ROUTE 241 NORTHBOUND,WINDY RIDGE TOLL PLAZA,600,N,N,A,-,Y,NA,NA,NA,NA,NA,NA,NA,NA,NA,N,4,0,1,2,A,-,07,21658,A,N,B,C,A,A,H,-,A,D,0,NA,NA,NA,NA,Y,NA,A,01,0,0,1,0,0,0,0,0,0,-,-,33.82638,-117.7164,ORANGE,ANAHEIM,NA,NA
90146610,2016,2016-03-29,9670,2016-03-11,2240,021207,NA,5,3,5,3024,0,1,3,NA,2,020,SR-22 EB FROM GARDEN GROVE BLVD.,GARDEN GROVE BLVD,5,E,N,A,-,Y,NA,NA,22,NA,NA,NA,R,NA,E,N,3,0,1,2,A,-,05,21650,NA,N,H,G,A,A,H,-,C,A,0,NA,Y,NA,NA,Y,NA,L,04,0,1,0,0,0,0,1,0,0,-,-,33.77294,-118.03602,ORANGE,WESTMINSTER,-118.03602,33.77294
90147089,2016,2016-03-29,9675,2016-03-17,1925,018539,NA,4,2,4,3002,0,1,3,NA,2,570,SR-57 N/B,TONNER CYN RD,225,N,N,A,-,Y,NA,NA,57,NA,NA,NA,NA,NA,N,N,4,0,1,2,A,-,03,22350,NA,N,C,C,A,A,H,-,C,D,0,NA,NA,NA,NA,Y,NA,A,01,0,0,1,0,0,0,0,0,0,-,-,33.93892,-117.87682,ORANGE,BREA,-117.87678624,33.93890209
90148555,2016,2016-03-31,9690,2016-03-14,2205,016749,NA,1,3,5,3017,0,1,1,NA,2,059,I-5 S/B (SAN DIEGO FRWY),AVENIDA VISTA HERMOSA,58,S,N,A,-,Y,NA,NA,5,NA,NA,NA,NA,NA,S,Y,2,0,3,2,A,-,01,23152,A,N,C,E,A,A,D,-,C,D,0,NA,NA,NA,NA,Y,Y,A,01,1,0,2,0,0,0,0,0,0,-,-,33.44482,-117.63126,ORANGE,SAN CLEMENTE,-117.63112856,33.44497449
9014978,2019,2020-01-02,3022,2019-11-02,1322,1297,NA,6,5,5,3022,0,0,0,NA,0,NA,JAMBOREE RD,IRVINE BL,233,N,N,A,-,N,NA,NA,NA,NA,NA,NA,NA,NA,NA,N,4,0,1,2,A,-,21,22106,NA,N,C,C,A,A,H,-,A,A,0,NA,NA,NA,NA,Y,NA,A,01,0,0,1,0,0,0,0,0,0,-,-,33.7305793762207,-117.78713989257813,ORANGE,TUSTIN,-117.78678894042967,33.731021881103516
9014987,2019,2020-02-12,3004,2019-12-12,2330,P681,22,4,5,6,3004,0,0,0,NA,0,005,BRISTOL ST,W PAULARINO AV,0,NA,Y,A,-,N,NA,NA,NA,NA,NA,NA,NA,NA,NA,Y,4,0,1,2,A,-,01,23152,A,N,D,C,A,A,H,-,C,A,0,NA,NA,NA,NA,Y,Y,A,07,0,0,1,0,0,0,0,0,0,-,-,33.68244171142578,-117.88561248779295,ORANGE,COSTA MESA,-117.88574981689452,33.68233871459961
90150696,2016,2016-04-05,9690,2016-03-18,0255,016986,NA,5,3,9,3000,0,1,3,NA,1,013,SR-133 S/B (LAGUNA CANYON ROAD),LITTLE SYCAMORE CYN.,150,S,N,A,-,Y,NA,NA,133,NA,NA,NA,NA,NA,S,Y,3,0,1,1,A,-,08,22107,NA,N,E,I,A,A,H,-,D,D,0,NA,NA,NA,NA,Y,NA,A,01,0,1,0,0,0,0,0,0,0,-,-,33.61121,-117.76147,ORANGE,UNINCORPORATED,-117.76144697,33.61121253
9015095,2019,2020-02-12,3022,2019-12-19,1059,1362,NA,4,5,5,3022,0,0,0,NA,0,NA,TUSTIN RANCH RD,WARNER AV,0,NA,Y,A,-,N,NA,NA,NA,NA,NA,NA,NA,NA,NA,Y,4,0,1,2,A,-,03,22350,NA,N,C,C,A,A,H,-,A,A,0,NA,NA,NA,NA,Y,NA,A,01,0,0,1,0,0,0,0,0,0,-,-,33.70071029663086,-117.82579040527344,ORANGE,TUSTIN,-117.82563018798828,33.70075988769531
90152619,2016,2016-04-07,9675,2016-03-23,1910,020712,NA,3,2,7,3019,0,1,3,NA,2,551,SR-55 NORTHBOUND,17TH ST,100,S,N,A,-,Y,NA,NA,NA,NA,NA,NA,NA,NA,NA,Y,4,0,1,4,A,-,03,22350,NA,N,C,C,A,A,H,-,A,D,0,NA,NA,NA,NA,Y,NA,A,07,0,0,1,0,0,0,0,0,0,-,-,33.74528,-117.83562,ORANGE,SANTA ANA,NA,NA
90152815,2016,2016-04-07,9675,2016-03-29,1615,018714,NA,2,2,6,3015,0,1,3,NA,2,222,SR-22 W/B (GARDEN GROVE FWY),GLASSELL ST,1000,E,N,A,-,Y,NA,NA,22,NA,NA,NA,NA,NA,W,Y,4,0,1,3,A,-,03,22350,NA,N,C,C,A,A,H,-,A,D,0,NA,NA,NA,NA,Y,NA,A,01,0,0,1,0,0,0,0,0,0,-,-,33.77573,-117.84673,ORANGE,ORANGE,-117.84669792,33.77559272
90153367,2016,2016-04-08,9675,2016-03-24,2100,020627,NA,4,2,7,3019,0,1,3,NA,2,552,SR-55 NORTHBOUND,DYER RD,500,N,N,A,-,Y,NA,NA,NA,NA,NA,NA,NA,NA,NA,N,4,0,1,2,A,-,07,21658,A,N,B,C,A,A,H,-,C,D,0,NA,NA,NA,NA,Y,NA,A,01,0,0,1,0,0,0,0,0,0,-,-,33.69776,-117.82418,ORANGE,SANTA ANA,-117.85065238,33.70952762
90155339,2016,2016-04-12,9675,2016-04-04,1829,017192,NA,1,2,5,3022,0,1,1,NA,2,503,I-5 N/B (SANTA ANA FREEWAY),TUSTIN RANCH RD,100,S,N,A,-,Y,NA,NA,5,NA,NA,NA,NA,NA,N,N,4,0,1,3,A,-,03,22350,NA,N,C,C,A,A,H,-,A,D,0,NA,NA,NA,NA,Y,NA,A,01,0,0,1,0,0,0,0,0,0,-,-,33.72491,-117.80281,ORANGE,TUSTIN,-117.80272961,33.7250316
90155365,2016,2016-04-12,9675,2016-04-06,1640,017192,NA,3,2,6,3026,0,1,1,NA,2,503,I-5 N/B (SANTA ANA FREEWAY),JEFFREY RD,150,N,N,B,-,Y,NA,NA,5,NA,NA,NA,NA,NA,N,Y,4,0,1,2,A,-,03,22350,NA,N,C,C,A,A,H,-,A,D,0,NA,NA,NA,NA,Y,NA,D,22,0,0,1,0,0,0,0,0,0,-,-,33.69119,-117.76923,ORANGE,IRVINE,-117.76903055,33.69131953
90157361,2016,2016-04-14,9675,2016-04-02,1325,021225,NA,6,1,4,3002,0,1,3,NA,2,570,SR-57 SOUTHBOUND,LAMBERT RD,58,N,N,A,-,Y,NA,NA,57,NA,NA,NA,NA,NA,S,Y,2,0,1,2,A,-,03,22350,NA,N,C,C,A,A,H,-,A,D,0,NA,NA,Y,NA,Y,NA,C,02,1,0,0,0,0,0,0,0,1,-,-,33.92531,-117.88024,ORANGE,BREA,-117.88031011,33.92531
90158029,2016,2017-04-05,9675,2016-04-01,1830,019954,NA,5,2,6,3004,0,1,1,NA,2,405,I-405 NORTHBOUND,FAIRVIEW AVE.,100,N,N,A,-,Y,NA,NA,405,NA,NA,NA,NA,NA,N,N,4,0,2,2,A,-,03,22350,NA,N,C,C,A,A,H,-,A,D,0,NA,NA,NA,NA,Y,NA,A,07,0,0,2,0,0,0,0,0,0,-,-,33.68788,-117.91018,ORANGE,COSTA MESA,-117.91017833,33.68808204
90159346,2016,2016-04-18,9675,2016-04-04,0955,017833,NA,1,1,6,3026,0,1,1,NA,2,503,I-5 NORTHBOUND,CULVER DR,900,S,N,A,-,Y,NA,NA,NA,NA,NA,NA,NA,NA,NA,Y,3,0,1,3,A,-,07,21658,A,F,B,C,A,A,H,-,A,D,0,NA,NA,NA,NA,Y,NA,A,01,0,1,0,0,0,0,0,0,0,-,-,33.70319,-117.76932,ORANGE,IRVINE,-117.7804401,33.70828511
90159678,2016,2016-04-18,9675,2016-04-06,1547,020780,NA,3,2,7,3019,0,1,1,NA,2,502,I-5 NORTHBOUND,4TH ST,10,S,N,B,-,Y,NA,NA,5,NA,NA,NA,NA,NA,N,Y,4,0,1,3,A,-,03,22350,NA,F,C,C,A,A,H,-,A,D,0,NA,NA,NA,NA,Y,NA,A,01,0,0,1,0,0,0,0,0,0,-,-,33.74904,-117.84327,ORANGE,SANTA ANA,-117.84342052,33.74897403
90159756,2016,2016-04-18,9675,2016-04-06,1720,020780,NA,3,2,7,3019,0,1,1,NA,2,503,I-5 NORTHBOUND,1ST ST,200,S,N,B,-,Y,NA,NA,5,NA,NA,NA,NA,NA,N,N,4,0,2,2,A,-,03,22350,NA,N,C,C,A,A,H,-,A,D,0,NA,NA,NA,NA,Y,NA,A,07,0,0,2,0,0,0,0,0,0,-,-,33.74684,-117.84246,ORANGE,SANTA ANA,-117.84261512,33.74678588
90162537,2016,2016-04-21,9670,2016-04-15,2255,021207,NA,5,3,5,3007,0,1,1,NA,2,040,I-405 N/B,SLATER AVE,528,N,N,A,-,Y,NA,NA,405,NA,NA,NA,NA,NA,N,Y,4,0,2,2,A,-,03,22350,NA,N,C,C,A,A,H,-,C,D,0,NA,NA,NA,NA,Y,NA,A,01,0,0,2,0,0,0,0,0,0,-,-,33.71006,-117.95977,ORANGE,FOUNTAIN VALLEY,-117.95979239,33.71003341
9016316,2020,2020-03-02,3022,2020-01-23,1851,1302,NA,4,5,5,3022,0,0,0,NA,0,NA,BRYAN AV,CHARLOMA DR,22,E,N,A,-,N,NA,NA,NA,NA,NA,NA,NA,NA,NA,Y,4,0,3,3,A,-,03,22350,NA,N,C,C,A,A,H,-,C,D,0,NA,NA,NA,NA,Y,NA,D,22,0,0,3,0,0,0,0,0,0,-,-,33.74129104614258,-117.81289672851563,ORANGE,TUSTIN,-117.81271362304688,33.741119384765625
90163439,2016,2016-04-22,9690,2016-04-21,2225,016749,NA,4,3,4,3029,0,1,1,NA,2,058,I-5 S/B (SAN DIEGO FRWY),VIA CALIFORNIA,222,S,N,A,-,Y,NA,NA,5,NA,NA,NA,NA,NA,S,Y,4,0,1,4,A,-,01,23152,A,N,C,C,A,A,D,-,D,D,0,NA,NA,NA,NA,Y,Y,A,01,0,0,1,0,0,0,0,0,0,-,-,33.46518,-117.66707,ORANGE,DANA POINT,-117.66703426,33.46523241
90163582,2016,2016-04-22,9675,2016-04-07,0845,015207,NA,4,1,6,3004,0,1,1,NA,2,405,I-405 S/B FROM FAIRVIEW RD.,FAIRVIEW RD.,2112,S,N,B,-,Y,NA,NA,405,NA,NA,NA,R,NA,S,Y,4,0,1,3,A,-,03,22350,NA,N,C,C,A,A,H,-,A,D,0,NA,NA,NA,NA,Y,NA,A,01,0,0,1,0,0,0,0,0,0,-,-,33.68717,-117.90177,ORANGE,COSTA MESA,-117.90177,33.68717
9016420,2020,2020-05-28,3010,2020-02-09,0600,2084,251,7,5,6,3010,0,0,0,NA,0,007,GOLDENWEST,EDINGER,0,NA,Y,B,-,N,NA,NA,NA,NA,NA,NA,NA,NA,NA,Y,3,0,3,2,A,-,12,21453,A,N,D,C,A,B,H,-,C,A,0,NA,NA,NA,NA,Y,NA,A,01,0,1,2,0,0,0,0,0,0,-,-,NA,NA,ORANGE,HUNTINGTON BEACH,-118.00676727294922,33.730098724365234
90164829,2016,2016-04-25,9675,2016-04-16,1630,021206,NA,6,2,7,3019,0,1,1,NA,2,502,I-5 SOUTHBOUND TO SANTA ANA BLVD.,SANTA ANA BLVD,15,N,N,A,-,Y,NA,NA,5,NA,NA,NA,R,NA,S,N,4,0,2,2,A,-,03,22350,NA,N,C,C,A,A,H,-,A,A,0,NA,NA,NA,NA,Y,NA,A,01,0,0,2,0,0,0,0,0,0,-,-,33.7543,-117.85379,ORANGE,SANTA ANA,-117.85379,33.7543
9016736,2020,2020-05-29,3007,2020-02-06,0833,304,34,4,5,5,3007,0,0,0,NA,0,001,BROOKHURST,CURRANT,0,NA,Y,A,-,N,NA,NA,NA,NA,NA,NA,NA,NA,NA,Y,4,0,1,2,A,-,06,21755,NA,N,D,C,A,A,H,-,A,D,0,NA,NA,NA,NA,Y,NA,A,01,0,0,1,0,0,0,0,0,0,-,-,NA,NA,ORANGE,FOUNTAIN VALLEY,-117.95462036132813,33.71944046020508