CASE_ID,ACCIDENT_YEAR,PROC_DATE,JURIS,COLLISION_DATE,COLLISION_TIME,OFFICER_ID,REPORTING_DISTRICT,DAY_OF_WEEK,CHP_SHIFT,POPULATION,CNTY_CITY_LOC,SPECIAL_COND,BEAT_TYPE,CHP_BEAT_TYPE,CITY_DIVISION_LAPD,CHP_BEAT_CLASS,BEAT_NUMBER,PRIMARY_RD,SECONDARY_RD,DISTANCE,DIRECTION,INTERSECTION,WEATHER_1,WEATHER_2,STATE_HWY_IND,CALTRANS_COUNTY,CALTRANS_DISTRICT,STATE_ROUTE,ROUTE_SUFFIX,POSTMILE_PREFIX,POSTMILE,LOCATION_TYPE,RAMP_INTERSECTION,SIDE_OF_HWY,TOW_AWAY,COLLISION_SEVERITY,NUMBER_KILLED,NUMBER_INJURED,PARTY_COUNT,PRIMARY_COLL_FACTOR,PCF_CODE_OF_VIOL,PCF_VIOL_CATEGORY,PCF_VIOLATION,PCF_VIOL_SUBSECTION,HIT_AND_RUN,TYPE_OF_COLLISION,MVIW,PED_ACTION,ROAD_SURFACE,ROAD_COND_1,ROAD_COND_2,LIGHTING,CONTROL_DEVICE,CHP_ROAD_TYPE,PEDESTRIAN_ACCIDENT,BICYCLE_ACCIDENT,MOTORCYCLE_ACCIDENT,TRUCK_ACCIDENT,NOT_PRIVATE_PROPERTY,ALCOHOL_INVOLVED,STWD_VEHTYPE_AT_FAULT,CHP_VEHTYPE_AT_FAULT,COUNT_SEVERE_INJ,COUNT_VISIBLE_INJ,COUNT_COMPLAINT_PAIN,COUNT_PED_KILLED,COUNT_PED_INJURED,COUNT_BICYCLIST_KILLED,COUNT_BICYCLIST_INJURED,COUNT_MC_KILLED,COUNT_MC_INJURED,PRIMARY_RAMP,SECONDARY_RAMP,LATITUDE,LONGITUDE,COUNTY,CITY,POINT_X,POINT_Y
90573798,2017,2017-10-19,9675,2017-10-05,0500,019171,NA,4,3,7,3001,0,1,3,NA,2,572,SR-57 N/B (ORANGE FWY),SANTA ANA RIVER,200,S,N,A,-,Y,NA,NA,NA,NA,NA,NA,NA,NA,NA,Y,4,0,1,3,A,-,07,21658,A,N,C,C,A,A,H,-,C,D,0,NA,NA,NA,NA,Y,NA,A,07,0,0,1,0,0,0,0,0,0,-,-,33.68723,-117.7765,ORANGE,ANAHEIM,NA,NA
90574687,2017,2017-10-20,9675,2017-09-27,1940,021272,NA,3,2,7,3001,0,1,3,NA,2,550,SR-55 NORTHBOUND,LINCOLN AVE,570,N,N,A,-,Y,NA,NA,55,NA,NA,NA,NA,NA,N,Y,4,0,1,2,A,-,08,22107,NA,N,C,C,A,A,H,-,C,D,0,NA,NA,Y,NA,Y,NA,C,02,0,0,1,0,0,0,0,0,1,-,-,33.83649,-117.83517,ORANGE,ANAHEIM,-117.8351673,33.83648926
90575059,2017,2017-10-20,9675,2017-10-14,1205,021691,NA,6,1,6,3004,0,1,1,NA,2,405,I-405 SOUTHBOUND,BEAR ST,1300,N,N,A,-,Y,NA,NA,405,NA,NA,NA,NA,NA,S,Y,4,0,2,2,A,-,03,22350,NA,N,C,C,A,A,H,-,A,D,0,NA,NA,NA,NA,Y,NA,A,01,0,0,2,0,0,0,0,0,0,-,-,33.68729,-117.8952,ORANGE,COSTA MESA,-117.89519693,33.68743784
90575177,2017,2017-10-20,9690,2017-10-12,0800,017932,NA,4,1,4,3018,0,1,1,NA,2,057,I-5 N/B (SAN DIEGO FRWY),STONEHILL DRIVE,800,N,N,A,-,Y,NA,NA,5,NA,NA,NA,NA,NA,N,Y,4,0,1,6,A,-,08,22107,NA,N,B,C,A,A,D,-,A,D,0,NA,NA,NA,Y,Y,NA,D,22,0,0,1,0,0,0,0,0,0,-,-,33.47594,-117.67409,ORANGE,SAN JUAN CAPISTRANO,-117.67406859,33.47593065
9057539,2020,2020-07-27,3005,2020-04-20,1547,8237,C15,1,5,4,3005,0,0,0,NA,0,001,MOODY ST,MOODY ST 9090,0,NA,N,A,-,N,NA,NA,NA,NA,NA,NA,NA,NA,NA,N,4,0,1,2,A,-,05,21650,I,N,D,G,A,A,H,-,A,D,0,NA,Y,NA,NA,Y,NA,L,04,0,0,1,0,0,0,1,0,0,-,-,NA,NA,ORANGE,CYPRESS,-118.045765,33.829961
90575736,2017,2017-10-23,9670,2017-10-13,0930,016209,NA,5,1,5,3024,0,1,1,NA,2,043,I-405 S/B (SAN DIEGO FREEWAY),W. MCFADDEN AVE.,10032,N,N,A,-,Y,NA,NA,405,NA,NA,NA,NA,NA,S,Y,4,0,1,3,A,-,03,22350,NA,N,C,C,A,A,H,-,A,D,0,NA,NA,NA,NA,Y,NA,A,07,0,0,1,0,0,0,0,0,0,-,-,33.73878,-117.99786,ORANGE,WESTMINSTER,-117.99789012,33.73874395
90578913,2017,2017-10-26,9675,2017-10-15,2125,021297,NA,7,2,6,3026,0,1,1,NA,2,504,I-5 SOUTHBOUND,ALTON PKWY,1000,S,N,A,-,Y,NA,NA,5,NA,NA,NA,NA,NA,S,Y,4,0,1,2,A,-,03,22350,NA,N,C,C,A,A,H,-,C,D,0,NA,NA,NA,NA,Y,NA,A,01,0,0,1,0,0,0,0,0,0,-,-,33.65411,-117.7429,ORANGE,IRVINE,-117.74285329,33.65414722
90578996,2017,2017-10-26,9670,2017-10-18,2250,018664,NA,3,3,6,3009,0,1,3,NA,2,022,SR-22 E/B,BEACH BLVD,2600,E,N,A,-,Y,NA,NA,22,NA,NA,NA,NA,NA,E,Y,4,0,2,2,A,-,03,22350,NA,N,B,C,A,A,D,-,D,D,0,NA,NA,NA,NA,Y,NA,A,07,0,0,2,0,0,0,0,0,0,-,-,33.77043,-117.98362,ORANGE,GARDEN GROVE,-117.98361494,33.7705422
90582320,2017,2017-10-30,9675,2017-10-20,0640,021272,NA,5,1,6,3004,0,1,3,NA,2,553,SR-55 NORTHBOUND,BAY ST,15,S,N,A,-,Y,NA,NA,55,NA,NA,NA,NA,NA,N,Y,2,0,2,2,A,-,03,22350,NA,N,C,C,A,A,C,-,C,D,0,NA,NA,NA,NA,Y,NA,A,01,1,1,0,0,0,0,0,0,0,-,-,33.64793,-117.91241,ORANGE,COSTA MESA,-117.91244255,33.64796233
9058349,2020,2021-08-03,3001,2020-02-26,2359,A1047,D-3,3,5,7,3001,0,0,0,NA,0,D-3,BROADWAY,HESSEL ST,169,W,N,A,-,N,NA,NA,NA,NA,NA,NA,NA,NA,NA,Y,4,0,1,1,A,-,08,22107,NA,N,E,I,A,A,H,-,C,D,0,NA,NA,NA,NA,Y,NA,A,01,0,0,1,0,0,0,0,0,0,-,-,33.8291015625,-117.93202209472656,ORANGE,ANAHEIM,-117.9324188232422,33.829010009765625
90583726,2017,2017-10-31,9675,2017-10-22,1448,021438,NA,7,2,7,3001,0,1,3,NA,2,093,SR-91 W/B,LAKEVIEW AVE,500,W,N,A,-,Y,NA,NA,91,NA,NA,NA,NA,NA,W,Y,2,0,1,1,A,-,08,22107,NA,N,E,I,A,A,H,-,A,D,0,NA,NA,Y,NA,Y,NA,C,02,1,0,0,0,0,0,0,0,1,-,-,33.85008,-117.81559,ORANGE,ANAHEIM,-117.81557906,33.85006749
90583809,2017,2017-10-31,9670,2017-10-19,1917,019290,NA,4,2,6,3009,0,1,3,NA,2,025,SR-22 W/B (GARDEN GROVE FWY),GARDEN GROVE BLVD,1056,W,N,A,-,Y,NA,NA,22,NA,NA,NA,NA,NA,W,Y,4,0,1,4,A,-,03,22350,NA,N,C,C,A,A,H,-,D,D,0,NA,NA,NA,NA,Y,NA,A,07,0,0,1,0,0,0,0,0,0,-,-,33.77346,-117.90714,ORANGE,GARDEN GROVE,-117.9071044,33.77339029
90584703,2017,2017-11-01,9690,2017-10-27,1330,018646,NA,5,1,4,3018,0,1,1,NA,2,057,I-5 N/B (SAN DIEGO FRWY),SR-73,500,S,N,A,-,Y,NA,NA,5,NA,NA,NA,NA,NA,N,N,4,0,1,2,A,-,03,22350,NA,N,C,C,A,A,H,-,A,D,0,NA,NA,NA,NA,Y,NA,A,01,0,0,1,0,0,0,0,0,0,-,-,33.54203,-117.67334,ORANGE,SAN JUAN CAPISTRANO,-117.67361879,33.54205606
90585013,2017,2017-11-01,9670,2017-10-28,1630,021585,NA,6,2,5,3007,0,1,1,NA,2,400,I-405 N/B,SLATER AVE,528,N,N,A,-,Y,NA,NA,405,NA,NA,NA,NA,NA,N,Y,4,0,1,3,A,-,03,22350,NA,N,C,C,A,A,H,-,A,D,0,NA,NA,NA,NA,Y,NA,A,01,0,0,1,0,0,0,0,0,0,-,-,33.71092,-117.96082,ORANGE,FOUNTAIN VALLEY,-117.96083057,33.71090745
90586002,2017,2017-11-02,9675,2017-10-28,0435,021483,NA,6,3,7,3001,0,1,3,NA,2,572,SR-57 SOUTHBOUND,SOUTH ST,100,N,N,A,-,Y,NA,NA,57,NA,NA,NA,NA,NA,S,Y,4,0,1,2,A,-,03,22350,NA,N,C,C,A,A,D,-,C,D,0,NA,NA,NA,NA,Y,NA,A,01,0,0,1,0,0,0,0,0,0,-,-,33.83297,-117.87607,ORANGE,ANAHEIM,-117.87626669,33.83297125
90586982,2017,2017-11-03,9675,2017-10-27,0755,019171,NA,5,1,7,3019,0,1,1,NA,2,502,I-5 S/B (SANTA ANA FWY),SR-22,100,N,N,A,-,Y,NA,NA,5,NA,NA,NA,NA,NA,S,N,4,0,1,2,A,-,07,21658,A,N,B,C,A,A,H,-,A,D,0,NA,NA,NA,Y,Y,NA,A,01,0,0,1,0,0,0,0,0,0,-,-,33.77941,-117.87748,ORANGE,SANTA ANA,-117.87737061,33.77953132
90587582,2017,2017-11-06,9675,2017-11-02,0837,019088,NA,4,1,6,3026,0,1,1,NA,2,406,I-405 S/B,UNIVERSITY DR,1584,N,N,B,-,Y,NA,NA,405,NA,NA,NA,NA,NA,S,Y,4,0,2,2,A,-,03,22350,NA,N,C,C,A,A,H,-,A,D,0,NA,NA,NA,NA,Y,NA,A,01,0,0,2,0,0,0,0,0,0,-,-,33.6642,-117.80209,ORANGE,IRVINE,-117.8020787,33.66428269
9058816,2020,2020-06-09,3002,2020-02-08,1215,9211,740F7,6,5,5,3025,0,0,0,NA,0,003,VILLAGE CENTER DR S,FAIRMONT BL,20,E,N,A,-,N,NA,NA,NA,NA,NA,NA,NA,NA,NA,NA,3,0,1,1,A,-,08,22107,NA,N,E,I,A,A,H,-,A,D,0,NA,NA,Y,NA,Y,NA,C,02,0,1,0,0,0,0,0,0,1,-,-,NA,NA,ORANGE,YORBA LINDA,-117.78060913085938,33.87107467651367
9058831,2020,2020-06-03,3002,2020-02-05,1925,3893,740H5,3,5,5,3025,0,0,0,NA,0,003,YORBA LINDA BL,PASEO DE LAS PALOMAS,0,NA,Y,A,-,N,NA,NA,NA,NA,NA,NA,NA,NA,NA,N,3,0,1,2,A,-,12,21453,A,N,A,C,A,A,H,-,C,A,0,NA,NA,NA,NA,Y,NA,A,01,0,1,0,0,0,0,0,0,0,-,-,NA,NA,ORANGE,YORBA LINDA,-117.76849365234376,33.8911018371582
9058871,2020,2020-06-03,3000,2020-02-21,0752,5377,951H5,5,5,5,3040,0,0,0,NA,0,741,HIDDEN HILLS RD,CARMA,448,W,N,A,-,N,NA,NA,NA,NA,NA,NA,NA,NA,NA,Y,3,0,2,3,A,-,08,22107,NA,N,B,C,A,A,H,-,A,D,0,NA,NA,NA,NA,Y,NA,A,07,0,1,1,0,0,0,0,0,0,-,-,NA,NA,ORANGE,LAGUNA NIGUEL,-117.69668579101563,33.525390625
9058898,2019,2020-03-12,3000,2019-12-24,1526,9220,730,2,5,4,3018,0,0,0,NA,0,730387,AVE DE LA VISTA,PASEO CARMEL,51,S,N,A,-,N,NA,NA,NA,NA,NA,NA,NA,NA,NA,N,4,0,1,2,A,-,08,22107,NA,N,B,E,A,A,H,-,A,D,0,NA,NA,Y,NA,Y,NA,C,02,0,0,1,0,0,0,0,0,1,-,-,NA,NA,ORANGE,SAN JUAN CAPISTRANO,-117.66954,33.510886
90592236,2017,2017-11-13,9675,2017-11-02,1134,021224,NA,4,1,7,3019,0,1,1,NA,2,502,I-5 NORTHBOUND,LINCOLN AVE,500,N,N,B,-,Y,NA,NA,5,NA,NA,NA,NA,NA,N,Y,3,0,1,3,A,-,03,22350,NA,N,C,C,A,A,H,-,A,D,0,NA,NA,NA,Y,Y,NA,G,25,0,1,0,0,0,0,0,0,0,-,-,33.75751,-117.85724,ORANGE,SANTA ANA,-117.8572517,33.75748468
90592237,2017,2017-11-13,9675,2017-11-03,0550,021406,NA,5,3,7,3019,0,1,1,NA,2,520,I-5 S/B,SR-57,20,S,N,A,-,Y,NA,NA,NA,NA,NA,NA,NA,NA,NA,Y,4,0,1,2,A,-,03,22350,NA,N,C,C,A,A,H,-,C,D,0,NA,NA,NA,NA,Y,NA,A,01,0,0,1,0,0,0,0,0,0,-,-,33.76964,-117.86621,ORANGE,SANTA ANA,NA,NA
90592893,2017,2017-11-13,9670,2017-11-09,0750,019925,NA,4,1,6,3009,0,1,3,NA,2,024,SR-22 E/B,HARBOR BLVD.,2019,E,N,A,-,Y,NA,NA,22,NA,NA,NA,NA,NA,E,Y,4,0,1,2,A,-,03,22350,NA,N,C,C,A,A,H,-,A,D,0,NA,NA,NA,NA,Y,NA,A,07,0,0,1,0,0,0,0,0,0,-,-,33.76974,-117.91433,ORANGE,GARDEN GROVE,-117.91436955,33.76984996
90593518,2017,2017-11-14,9675,2017-11-03,1028,019171,NA,5,1,7,3019,0,1,1,NA,2,502,I-5 N/B (SANTA ANA FWY),MAIN ST,100,S,N,A,-,Y,NA,NA,5,NA,NA,NA,NA,NA,N,N,4,0,1,3,A,-,03,22350,NA,N,C,C,A,A,H,-,A,D,0,NA,NA,NA,NA,Y,NA,A,01,0,0,1,0,0,0,0,0,0,-,-,33.76615,-117.86617,ORANGE,SANTA ANA,-117.86625544,33.76610066
90593638,2017,2017-11-14,9690,2017-11-08,1843,019089,NA,3,2,9,3000,0,1,3,NA,1,074,SR 74 E/B (ORTEGA HWY),SAN JUAN CREEK BRIDGE,2056,E,N,A,-,Y,NA,NA,74,NA,NA,NA,NA,NA,E,Y,3,0,2,2,A,-,08,22107,NA,N,B,C,A,A,H,-,D,D,0,NA,NA,NA,NA,Y,NA,A,07,0,1,1,0,0,0,0,0,0,-,-,33.59267,-117.49537,ORANGE,UNINCORPORATED,-117.49537709,33.59269734
90595845,2017,2017-11-16,9670,2017-11-09,1445,020809,NA,4,2,6,3015,0,1,3,NA,2,092,SR-91 E/B,ORANGETHORPE AVE,1500,W,N,A,-,Y,NA,NA,NA,NA,NA,NA,NA,NA,NA,Y,4,0,1,3,A,-,07,21658,A,N,B,C,A,A,H,-,A,D,0,NA,NA,Y,NA,Y,NA,A,01,0,0,1,0,0,0,0,0,1,-,-,33.86084,-118.03907,ORANGE,ORANGE,-118.03868176,33.86064841
90596388,2017,2017-11-17,9675,2017-11-07,1728,021914,NA,2,2,6,3026,0,1,1,NA,2,407,I-405 NORTHBOUND,IRVINE CENTER DR,2112,N,N,A,-,Y,NA,NA,NA,NA,NA,NA,NA,NA,NA,Y,4,0,1,3,A,-,03,22350,NA,N,C,C,A,A,H,-,D,D,0,NA,NA,NA,NA,Y,NA,A,01,0,0,1,0,0,0,0,0,0,-,-,33.39087,-117.45143,ORANGE,IRVINE,-117.75374544,33.650187270000004
90596599,2017,2017-11-17,9675,2017-11-09,1742,018834,NA,4,2,6,3026,0,1,1,NA,2,540,I-5 NORTHBOUND,SR-133 NORTHBOUND,300,N,N,A,-,Y,NA,NA,5,NA,NA,NA,NA,NA,N,Y,4,0,1,2,A,-,03,22350,NA,N,C,C,A,A,H,-,B,D,0,NA,NA,NA,NA,Y,NA,A,01,0,0,1,0,0,0,0,0,0,-,-,33.66952,-117.75445,ORANGE,IRVINE,-117.75452513,33.6694764
90596996,2017,2017-11-17,9670,2017-11-10,1848,021679,NA,5,2,9,3000,0,3,5,NA,2,004,GILBERT STREET (10500 BLOCK),HARLE AVE,150,S,N,A,-,N,NA,NA,NA,NA,NA,NA,NA,NA,NA,N,4,0,2,2,A,-,03,22350,NA,N,C,C,A,A,H,-,E,A,0,NA,NA,NA,NA,Y,NA,D,22,0,0,2,0,0,0,0,0,0,-,-,33.80912,-117.96758,ORANGE,UNINCORPORATED,-117.96757775,33.80915875
90597227,2017,2017-11-17,9690,2017-11-10,1753,020366,NA,5,2,5,3017,0,1,1,NA,2,059,I-5 S/B (SAN DIEGO FRWY),AVENIDA PALIZADA,1765,N,N,A,-,Y,NA,NA,5,NA,NA,NA,NA,NA,S,Y,3,0,1,2,A,-,03,22350,NA,N,C,C,A,A,H,-,C,D,0,NA,NA,NA,NA,Y,NA,A,01,0,1,0,0,0,0,0,0,0,-,-,33.43497,-117.61771,ORANGE,SAN CLEMENTE,-117.61761818,33.43503083
90598196,2017,2017-11-20,9675,2017-11-13,1700,021691,NA,1,2,6,3008,0,1,3,NA,2,571,SR-57 SOUTHBOUND,NUTWOOD AVE,2600,N,N,A,-,Y,NA,NA,57,NA,NA,NA,NA,NA,S,Y,3,0,2,4,A,-,03,22350,NA,N,C,C,A,A,H,-,C,D,0,NA,NA,NA,NA,Y,NA,A,01,0,1,1,0,0,0,0,0,0,-,-,33.88538,-117.88059,ORANGE,FULLERTON,-117.88066583,33.88537829
90598257,2017,2017-11-20,9670,2017-11-13,1700,021670,NA,1,2,5,3003,0,1,3,NA,2,191,SR-91 W/B,VALLEY VIEW,1000,W,N,A,-,Y,NA,NA,91,NA,NA,NA,NA,NA,W,Y,3,0,3,2,A,-,03,22350,NA,N,C,C,A,A,H,-,A,D,0,NA,NA,NA,NA,Y,NA,A,01,0,3,0,0,0,0,0,0,0,-,-,33.85748,-118.03025,ORANGE,BUENA PARK,-118.03027228,33.85742523
9059872,2020,2020-03-04,3022,2020-01-27,0814,1193,NORTH,1,5,5,3022,0,0,0,NA,0,NA,ROBINSON DR,BALLESTEROS DR,466,S,N,A,-,N,NA,NA,NA,NA,NA,NA,NA,NA,NA,Y,4,0,1,2,A,-,09,21804,A,N,D,C,A,A,H,-,A,A,0,NA,NA,NA,NA,Y,NA,A,01,0,0,1,0,0,0,0,0,0,-,-,33.73439025878906,-117.7831573486328,ORANGE,TUSTIN,-117.78244018554688,33.7338981628418
90598970,2017,2017-11-21,9675,2017-11-08,0420,018102,NA,3,3,7,3001,0,1,3,NA,2,195,SR-91 WESTBOUND,ORANGE COUNTY LINE,480,W,N,A,-,Y,NA,NA,91,NA,NA,NA,NA,NA,W,Y,4,0,1,3,A,-,03,22350,NA,N,C,C,A,A,H,-,C,D,0,NA,NA,NA,NA,Y,NA,A,01,0,0,1,0,0,0,0,0,0,-,-,33.87356,-117.69069,ORANGE,ANAHEIM,-117.69063252,33.87378731
90599161,2017,2017-11-21,9690,2017-11-20,0515,016128,NA,1,3,9,3000,0,1,3,NA,1,074,SR 74 W/B (ORTEGA HWY),GIBBY ROAD,447,E,N,A,-,Y,NA,NA,74,NA,NA,NA,NA,NA,W,N,3,0,1,2,A,-,03,22350,NA,N,C,C,A,A,H,-,D,A,0,NA,NA,NA,NA,Y,NA,A,08,0,1,0,0,0,0,0,0,0,-,-,33.51431,-117.57606,ORANGE,UNINCORPORATED,-117.57605953,33.51430662
90600290,2017,2017-11-22,9670,2017-10-30,0625,012956,NA,1,1,5,3007,0,1,1,NA,2,040,I-405 NORTHBOUND FROM BROOKHURST STREET,BROOKHURST STREET,129,E,N,B,-,Y,NA,NA,405,NA,NA,NA,R,NA,N,Y,4,0,1,2,A,-,03,22350,NA,N,C,C,A,A,H,-,C,A,0,NA,NA,NA,NA,Y,NA,A,01,0,0,1,0,0,0,0,0,0,-,-,33.70534,-117.95372,ORANGE,FOUNTAIN VALLEY,-117.95372,33.70534
90601562,2017,2017-11-24,9675,2017-11-16,1730,019938,NA,4,2,6,3004,0,1,3,NA,2,553,SR-55 SOUTHBOUND,MACARTHUR BLVD,1500,S,N,B,-,Y,NA,NA,NA,NA,NA,NA,NA,NA,NA,N,4,0,1,3,A,-,03,22350,NA,N,C,C,A,A,H,-,C,D,0,NA,NA,NA,NA,Y,NA,A,01,0,0,1,0,0,0,0,0,0,-,-,33.69625,-117.86426,ORANGE,COSTA MESA,NA,NA
90604127,2017,2018-01-05,9675,2017-11-22,1510,015208,NA,3,2,7,3001,0,1,3,NA,2,095,SR-91 EASTBOUND,WEIR CYN. RD. U/C,2500,E,N,A,-,Y,NA,NA,91,NA,NA,NA,NA,NA,E,N,4,0,2,2,A,-,03,22350,NA,N,C,C,A,A,H,-,A,D,0,NA,NA,NA,NA,Y,NA,D,22,0,0,2,0,0,0,0,0,0,-,-,33.86729,-117.726,ORANGE,ANAHEIM,-117.72597361,33.86740181
90606207,2017,2017-11-30,9675,2017-11-21,1240,019348,NA,2,1,7,3019,0,1,3,NA,2,552,I-5 SOUTHBOUND,MCFADDEN AVE,40,S,N,A,-,Y,NA,NA,NA,NA,NA,NA,NA,NA,NA,Y,4,0,1,3,A,-,03,22350,NA,N,C,C,A,A,H,-,A,D,0,NA,NA,NA,NA,Y,NA,A,01,0,0,1,0,0,0,0,0,0,-,-,33.73369,-117.834,ORANGE,SANTA ANA,NA,NA
90606437,2017,2017-11-30,9675,2017-11-21,1410,021752,NA,2,2,6,3026,0,1,1,NA,2,503,I-5 NORTHBOUND,TUSTIN RANCH RD,1000,S,N,A,-,Y,NA,NA,NA,NA,NA,NA,NA,NA,NA,Y,4,0,1,2,A,-,03,22350,NA,N,C,C,A,A,H,-,A,D,0,NA,NA,NA,NA,Y,NA,A,01,0,0,1,0,0,0,0,0,0,-,-,33.72343,-117.80037,ORANGE,IRVINE,-117.80134751,33.72409876
90607846,2017,2017-12-01,9670,2017-11-22,2113,021286,NA,3,2,3,3013,0,1,1,NA,2,060,I-605 NORTHBOUND (SAN GABRIEL FWY),KATELLA AVENUE U/C,3168,S,N,B,-,Y,NA,NA,605,NA,NA,NA,NA,NA,N,Y,2,0,1,1,A,-,08,22107,NA,N,E,I,A,A,H,-,D,D,0,NA,NA,NA,NA,Y,NA,D,22,1,0,0,0,0,0,0,0,0,-,-,33.794200000000004,-118.08738,ORANGE,LOS ALAMITOS,-118.08719869,33.79413995
90609908,2017,2017-12-05,9670,2017-11-22,1800,021715,NA,3,2,6,3009,0,1,3,NA,2,023,SR-22 W/B,BROOKHURST ST,800,W,N,A,-,Y,NA,NA,22,NA,NA,NA,NA,NA,W,Y,4,0,1,4,A,-,03,22350,NA,N,C,C,A,A,H,-,D,D,0,NA,NA,NA,NA,Y,NA,A,01,0,0,1,0,0,0,0,0,0,-,-,33.76615,-117.94983,ORANGE,GARDEN GROVE,-117.9498293,33.76603293
90610628,2017,2017-12-05,9675,2017-11-27,1312,021438,NA,1,1,6,3004,0,1,3,NA,2,553,SR-55 S/B,MACARTHUR BLVD,800,S,N,A,-,Y,NA,NA,NA,NA,NA,NA,NA,NA,NA,N,4,0,2,2,A,-,03,22350,NA,N,C,C,A,A,H,-,A,D,0,NA,NA,NA,NA,Y,NA,A,07,0,0,2,0,0,0,0,0,0,-,-,33.69686,-117.86362,ORANGE,COSTA MESA,NA,NA
90613992,2017,2017-12-11,9690,2017-11-26,1700,020496,NA,7,2,5,3028,0,1,3,NA,2,031,SR 241 S/B (FOOTHILL TRANS CORRIDOR),LOS ALISOS BLVD,3115,S,N,A,-,Y,NA,NA,241,NA,NA,NA,NA,NA,S,Y,3,0,1,1,A,-,08,22107,NA,N,E,I,A,A,H,-,B,D,0,NA,NA,NA,NA,Y,NA,D,22,0,1,0,0,0,0,0,0,0,-,-,33.65898,-117.63418,ORANGE,MISSION VIEJO,-117.63412555,33.65904485
90614388,2017,2017-12-11,9690,2017-12-04,1000,020695,NA,1,1,9,3000,0,2,4,NA,2,035,OSO PKWY,TESORO CREEK RD.,39,E,N,A,-,N,NA,NA,NA,NA,NA,NA,NA,NA,NA,Y,4,0,1,2,A,-,01,23152,F,F,C,C,A,A,H,-,A,A,0,NA,NA,NA,NA,Y,NA,A,01,0,0,1,0,0,0,0,0,0,-,-,33.58605,-117.61305,ORANGE,UNINCORPORATED,-117.61312475,33.58597088
90614651,2017,2017-12-11,9670,2017-12-10,0805,019502,NA,7,1,9,3000,0,3,5,NA,2,004,MAGNOLIA AVE N/B,KATELLA AVE,0,NA,Y,A,-,N,NA,NA,NA,NA,NA,NA,NA,NA,NA,Y,3,0,2,2,A,-,12,21453,A,N,D,C,A,A,H,-,A,A,0,NA,NA,NA,NA,Y,NA,D,22,0,2,0,0,0,0,0,0,0,-,-,33.80309,-117.97568,ORANGE,UNINCORPORATED,-117.97565012,33.80308008
90617130,2017,2017-12-14,9675,2017-12-01,1730,021322,NA,5,2,7,3001,0,1,3,NA,2,571,SR-57 N/B TO SR-91 W/B,SR-91 EASTBOUND,200,S,N,A,-,Y,NA,NA,57,NA,NA,NA,R,NA,N,Y,4,0,4,2,A,-,03,22350,NA,N,C,C,A,A,H,-,C,D,0,NA,NA,NA,NA,Y,NA,A,07,0,0,4,0,0,0,0,0,0,-,-,33.84979,-117.87548,ORANGE,ANAHEIM,-117.87548,33.84979
90617243,2017,2017-12-14,9675,2017-12-07,1840,021322,NA,4,2,6,3026,0,1,1,NA,2,504,I-5 S/B FROM BAKE PKWY. W/B,BAKE PKWY,500,N,N,A,-,Y,NA,NA,5,NA,NA,NA,R,NA,S,Y,4,0,1,2,A,-,03,22350,NA,N,C,C,A,A,H,-,C,A,0,NA,NA,NA,NA,Y,NA,A,01,0,0,1,0,0,0,0,0,0,-,-,33.64021,-117.73264,ORANGE,IRVINE,-117.73264,33.64021
90617595,2017,2017-12-14,9690,2017-12-11,0958,017932,NA,1,1,4,3018,0,1,1,NA,2,057,I-5 S/B (SAN DIEGO FRWY),JUNIPERO SERRA RD,1650,N,N,A,-,Y,NA,NA,5,NA,NA,NA,NA,NA,S,Y,3,0,1,2,A,-,08,22107,NA,F,B,C,A,A,H,-,A,D,0,NA,NA,NA,NA,Y,NA,A,01,0,1,0,0,0,0,0,0,0,-,-,33.52057,-117.66596,ORANGE,SAN JUAN CAPISTRANO,-117.66591614,33.52058862
90617983,2017,2017-12-14,9675,2017-12-13,0635,017773,NA,3,1,6,3004,0,1,1,NA,2,405,I-405 S/B,SR-55,1056,N,N,A,-,Y,NA,NA,405,NA,NA,NA,NA,NA,S,Y,4,0,1,2,A,-,03,22350,NA,N,C,C,A,A,H,-,A,D,0,NA,NA,NA,NA,Y,NA,A,01,0,0,1,0,0,0,0,0,0,-,-,33.68709,-117.87471,ORANGE,COSTA MESA,-117.87471,33.68728484
90622210,2017,2017-12-21,9690,2017-12-18,1620,015927,NA,1,2,4,3045,0,1,1,NA,2,055,I-5 S/B (SAN DIEGO FRWY),EL TORO RD,300,N,N,B,-,Y,NA,NA,5,NA,NA,NA,NA,NA,S,Y,4,0,1,3,A,-,03,22350,NA,N,C,C,A,A,H,-,A,D,0,NA,NA,NA,NA,Y,NA,D,22,0,0,1,0,0,0,0,0,0,-,-,33.6153,-117.70868,ORANGE,LAGUNA HILLS,-117.70862099,33.61536734
90622215,2017,2017-12-21,9670,2017-12-15,1850,018867,NA,5,2,6,3009,0,1,3,NA,2,025,SR-22 W/B,HARBOR BLVD,20,W,N,A,-,Y,NA,NA,22,NA,NA,NA,NA,NA,W,N,4,0,2,2,A,-,03,22350,NA,N,C,C,A,A,H,-,D,D,0,NA,NA,NA,NA,Y,NA,A,01,0,0,2,0,0,0,0,0,0,-,-,33.76719,-117.92265,ORANGE,GARDEN GROVE,-117.92262842,33.76713107
90622585,2017,2017-12-21,9675,2017-12-12,0740,018733,NA,2,1,9,3000,0,3,5,NA,2,002,DODGE AVENUE,ETON PLACE,0,NA,Y,A,-,N,NA,NA,NA,NA,NA,NA,NA,NA,NA,N,3,0,1,2,A,-,10,21950,A,N,G,B,B,A,H,-,A,A,0,Y,NA,NA,NA,Y,NA,A,07,0,1,0,0,1,0,0,0,0,-,-,33.76641,-117.80941,ORANGE,UNINCORPORATED,-117.80945007,33.76644012