CASE_ID,ACCIDENT_YEAR,PROC_DATE,JURIS,COLLISION_DATE,COLLISION_TIME,OFFICER_ID,REPORTING_DISTRICT,DAY_OF_WEEK,CHP_SHIFT,POPULATION,CNTY_CITY_LOC,SPECIAL_COND,BEAT_TYPE,CHP_BEAT_TYPE,CITY_DIVISION_LAPD,CHP_BEAT_CLASS,BEAT_NUMBER,PRIMARY_RD,SECONDARY_RD,DISTANCE,DIRECTION,INTERSECTION,WEATHER_1,WEATHER_2,STATE_HWY_IND,CALTRANS_COUNTY,CALTRANS_DISTRICT,STATE_ROUTE,ROUTE_SUFFIX,POSTMILE_PREFIX,POSTMILE,LOCATION_TYPE,RAMP_INTERSECTION,SIDE_OF_HWY,TOW_AWAY,COLLISION_SEVERITY,NUMBER_KILLED,NUMBER_INJURED,PARTY_COUNT,PRIMARY_COLL_FACTOR,PCF_CODE_OF_VIOL,PCF_VIOL_CATEGORY,PCF_VIOLATION,PCF_VIOL_SUBSECTION,HIT_AND_RUN,TYPE_OF_COLLISION,MVIW,PED_ACTION,ROAD_SURFACE,ROAD_COND_1,ROAD_COND_2,LIGHTING,CONTROL_DEVICE,CHP_ROAD_TYPE,PEDESTRIAN_ACCIDENT,BICYCLE_ACCIDENT,MOTORCYCLE_ACCIDENT,TRUCK_ACCIDENT,NOT_PRIVATE_PROPERTY,ALCOHOL_INVOLVED,STWD_VEHTYPE_AT_FAULT,CHP_VEHTYPE_AT_FAULT,COUNT_SEVERE_INJ,COUNT_VISIBLE_INJ,COUNT_COMPLAINT_PAIN,COUNT_PED_KILLED,COUNT_PED_INJURED,COUNT_BICYCLIST_KILLED,COUNT_BICYCLIST_INJURED,COUNT_MC_KILLED,COUNT_MC_INJURED,PRIMARY_RAMP,SECONDARY_RAMP,LATITUDE,LONGITUDE,COUNTY,CITY,POINT_X,POINT_Y
90622671,2017,2017-12-21,9690,2017-12-15,1504,020194,NA,5,2,5,3028,0,1,1,NA,2,056,I-5 S/B FROM E/B OSO PARKWAY,OSO PKWY,150,S,N,A,-,Y,NA,NA,5,NA,NA,NA,R,NA,S,Y,3,0,2,2,A,-,03,22350,NA,N,C,C,A,A,H,-,A,A,0,NA,NA,NA,NA,Y,NA,A,01,0,1,1,0,0,0,0,0,0,-,-,33.57815,-117.67224,ORANGE,MISSION VIEJO,-117.67224,33.57815
90627705,2017,2017-12-27,9675,2017-12-21,1320,021406,NA,4,1,6,3015,0,1,3,NA,2,572,SR-57 S/B TO SR-22 W/B,THE CITY DRIVE,750,N,N,A,-,Y,NA,NA,NA,NA,NA,NA,NA,NA,NA,Y,4,0,3,3,A,-,03,22350,NA,N,C,C,A,A,H,-,A,D,0,NA,NA,NA,NA,Y,NA,D,22,0,0,3,0,0,0,0,0,0,-,-,33.7793,-117.89181,ORANGE,ORANGE,NA,NA
90630470,2018,2018-01-02,9670,2018-01-01,0421,021517,NA,1,3,3,3013,0,1,1,NA,2,060,I-605 N/B,KATELLA AVE,1056,S,N,A,-,Y,NA,NA,NA,NA,NA,NA,NA,NA,NA,Y,4,0,1,3,A,-,01,23152,A,N,C,C,A,A,H,-,D,D,0,NA,NA,NA,NA,Y,Y,A,01,0,0,1,0,0,0,0,0,0,-,-,33.47312927246094,-118.05161285400392,ORANGE,LOS ALAMITOS,-118.08319091796876,33.80051040649414
90630955,2017,2018-01-02,9670,2017-12-27,1000,017022,NA,3,1,4,3020,0,1,1,NA,2,044,I-405 N/B (SAN DIEGO FREEWAY),SEAL BEACH BOULEVARD,2640,S,N,A,-,Y,NA,NA,405,NA,NA,NA,NA,NA,N,N,3,0,1,2,A,-,03,22350,NA,N,C,C,A,A,H,-,A,D,0,NA,NA,NA,NA,Y,NA,D,22,0,1,0,0,0,0,0,0,0,-,-,33.77457,-118.06587,ORANGE,SEAL BEACH,-118.06586773,33.77445139
90631486,2017,2018-01-02,9675,2017-12-28,1850,021435,NA,4,2,4,3002,0,2,S,NA,2,901,BREA BLVD.,TONNER CYN RD,1680,S,N,A,-,N,NA,NA,NA,NA,NA,NA,NA,NA,NA,Y,4,0,1,2,A,-,01,23152,A,N,B,C,A,A,H,-,D,D,0,NA,NA,NA,NA,Y,Y,A,01,0,0,1,0,0,0,0,0,0,-,-,33.94082,-117.88413,ORANGE,BREA,NA,NA
90633519,2018,2018-01-05,9675,2018-01-04,0500,017773,NA,4,3,6,3026,0,1,1,NA,2,406,I-405 N/B,CULVER DR,528,N,N,A,-,Y,NA,NA,405,NA,NA,NA,NA,NA,N,Y,4,0,1,2,A,-,03,22350,NA,F,C,C,A,A,H,-,C,D,0,NA,NA,NA,NA,Y,NA,-,99,0,0,1,0,0,0,0,0,0,-,-,33.67034912109375,-117.82449340820313,ORANGE,IRVINE,-117.82453155517578,33.67021560668945
90633580,2017,2018-01-05,9675,2017-12-27,1847,020694,NA,3,2,4,3002,0,1,3,NA,2,570,SR-57 NORTHBOUND TO IMPERIAL HIGHWAY,ASSOCIATED RD,250,N,N,A,-,Y,NA,NA,NA,NA,NA,NA,NA,NA,NA,Y,3,0,4,3,A,-,03,22350,NA,N,C,C,A,A,H,-,D,D,0,NA,NA,NA,NA,Y,NA,A,08,0,2,2,0,0,0,0,0,0,-,-,33.90786,-117.88188,ORANGE,BREA,-117.88220626,33.90779934
90635754,2017,2018-01-09,9675,2017-12-28,1755,021435,NA,4,2,5,3016,0,1,3,NA,2,571,SR-57 NORTHBOUND,LA JOLLA ST,100,S,N,A,-,Y,NA,NA,57,NA,NA,NA,NA,NA,N,Y,4,0,1,2,A,-,03,22350,NA,N,C,C,A,A,H,-,C,D,0,NA,NA,NA,NA,Y,NA,A,01,0,0,1,0,0,0,0,0,0,-,-,33.85662,-117.87575,ORANGE,PLACENTIA,-117.87555876,33.85666781
90636213,2018,2018-01-09,9690,2018-01-04,1049,020194,NA,4,1,5,3050,0,1,3,NA,2,031,SR 241 S/B (FOOTHILL TRANS CORRIDOR),LAKE FOREST DR,684,N,N,A,-,Y,NA,NA,241,NA,NA,NA,NA,NA,S,Y,3,0,1,1,A,-,08,22107,NA,N,F,I,A,A,H,-,A,D,0,NA,NA,NA,NA,Y,NA,A,07,0,1,0,0,0,0,0,0,0,-,-,33.6723518371582,-117.6631317138672,ORANGE,LAKE FOREST,-117.66305541992188,33.67253875732422
90636382,2018,2018-01-09,9690,2018-01-06,2301,020366,NA,6,3,5,3017,0,1,1,NA,2,059,I-5 N/B (SAN DIEGO FRWY),CRISTIANITOS RD,1700,N,N,B,-,Y,NA,NA,5,NA,NA,NA,NA,NA,N,Y,3,0,1,1,C,-,18,NA,NA,N,E,J,A,A,B,-,D,D,0,NA,NA,NA,NA,Y,NA,-,-,0,1,0,0,0,0,0,0,0,-,-,33.39965057373047,-117.59555053710938,ORANGE,SAN CLEMENTE,-117.59532165527344,33.39976501464844
90636386,2018,2018-01-09,9675,2018-01-06,1842,021716,NA,6,2,7,3001,0,1,3,NA,2,094,SR-91 EASTBOUND,PERALTA SCALES,200,W,N,A,-,Y,NA,NA,91,NA,NA,NA,NA,NA,E,Y,4,0,1,2,A,-,03,22350,NA,N,C,C,A,A,H,-,C,D,0,NA,NA,NA,NA,Y,NA,A,01,0,0,1,0,0,0,0,0,0,-,-,33.867679595947266,-117.76174926757813,ORANGE,ANAHEIM,-117.7617645263672,33.86772155761719
90641093,2018,2018-01-16,9690,2018-01-12,1800,020661,NA,5,2,5,3017,0,1,1,NA,2,059,I-5 S/B (SAN DIEGO FRWY),AVENIDA PALIZADA,1584,N,N,A,-,Y,NA,NA,5,NA,NA,NA,NA,NA,S,Y,4,0,3,2,A,-,03,22350,NA,N,C,C,A,A,H,-,E,D,0,NA,NA,NA,NA,Y,NA,D,22,0,0,3,0,0,0,0,0,0,-,-,33.434600830078125,-117.61737060546876,ORANGE,SAN CLEMENTE,-117.61734771728516,33.43461608886719
90641576,2018,2018-01-17,9670,2018-01-12,1515,020134,NA,5,2,5,3007,0,1,1,NA,2,041,I-405 S/B TO BROOKHURST ST.,BROOKHURST ST,10,W,N,A,-,Y,NA,NA,405,NA,NA,NA,R,NA,S,N,4,0,1,2,A,-,03,22350,NA,N,C,C,A,A,H,-,A,D,0,NA,NA,NA,NA,Y,NA,A,07,0,0,1,0,0,0,0,0,0,-,-,33.70338821411133,-117.95458984375,ORANGE,FOUNTAIN VALLEY,-117.95458984375,33.70338821411133
90643265,2018,2018-01-19,9675,2018-01-06,1203,020627,NA,6,1,5,3022,0,1,3,NA,2,551,SR-55 NORTHBOUND,SANTA CLARA AVE,1000,N,N,A,-,Y,NA,NA,55,NA,NA,NA,NA,NA,N,Y,3,0,2,2,A,-,08,22107,NA,N,B,E,A,A,H,-,A,D,0,NA,NA,NA,NA,Y,NA,A,01,0,1,1,0,0,0,0,0,0,-,-,33.77016830444336,-117.83065032958984,ORANGE,TUSTIN,-117.83082580566406,33.77016830444336
90644243,2018,2018-01-22,9675,2018-01-12,2155,021809,NA,5,2,6,3004,0,1,3,NA,2,553,SR-55 N/B,SANTA ISABEL AVE,430,N,N,A,-,Y,NA,NA,55,NA,NA,NA,NA,NA,N,Y,4,0,1,1,A,-,08,22107,NA,F,E,I,A,A,H,-,C,D,0,NA,NA,NA,NA,Y,NA,A,01,0,0,1,0,0,0,0,0,0,-,-,33.658470153808594,-117.9019775390625,ORANGE,COSTA MESA,-117.9021224975586,33.65861511230469
9064615,2020,2020-03-20,3003,2020-03-01,0138,1247,NA,7,5,5,3003,0,0,0,NA,0,001,STANTON AV,COMMONWEALTH AV,56,N,N,A,-,N,NA,NA,NA,NA,NA,NA,NA,NA,NA,Y,3,0,2,2,A,-,12,21453,A,N,D,C,A,A,H,-,C,A,0,NA,NA,NA,NA,Y,NA,A,01,0,1,1,0,0,0,0,0,0,-,-,33.86989974975586,-117.9936981201172,ORANGE,BUENA PARK,-117.99385833740234,33.870033264160156
90650192,2018,2018-01-29,9670,2018-01-21,1710,021071,NA,7,2,5,3003,0,1,1,NA,2,501,I-5 S/B,WESTERN AVE,100,S,N,A,-,Y,NA,NA,5,NA,NA,NA,NA,NA,S,Y,4,0,1,2,A,-,03,22350,NA,N,C,C,A,A,H,-,B,D,0,NA,NA,NA,NA,Y,NA,A,01,0,0,1,0,0,0,0,0,0,-,-,33.868309020996094,-118.00222778320313,ORANGE,BUENA PARK,-118.00222778320313,33.86832046508789
90650324,2018,2018-01-29,9670,2018-01-14,0343,021517,NA,7,3,5,3024,0,1,1,NA,2,042,I-405 N/B,GOLDENWEST ST,528,N,N,A,-,Y,NA,NA,NA,NA,NA,NA,NA,NA,NA,Y,4,0,1,2,A,-,03,22350,NA,N,C,C,A,A,H,-,D,D,0,NA,NA,NA,NA,Y,NA,A,01,0,0,1,0,0,0,0,0,0,-,-,33.44477081298828,-118.0026397705078,ORANGE,WESTMINSTER,-118.0082550048828,33.74772644042969
90651148,2018,2018-01-30,9675,2018-01-25,1945,021397,NA,4,2,5,3022,0,1,1,NA,2,503,I-5 NORTHBOUND,NEWPORT AVE,260,N,N,A,-,Y,NA,NA,5,NA,NA,NA,NA,NA,N,Y,4,0,1,2,A,-,03,22350,NA,N,C,C,A,A,H,-,A,D,0,NA,NA,NA,NA,Y,NA,A,01,0,0,1,0,0,0,0,0,0,-,-,33.73752975463867,-117.82393646240234,ORANGE,TUSTIN,-117.82394409179688,33.737525939941406
90652186,2018,2018-01-31,9670,2018-01-15,1534,019290,NA,1,2,6,3009,0,1,3,NA,2,024,SR-22 E/B (GARDEN GROVE FWY),GARDEN GROVE BLVD.,1584,W,N,A,-,Y,NA,NA,22,NA,NA,NA,NA,NA,E,N,4,0,1,2,A,-,03,22350,NA,F,C,C,A,A,H,-,A,D,0,NA,NA,NA,NA,Y,NA,A,07,0,0,1,0,0,0,0,0,0,-,-,33.771820068359375,-117.90973663330078,ORANGE,GARDEN GROVE,-117.90975952148438,33.7718620300293
90655163,2018,2018-02-05,9675,2018-02-01,0556,021962,NA,4,3,7,3019,0,1,1,NA,2,503,I-5 SOUTHBOUND,SR-55 NORTHBOUND,1500,N,N,A,-,Y,NA,NA,5,NA,NA,NA,NA,NA,S,Y,4,0,2,3,A,-,03,22350,NA,N,C,C,A,A,H,-,B,D,0,NA,NA,NA,Y,Y,NA,F,27,0,0,2,0,0,0,0,0,0,-,-,33.74171829223633,-117.83753204345705,ORANGE,SANTA ANA,-117.83748626708984,33.7418327331543
90655320,2018,2018-02-05,9675,2018-02-01,0730,017773,NA,4,1,6,3026,0,1,1,NA,2,503,I-5 S/B,YALE AVE,1584,N,N,A,-,Y,NA,NA,5,NA,NA,NA,NA,NA,S,Y,4,0,2,2,A,-,03,22350,NA,N,C,C,A,A,H,-,A,D,0,NA,NA,NA,NA,Y,NA,A,01,0,0,2,0,0,0,0,0,0,-,-,33.70212173461914,-117.77644348144533,ORANGE,IRVINE,-117.77652740478516,33.702064514160156
9065575,2020,2020-10-20,3008,2020-03-12,0919,1578,ZONE2,4,5,6,3008,0,0,0,NA,0,NA,HARBOR BL,CHAPMAN AV,23,N,N,B,C,N,NA,NA,NA,NA,NA,NA,NA,NA,NA,N,4,0,1,2,A,-,03,22350,NA,N,C,C,A,B,F,-,A,A,0,NA,NA,NA,NA,Y,NA,A,07,0,0,1,0,0,0,0,0,0,-,-,NA,NA,ORANGE,FULLERTON,-117.9243392944336,33.873992919921875
90655990,2018,2018-02-06,9670,2018-01-27,1550,021579,NA,6,2,4,3020,0,1,1,NA,2,440,I-405 N/B,SEAL BEACH BLVD,500,S,N,A,-,Y,NA,NA,405,NA,NA,NA,NA,NA,N,Y,4,0,1,4,A,-,03,22350,NA,M,C,C,A,A,H,-,A,D,0,NA,NA,NA,NA,Y,NA,A,01,0,0,1,0,0,0,0,0,0,-,-,33.77479934692383,-118.07380676269533,ORANGE,SEAL BEACH,-118.07381439208984,33.77448654174805
90656608,2018,2018-02-07,9690,2018-01-31,1430,016430,NA,3,2,4,3045,0,1,1,NA,2,055,I-5 S/B (SAN DIEGO FRWY),LAKE FOREST DR,0,NA,N,B,-,Y,NA,NA,NA,NA,NA,NA,NA,NA,NA,N,4,0,3,5,A,-,03,22350,NA,N,C,C,A,A,H,-,A,D,0,NA,NA,NA,NA,Y,NA,A,01,0,0,3,0,0,0,0,0,0,-,-,33.623470306396484,-117.16265106201172,ORANGE,LAGUNA HILLS,-117.72089385986328,33.6284294128418
90657178,2018,2018-02-09,9675,2018-02-02,0720,020627,NA,5,1,6,3004,0,1,3,NA,2,553,SR-55 NORTHBOUND,BAKER ST,10,S,N,A,-,Y,NA,NA,55,NA,NA,NA,NA,NA,N,Y,4,0,1,2,A,-,03,22350,NA,N,C,C,A,A,H,-,A,D,0,NA,NA,NA,NA,Y,NA,A,01,0,0,1,0,0,0,0,0,0,-,-,33.67966842651367,-117.87931823730467,ORANGE,COSTA MESA,-117.87946319580078,33.6798095703125
90658093,2018,2018-02-09,9675,2018-02-02,1445,021322,NA,5,2,9,3000,0,1,1,NA,2,406,I-405 NORTHBOUND,MACARTHUR BLVD,150,N,N,A,-,Y,NA,NA,405,NA,NA,NA,NA,NA,N,Y,4,0,1,2,A,-,03,22350,NA,N,C,C,A,A,H,-,A,D,0,NA,NA,NA,NA,Y,NA,A,01,0,0,1,0,0,0,0,0,0,-,-,33.6832389831543,-117.8578872680664,ORANGE,UNINCORPORATED,-117.85787963867188,33.683265686035156
90659243,2018,2018-02-12,9670,2018-02-09,0755,013414,NA,5,1,6,3009,0,1,3,NA,2,025,SR-22 W/B,NEWHOPE STREET,100,W,N,A,-,Y,NA,NA,22,NA,NA,NA,NA,NA,W,N,4,0,1,2,A,-,03,22350,NA,N,C,C,A,A,H,-,A,D,0,NA,NA,NA,NA,Y,NA,A,08,0,0,1,0,0,0,0,0,0,-,-,33.766258239746094,-117.92867279052734,ORANGE,GARDEN GROVE,-117.92867279052734,33.766197204589844
9066084,2020,2020-11-13,3002,2020-05-06,1124,1447,NA,3,5,4,3002,0,0,0,NA,0,012,LAMBERT RD,WANDERING LN,0,NA,Y,A,-,N,NA,NA,NA,NA,NA,NA,NA,NA,NA,Y,4,0,1,2,A,-,12,21453,A,N,D,C,A,A,H,-,A,A,0,NA,NA,NA,NA,Y,NA,A,07,0,0,1,0,0,0,0,0,0,-,-,33.924678802490234,-117.87193298339844,ORANGE,BREA,-117.87203979492188,33.9251594543457
9066226,2020,2020-07-14,3022,2020-03-31,1728,1096,NA,2,5,5,3022,0,0,0,NA,0,NA,JAMBOREE RD,EL CAMINO REAL,0,NA,Y,B,-,N,NA,NA,NA,NA,NA,NA,NA,NA,NA,Y,3,0,1,2,A,-,09,21453,C,N,D,C,A,A,H,-,A,A,0,NA,NA,NA,NA,Y,NA,A,01,0,1,0,0,0,0,0,0,0,-,-,33.72296905517578,-117.79216766357422,ORANGE,TUSTIN,-117.79248809814452,33.7224006652832
90663342,2018,2018-02-16,9675,2018-02-07,1435,021397,NA,3,2,7,3019,0,1,1,NA,2,502,I-5 SOUTHBOUND FROM 17TH ST.,17TH ST.,1255,S,N,A,-,Y,NA,NA,5,NA,NA,NA,R,NA,S,N,4,0,1,2,A,-,03,22350,NA,N,C,C,A,A,H,-,A,A,0,NA,NA,NA,NA,Y,NA,A,01,0,0,1,0,0,0,0,0,0,-,-,33.757930755615234,-117.85954284667967,ORANGE,SANTA ANA,-117.85954284667967,33.757930755615234
90664323,2018,2018-02-20,9670,2018-02-07,1630,021719,NA,3,2,5,3003,0,1,3,NA,2,091,SR-91 W/B,KNOTT AVE,1000,W,N,A,-,Y,NA,NA,91,NA,NA,NA,NA,NA,W,N,3,0,1,2,A,-,03,22350,NA,N,C,C,A,A,H,-,A,D,0,NA,NA,NA,NA,Y,NA,A,01,0,1,0,0,0,0,0,0,0,-,-,33.856109619140625,-118.01470947265624,ORANGE,BUENA PARK,-118.01470947265624,33.85606002807617
90664374,2018,2018-02-20,9670,2018-02-08,1745,017951,NA,4,2,5,3024,0,1,1,NA,2,044,I-405 NORTHBOUND (SAN DIEGO FREEWAY),VALLEY VIEW STREET,803,N,N,A,-,Y,NA,NA,405,NA,NA,NA,NA,NA,N,Y,2,0,1,3,A,-,07,21658,A,N,B,C,A,A,H,-,C,D,0,NA,NA,Y,NA,Y,NA,A,01,1,0,0,0,0,0,0,0,1,-,-,33.77465057373047,-118.04450225830078,ORANGE,WESTMINSTER,-118.04450225830078,33.7748908996582
90664565,2018,2018-02-20,9670,2018-02-10,1750,021579,NA,6,2,5,3003,0,1,3,NA,2,092,SR-91 E/B,KNOTT AVE,1056,E,N,B,-,Y,NA,NA,91,NA,NA,NA,NA,NA,E,Y,4,0,2,3,A,-,03,22350,NA,N,C,C,A,A,H,-,D,D,0,NA,NA,NA,NA,Y,NA,A,08,0,0,2,0,0,0,0,0,0,-,-,33.85578918457031,-118.00589752197266,ORANGE,BUENA PARK,-118.00589752197266,33.855934143066406
90665230,2018,2018-02-21,9675,2018-02-08,0852,021962,NA,4,1,5,3022,0,1,1,NA,2,530,I-5 SOUTHBOUND,SR-55 NORTHBOUND,1900,S,N,A,-,Y,NA,NA,5,NA,NA,NA,NA,NA,S,Y,3,0,1,2,A,-,08,22107,NA,N,F,A,A,A,H,-,A,D,0,NA,NA,Y,NA,Y,NA,A,07,0,1,0,0,0,0,0,0,1,-,-,33.73889923095703,-117.82894897460938,ORANGE,TUSTIN,-117.82897186279295,33.738826751708984
90665270,2018,2018-02-21,9690,2018-02-19,1947,018526,NA,1,2,5,3050,0,1,3,NA,2,041,SR 241 S/B (FOOTHILL TRANS CORRIDOR),BAKE PARKWAY,100,S,N,A,-,Y,NA,NA,241,NA,NA,NA,NA,NA,S,Y,4,0,1,2,A,-,03,22350,NA,N,C,C,A,A,H,-,C,D,0,NA,NA,NA,NA,Y,NA,D,22,0,0,1,0,0,0,0,0,0,-,-,33.673519134521484,-117.66655731201172,ORANGE,LAKE FOREST,-117.66641235351563,33.67387771606445
9067205,2020,2020-05-19,3026,2020-02-03,1500,7094,NA,1,5,6,3026,0,0,0,NA,0,00P,MEDALLION AV,ENCORE,16,S,N,A,-,N,NA,NA,NA,NA,NA,NA,NA,NA,NA,N,3,0,1,2,D,-,00,NA,NA,N,H,G,A,A,H,-,A,A,0,NA,Y,NA,NA,Y,NA,-,-,0,1,0,0,0,0,1,0,0,-,-,NA,NA,ORANGE,IRVINE,-117.73560333251952,33.70548629760742
90672584,2018,2018-03-01,9675,2018-02-28,2124,020732,NA,3,2,9,3000,0,2,4,NA,2,022,17TH STREET E/B,HOLT AVE,0,NA,Y,A,-,N,NA,NA,NA,NA,NA,NA,NA,NA,NA,Y,3,0,2,2,A,-,01,23152,A,N,A,C,A,A,H,-,C,A,0,NA,NA,NA,NA,Y,Y,A,01,0,2,0,0,0,0,0,0,0,-,-,33.759979248046875,-117.81437683105467,ORANGE,UNINCORPORATED,-117.81436157226563,33.75999069213867
90674360,2018,2018-03-05,9670,2018-02-26,0650,021733,NA,1,1,6,3009,0,1,3,NA,2,020,SR-22 E/B FROM GARDEN GROVE BOULEVARD,KNOTT ST,150,E,N,A,-,Y,NA,NA,22,NA,NA,NA,R,NA,E,N,3,0,1,2,D,-,00,NA,NA,N,G,B,C,A,H,-,A,D,0,Y,NA,NA,NA,Y,NA,-,-,0,1,0,0,1,0,0,0,0,-,-,33.77280044555664,-118.00479888916016,ORANGE,GARDEN GROVE,-118.00479888916016,33.77280044555664
90676694,2018,2018-03-07,9670,2018-03-05,1646,021242,NA,1,2,7,3001,0,1,1,NA,2,502,I-5 N/B,ANAHEIM BLVD,1584,N,N,A,-,Y,NA,NA,5,NA,NA,NA,NA,NA,N,N,4,0,1,3,A,-,03,22350,NA,N,C,C,A,A,H,-,A,D,0,NA,NA,NA,NA,Y,NA,A,08,0,0,1,0,0,0,0,0,0,-,-,33.80952835083008,-117.9089584350586,ORANGE,ANAHEIM,-117.90895080566406,33.80953598022461
9067762,2020,2020-05-18,3001,2020-02-26,0752,A1404,NA,3,5,7,3001,0,0,0,NA,0,0D3,STATE COLLEGE BL,WAGNER AV,94,N,N,A,-,N,NA,NA,NA,NA,NA,NA,NA,NA,NA,NA,4,0,1,3,A,-,03,22350,NA,N,C,C,A,A,H,-,A,A,0,NA,NA,NA,NA,Y,NA,A,07,0,0,1,0,0,0,0,0,0,-,-,33.825401306152344,-117.88997650146484,ORANGE,ANAHEIM,-117.88935089111328,33.825626373291016
9067770,2020,2020-05-18,3001,2020-02-22,1453,A1466,D2,6,5,7,3001,0,0,0,NA,0,0D2,SYCAMORE ST,OLIVE ST,0,NA,Y,B,-,N,NA,NA,NA,NA,NA,NA,NA,NA,NA,N,4,0,2,3,A,-,12,22450,A,N,D,C,A,B,H,-,A,A,0,NA,NA,NA,NA,Y,NA,A,01,0,0,2,0,0,0,0,0,0,-,-,33.84061050415039,-117.91165924072266,ORANGE,ANAHEIM,-117.91156768798828,33.8406982421875
90678001,2018,2018-03-08,9675,2018-02-27,1326,020027,NA,2,1,7,3001,0,1,3,NA,2,571,SR-57 S/B TO SR-91 W/B,SR-91 WESTBOUND,305,N,N,B,-,Y,NA,NA,57,NA,NA,NA,R,NA,S,Y,4,0,1,1,A,-,08,22107,NA,N,E,I,A,A,H,-,A,D,0,NA,NA,NA,NA,Y,NA,D,22,0,0,1,0,0,0,0,0,0,-,-,33.8515510559082,-117.8768310546875,ORANGE,ANAHEIM,-117.8768310546875,33.8515510559082
90678673,2018,2018-03-09,9675,2018-03-03,0755,020627,NA,6,1,6,3026,0,1,1,NA,2,503,I-5 NORTHBOUND,JEFFREY RD,2000,N,N,A,-,Y,NA,NA,5,NA,NA,NA,NA,NA,N,Y,4,0,1,1,A,-,08,22107,NA,N,E,I,A,B,H,-,A,D,0,NA,NA,NA,NA,Y,NA,A,01,0,0,1,0,0,0,0,0,0,-,-,33.696590423583984,-117.77246856689452,ORANGE,IRVINE,-117.77252197265624,33.69655990600586
90679422,2018,2018-03-12,9675,2018-03-04,0153,020650,NA,7,3,5,3014,0,1,3,NA,2,074,SR-73 SOUTHBOUND,BONITA CYN DR,850,S,N,B,-,Y,NA,NA,73,NA,NA,NA,NA,NA,S,Y,2,0,2,1,A,-,03,22350,NA,N,E,I,A,B,H,-,D,D,0,NA,NA,NA,NA,Y,NA,A,01,1,1,0,0,0,0,0,0,0,-,-,33.62948989868164,-117.8367919921875,ORANGE,NEWPORT BEACH,-117.8368911743164,33.62919616699219
90680134,2018,2018-03-12,9670,2018-02-28,1029,021910,NA,3,1,4,3020,0,1,1,NA,2,045,I-405 S/B,I-605,2112,S,N,A,-,Y,NA,NA,405,NA,NA,NA,NA,NA,S,Y,3,0,2,4,A,-,07,21658,A,N,B,C,A,A,H,-,A,D,0,NA,NA,NA,Y,Y,NA,A,01,0,1,1,0,0,0,0,0,0,-,-,33.778141021728516,-118.08989715576172,ORANGE,SEAL BEACH,-118.08982849121094,33.778160095214844
90680650,2018,2018-03-13,9675,2018-03-06,1530,021322,NA,2,2,6,3026,0,1,1,NA,2,503,I-5 NORTHBOUND,JAMBOREE RD,2000,S,N,A,-,Y,NA,NA,5,NA,NA,NA,NA,NA,N,N,3,0,1,2,A,-,08,22107,NA,N,C,C,A,A,H,-,A,D,0,NA,NA,Y,NA,Y,NA,A,08,0,1,0,0,0,0,0,0,1,-,-,33.71543884277344,-117.78904724121094,ORANGE,IRVINE,-117.78900146484376,33.71551513671875
90683305,2018,2018-03-16,9675,2018-03-10,0435,021483,NA,6,3,7,3001,0,1,3,NA,2,571,"SR-57 S/B, TO SR-91 W/B",MIRA LOMA AVE.,1000,S,N,A,-,Y,NA,NA,57,NA,NA,NA,R,NA,S,Y,3,0,1,1,A,-,08,22107,NA,N,E,I,A,A,H,-,C,D,0,NA,NA,NA,NA,Y,NA,A,07,0,1,0,0,0,0,0,0,0,-,-,33.85150909423828,-117.87657165527344,ORANGE,ANAHEIM,-117.87657165527344,33.85150909423828
9068356,2020,2020-07-23,3003,2020-04-28,1229,652,NA,2,5,5,3003,0,0,0,NA,0,NA,MALVERN AV,MONTICELLO AV,369,E,N,A,-,N,NA,NA,NA,NA,NA,NA,NA,NA,NA,N,4,0,1,1,A,-,08,22107,NA,N,E,I,A,A,H,-,A,D,0,NA,NA,NA,NA,Y,NA,D,22,0,0,1,0,0,0,0,0,0,-,-,33.87779998779297,-117.98429870605467,ORANGE,BUENA PARK,-117.98495483398438,33.87786102294922
90684128,2018,2018-03-19,9675,2018-03-17,2025,021914,NA,6,2,7,3019,0,1,1,NA,2,502,I-5 SOUTHBOUND,4TH ST,1500,N,N,B,-,Y,NA,NA,5,NA,NA,NA,NA,NA,S,Y,4,0,1,3,A,-,03,22350,NA,N,C,C,A,A,H,-,D,D,0,NA,NA,NA,NA,Y,NA,A,07,0,0,1,0,0,0,0,0,0,-,-,33.751319885253906,-117.84619140625,ORANGE,SANTA ANA,-117.84612274169922,33.75140380859375
90684321,2018,2018-03-19,9675,2018-03-13,0820,021941,NA,2,1,4,3002,0,1,3,NA,2,570,SR-57 S/B,LAMBERT RD,800,N,N,B,-,Y,NA,NA,57,NA,NA,NA,NA,NA,S,N,4,0,2,3,A,-,03,22350,NA,N,C,C,A,A,H,-,A,D,0,NA,NA,NA,NA,Y,NA,A,01,0,0,2,0,0,0,0,0,0,-,-,33.933021545410156,-117.87930297851563,ORANGE,BREA,-117.87922668457033,33.9329948425293