CASE_ID,ACCIDENT_YEAR,PROC_DATE,JURIS,COLLISION_DATE,COLLISION_TIME,OFFICER_ID,REPORTING_DISTRICT,DAY_OF_WEEK,CHP_SHIFT,POPULATION,CNTY_CITY_LOC,SPECIAL_COND,BEAT_TYPE,CHP_BEAT_TYPE,CITY_DIVISION_LAPD,CHP_BEAT_CLASS,BEAT_NUMBER,PRIMARY_RD,SECONDARY_RD,DISTANCE,DIRECTION,INTERSECTION,WEATHER_1,WEATHER_2,STATE_HWY_IND,CALTRANS_COUNTY,CALTRANS_DISTRICT,STATE_ROUTE,ROUTE_SUFFIX,POSTMILE_PREFIX,POSTMILE,LOCATION_TYPE,RAMP_INTERSECTION,SIDE_OF_HWY,TOW_AWAY,COLLISION_SEVERITY,NUMBER_KILLED,NUMBER_INJURED,PARTY_COUNT,PRIMARY_COLL_FACTOR,PCF_CODE_OF_VIOL,PCF_VIOL_CATEGORY,PCF_VIOLATION,PCF_VIOL_SUBSECTION,HIT_AND_RUN,TYPE_OF_COLLISION,MVIW,PED_ACTION,ROAD_SURFACE,ROAD_COND_1,ROAD_COND_2,LIGHTING,CONTROL_DEVICE,CHP_ROAD_TYPE,PEDESTRIAN_ACCIDENT,BICYCLE_ACCIDENT,MOTORCYCLE_ACCIDENT,TRUCK_ACCIDENT,NOT_PRIVATE_PROPERTY,ALCOHOL_INVOLVED,STWD_VEHTYPE_AT_FAULT,CHP_VEHTYPE_AT_FAULT,COUNT_SEVERE_INJ,COUNT_VISIBLE_INJ,COUNT_COMPLAINT_PAIN,COUNT_PED_KILLED,COUNT_PED_INJURED,COUNT_BICYCLIST_KILLED,COUNT_BICYCLIST_INJURED,COUNT_MC_KILLED,COUNT_MC_INJURED,PRIMARY_RAMP,SECONDARY_RAMP,LATITUDE,LONGITUDE,COUNTY,CITY,POINT_X,POINT_Y
9112319,2020,2020-10-28,3003,2020-05-22,1417,1093,NA,5,5,5,3003,0,0,0,NA,0,NA,CRESCENT AV,KNOTT AV,113,E,N,A,-,N,NA,NA,NA,NA,NA,NA,NA,NA,NA,Y,4,0,2,2,A,-,09,21801,A,N,D,C,A,A,H,-,A,D,0,NA,NA,NA,NA,Y,NA,D,22,0,0,2,0,0,0,0,0,0,-,-,33.8390998840332,-118.010498046875,ORANGE,BUENA PARK,-118.01075744628906,33.83924865722656
9112805,2020,2020-11-05,3010,2020-06-08,1938,1261,171,1,5,6,3010,0,0,0,NA,0,008,RT 1,BROADWAY,0,NA,Y,A,-,Y,ORA,12,1,-,-,30.501,I,5,N,Y,4,0,1,2,A,-,03,22350,NA,N,C,C,A,A,H,-,B,A,0,NA,NA,NA,NA,Y,NA,A,01,0,0,1,0,0,0,0,0,0,-,-,NA,NA,ORANGE,HUNTINGTON BEACH,-118.07039642333984,33.718055725097656
9112918,2020,2020-09-21,3001,2020-06-06,1047,A1126,NA,6,5,7,3001,0,0,0,NA,0,NA,RIVERDALE AV,TUSTIN AV,0,NA,Y,A,-,N,NA,NA,NA,NA,NA,NA,NA,NA,NA,Y,3,0,3,2,D,-,00,NA,NA,N,A,C,A,A,H,-,A,A,0,NA,NA,NA,NA,Y,NA,-,-,0,1,2,0,0,0,0,0,0,-,TO,33.847251892089844,-117.83495330810548,ORANGE,ANAHEIM,-117.83486175537108,33.846981048583984
9112919,2020,2020-08-28,3001,2020-06-01,1443,A2406,D-4,1,5,7,3001,0,0,0,NA,0,D-4,LA PALMA AV,KRAEMER PL,209,W,N,B,-,N,NA,NA,NA,NA,NA,NA,NA,NA,NA,Y,4,0,1,2,A,-,03,22350,NA,M,B,C,A,A,H,-,A,D,0,NA,NA,NA,NA,Y,NA,A,01,0,0,1,0,0,0,0,0,0,-,-,33.850868225097656,-117.85894012451172,ORANGE,ANAHEIM,-117.85945129394533,33.85059356689453
91129334,2019,2019-11-25,9690,2019-11-24,0610,015275,NA,7,1,5,3028,0,1,1,NA,2,056,I-5 S/B (SAN DIEGO FRWY),OSO PARKWAY,1056,S,N,A,-,Y,NA,NA,5,NA,NA,NA,NA,NA,S,Y,4,0,1,3,A,-,08,22107,NA,N,C,C,A,A,H,-,B,D,0,NA,NA,NA,NA,Y,NA,A,07,0,0,1,0,0,0,0,0,0,-,-,33.570701599121094,-117.67195892333984,ORANGE,MISSION VIEJO,-117.67205810546876,33.570701599121094
91129655,2019,2019-11-26,9675,2019-11-16,1010,021394,NA,6,1,6,3015,0,1,1,NA,2,502,I-5 SOUTHBOUND,STATE COLLEGE BLVD,500,S,N,A,-,Y,NA,NA,5,NA,NA,NA,NA,NA,S,Y,4,0,1,2,A,-,03,22350,NA,N,C,C,A,A,H,-,A,D,0,NA,NA,NA,NA,Y,NA,A,08,0,0,1,0,0,0,0,0,0,-,-,33.79167938232422,-117.890380859375,ORANGE,ORANGE,-117.8903579711914,33.79170608520508
91130329,2019,2019-11-26,9675,2019-11-18,1337,021483,NA,1,1,7,3001,0,1,3,NA,2,095,SR-91 EASTBOUND,WEIR CYN RD,3500,E,N,A,-,Y,NA,NA,91,NA,NA,NA,NA,NA,E,Y,4,0,1,3,A,-,03,22350,NA,N,C,C,A,A,H,-,A,D,0,NA,NA,NA,NA,Y,NA,A,07,0,0,1,0,0,0,0,0,0,-,-,33.869930267333984,-117.73319244384766,ORANGE,ANAHEIM,-117.7332000732422,33.86989212036133
91130590,2019,2019-11-27,9670,2019-11-24,1730,020175,NA,7,2,6,3009,0,1,3,NA,2,025,SR-22 W/B,HARBOR BLVD.,634,W,N,A,-,Y,NA,NA,22,NA,NA,NA,NA,NA,W,Y,4,0,1,4,A,-,03,22350,NA,N,C,C,A,A,H,-,A,D,0,NA,NA,NA,NA,Y,NA,A,01,0,0,1,0,0,0,0,0,0,-,-,33.76647186279297,-117.92494201660156,ORANGE,GARDEN GROVE,-117.9249267578125,33.76642608642578
91130596,2019,2019-11-27,9675,2019-11-19,0648,018834,NA,2,1,5,3022,0,1,3,NA,2,051,SR-55 SOUTHBOUND,I-5 NORTHBOUND,10,N,N,A,-,Y,NA,NA,55,NA,NA,NA,NA,NA,S,Y,3,0,1,3,A,-,06,21755,A,N,B,C,A,A,H,-,B,D,0,NA,NA,Y,NA,Y,NA,C,02,0,1,0,0,0,0,0,0,1,-,-,33.741111755371094,-117.83390808105467,ORANGE,TUSTIN,-117.83393096923828,33.74110794067383
91131860,2019,2019-11-29,9675,2019-11-19,0745,017313,NA,2,1,6,3026,0,1,1,NA,2,504,I-5 NORTHBOUND,JEFFREY RD,525,S,N,A,-,Y,NA,NA,NA,NA,NA,NA,NA,NA,NA,Y,2,0,1,3,A,-,07,21658,A,N,C,C,A,A,H,-,A,D,0,NA,NA,Y,NA,Y,NA,C,02,1,0,0,0,0,0,0,0,1,-,-,33.689910888671875,-117.68531799316406,ORANGE,IRVINE,-117.76822662353516,33.689998626708984
91132792,2019,2019-12-02,9690,2019-11-28,0155,020375,NA,4,3,5,3028,0,1,1,NA,2,055,I-5 N/B FROM ALICIA PARKWAY,ALICIA PKWY,700,N,N,C,-,Y,NA,NA,5,NA,NA,NA,R,NA,N,Y,4,0,1,1,A,-,01,23152,A,N,E,I,A,B,H,-,C,D,0,NA,NA,NA,NA,Y,Y,A,01,0,0,1,0,0,0,0,0,0,-,-,33.60663986206055,-117.6933822631836,ORANGE,MISSION VIEJO,-117.6933822631836,33.60663986206055
91133128,2019,2019-12-02,9675,2019-11-20,0607,017773,NA,3,1,6,3026,0,1,3,NA,2,074,STATE ROUTE 73 NORTHBOUND,MACARTHUR BOULEVARD,1000,N,N,C,-,Y,NA,NA,73,NA,NA,NA,NA,NA,N,Y,4,0,2,3,A,-,03,22350,NA,N,C,C,A,B,C,-,C,D,0,NA,NA,NA,NA,Y,NA,D,22,0,0,2,0,0,0,0,0,0,-,-,33.644798278808594,-117.86009979248048,ORANGE,IRVINE,-117.860107421875,33.644798278808594
91134113,2019,2019-12-03,9690,2019-11-24,0200,020463,NA,7,3,9,3000,0,1,3,NA,1,074,SR-74 (ORTEGA HWY),MPM 14.00,540,W,N,A,-,Y,NA,NA,74,NA,NA,NA,NA,NA,NA,Y,3,0,2,1,A,-,03,22350,NA,N,E,I,A,A,H,-,D,D,0,NA,NA,NA,NA,Y,NA,A,01,0,1,1,0,0,0,0,0,0,-,-,33.59236145019531,-117.49224853515624,ORANGE,UNINCORPORATED,-117.49226379394533,33.59238815307617
91137407,2019,2019-12-06,9675,2019-11-28,0820,018714,NA,4,1,6,3026,0,1,1,NA,2,503,I-5 N/B,CULVER DR,1740,S,N,B,C,Y,NA,NA,NA,NA,NA,NA,NA,NA,NA,Y,4,0,1,3,A,-,03,22350,NA,F,B,C,A,B,H,-,A,D,0,NA,NA,NA,NA,Y,NA,-,99,0,0,1,0,0,0,0,0,0,-,-,33.42210006713867,-117.46430206298828,ORANGE,IRVINE,-117.77893829345705,33.70635223388672
91137755,2019,2019-12-06,9690,2019-11-30,1005,019199,NA,6,1,9,3000,0,3,5,NA,2,004,ANTONIO PKWY,AVENDALE,10,N,N,A,-,N,NA,NA,NA,NA,NA,NA,NA,NA,NA,Y,4,0,2,2,A,-,03,22350,NA,N,C,C,A,A,H,-,A,A,0,NA,NA,NA,NA,Y,NA,A,07,0,0,2,0,0,0,0,0,0,-,-,33.55141067504883,-117.62940216064452,ORANGE,UNINCORPORATED,-117.62973022460938,33.55168914794922
91139592,2019,2019-12-10,9670,2019-12-09,0740,013953,NA,1,1,6,3009,0,1,3,NA,2,024,SR-22 E/B (GARDEN GROVE FWY),PEARCE STREET PED O/C,1000,W,N,A,-,Y,NA,NA,22,NA,NA,NA,NA,NA,E,N,4,0,1,2,A,-,03,22350,NA,N,C,C,A,A,H,-,A,D,0,NA,NA,NA,NA,Y,NA,A,01,0,0,1,0,0,0,0,0,0,-,-,33.76926040649414,-117.91615295410156,ORANGE,GARDEN GROVE,-117.9161376953125,33.76923370361328
91139810,2019,2019-12-11,9690,2019-12-07,1715,019089,NA,6,2,4,3018,0,1,1,NA,2,057,I-5 S/B (SAN DIEGO FRWY),PACIFIC COAST HIGHWAY,898,N,N,B,-,Y,NA,NA,5,NA,NA,NA,NA,NA,S,Y,4,0,2,2,A,-,03,22350,NA,N,C,C,A,A,H,-,D,D,0,NA,NA,NA,NA,Y,NA,A,01,0,0,2,0,0,0,0,0,0,-,-,33.468788146972656,-117.67320251464844,ORANGE,SAN JUAN CAPISTRANO,-117.67318725585938,33.46879959106445
9114138,2020,2020-08-20,3005,2020-06-16,0244,8233,C35,2,5,4,3005,0,0,0,NA,0,003,CERRITOS AV,HOLDER ST,360,E,N,A,-,N,NA,NA,NA,NA,NA,NA,NA,NA,NA,Y,3,0,1,1,A,-,01,23152,A,N,A,I,A,A,H,-,C,D,0,NA,NA,NA,NA,Y,Y,A,08,0,1,0,0,0,0,0,0,0,-,-,NA,NA,ORANGE,CYPRESS,-118.01825714111328,33.80991744995117
91144305,2019,2019-12-16,9670,2019-12-11,1250,016209,NA,3,1,7,3001,0,1,3,NA,2,094,SR-91 E/B (RIVERSIDE FREEWAY),EUCLID ST.,1584,W,N,A,-,Y,NA,NA,91,NA,NA,NA,NA,NA,E,N,4,0,2,2,A,-,03,22350,NA,N,C,C,A,A,H,-,A,D,0,NA,NA,NA,NA,Y,NA,A,01,0,0,2,0,0,0,0,0,0,-,-,33.85398864746094,-117.94751739501952,ORANGE,ANAHEIM,-117.94751739501952,33.854000091552734
91144459,2019,2019-12-16,9670,2019-12-11,2015,021733,NA,3,2,6,3009,0,1,3,NA,2,023,SR-22 W/B TO BEACH BOULEVARD,BEACH BLVD,5,E,N,A,-,Y,NA,NA,22,NA,NA,NA,R,NA,W,N,4,0,1,2,A,-,09,21453,B,N,D,G,A,A,H,-,C,A,0,NA,Y,NA,NA,Y,NA,A,01,0,0,1,0,0,0,1,0,0,-,-,33.772308349609375,-117.99241638183594,ORANGE,GARDEN GROVE,-117.99241638183594,33.772308349609375
91144515,2019,2019-12-16,9670,2019-12-06,1800,021210,NA,5,2,6,3009,0,1,3,NA,2,023,SR-22 W/B,BEACH BLVD,1056,E,N,A,-,Y,NA,NA,22,NA,NA,NA,NA,NA,W,Y,3,0,2,3,A,-,03,22350,NA,N,C,C,A,A,H,-,C,D,0,NA,NA,NA,NA,Y,NA,D,22,0,2,0,0,0,0,0,0,0,-,-,33.77088928222656,-117.98693084716795,ORANGE,GARDEN GROVE,-117.98693084716795,33.770904541015625
91145314,2019,2019-12-17,9675,2019-12-07,1725,020240,NA,6,2,9,3000,0,1,1,NA,2,405,I-405 NORTHBOUND,RED HILL AVE,1701,S,N,B,-,Y,NA,NA,405,NA,NA,NA,NA,NA,N,Y,4,0,2,2,A,-,03,22350,NA,N,C,C,A,A,H,-,D,D,0,NA,NA,NA,NA,Y,NA,A,01,0,0,2,0,0,0,0,0,0,-,-,33.68503189086914,-117.86158752441406,ORANGE,UNINCORPORATED,-117.86163330078124,33.6849250793457
91145834,2019,2019-12-18,9670,2019-12-17,0855,013680,NA,2,1,7,3001,0,1,1,NA,2,502,I-5 N/B FROM BROOKHURST STREET,BROOKHURST ST,100,S,N,A,-,Y,NA,NA,5,NA,NA,NA,R,NA,N,Y,4,0,1,2,A,-,03,22350,NA,N,C,C,A,A,H,-,A,A,0,NA,NA,NA,NA,Y,NA,A,01,0,0,1,0,0,0,0,0,0,-,-,33.84571838378906,-117.95897674560548,ORANGE,ANAHEIM,-117.95897674560548,33.84571838378906
91145854,2019,2019-12-18,9690,2019-12-15,2345,020463,NA,7,3,5,3028,0,1,1,NA,2,056,I-5 N/B (SAN DIEGO FRWY),OSO PKWY,5,N,N,A,-,Y,NA,NA,5,NA,NA,NA,NA,NA,N,Y,4,0,1,2,A,-,03,22350,NA,N,C,C,A,A,H,-,D,D,0,NA,NA,NA,NA,Y,NA,A,01,0,0,1,0,0,0,0,0,0,-,-,33.58021926879883,-117.67156982421876,ORANGE,MISSION VIEJO,-117.67161560058594,33.58021926879883
91146378,2019,2019-12-18,9675,2019-12-09,0804,021752,NA,1,1,9,3000,0,3,5,NA,2,002,NEWPORT AVE,LA LIMONAR RD,0,NA,Y,A,-,N,NA,NA,NA,NA,NA,NA,NA,NA,NA,Y,4,0,1,2,A,-,09,21802,A,N,D,C,A,A,H,-,A,A,0,NA,NA,NA,NA,Y,NA,A,01,0,0,1,0,0,0,0,0,0,-,-,33.76969909667969,-117.79268646240234,ORANGE,UNINCORPORATED,-117.7927017211914,33.769779205322266
91147381,2019,2019-12-19,9675,2019-12-13,0317,020732,NA,5,3,6,3026,0,1,1,NA,2,540,I-5 N/B TO I-405 N/B,BAKE PKWY,100,S,N,A,-,Y,NA,NA,5,NA,NA,NA,R,NA,N,Y,3,0,1,1,A,-,01,23152,A,N,E,I,A,A,H,-,D,D,0,NA,NA,NA,NA,Y,Y,A,01,0,1,0,0,0,0,0,0,0,-,-,33.63874816894531,-117.7303466796875,ORANGE,IRVINE,-117.7303466796875,33.63874816894531
91148941,2019,2019-12-20,9670,2019-12-11,1405,019138,NA,3,2,6,3009,0,1,3,NA,2,020,SR-22 EB TO BEACH BLVD.,BEACH BLVD,15,W,N,A,-,Y,NA,NA,22,NA,NA,NA,R,NA,E,N,3,0,1,2,A,-,21,22106,NA,N,C,C,A,A,H,-,A,A,0,NA,NA,Y,NA,Y,NA,A,08,0,1,0,0,0,0,0,0,1,-,-,33.76979064941406,-117.99201965332033,ORANGE,GARDEN GROVE,-117.99201965332033,33.76979064941406
91148969,2019,2019-12-20,9675,2019-11-20,1220,017313,NA,3,1,5,3022,0,1,1,NA,2,503,I-5 N/B TO JAMBOREE ROAD,JAMBOREE RD,175,S,N,B,-,Y,NA,NA,5,NA,NA,NA,R,NA,N,N,4,0,2,2,A,-,03,22350,NA,F,C,C,A,A,H,-,A,D,0,NA,NA,NA,NA,Y,NA,-,99,0,0,2,0,0,0,0,0,0,-,-,33.72100830078125,-117.79218292236328,ORANGE,TUSTIN,-117.79218292236328,33.72100830078125
91150488,2019,2019-12-23,9675,2019-12-13,1335,018733,NA,5,1,6,3015,0,1,3,NA,2,222,SR-22 WESTBOUND,CAMBRIDGE ST,10,W,N,A,-,Y,NA,NA,22,NA,NA,NA,NA,NA,W,Y,4,0,2,2,A,-,03,22350,NA,N,C,C,A,A,H,-,A,D,0,NA,NA,NA,NA,Y,NA,A,07,0,0,2,0,0,0,0,0,0,-,-,33.775901794433594,-117.84567260742188,ORANGE,ORANGE,-117.8456573486328,33.77586364746094
91150605,2019,2019-12-23,9675,2019-12-13,1510,021690,NA,5,2,5,3022,0,1,1,NA,2,503,I-5 N/B,SR-55,2000,S,N,A,-,Y,NA,NA,5,NA,NA,NA,NA,NA,N,Y,4,0,1,2,A,-,03,22350,NA,N,C,C,A,A,H,-,A,D,0,NA,NA,NA,NA,Y,NA,A,07,0,0,1,0,0,0,0,0,0,-,-,33.73957061767578,-117.83009338378906,ORANGE,TUSTIN,-117.8301239013672,33.73946762084961
9115117,2020,2020-09-04,3000,2020-06-17,1413,6018,951H1,3,5,5,3040,0,0,0,NA,0,642,RANCHO NIGUEL RD,DEL CIELO,0,NA,Y,A,-,N,NA,NA,NA,NA,NA,NA,NA,NA,NA,N,4,0,1,2,A,-,21,22106,NA,N,D,G,A,A,H,-,A,A,0,NA,Y,NA,NA,Y,NA,A,07,0,0,1,0,0,0,1,0,0,-,-,NA,NA,ORANGE,LAGUNA NIGUEL,-117.69464111328124,33.551490783691406
9115133,2020,2020-09-15,3002,2020-06-24,1426,1628,NA,3,5,4,3002,0,0,0,NA,0,011,CENTRAL AV,SITE DR,0,NA,Y,A,-,N,NA,NA,NA,NA,NA,NA,NA,NA,NA,Y,4,0,2,2,A,-,12,21453,A,N,D,C,A,A,H,-,A,A,0,NA,NA,NA,NA,Y,NA,D,22,0,0,2,0,0,0,0,0,0,-,-,33.931968688964844,-117.90220642089844,ORANGE,BREA,-117.90218353271484,33.93199157714844
91152591,2019,2019-12-26,9690,2019-12-17,0720,019199,NA,2,1,4,3018,0,1,3,NA,1,074,SR-74 (ORTEGA HWY),ANTONIO PKWY,21120,E,N,A,-,Y,NA,NA,NA,NA,NA,NA,NA,NA,NA,Y,4,0,1,2,A,-,03,22350,NA,N,C,C,A,A,H,-,A,D,0,NA,NA,NA,NA,Y,NA,A,07,0,0,1,0,0,0,0,0,0,-,-,33.51795959472656,-117.59705352783205,ORANGE,SAN JUAN CAPISTRANO,NA,NA
91154658,2019,2019-12-30,9675,2019-12-18,1735,020033,NA,3,2,6,3008,0,1,3,NA,2,570,SR-57 N/B (ORANGE FREEWAY),BASTANCHURY RD,1320,N,N,A,-,Y,NA,NA,57,NA,NA,NA,NA,NA,N,Y,2,0,1,2,A,-,03,22350,NA,N,F,A,A,A,H,-,C,D,0,NA,NA,Y,NA,Y,NA,C,02,1,0,0,0,0,0,0,0,1,-,-,33.90018081665039,-117.88117980957033,ORANGE,FULLERTON,-117.88109588623048,33.900177001953125
91155225,2019,2019-12-30,9670,2019-12-14,1800,021210,NA,6,2,7,3001,0,1,1,NA,2,503,I-5 S/B,EUCLID ST,528,S,N,A,-,Y,NA,NA,5,NA,NA,NA,NA,NA,S,Y,4,0,1,2,A,-,01,23152,A,N,C,C,A,A,H,-,C,D,0,NA,NA,NA,NA,Y,Y,A,07,0,0,1,0,0,0,0,0,0,-,-,33.8344612121582,-117.93817901611328,ORANGE,ANAHEIM,-117.93816375732422,33.83453369140625
91155228,2019,2019-12-30,9675,2019-12-19,0850,020027,NA,4,1,5,3014,0,1,3,NA,2,074,SR-73 NORTHBOUND,BONITA CYN DR,1000,S,N,A,-,Y,NA,NA,73,NA,NA,NA,NA,NA,N,Y,3,0,2,3,A,-,07,21658,A,N,C,C,A,A,H,-,A,D,0,NA,NA,NA,NA,Y,NA,A,01,0,1,1,0,0,0,0,0,0,-,-,33.63008117675781,-117.83863067626952,ORANGE,NEWPORT BEACH,-117.83861541748048,33.630126953125
91156428,2019,2019-12-31,9675,2019-12-20,1900,019018,NA,5,2,6,3026,0,1,1,NA,2,503,I-5 NORTHBOUND,CULVER DR.,4000,S,N,A,-,N,NA,NA,5,NA,NA,NA,NA,NA,N,N,4,0,1,3,A,-,03,22350,NA,N,C,C,A,A,H,-,C,D,0,NA,NA,NA,NA,Y,NA,D,22,0,0,1,0,0,0,0,0,0,-,-,33.70362091064453,-117.77693939208984,ORANGE,IRVINE,-117.7770767211914,33.703529357910156
91157072,2019,2020-01-01,9675,2019-12-23,2104,021984,NA,1,2,7,3001,0,1,3,NA,2,093,SR-91 WESTBOUND,LA PALMA AVE,1000,E,N,A,-,Y,NA,NA,91,NA,NA,NA,NA,NA,W,Y,4,0,2,2,A,-,03,22350,NA,N,C,C,A,A,H,-,C,D,0,NA,NA,NA,NA,Y,NA,A,01,0,0,2,0,0,0,0,0,0,-,-,33.849239349365234,-117.8744888305664,ORANGE,ANAHEIM,-117.87447357177734,33.84928512573242
91157209,2019,2020-01-02,9675,2019-12-20,1437,020443,NA,5,2,6,3026,0,1,1,NA,2,540,I-5 NORTHBOUND,JEFFREY RD,200,N,N,A,-,Y,NA,NA,5,NA,NA,NA,NA,NA,N,Y,4,0,1,4,A,-,07,21658,A,N,B,C,A,A,H,-,A,D,0,NA,NA,Y,NA,Y,NA,A,07,0,0,1,0,0,0,0,0,1,-,-,33.69063186645508,-117.76870727539063,ORANGE,IRVINE,-117.76861572265624,33.69068145751953
9115723,2020,2020-08-28,3015,2020-06-02,1341,1419,21W,2,5,6,3015,0,0,0,NA,0,722M,METROPOLITAN DR,LEWIS ST,0,NA,Y,A,-,N,NA,NA,NA,NA,NA,NA,NA,NA,NA,Y,3,0,2,2,A,-,09,21801,A,N,A,C,A,A,H,-,A,A,0,NA,NA,NA,NA,Y,NA,A,07,0,1,1,0,0,0,0,0,0,-,-,33.78171920776367,-117.89759063720705,ORANGE,ORANGE,-117.8974609375,33.78171157836914
91157905,2019,2020-01-02,9675,2019-12-24,1926,021613,NA,2,2,7,3001,0,1,3,NA,2,093,SR-91 WESTBOUND FROM LAKEVIEW AVE,LAKEVIEW AVE,300,W,N,A,-,Y,NA,NA,91,NA,NA,NA,R,NA,W,Y,4,0,2,2,A,-,03,22350,NA,N,C,C,A,A,H,-,C,D,0,NA,NA,NA,NA,Y,NA,A,07,0,0,2,0,0,0,0,0,0,-,-,33.8496208190918,-117.8164520263672,ORANGE,ANAHEIM,-117.8164520263672,33.8496208190918
91158672,2019,2020-01-10,9690,2019-12-29,1741,020038,NA,7,2,9,3000,0,3,5,NA,2,004,CROWN VALLEY PKWY,SIENNA PKWY,0,NA,Y,A,-,N,NA,NA,NA,NA,NA,NA,NA,NA,NA,Y,3,0,2,2,A,-,12,21453,A,N,A,C,A,A,H,-,C,A,0,NA,NA,NA,NA,Y,NA,A,01,0,1,1,0,0,0,0,0,0,-,-,33.56644058227539,-117.63200378417967,ORANGE,UNINCORPORATED,-117.63207244873048,33.56631088256836
91163355,2020,2020-01-10,9675,2020-01-06,2323,021984,NA,1,3,7,3001,0,1,3,NA,2,093,SR-91 EASTBOUND,TUSTIN AVE,1500,W,N,A,-,Y,NA,NA,91,NA,NA,NA,NA,NA,E,N,4,0,1,2,A,-,03,22350,NA,N,C,C,A,A,H,-,C,D,0,NA,NA,NA,NA,Y,NA,A,01,0,0,1,0,0,0,0,0,0,-,-,33.850929260253906,-117.84307098388672,ORANGE,ANAHEIM,-117.84307861328124,33.850948333740234
9116397,2020,2020-08-27,3026,2020-06-11,0956,4991,NA,4,5,6,3026,0,0,0,NA,0,NA,PACIFICA,MERIDIAN,0,NA,Y,A,-,N,NA,NA,NA,NA,NA,NA,NA,NA,NA,Y,3,0,1,2,A,-,12,21453,A,N,D,C,A,-,H,-,A,A,0,NA,NA,NA,NA,Y,NA,A,07,0,1,0,0,0,0,0,0,0,-,-,NA,NA,ORANGE,IRVINE,-117.75245666503906,33.651100158691406
91166116,2020,2020-01-15,9675,2020-01-09,0855,021397,NA,4,1,5,3022,0,1,1,NA,2,502,I-5 SOUTHBOUND,SR-55 NORTHBOUND,1285,N,N,B,-,Y,NA,NA,5,NA,NA,NA,NA,NA,S,N,4,0,1,2,A,-,03,22350,NA,N,C,C,A,A,H,-,A,D,0,NA,NA,NA,NA,Y,NA,A,01,0,0,1,0,0,0,0,0,0,-,-,33.74217987060547,-117.838623046875,ORANGE,TUSTIN,-117.83859252929688,33.742244720458984
91168875,2020,2020-01-21,9690,2020-01-12,1140,016128,NA,7,1,9,3000,0,2,4,NA,2,037,LIVE OAK CANYON ROAD,TRABUCO RIDGE DR.,1500,S,N,A,-,N,NA,NA,NA,NA,NA,NA,NA,NA,NA,Y,3,0,1,2,A,-,05,21460,A,N,A,C,A,A,H,-,A,D,0,NA,NA,Y,NA,Y,NA,C,02,0,1,0,0,0,0,0,0,1,-,-,33.66461181640625,-117.60069274902344,ORANGE,UNINCORPORATED,NA,NA
91170376,2020,2020-01-22,9675,2020-01-16,0830,020027,NA,4,1,6,3026,0,1,1,NA,2,503,I-5 NORTHBOUND,YALE,1000,S,N,A,-,Y,NA,NA,5,NA,NA,NA,NA,NA,N,Y,4,0,1,2,A,-,03,22350,NA,N,C,C,A,A,H,-,A,D,0,NA,NA,NA,NA,Y,NA,A,01,0,0,1,0,0,0,0,0,0,-,-,33.69906997680664,-117.77433776855467,ORANGE,IRVINE,-117.7742156982422,33.69915008544922
91174058,2020,2020-01-27,9675,2020-01-18,0050,021388,NA,6,3,6,3004,0,1,3,NA,2,553,SR-55 SOUTHBOUND,MACARTHUR BLVD,1246,S,N,A,-,Y,NA,NA,NA,NA,NA,NA,NA,NA,NA,Y,3,0,2,2,A,-,01,23152,A,N,C,D,A,A,H,-,D,D,0,NA,NA,NA,NA,Y,Y,A,01,0,1,1,0,0,0,0,0,0,-,-,33.6956787109375,-117.8647232055664,ORANGE,COSTA MESA,NA,NA
9117739,2020,2020-09-14,3002,2020-06-19,1320,1562,NA,5,5,4,3002,0,0,0,NA,0,013,BREA BL,BIRCH ST,0,NA,Y,A,-,N,NA,NA,NA,NA,NA,NA,NA,NA,NA,Y,3,0,1,2,A,-,09,21453,C,N,D,C,A,A,H,-,A,A,0,NA,NA,NA,NA,Y,NA,A,01,0,1,0,0,0,0,0,0,0,-,-,33.91822814941406,-117.89940643310548,ORANGE,BREA,-117.89954376220705,33.91828155517578
91179481,2020,2020-02-04,9675,2020-01-28,0900,015041,NA,2,1,7,3001,0,1,3,NA,2,093,SR-91 WESTBOUND FROM TUSTIN AVENUE,TUSTIN AVE,30,W,N,A,-,Y,NA,NA,91,NA,NA,NA,R,NA,W,Y,3,0,1,1,A,-,08,22107,NA,N,F,A,A,A,H,-,A,D,0,NA,NA,NA,NA,Y,Y,A,01,0,1,0,0,0,0,0,0,0,-,-,33.851688385009766,-117.83905029296876,ORANGE,ANAHEIM,-117.83905029296876,33.851688385009766