CASE_ID,ACCIDENT_YEAR,PROC_DATE,JURIS,COLLISION_DATE,COLLISION_TIME,OFFICER_ID,REPORTING_DISTRICT,DAY_OF_WEEK,CHP_SHIFT,POPULATION,CNTY_CITY_LOC,SPECIAL_COND,BEAT_TYPE,CHP_BEAT_TYPE,CITY_DIVISION_LAPD,CHP_BEAT_CLASS,BEAT_NUMBER,PRIMARY_RD,SECONDARY_RD,DISTANCE,DIRECTION,INTERSECTION,WEATHER_1,WEATHER_2,STATE_HWY_IND,CALTRANS_COUNTY,CALTRANS_DISTRICT,STATE_ROUTE,ROUTE_SUFFIX,POSTMILE_PREFIX,POSTMILE,LOCATION_TYPE,RAMP_INTERSECTION,SIDE_OF_HWY,TOW_AWAY,COLLISION_SEVERITY,NUMBER_KILLED,NUMBER_INJURED,PARTY_COUNT,PRIMARY_COLL_FACTOR,PCF_CODE_OF_VIOL,PCF_VIOL_CATEGORY,PCF_VIOLATION,PCF_VIOL_SUBSECTION,HIT_AND_RUN,TYPE_OF_COLLISION,MVIW,PED_ACTION,ROAD_SURFACE,ROAD_COND_1,ROAD_COND_2,LIGHTING,CONTROL_DEVICE,CHP_ROAD_TYPE,PEDESTRIAN_ACCIDENT,BICYCLE_ACCIDENT,MOTORCYCLE_ACCIDENT,TRUCK_ACCIDENT,NOT_PRIVATE_PROPERTY,ALCOHOL_INVOLVED,STWD_VEHTYPE_AT_FAULT,CHP_VEHTYPE_AT_FAULT,COUNT_SEVERE_INJ,COUNT_VISIBLE_INJ,COUNT_COMPLAINT_PAIN,COUNT_PED_KILLED,COUNT_PED_INJURED,COUNT_BICYCLIST_KILLED,COUNT_BICYCLIST_INJURED,COUNT_MC_KILLED,COUNT_MC_INJURED,PRIMARY_RAMP,SECONDARY_RAMP,LATITUDE,LONGITUDE,COUNTY,CITY,POINT_X,POINT_Y
91921564,2022,2022-11-18,9670,2022-11-11,1430,021282,NA,5,2,5,3024,0,1,3,NA,2,024,STATE ROUTE 22 E/B (GARDEN GROVE FREEWAY),HARBOR BOULEVARD,400,W,N,A,-,Y,ORA,NA,22,NA,R,6.55,H,NA,R,N,4,0,1,2,A,-,03,22350,NA,N,C,C,A,A,H,-,A,D,0,NA,NA,NA,NA,Y,NA,A,01,0,0,1,0,0,0,0,0,0,-,-,33.76591110229492,-117.94259643554688,ORANGE,WESTMINSTER,-117.94259643554688,33.76591110229492
91921697,2022,2022-11-18,9670,2022-11-05,1626,020809,NA,6,2,6,3009,0,1,3,NA,2,024,STATE ROUTE 22 EASTBOUND,HARBOR BOULEVARD,2112,E,N,A,-,Y,ORA,NA,22,NA,R,8.227,H,NA,R,N,4,0,1,3,A,-,03,22350,NA,N,C,C,A,A,H,-,A,D,0,NA,NA,NA,NA,Y,NA,A,01,0,0,1,0,0,0,0,0,0,-,-,33.77030944824219,-117.91300201416016,ORANGE,GARDEN GROVE,-117.91299438476563,33.770301818847656
91922939,2022,2022-11-21,9670,2022-11-14,0711,021459,NA,1,1,9,3000,0,3,5,NA,2,004,PALAIS RD (9900 BLOCK),BROOKHURST STREET,120,W,N,A,-,N,NA,NA,NA,NA,NA,NA,NA,NA,NA,N,4,0,1,2,A,-,13,22515,A,N,G,B,E,A,H,-,A,D,0,Y,NA,NA,NA,Y,NA,N,60,0,0,1,0,1,0,0,0,0,-,-,33.81349182128906,-117.9594268798828,ORANGE,UNINCORPORATED,-117.95937347412108,33.81349563598633
91923742,2022,2022-11-21,9675,2022-11-10,1748,021691,NA,4,2,7,3019,0,1,1,NA,2,502,I-5 NORTHBOUND,SR-22,1500,S,N,A,-,Y,ORA,NA,5,NA,NA,33.713,H,NA,R,Y,3,0,1,3,A,-,07,21658,A,N,B,C,A,A,H,-,C,D,0,NA,NA,Y,NA,Y,NA,A,01,0,1,0,0,0,0,0,0,1,-,-,33.77531051635742,-117.87315368652344,ORANGE,SANTA ANA,-117.87307739257813,33.775352478027344
91923746,2022,2022-11-21,9675,2022-11-11,1727,018102,NA,5,2,6,3026,0,1,1,NA,2,503,I-5 NORTHBOUND,CULVER DRIVE,300,S,N,A,-,Y,ORA,NA,5,NA,R,26.242,H,NA,R,Y,4,0,3,4,A,-,03,22350,NA,N,C,C,A,A,H,-,C,D,0,NA,NA,NA,NA,Y,NA,A,07,0,0,3,0,0,0,0,0,0,-,-,33.705909729003906,-117.77870941162108,ORANGE,IRVINE,-117.77865600585938,33.705936431884766
91931755,2022,2022-12-01,9675,2022-11-18,1850,021694,NA,5,2,7,3019,0,1,3,NA,2,552,SR-55 SOUTHBOUND,MACARTHUR BLVD,750,N,N,A,-,Y,ORA,NA,55,NA,R,7.142,H,NA,L,Y,3,0,3,3,A,-,03,22350,NA,N,C,C,A,A,H,-,C,D,0,NA,NA,NA,NA,Y,NA,A,07,0,3,0,0,0,0,0,0,0,-,-,33.70050811767578,-117.85997009277344,ORANGE,SANTA ANA,-117.85990142822266,33.700462341308594
91933817,2022,2022-12-05,9675,2022-11-25,0822,017773,NA,5,1,6,3004,0,1,1,NA,2,405,I-405 N/B TO SR-55 S/B,SR-55,330,N,N,A,-,Y,NA,NA,NA,NA,NA,NA,NA,NA,NA,Y,3,0,1,1,A,-,08,22107,NA,N,E,I,A,A,H,-,A,D,0,NA,NA,NA,NA,Y,NA,A,01,0,1,0,0,0,0,0,0,0,-,-,33.68806076049805,-117.87272644042967,ORANGE,COSTA MESA,-117.87272644042967,33.68806076049805
91936042,2022,2022-12-07,9670,2022-12-05,1820,019304,NA,1,2,5,3007,0,1,1,NA,2,040,I-405 N/B,WARD ST,900,S,N,A,-,Y,ORA,NA,405,NA,NA,12.965,H,NA,R,Y,4,0,1,3,A,-,03,22350,NA,N,C,C,A,A,D,E,D,D,0,NA,NA,NA,NA,Y,NA,A,07,0,0,1,0,0,0,0,0,0,-,-,33.69886016845703,-117.94271087646484,ORANGE,FOUNTAIN VALLEY,-117.9426498413086,33.69895935058594
91939041,2022,2022-12-12,9675,2022-11-30,0955,018252,NA,3,1,6,3015,0,1,3,NA,2,550,SR-55 NORTHBOUND,LINCOLN AVE,1056,N,N,A,-,Y,ORA,NA,55,NA,NA,17.198,H,NA,R,Y,4,0,1,2,A,-,07,21658,A,N,B,C,A,D,H,-,A,D,0,NA,NA,NA,Y,Y,NA,-,-,0,0,1,0,0,0,0,0,0,-,-,33.83771896362305,-117.83461761474608,ORANGE,ORANGE,-117.83467864990234,33.83774185180664
91943324,2022,2022-12-15,9675,2022-10-06,1422,019527,NA,4,2,7,3001,0,1,3,NA,2,095,SR-91 EASTBOUND,COAL CANYON ROAD,1900,E,N,A,-,Y,ORA,NA,91,NA,R,18.346,H,NA,R,Y,4,0,1,4,A,-,03,22350,NA,N,B,C,A,A,H,-,A,D,0,NA,NA,NA,Y,Y,NA,A,01,0,0,1,0,0,0,0,0,0,-,-,33.869510650634766,-117.68131256103516,ORANGE,ANAHEIM,-117.68130493164063,33.86952590942383
9194418,2020,2021-01-04,3022,2020-10-29,1022,1371,NA,4,5,5,3022,0,0,0,NA,0,NA,EL CAMINO REAL,MYFORD RD,0,NA,Y,A,-,N,NA,NA,NA,NA,NA,NA,NA,NA,NA,Y,4,0,1,2,A,-,09,21801,A,N,D,C,A,A,H,-,A,A,0,NA,NA,NA,NA,Y,NA,D,22,0,0,1,0,0,0,0,0,0,-,-,33.7259407043457,-117.79598999023438,ORANGE,TUSTIN,-117.79586791992188,33.72645950317383
91944873,2022,2022-12-19,9675,2022-12-08,1442,019938,NA,4,2,6,3015,0,1,3,NA,2,222,SR-57 N/B FROM SR-22 E/B,CHAPMAN AVENUE,2015,S,N,A,-,Y,NA,NA,NA,NA,NA,NA,NA,NA,NA,Y,4,0,2,2,A,-,08,22107,NA,N,C,C,A,A,H,-,A,D,0,NA,NA,NA,NA,Y,NA,A,01,0,0,2,0,0,0,0,0,0,-,-,33.78232955932617,-117.8784408569336,ORANGE,ORANGE,-117.8784408569336,33.78232955932617
91945671,2022,2022-12-19,9670,2022-12-10,1343,020505,NA,6,1,4,3020,0,1,1,NA,2,045,I-405 S/B,I-605 HOV FLYOVER,100,S,N,B,-,Y,ORA,NA,405,NA,NA,23.598,H,NA,L,N,4,0,1,2,A,-,07,21658,A,N,B,C,A,A,D,-,A,D,0,NA,NA,NA,NA,Y,NA,A,07,0,0,1,0,0,0,0,0,0,-,-,33.77803039550781,-118.08995819091795,ORANGE,SEAL BEACH,-118.08980560302734,33.778072357177734
91946958,2022,2022-12-20,9670,2022-12-06,0855,014558,NA,2,1,6,3009,0,1,3,NA,2,024,SR-22 E/B (GARDEN GROVE FREEWAY),EUCLID STREET,600,E,N,B,-,Y,ORA,NA,22,NA,R,6.942,H,NA,R,N,3,0,3,4,A,-,03,22350,NA,N,C,C,A,A,H,-,A,D,0,NA,NA,NA,NA,Y,NA,D,22,0,1,2,0,0,0,0,0,0,-,-,33.765968322753906,-117.93572998046876,ORANGE,GARDEN GROVE,-117.93572998046876,33.76596450805664
91947582,2022,2022-12-20,9670,2022-12-15,0825,016454,NA,4,1,6,3009,0,1,3,NA,2,025,SR-22 W/B,LEWIS ST,3000,W,N,B,-,Y,ORA,NA,22,NA,R,8.837,H,NA,L,N,4,0,1,3,A,-,03,22350,NA,N,C,C,A,A,H,-,A,D,0,NA,NA,NA,NA,Y,NA,A,07,0,0,1,0,0,0,0,0,0,-,-,33.77445983886719,-117.9052734375,ORANGE,GARDEN GROVE,-117.90519714355467,33.77436065673828
91947599,2022,2022-12-21,9675,2022-12-08,1706,019938,NA,4,2,6,3015,0,1,3,NA,2,550,SR-55 SOUTHBOUND,COLLINS AVENUE,410,N,N,A,-,Y,NA,NA,NA,NA,NA,NA,NA,NA,NA,Y,4,0,1,3,A,-,03,22350,NA,N,C,C,A,A,H,-,C,D,0,NA,NA,NA,NA,Y,NA,A,07,0,0,1,0,0,0,0,0,0,-,-,33.48126983642578,-117.49546813964844,ORANGE,ORANGE,-117.83177947998048,33.802711486816406
91952288,2022,2022-12-26,9690,2022-12-23,0650,020236,NA,5,1,9,3000,0,3,5,NA,2,004,CROWN VALLEY PARKWAY,CECIL PASTURE,0,NA,Y,A,-,N,NA,NA,NA,NA,NA,NA,NA,NA,NA,Y,3,0,2,2,A,-,12,21453,A,N,D,C,A,A,H,-,A,A,0,NA,NA,NA,NA,Y,NA,A,01,0,2,0,0,0,0,0,0,0,-,-,33.56317901611328,-117.64833831787108,ORANGE,UNINCORPORATED,-117.64836883544922,33.56318664550781
91952417,2022,2022-12-26,9675,2022-12-16,0743,018027,NA,5,1,6,3004,0,1,1,NA,2,045,I-405 SOUTHBOUND,BRISTOL ST,100,N,N,B,-,Y,ORA,NA,405,NA,NA,9.599,H,NA,L,Y,2,0,1,1,A,-,03,22350,NA,N,E,I,A,A,H,-,A,D,0,NA,NA,Y,NA,Y,NA,C,02,1,0,0,0,0,0,0,0,1,-,-,33.687381744384766,-117.88715362548828,ORANGE,COSTA MESA,-117.88715362548828,33.68729782104492
91955896,2022,2022-12-29,9675,2022-12-21,0738,019897,NA,3,1,6,3015,0,1,1,NA,2,502,I-5 SOUTHBOUND,CHAPMAN AVENUE,213,N,N,A,-,Y,ORA,NA,5,NA,NA,35.064,H,NA,L,Y,4,0,1,2,A,-,08,22107,NA,N,C,C,A,A,H,-,A,D,0,NA,NA,Y,NA,Y,NA,A,08,0,0,1,0,0,0,0,0,1,-,-,33.790138244628906,-117.8884735107422,ORANGE,ORANGE,-117.88854217529295,33.79008483886719
91957881,2022,2023-01-02,9675,2022-12-23,0100,022074,NA,5,3,7,3001,0,1,3,NA,2,193,SR-91 EASTBOUND,RIVERDALE AVE,1500,E,N,A,-,Y,ORA,NA,91,NA,R,9.097,H,NA,R,Y,4,0,1,2,A,-,03,22350,NA,N,C,C,A,A,H,-,C,D,0,NA,NA,NA,NA,Y,NA,A,07,0,0,1,0,0,0,0,0,0,-,-,33.84461975097656,-117.82853698730467,ORANGE,ANAHEIM,-117.82860565185548,33.84452819824219
91957908,2022,2023-01-02,9675,2022-12-23,1345,021694,NA,5,1,6,3026,0,1,1,NA,2,504,I-5 SOUTHBOUND,ALTON PARKWAY,650,N,N,A,-,Y,ORA,NA,5,NA,NA,22.34,H,NA,L,N,3,0,1,2,A,-,03,22350,NA,N,C,C,A,A,H,-,A,D,0,NA,NA,NA,NA,Y,NA,A,01,0,1,0,0,0,0,0,0,0,-,-,33.657169342041016,-117.74539184570313,ORANGE,IRVINE,-117.74534606933594,33.657196044921875
91958602,2022,2023-01-03,9675,2022-12-27,2228,022536,NA,2,3,5,3022,0,1,1,NA,2,503,I-5 SOUTHBOUND,RED HILL AVENUE,1200,S,N,C,-,Y,ORA,NA,5,NA,R,28.825,H,NA,L,Y,4,0,1,3,A,-,03,22350,NA,M,D,C,A,B,H,-,C,D,0,NA,NA,NA,NA,Y,NA,A,01,0,0,1,0,0,0,0,0,0,-,-,33.73075866699219,-117.81179809570313,ORANGE,TUSTIN,-117.81175994873048,33.730804443359375
91966456,2023,2023-01-12,9675,2023-01-01,1930,021694,NA,7,2,7,3019,0,1,3,NA,2,552,SR-55 SOUTHBOUND,WARNER AVENUE,600,S,N,B,-,Y,ORA,NA,55,NA,R,8.381,H,NA,L,N,3,0,1,2,A,-,07,21658,A,N,B,C,A,A,H,-,C,D,0,NA,NA,NA,NA,Y,NA,A,01,0,1,0,0,0,0,0,0,0,-,-,33.71427917480469,-117.84632110595705,ORANGE,SANTA ANA,-117.8463134765625,33.71427536010742
9196694,2020,2021-02-09,3026,2020-11-06,0517,625,NA,5,5,6,3026,0,0,0,NA,0,NA,SAND CANYON AV,RT 5,0,NA,Y,A,-,Y,ORA,12,5,-,R,23.772,R,4,S,Y,3,0,1,2,D,-,00,NA,NA,N,D,C,A,A,H,-,C,A,0,NA,NA,NA,NA,Y,NA,-,-,0,1,0,0,0,0,0,0,0,-,SO,NA,NA,ORANGE,IRVINE,-117.75673675537108,33.67549514770508
91969328,2023,2023-01-17,9670,2023-01-04,935,018278,NA,3,1,7,3001,0,1,1,NA,2,502,I-5 N/B TO HARBOR BLVD.,HARBOR BLVD,375,S,N,B,C,Y,NA,NA,NA,NA,NA,NA,NA,NA,NA,Y,4,0,1,1,A,-,03,22350,NA,N,E,I,A,B,B,-,A,D,0,NA,NA,NA,NA,Y,NA,A,01,0,0,1,0,0,0,0,0,0,-,-,33.81536865234375,-117.91416168212892,ORANGE,ANAHEIM,-117.91416168212892,33.81536865234375
91970071,2023,2023-01-17,9675,2023-01-06,507,018027,NA,5,3,7,3001,0,1,3,NA,2,194,SR-91 WESTBOUND,WEIR CANYON ROAD,1200,W,N,A,-,Y,ORA,NA,91,NA,R,13.275,H,NA,L,Y,2,0,3,5,A,-,03,22350,NA,N,C,C,A,A,H,-,C,D,0,NA,NA,NA,NA,Y,NA,A,01,1,2,0,0,0,0,0,0,0,-,-,33.86711120605469,-117.7641372680664,ORANGE,ANAHEIM,-117.76405334472656,33.866981506347656
91977112,2023,2023-01-25,9675,2023-01-12,1600,023128,NA,4,2,6,3026,0,1,3,NA,2,242,SR-241 SOUTHBOUND,TOMATO SPRINGS TOLL PLAZA,1900,N,N,A,-,Y,ORA,NA,241,NA,NA,26.484,H,NA,L,N,3,0,1,2,A,-,08,22107,NA,N,B,C,A,A,H,-,A,D,0,NA,NA,NA,NA,Y,NA,A,01,0,1,0,0,0,0,0,0,0,-,-,33.70635986328125,-117.7158203125,ORANGE,IRVINE,-117.7157974243164,33.706390380859375
91978208,2023,2023-01-26,9690,2023-01-08,1840,019925,NA,7,2,4,3029,0,1,S,NA,2,901,STREET OF THE AMBER LANTERN (34100 BLOCK),SAN MARENO PLACE,96,N,N,A,-,Y,NA,NA,NA,NA,NA,NA,NA,NA,NA,N,3,0,2,2,A,-,03,22350,NA,N,F,A,A,A,H,-,C,D,0,NA,NA,Y,NA,Y,NA,C,02,0,2,0,0,0,0,0,0,1,-,-,33.46720886230469,-117.7022705078125,ORANGE,DANA POINT,NA,NA
91978221,2023,2023-01-26,9690,2023-01-17,830,017932,NA,2,1,5,3050,0,1,1,NA,2,055,I-5 N/B (SAN DIEGO FRWY),EL TORO ROAD,1400,S,N,A,-,Y,ORA,NA,5,NA,NA,18.427,H,NA,R,Y,3,0,2,2,A,-,03,22350,NA,N,C,C,A,A,D,-,A,D,0,NA,NA,NA,NA,Y,NA,A,01,0,1,1,0,0,0,0,0,0,-,-,33.612030029296875,-117.70420837402344,ORANGE,LAKE FOREST,-117.70420837402344,33.612030029296875
91981508,2023,2023-01-30,9670,2023-01-18,2105,022226,NA,3,2,9,3000,0,3,5,NA,2,003,SEAL BEACH BLVD,SAINT CLOUD DR,0,NA,Y,A,-,N,NA,NA,NA,NA,NA,NA,NA,NA,NA,N,3,0,1,2,A,-,11,21456,B,N,G,A,B,A,H,-,C,A,0,Y,NA,NA,NA,Y,Y,N,60,0,1,0,0,1,0,0,0,0,-,-,33.78036117553711,-118.07211303710938,ORANGE,UNINCORPORATED,-118.07209777832033,33.780338287353516
91982888,2023,2023-01-31,9670,2023-01-18,1403,020505,NA,3,2,5,3024,0,1,1,NA,2,042,I-405 N/B,WESTMINSTER BLVD,528,S,N,A,-,Y,ORA,NA,405,NA,NA,18.976,H,NA,R,Y,4,0,2,3,A,-,03,22350,NA,N,C,C,A,A,D,-,A,D,0,NA,NA,NA,NA,Y,NA,A,01,0,0,2,0,0,0,0,0,0,-,-,33.757240295410156,-118.01966094970705,ORANGE,WESTMINSTER,-118.01968383789063,33.75721740722656
91983378,2023,2023-01-31,9675,2023-01-21,750,022993,NA,6,1,7,3001,0,1,3,NA,2,093,SR-91 E/B TO KRAEMER BLVD,KRAEMER BOULEVARD,150,E,N,A,-,Y,NA,NA,NA,NA,NA,NA,NA,NA,NA,Y,3,0,1,2,A,-,03,22350,NA,N,C,C,A,A,H,-,A,D,0,NA,NA,NA,NA,Y,NA,A,01,0,1,0,0,0,0,0,0,0,-,-,33.8477897644043,-117.8539810180664,ORANGE,ANAHEIM,-117.8539810180664,33.8477897644043
91984140,2023,2023-02-01,9675,2023-01-22,850,019394,NA,7,1,6,3004,0,1,3,NA,2,553,SR-55 S/B TO I-405 N/B,MAIN ST.,1470,S,N,A,-,Y,NA,NA,NA,NA,NA,NA,NA,NA,NA,N,4,0,1,1,A,-,08,22107,NA,N,E,I,A,A,H,-,A,D,0,NA,NA,NA,NA,Y,NA,D,22,0,0,1,0,0,0,0,0,0,-,-,33.68920135498047,-117.87109375,ORANGE,COSTA MESA,-117.87109375,33.68920135498047
91985912,2023,2023-02-03,9675,2023-01-25,1330,018985,NA,3,1,6,3026,0,1,1,NA,2,407,I-405 S/B,JEFFREY RD.,1800,S,N,A,-,Y,NA,NA,NA,NA,NA,NA,NA,NA,NA,N,3,0,1,3,A,-,03,22350,NA,N,B,C,A,A,H,-,A,D,0,NA,NA,NA,NA,Y,NA,A,01,0,1,0,0,0,0,0,0,0,-,-,33.66225814819336,-117.88646697998048,ORANGE,IRVINE,-117.78927612304688,33.66244888305664
91986162,2023,2023-02-03,9675,2023-01-26,855,023116,NA,4,1,9,3000,0,3,5,NA,2,001,N ORANGE OLIVE ROAD,LINCOLN AVENUE,0,NA,Y,A,-,Y,NA,NA,NA,NA,NA,NA,NA,NA,NA,N,4,0,1,2,A,-,12,21457,A,N,D,C,A,A,H,-,A,A,0,NA,NA,NA,NA,Y,NA,A,01,0,0,1,0,0,0,0,0,0,-,-,33.836151123046875,-117.84632873535156,ORANGE,UNINCORPORATED,-117.84629058837892,33.8361930847168
91988493,2023,2023-02-07,9675,2023-01-27,930,022993,NA,5,1,7,3019,0,1,1,NA,2,502,I-5 NORTHBOUND,MAIN STREET,200,S,N,A,-,Y,ORA,NA,5,NA,NA,32.983,H,NA,R,Y,3,0,1,2,A,-,03,22350,NA,N,C,C,A,A,H,-,A,D,0,NA,NA,NA,NA,Y,NA,A,07,0,1,0,0,0,0,0,0,0,-,-,33.76639938354492,-117.86631011962892,ORANGE,SANTA ANA,-117.86640167236328,33.76636505126953
91989426,2023,2023-02-08,9675,2023-01-29,930,019599,NA,7,1,6,3026,0,1,1,NA,2,504,I-5 SOUTHBOUND,BARRANCA PKWY,220,S,N,B,-,Y,ORA,NA,5,NA,NA,22.566,H,NA,L,Y,3,0,1,1,A,-,08,22107,NA,N,E,C,A,A,H,-,A,D,0,NA,NA,NA,NA,Y,NA,D,22,0,1,0,0,0,0,0,0,0,-,-,33.65980911254883,-117.74761962890624,ORANGE,IRVINE,-117.74749755859376,33.65987777709961
91990514,2022,2023-02-09,9675,2022-12-28,1731,019527,NA,3,2,6,3015,0,1,3,NA,2,222,SR-22 W/B,CAMBRIDGE ST.,20,W,N,A,-,Y,ORA,NA,22,NA,R,12.366,H,NA,L,N,4,0,1,2,A,-,03,22350,NA,F,C,C,A,A,H,-,C,D,0,NA,NA,NA,NA,Y,NA,A,01,0,0,1,0,0,0,0,0,0,-,-,33.776241302490234,-117.84429168701172,ORANGE,ORANGE,-117.84429931640624,33.776275634765625
91991838,2023,2023-02-10,9675,2023-02-05,1230,020027,NA,7,1,7,3019,0,1,3,NA,2,552,SR-55 NORTHBOUND,EDINGER AVE,500,N,N,A,-,Y,ORA,NA,55,NA,R,9.549,H,NA,R,N,4,0,2,2,A,-,03,22350,NA,N,C,C,A,A,H,-,A,D,0,NA,NA,NA,NA,Y,NA,D,22,0,0,2,0,0,0,0,0,0,-,-,33.727821350097656,-117.83416748046876,ORANGE,SANTA ANA,-117.83423614501952,33.727840423583984
91994015,2023,2023-02-14,9670,2023-02-06,1635,019171,NA,1,2,7,3001,0,1,1,NA,2,503,I-5 S/B (SANTA ANA FWY),BROOKHURST ST,150,N,N,A,-,Y,ORA,NA,5,NA,NA,40.844,H,NA,L,Y,4,0,1,2,D,-,00,NA,NA,N,C,C,A,A,H,-,A,D,0,NA,NA,NA,NA,Y,NA,-,-,0,0,1,0,0,0,0,0,0,-,-,33.846351623535156,-117.96106719970705,ORANGE,ANAHEIM,-117.96105194091795,33.84637451171875
91996361,2023,2023-02-16,9690,2023-02-07,228,017988,NA,2,3,4,3018,0,1,1,NA,2,057,I-5 N/B (SAN DIEGO FRWY),STONEHILL DR.,100,N,N,A,-,Y,ORA,NA,5,NA,NA,7.394,H,NA,R,Y,2,0,1,2,C,-,18,NA,NA,N,D,C,A,A,H,-,D,D,0,NA,NA,NA,NA,Y,NA,-,-,1,0,0,0,0,0,0,0,0,-,-,33.474369049072266,-117.67447662353516,ORANGE,SAN JUAN CAPISTRANO,-117.6745147705078,33.47437286376953
91996883,2023,2023-02-17,9675,2023-02-08,1055,023136,NA,3,1,6,3026,0,1,1,NA,2,407,I-405 NORTHBOUND,SR-133 SOUTHBOUND,700,S,N,A,-,Y,ORA,NA,405,NA,NA,1.642,H,NA,R,Y,3,0,1,2,A,-,03,22350,NA,N,E,J,A,A,H,-,A,D,0,NA,NA,NA,NA,Y,NA,A,01,0,1,0,0,0,0,0,0,0,-,-,33.65142822265625,-117.75836181640624,ORANGE,IRVINE,-117.75835418701172,33.651466369628906
9200034,2020,2021-02-03,3000,2020-11-11,1520,10077,891H5,3,5,5,3050,0,0,0,NA,0,7P63,EL TORO RD,JERONIMO RD,0,NA,Y,A,-,N,NA,NA,NA,NA,NA,NA,NA,NA,NA,Y,3,0,4,3,A,-,12,21453,A,N,D,C,A,A,-,-,A,A,0,NA,NA,NA,NA,Y,NA,D,22,0,2,2,0,0,0,0,0,0,-,-,NA,NA,ORANGE,LAKE FOREST,-117.69068145751952,33.6285514831543
92002487,2023,2023-02-24,9675,2023-02-17,902,019599,NA,5,1,6,3004,0,1,3,NA,2,553,SR-55 SOUTHBOUND,BAKER ST.,400,S,N,B,-,Y,ORA,NA,55,NA,R,5.247,H,NA,L,Y,4,0,2,3,A,-,03,22350,NA,N,C,C,A,A,H,-,A,D,0,NA,NA,NA,NA,Y,NA,A,01,0,0,2,0,0,0,0,0,0,-,-,33.67898941040039,-117.88043975830078,ORANGE,COSTA MESA,-117.8803939819336,33.678958892822266
9200634,2020,2021-01-14,3000,2020-11-05,1424,1920,797H1,4,5,4,3021,0,0,0,NA,0,721,CERRITOS AV,NANCY LN,359,W,N,A,-,N,NA,NA,NA,NA,NA,NA,NA,NA,NA,Y,3,0,1,3,A,-,01,23152,G,N,-,E,A,A,H,-,A,D,0,NA,NA,NA,NA,Y,Y,A,01,0,1,0,0,0,0,0,0,0,-,-,NA,NA,ORANGE,STANTON,-118.00054168701172,33.81008529663086
92008945,2023,2023-03-03,9675,2023-02-23,1545,021914,NA,4,2,7,3001,0,1,3,NA,2,093,SR-91 EASTBOUND,RIVERDALE AVENUE,400,E,N,B,-,Y,ORA,NA,91,NA,R,9,H,NA,R,N,3,0,1,2,A,-,03,22350,NA,N,C,C,A,A,H,-,A,D,0,NA,NA,NA,NA,Y,NA,A,01,0,1,0,0,0,0,0,0,0,-,-,33.84537124633789,-117.83004760742188,ORANGE,ANAHEIM,-117.82996368408205,33.84545135498047
92010256,2023,2023-03-06,9670,2023-03-03,1555,020809,NA,5,2,6,3009,0,1,3,NA,2,025,STATE ROUTE 22 WESTBOUND FROM HARBOR BLVD S/B,HARBOR BLVD,510,W,N,A,-,Y,ORA,NA,22,NA,R,7.755,H,NA,L,Y,4,0,2,3,A,-,03,22350,NA,N,C,C,A,A,H,-,A,D,0,NA,NA,NA,NA,Y,NA,A,07,0,0,2,0,0,0,0,0,0,-,-,33.7675895690918,-117.92204284667967,ORANGE,GARDEN GROVE,-117.9219207763672,33.76735305786133
92010303,2023,2023-03-06,9670,2023-02-28,640,016209,NA,2,1,5,3003,0,1,3,NA,2,191,SR-91 W/B (ARTESIA FREEWAY),KNOTT AVE.,1584,W,N,A,-,Y,ORA,NA,91,NA,R,1.503,H,NA,L,Y,4,0,2,4,A,-,03,22350,NA,N,C,C,A,A,H,-,A,D,0,NA,NA,NA,NA,Y,NA,A,01,0,0,2,0,0,0,0,0,0,-,-,33.85599136352539,-118.0173110961914,ORANGE,BUENA PARK,-118.0173110961914,33.85603332519531
92010351,2023,2023-03-06,9675,2023-02-23,1805,021633,NA,4,2,7,3001,0,1,3,NA,2,094,SR-91 EASTBOUND,WEIR CANYON RD,6706,W,N,B,-,Y,ORA,NA,91,NA,R,13.122,H,NA,R,Y,4,0,1,2,A,-,08,22107,NA,N,C,2,A,B,H,-,C,D,0,NA,NA,NA,NA,Y,NA,A,01,0,0,1,0,0,0,0,0,0,-,-,33.86553955078125,-117.76625061035156,ORANGE,ANAHEIM,-117.76626586914063,33.86555862426758