CASE_ID,ACCIDENT_YEAR,PROC_DATE,JURIS,COLLISION_DATE,COLLISION_TIME,OFFICER_ID,REPORTING_DISTRICT,DAY_OF_WEEK,CHP_SHIFT,POPULATION,CNTY_CITY_LOC,SPECIAL_COND,BEAT_TYPE,CHP_BEAT_TYPE,CITY_DIVISION_LAPD,CHP_BEAT_CLASS,BEAT_NUMBER,PRIMARY_RD,SECONDARY_RD,DISTANCE,DIRECTION,INTERSECTION,WEATHER_1,WEATHER_2,STATE_HWY_IND,CALTRANS_COUNTY,CALTRANS_DISTRICT,STATE_ROUTE,ROUTE_SUFFIX,POSTMILE_PREFIX,POSTMILE,LOCATION_TYPE,RAMP_INTERSECTION,SIDE_OF_HWY,TOW_AWAY,COLLISION_SEVERITY,NUMBER_KILLED,NUMBER_INJURED,PARTY_COUNT,PRIMARY_COLL_FACTOR,PCF_CODE_OF_VIOL,PCF_VIOL_CATEGORY,PCF_VIOLATION,PCF_VIOL_SUBSECTION,HIT_AND_RUN,TYPE_OF_COLLISION,MVIW,PED_ACTION,ROAD_SURFACE,ROAD_COND_1,ROAD_COND_2,LIGHTING,CONTROL_DEVICE,CHP_ROAD_TYPE,PEDESTRIAN_ACCIDENT,BICYCLE_ACCIDENT,MOTORCYCLE_ACCIDENT,TRUCK_ACCIDENT,NOT_PRIVATE_PROPERTY,ALCOHOL_INVOLVED,STWD_VEHTYPE_AT_FAULT,CHP_VEHTYPE_AT_FAULT,COUNT_SEVERE_INJ,COUNT_VISIBLE_INJ,COUNT_COMPLAINT_PAIN,COUNT_PED_KILLED,COUNT_PED_INJURED,COUNT_BICYCLIST_KILLED,COUNT_BICYCLIST_INJURED,COUNT_MC_KILLED,COUNT_MC_INJURED,PRIMARY_RAMP,SECONDARY_RAMP,LATITUDE,LONGITUDE,COUNTY,CITY,POINT_X,POINT_Y
94558184,2025,2025-02-03,9690,2025-01-20,1340,016516,NA,1,1,5,3028,0,1,1,NA,2,055,I-5 N/B,ALICIA PKWY,700,S,N,A,-,Y,ORA,NA,5,NA,NA,16.964,H,NA,R,Y,4,0,1,3,A,-,03,22350,NA,N,C,C,A,A,H,-,A,D,0,NA,NA,NA,NA,Y,NA,D,22,0,0,1,0,0,0,0,0,0,-,-,33.600929260253906,-117.68289184570313,ORANGE,MISSION VIEJO,-117.68291473388672,33.60089111328125
94561870,2025,2025-02-03,9670,2025-01-22,600,020505,NA,3,1,7,3001,0,1,3,NA,2,094,SR-91 E/B,BROOKHURST ST,100,E,N,A,-,Y,ORA,NA,91,NA,NA,1.378,H,NA,R,Y,4,0,1,1,A,-,08,22107,NA,N,B,C,A,A,H,-,C,D,0,NA,NA,NA,NA,Y,NA,A,01,0,0,1,0,0,0,0,0,0,-,-,33.853981018066406,-117.9569091796875,ORANGE,ANAHEIM,-117.9569091796875,33.853904724121094
94565384,2025,2025-02-05,9675,2025-01-29,1520,021984,NA,3,2,9,3000,0,3,5,NA,2,002,NEWPORT AVE,LA LOMA DRIVE,50,N,N,A,-,N,NA,NA,NA,NA,NA,NA,NA,NA,NA,N,3,0,1,3,A,-,21,22106,NA,N,C,C,A,A,H,-,A,A,0,NA,NA,NA,NA,Y,NA,A,07,0,1,0,0,0,0,0,0,0,-,-,33.763938903808594,-117.79766845703124,ORANGE,UNINCORPORATED,-117.79767608642578,33.76385498046875
94566752,2025,2025-02-06,9675,2025-02-01,1803,023310,NA,6,2,6,3015,0,1,1,NA,2,555,SR-55 NORTHBOUND,LINCOLN AVE,1900,N,N,A,-,Y,ORA,NA,55,NA,NA,17.392,H,NA,R,N,4,0,1,2,A,-,03,22350,NA,F,C,C,A,A,H,-,C,D,0,NA,NA,NA,NA,Y,NA,-,99,0,0,1,0,0,0,0,0,0,-,-,33.84008026123047,-117.83293914794922,ORANGE,ORANGE,-117.83297729492188,33.84010696411133
9456804,2022,2022-06-27,3009,2022-06-08,2235,4787,112,3,5,6,3009,0,0,0,NA,0,021,CHAPMAN AV,EUCLID ST,0,NA,Y,A,-,N,NA,NA,NA,NA,NA,NA,NA,NA,NA,Y,4,0,2,2,A,-,09,21800,D,N,D,C,A,A,H,-,C,B,0,NA,NA,NA,NA,Y,NA,A,01,0,0,2,0,0,0,0,0,0,-,-,NA,NA,ORANGE,GARDEN GROVE,-117.94126129150392,33.788673400878906
94570246,2025,2025-02-07,9675,2025-02-05,1618,017998,NA,3,2,6,3015,0,1,3,NA,2,222,SR-22 WESTBOUND,THE CITY DRIVE,50,E,N,A,-,Y,ORA,NA,22,NA,R,9.834,H,NA,L,N,4,0,1,3,A,-,03,22350,NA,N,C,C,A,A,H,-,A,D,0,NA,NA,NA,NA,Y,NA,A,07,0,0,1,0,0,0,0,0,0,-,-,33.779109954833984,-117.88739013671876,ORANGE,ORANGE,-117.88739013671876,33.77909469604492
94570404,2025,2025-02-07,9675,2025-02-02,1805,022866,NA,7,2,6,3026,0,1,1,NA,2,503,I-5 NORTHBOUND,CULVER DR,2112,N,N,A,-,Y,ORA,NA,5,NA,R,27.037,H,NA,R,Y,4,0,1,1,A,-,08,22107,NA,N,E,8,A,A,H,-,D,D,0,NA,NA,NA,NA,Y,NA,A,01,0,0,1,0,0,0,0,0,0,-,-,33.714691162109375,-117.78752136230467,ORANGE,IRVINE,-117.7876434326172,33.71456527709961
94577700,2024,2025-07-28,9670,2024-12-19,1930,021579,NA,4,2,6,3008,0,1,1,NA,2,051,I-5 S/B,SR-91,300,S,N,A,-,Y,ORA,NA,5,NA,NA,42.1,H,NA,L,Y,2,0,2,2,A,-,03,22350,NA,N,B,C,A,A,H,-,D,D,0,NA,NA,NA,NA,Y,NA,A,01,2,0,0,0,0,0,0,0,0,-,-,33.85614013671875,-117.97889709472656,ORANGE,FULLERTON,-117.97891235351563,33.85611343383789
94578691,2025,2025-02-13,9675,2025-02-06,2220,022521,NA,4,3,4,3002,0,1,3,NA,2,570,SR-57 SOUTHBOUND,LAMBERT RD,50,S,N,C,-,Y,ORA,NA,57,NA,NA,20.858,H,NA,L,Y,4,0,1,1,A,-,03,22350,NA,N,E,8,A,B,H,-,C,D,0,NA,NA,NA,NA,Y,NA,A,01,0,0,1,0,0,0,0,0,0,-,-,33.924678802490234,-117.88018798828124,ORANGE,BREA,-117.88031005859376,33.924678802490234
94578937,2025,2025-02-13,9690,2025-02-08,1125,020038,NA,6,1,9,3000,0,2,4,NA,2,037,LIVE OAK CANYON ROAD,MONASTERY ROAD,528,S,N,B,-,N,NA,NA,NA,NA,NA,NA,NA,NA,NA,N,3,0,1,1,A,-,03,22350,NA,N,F,A,A,A,H,-,A,D,0,NA,NA,Y,NA,Y,NA,C,02,0,1,0,0,0,0,0,0,1,-,-,33.66926956176758,-117.60193634033205,ORANGE,UNINCORPORATED,NA,NA
94582861,2025,2025-02-18,9670,2025-02-13,505,020618,NA,4,3,7,3001,0,1,1,NA,2,503,I-5 S/B,ANAHEIM BOULEVARD,305,N,N,C,-,Y,ORA,NA,5,NA,NA,36.664,H,NA,L,N,4,0,1,1,A,-,03,22350,NA,N,E,8,A,B,H,-,C,D,0,NA,NA,NA,NA,Y,NA,A,07,0,0,1,0,0,0,0,0,0,-,-,33.8070182800293,-117.90711212158205,ORANGE,ANAHEIM,-117.90699768066406,33.80710220336914
94593286,2025,2025-03-03,9675,2025-02-19,1810,022521,NA,3,2,5,3022,0,1,3,NA,2,551,SR-55 SOUTHBOUND,17TH ST,500,N,N,A,-,Y,ORA,NA,55,NA,NA,12.109,H,NA,L,Y,3,0,3,3,A,-,03,22350,NA,N,C,C,A,A,H,-,C,D,0,NA,NA,NA,NA,Y,NA,A,01,0,1,2,0,0,0,0,0,0,-,-,33.764530181884766,-117.8310775756836,ORANGE,TUSTIN,-117.83116912841795,33.764530181884766
94594336,2025,2025-03-03,9675,2025-02-19,1053,018087,NA,3,1,9,3000,0,2,4,NA,2,032,IRVINE BLVD,RED HILL AVE.,0,NA,Y,A,-,N,NA,NA,NA,NA,NA,NA,NA,NA,NA,Y,4,0,2,2,A,-,09,21453,C,N,D,C,A,A,H,-,A,A,0,NA,NA,NA,NA,Y,NA,A,01,0,0,2,0,0,0,0,0,0,-,-,33.74468994140625,-117.80426788330078,ORANGE,UNINCORPORATED,-117.80428314208984,33.74471664428711
9459521,2022,2022-06-22,3003,2022-04-25,2354,1210,NA,1,5,5,3003,0,0,0,NA,0,003,DALE ST,MONTANA AV,100,S,N,A,-,N,NA,NA,NA,NA,NA,NA,NA,NA,NA,Y,4,0,1,3,A,-,01,23152,NA,N,C,E,A,A,H,-,C,D,0,NA,NA,NA,Y,Y,Y,F,26,0,0,1,0,0,0,0,0,0,-,-,33.861000061035156,-117.98509979248048,ORANGE,BUENA PARK,-117.98503112792967,33.861637115478516
94600109,2025,2025-03-18,9675,2025-02-27,1710,019599,NA,4,2,7,3001,0,1,3,NA,2,093,SR-91 EASTBOUND,GLASSELL ST.,100,E,N,A,-,Y,ORA,NA,91,NA,NA,7.381,H,NA,R,N,4,0,1,2,A,-,07,21658,A,N,B,C,A,A,H,-,A,D,0,NA,NA,Y,NA,Y,NA,A,01,0,0,1,0,0,0,0,0,1,-,-,33.847999572753906,-117.85498809814452,ORANGE,ANAHEIM,-117.85497283935548,33.84796142578125
9460165,2022,2022-07-29,3012,2022-06-13,0809,699,44,1,5,5,3012,0,0,0,NA,0,004,PALM,LAMBERT,0,NA,Y,B,-,N,NA,NA,NA,NA,NA,NA,NA,NA,NA,Y,3,0,2,2,A,-,12,21453,A,N,D,C,A,A,H,-,A,A,0,NA,NA,NA,NA,Y,NA,A,01,0,1,1,0,0,0,0,0,0,-,-,NA,NA,ORANGE,LA HABRA,-117.92439270019533,33.924617767333984
94606769,2025,2025-03-18,9675,2025-03-04,845,021305,NA,2,1,6,3004,0,1,3,NA,2,553,SR-55 SOUTHBOUND,SANTA ISABEL AVE,634,N,N,A,-,Y,ORA,NA,55,NA,R,3.396,H,NA,L,N,4,0,1,1,A,-,03,22350,NA,N,F,A,A,B,H,-,A,D,0,NA,NA,NA,NA,Y,NA,A,07,0,0,1,0,0,0,0,0,0,-,-,33.6590690612793,-117.90187072753906,ORANGE,COSTA MESA,-117.90184020996094,33.65904998779297
94609249,2025,2025-03-18,9675,2025-03-07,1311,023116,NA,5,1,7,3001,0,1,3,NA,2,095,SR-91 EASTBOUND,WEIR CANYON ROAD,2800,E,N,A,-,Y,ORA,NA,91,NA,R,14.987,H,NA,R,Y,4,0,1,4,A,-,03,22350,NA,N,C,C,A,A,H,-,A,D,0,NA,NA,NA,NA,Y,NA,A,01,0,0,1,0,0,0,0,0,0,-,-,33.870460510253906,-117.73519134521484,ORANGE,ANAHEIM,-117.73519134521484,33.870445251464844
94609265,2025,2025-03-18,9675,2025-03-10,1407,021691,NA,1,2,6,3015,0,1,3,NA,2,550,SR-55 NORTHBOUND,LINCOLN AVE,300,N,N,A,-,Y,ORA,NA,55,NA,NA,17.072,H,NA,R,Y,3,0,1,3,A,-,08,22107,NA,N,F,A,A,A,H,-,A,D,0,NA,NA,Y,NA,Y,NA,C,02,0,1,0,0,0,0,0,0,1,-,-,33.836021423339844,-117.83529663085938,ORANGE,ORANGE,-117.83528137207033,33.83601760864258
94610165,2025,2025-03-18,9675,2025-03-16,53,023208,NA,7,3,5,3022,0,1,3,NA,2,051,SR-55 SOUTHBOUND,4TH STREET,700,S,N,A,-,Y,ORA,NA,55,NA,NA,10.844,H,NA,L,Y,4,0,1,1,A,-,01,23152,A,N,E,J,A,A,H,-,C,D,0,NA,NA,NA,NA,Y,Y,A,07,0,0,1,0,0,0,0,0,0,-,-,33.74631881713867,-117.83290100097656,ORANGE,TUSTIN,-117.8329849243164,33.746337890625
94610549,2025,2025-03-19,9675,2025-03-07,1605,020851,NA,5,2,6,3004,0,1,1,NA,2,405,I-405 NORTHBOUND,BRISTOL STREET,730,S,N,B,-,Y,ORA,NA,405,NA,NA,9.361,H,NA,R,Y,2,0,1,1,A,-,03,22350,NA,N,F,A,A,A,H,-,A,D,0,NA,NA,Y,NA,Y,NA,C,02,1,0,0,0,0,0,0,0,1,-,-,33.68748092651367,-117.8830108642578,ORANGE,COSTA MESA,-117.8830108642578,33.6875
94610863,2025,2025-03-19,9670,2025-03-14,1415,020134,NA,5,2,6,3009,0,1,3,NA,2,021,SR-22 WESTBOUND,SPRINGDALE ST,500,W,N,C,-,Y,ORA,NA,22,NA,R,1.895,H,NA,L,Y,4,0,1,3,A,-,03,22350,NA,N,C,C,A,B,H,-,A,D,0,NA,NA,NA,NA,Y,NA,A,01,0,0,1,0,0,0,0,0,0,-,-,33.77442169189453,-118.02082824707033,ORANGE,GARDEN GROVE,-118.02082824707033,33.774383544921875
9461332,2021,2022-07-06,3016,2021-07-22,1027,1251,10,4,5,5,3016,0,0,0,NA,0,001,PALM DR,VALENCIA AV,0,NA,Y,A,-,N,NA,NA,NA,NA,NA,NA,NA,NA,NA,N,3,0,2,2,A,-,03,22350,NA,N,C,C,A,A,H,-,A,A,0,NA,NA,NA,NA,Y,NA,A,01,0,1,1,0,0,0,0,0,0,-,-,33.885841369628906,-117.8548583984375,ORANGE,PLACENTIA,-117.85480499267578,33.88581085205078
9461342,2021,2022-06-24,3016,2021-08-02,0013,1285,18,1,5,5,3016,0,0,0,NA,0,002,CHAPMAN AV,PLACENTIA AV,59,E,N,A,-,N,NA,NA,NA,NA,NA,NA,NA,NA,NA,Y,4,0,1,2,A,-,01,23152,A,N,C,C,A,A,H,-,C,A,0,NA,NA,NA,NA,Y,Y,A,01,0,0,1,0,0,0,0,0,0,-,-,33.87390899658203,-117.87860107421876,ORANGE,PLACENTIA,-117.87882232666016,33.87385177612305
9461343,2021,2022-06-24,3016,2021-08-03,0605,1293,20,2,5,5,3016,0,0,0,NA,0,002,PLACENTIA AV,CROWTHER AV,63,N,N,A,-,N,NA,NA,NA,NA,NA,NA,NA,NA,NA,Y,4,0,1,3,A,-,03,22350,NA,N,C,C,A,A,H,-,A,A,0,NA,NA,NA,NA,Y,NA,A,01,0,0,1,0,0,0,0,0,0,-,-,33.865699768066406,-117.88134765625,ORANGE,PLACENTIA,-117.88142395019533,33.86582946777344
9461378,2021,2022-06-23,3016,2021-12-13,2206,1275,8,1,5,5,3016,0,0,0,NA,0,001,YORBA LINDA BL,KRAEMER BL,0,NA,Y,A,-,N,NA,NA,NA,NA,NA,NA,NA,NA,NA,Y,4,0,1,2,A,-,12,21453,A,N,D,C,A,A,H,-,C,A,0,NA,NA,NA,NA,Y,NA,A,01,0,0,1,0,0,0,0,0,0,-,-,33.88753128051758,-117.86264038085938,ORANGE,PLACENTIA,-117.86354064941406,33.88785171508789
94625662,2025,2025-03-25,9690,2025-03-13,1807,022417,NA,4,2,9,3000,0,2,4,NA,2,035,OSO PARKWAY,PLAZA,0,NA,Y,A,-,N,NA,NA,NA,NA,NA,NA,NA,NA,NA,N,4,0,1,2,A,-,09,21804,A,N,D,G,A,A,H,-,A,A,0,NA,Y,NA,NA,Y,NA,L,04,0,0,1,0,0,0,1,0,0,-,-,33.58395004272461,-117.63308715820313,ORANGE,UNINCORPORATED,NA,NA
9462725,2020,2022-06-23,3016,2020-10-13,1058,1287,22,2,5,5,3016,0,0,0,NA,0,001,BRADFORD AV,STRATFORD CIR,31,S,N,A,-,N,NA,NA,NA,NA,NA,NA,NA,NA,NA,Y,4,0,1,2,A,-,03,22350,NA,N,C,C,A,A,H,-,A,D,0,NA,NA,NA,NA,Y,NA,A,01,0,0,1,0,0,0,0,0,0,-,-,33.88555145263672,-117.8665008544922,ORANGE,PLACENTIA,-117.866615,33.885275
9462769,2020,2022-06-22,3016,2020-12-14,1132,2182,35,1,5,5,3016,0,0,0,NA,0,001,BUENA VISTA AV,PETRY DR,16,W,N,A,-,N,NA,NA,NA,NA,NA,NA,NA,NA,NA,Y,4,0,2,2,A,-,09,21801,A,N,D,C,A,A,H,-,A,A,0,NA,NA,NA,NA,Y,NA,A,01,0,0,2,0,0,0,0,0,0,-,-,33.879249572753906,-117.83856201171876,ORANGE,PLACENTIA,-117.8391342163086,33.87984085083008
94632894,2025,2025-04-01,9670,2025-03-28,1350,021459,NA,5,1,3,3013,0,1,1,NA,2,061,I-605 S/B,I-405,2640,S,N,A,-,Y,ORA,NA,605,NA,R,0.526,H,NA,L,Y,4,0,1,2,A,-,03,22350,NA,N,C,C,A,A,H,-,A,D,0,NA,NA,NA,NA,Y,NA,D,22,0,0,1,0,0,0,0,0,0,-,-,33.791229248046875,-118.08850860595705,ORANGE,LOS ALAMITOS,-118.08853149414063,33.791236877441406
94632908,2025,2025-04-01,9670,2025-03-28,1450,021272,NA,5,2,4,3020,0,1,1,NA,2,044,I-405 N/B,SEAL BEACH BLVD,20,S,N,A,-,Y,NA,NA,NA,NA,NA,NA,NA,NA,NA,Y,4,0,2,2,A,-,03,22350,NA,N,C,C,A,A,H,-,A,D,0,NA,NA,NA,NA,Y,NA,A,01,0,0,2,0,0,0,0,0,0,-,-,33.774871826171875,-118.07460021972656,ORANGE,SEAL BEACH,-118.07467651367188,33.77450942993164
94633152,2025,2025-05-05,9670,2025-03-29,2330,022226,NA,6,3,7,3001,0,1,3,NA,2,093,SR-91 WB (RIVERSIDE FREEWAY),BROOKHURST ST,1600,E,N,A,-,Y,ORA,NA,91,NA,NA,1.554,H,NA,L,Y,4,0,1,2,A,-,08,22107,NA,N,C,2,A,A,H,-,C,D,0,NA,NA,NA,NA,Y,NA,A,01,0,0,1,0,0,0,0,0,0,-,-,33.85422897338867,-117.95384216308594,ORANGE,ANAHEIM,-117.9538345336914,33.85409164428711
94635190,2025,2025-04-02,9675,2025-03-26,1449,022222,NA,3,2,6,3015,0,1,3,NA,2,572,SR-57 SB TO SR-22 WB,I-5 NORTHBOUND,780,N,N,B,-,Y,ORA,NA,57,NA,NA,11.062,H,NA,L,Y,4,0,2,3,A,-,03,22350,NA,N,C,C,A,A,H,-,A,D,0,NA,NA,NA,NA,Y,NA,A,01,0,0,2,0,0,0,0,0,0,-,-,33.784908294677734,-117.88024139404295,ORANGE,ORANGE,-117.87998199462892,33.78489685058594
94635633,2025,2025-04-03,9675,2025-03-27,1205,022909,NA,4,1,6,3008,0,1,3,NA,2,571,SR-57 S/B,CHAPMAN AVE,1300,S,N,A,-,Y,ORA,NA,57,NA,NA,17.056,H,NA,L,N,4,0,1,2,A,-,03,22350,NA,N,C,C,A,A,H,-,A,D,0,NA,NA,NA,NA,Y,NA,A,07,0,0,1,0,0,0,0,0,0,-,-,33.870399475097656,-117.88020324707033,ORANGE,FULLERTON,-117.880126953125,33.87041473388672
9463878,2022,2022-09-15,3004,2022-08-16,1415,P648,29,2,5,6,3004,0,0,0,NA,0,015,E PAULARINO AV,NEWPORT BL,0,NA,Y,A,-,Y,ORA,12,55,-,R,5.669,R,4,S,N,4,0,1,2,A,-,09,21453,B,N,B,C,A,A,H,-,A,A,0,NA,NA,NA,NA,Y,NA,A,01,0,0,1,0,0,0,0,0,0,-,-,33.68230056762695,-117.87799835205078,ORANGE,COSTA MESA,-117.87583160400392,33.68374252319336
94641873,2025,2025-04-08,9675,2025-03-28,1230,021984,NA,5,1,6,3026,0,1,1,NA,2,504,I-5 NORTHBOUND,CULVER DRIVE,1955,S,N,A,-,Y,ORA,NA,5,NA,R,26.21,H,NA,R,N,4,0,1,2,A,-,03,22350,NA,N,C,C,A,A,H,-,A,D,0,NA,NA,Y,NA,Y,NA,C,02,0,0,1,0,0,0,0,0,1,-,-,33.705501556396484,-117.7784423828125,ORANGE,IRVINE,-117.77838134765624,33.705528259277344
9464232,2022,2023-04-12,3000,2022-03-26,0056,5036,971F6,6,5,4,3029,0,0,0,NA,0,036,RT 1,SELVA RD,26,S,N,A,-,N,NA,NA,NA,NA,NA,NA,NA,NA,NA,Y,1,1,0,1,A,-,01,23152,G,N,E,I,A,A,H,-,C,A,0,NA,NA,Y,NA,Y,Y,C,02,0,0,0,0,0,0,0,1,0,-,-,33.28129959106445,-117.42469787597656,ORANGE,DANA POINT,-117.71321868896484,33.470619201660156
94643073,2025,2025-04-09,9670,2025-04-01,1415,019694,NA,2,2,7,3001,0,1,3,NA,2,194,STATE ROUTE 91 E/B (RIVERSIDE FWY),EUCLID ST,2376,W,N,A,-,Y,ORA,NA,91,NA,NA,1.78,H,NA,R,Y,4,0,2,2,A,-,03,22350,NA,N,C,C,A,A,H,-,A,D,0,NA,NA,NA,NA,Y,NA,A,01,0,0,2,0,0,0,0,0,0,-,-,33.85401153564453,-117.94986724853516,ORANGE,ANAHEIM,-117.94986724853516,33.853965759277344
9464379,2022,2022-09-09,3000,2022-01-12,2004,3331,797J3,3,5,4,3021,0,0,0,NA,0,017,RT 39,KATELLA AV,12,S,N,A,-,Y,ORA,12,39,-,-,10.66,I,5,N,N,1,1,0,2,A,-,10,21950,A,N,G,B,B,A,H,-,C,A,0,Y,NA,NA,NA,Y,NA,A,01,0,0,0,1,0,0,0,0,0,-,-,33.802730560302734,-117.99314880371094,ORANGE,STANTON,-117.9930419921875,33.80290603637695
94647937,2025,2025-04-14,9670,2025-04-06,220,023160,NA,7,3,5,3007,0,1,1,NA,2,041,I-405 S/B,EUCLID ST,2059,N,N,A,-,Y,ORA,NA,405,NA,NA,12.892,H,NA,L,Y,2,0,3,2,A,-,03,22350,NA,N,C,G,A,A,H,-,C,D,0,NA,NA,NA,NA,Y,NA,A,01,1,0,2,0,0,0,0,0,0,-,-,33.69818115234375,-117.94159698486328,ORANGE,FOUNTAIN VALLEY,-117.94159698486328,33.698184967041016
94649744,2025,2025-04-15,9675,2025-04-05,1410,022909,NA,6,2,4,3002,0,1,3,NA,2,570,SR-57 S/B,BIRCH ST,500,S,N,A,-,Y,ORA,NA,57,NA,NA,20.275,H,NA,L,N,4,0,3,2,A,-,03,22350,NA,N,C,C,A,A,H,-,A,D,0,NA,NA,NA,NA,Y,NA,A,01,0,0,3,0,0,0,0,0,0,-,-,33.91667175292969,-117.88165283203124,ORANGE,BREA,-117.88166046142578,33.91667175292969
9465026,2022,2022-12-01,3000,2022-10-28,1406,8521,891C5,5,5,4,3045,0,0,0,NA,0,647,SANTA VITTORIA DR,AVENIDA COPETE,0,NA,Y,A,-,N,NA,NA,NA,NA,NA,NA,NA,NA,NA,N,4,0,1,2,A,-,05,21651,A,N,B,C,A,A,H,-,A,D,0,NA,NA,NA,NA,Y,NA,A,01,0,0,1,0,0,0,0,0,0,-,-,NA,NA,ORANGE,LAGUNA HILLS,-117.7399673461914,33.6242790222168
9465040,2022,2022-12-01,3000,2022-10-26,1550,11752,891E7,3,5,3,3051,0,0,0,NA,0,741,EL TORO RD,AVENIDA SEVILLA,105,E,N,A,-,N,NA,NA,NA,NA,NA,NA,NA,NA,NA,Y,3,0,2,5,A,-,03,22350,NA,N,C,C,A,A,H,-,A,A,0,NA,NA,NA,NA,Y,NA,A,01,0,1,1,0,0,0,0,0,0,-,-,NA,NA,ORANGE,LAGUNA WOODS,-117.71814727783205,33.61258316040039
94652323,2025,2025-04-16,9675,2025-04-09,726,021716,NA,3,1,7,3019,0,1,3,NA,2,552,SR-55 SOUTHBOUND,MACARTHUR BLVD.,1003,N,N,A,-,Y,ORA,NA,55,NA,R,7.193,H,NA,L,N,4,0,1,4,A,-,03,22350,NA,N,C,C,A,A,H,-,A,D,0,NA,NA,NA,NA,Y,NA,A,07,0,0,1,0,0,0,0,0,0,-,-,33.701011657714844,-117.85930633544922,ORANGE,SANTA ANA,-117.8593521118164,33.7010383605957
9465281,2022,2022-12-16,3006,2022-11-06,1705,329,22,7,5,3,3006,0,0,0,NA,0,001,LA PALMA AV,DENNI ST,0,NA,Y,A,-,N,NA,NA,NA,NA,NA,NA,NA,NA,NA,Y,3,0,2,2,A,-,03,22350,NA,N,C,C,A,A,H,-,C,A,0,NA,NA,NA,NA,Y,NA,A,01,0,1,1,0,0,0,0,0,0,-,-,NA,NA,ORANGE,LA PALMA,-118.0547103881836,33.84621810913086
94656667,2025,2025-04-21,9670,2025-04-20,115,022519,NA,7,3,7,3001,0,1,3,NA,2,194,SR-91 E/B,RAYMOND ST,400,W,N,A,-,Y,ORA,NA,91,NA,NA,3.849,H,NA,R,Y,3,0,1,1,A,-,08,22107,NA,N,F,A,A,A,H,-,C,D,0,NA,NA,Y,NA,Y,NA,C,02,0,1,0,0,0,0,0,0,1,-,-,33.853759765625,-117.91400909423828,ORANGE,ANAHEIM,-117.91400909423828,33.85364532470703
9465728,2022,2023-01-12,3000,2022-11-05,1738,10576,922C4,6,5,5,3028,0,0,0,NA,0,755,OSO PKWY,MARGUERITE PKWY,209,E,N,A,-,N,NA,NA,NA,NA,NA,NA,NA,NA,NA,Y,4,0,2,2,A,-,09,21804,A,N,D,C,A,A,H,-,B,D,0,NA,NA,NA,NA,Y,NA,A,07,0,0,2,0,0,0,0,0,0,-,-,NA,NA,ORANGE,MISSION VIEJO,-117.65903472900392,33.584495544433594
9465738,2022,2023-01-04,3000,2022-11-29,1622,3950,992J1,2,5,5,3017,0,0,0,NA,0,777,AVENDA PICO,CALLE DEL CERRO,0,NA,Y,A,-,N,NA,NA,NA,NA,NA,NA,NA,NA,NA,Y,2,0,1,1,A,-,12,21453,A,N,E,I,A,A,H,-,A,A,0,NA,NA,NA,NA,Y,Y,A,01,1,0,0,0,0,0,0,0,0,-,-,NA,NA,ORANGE,SAN CLEMENTE,-117.61367797851563,33.44451141357422
94657442,2025,2025-04-21,9675,2025-04-11,941,018714,NA,5,1,6,3026,0,1,1,NA,2,406,I-405 NORTHBOUND,CULVER DR,2587,S,N,A,-,Y,ORA,NA,405,NA,NA,5.117,H,NA,R,Y,4,0,1,2,A,-,08,22107,NA,N,E,I,A,A,D,-,A,D,0,NA,NA,NA,NA,Y,NA,A,01,0,0,1,0,0,0,0,0,0,-,-,33.666778564453125,-117.814697265625,ORANGE,IRVINE,-117.81463623046876,33.66693115234375
94659554,2025,2025-04-23,9675,2025-04-12,1710,023337,NA,6,2,9,3000,0,1,3,NA,2,094,SR-91 EASTBOUND,WEIR CANYON RD,0.33,E,N,A,-,Y,ORA,NA,91,NA,R,15.172,H,NA,R,N,3,0,1,2,A,-,07,21658,A,M,F,A,A,A,H,-,A,D,0,NA,NA,Y,NA,Y,NA,A,07,0,1,0,0,0,0,0,0,1,-,-,33.86962127685547,-117.73255157470705,ORANGE,UNINCORPORATED,-117.73252868652344,33.869667053222656
94663283,2025,2025-04-24,9675,2025-04-22,950,021984,NA,2,1,6,3026,0,1,1,NA,2,504,I-5 SOUTHBOUND,SAND CANYON AVE,485,S,N,A,-,Y,ORA,NA,5,NA,R,23.844,H,NA,L,Y,4,0,1,2,A,-,03,22350,NA,N,C,C,A,A,H,-,A,D,0,NA,NA,Y,NA,Y,NA,C,02,0,0,1,0,0,0,0,0,1,-,-,33.6763916015625,-117.7572784423828,ORANGE,IRVINE,-117.7572784423828,33.6763916015625