CASE_ID,ACCIDENT_YEAR,PROC_DATE,JURIS,COLLISION_DATE,COLLISION_TIME,OFFICER_ID,REPORTING_DISTRICT,DAY_OF_WEEK,CHP_SHIFT,POPULATION,CNTY_CITY_LOC,SPECIAL_COND,BEAT_TYPE,CHP_BEAT_TYPE,CITY_DIVISION_LAPD,CHP_BEAT_CLASS,BEAT_NUMBER,PRIMARY_RD,SECONDARY_RD,DISTANCE,DIRECTION,INTERSECTION,WEATHER_1,WEATHER_2,STATE_HWY_IND,CALTRANS_COUNTY,CALTRANS_DISTRICT,STATE_ROUTE,ROUTE_SUFFIX,POSTMILE_PREFIX,POSTMILE,LOCATION_TYPE,RAMP_INTERSECTION,SIDE_OF_HWY,TOW_AWAY,COLLISION_SEVERITY,NUMBER_KILLED,NUMBER_INJURED,PARTY_COUNT,PRIMARY_COLL_FACTOR,PCF_CODE_OF_VIOL,PCF_VIOL_CATEGORY,PCF_VIOLATION,PCF_VIOL_SUBSECTION,HIT_AND_RUN,TYPE_OF_COLLISION,MVIW,PED_ACTION,ROAD_SURFACE,ROAD_COND_1,ROAD_COND_2,LIGHTING,CONTROL_DEVICE,CHP_ROAD_TYPE,PEDESTRIAN_ACCIDENT,BICYCLE_ACCIDENT,MOTORCYCLE_ACCIDENT,TRUCK_ACCIDENT,NOT_PRIVATE_PROPERTY,ALCOHOL_INVOLVED,STWD_VEHTYPE_AT_FAULT,CHP_VEHTYPE_AT_FAULT,COUNT_SEVERE_INJ,COUNT_VISIBLE_INJ,COUNT_COMPLAINT_PAIN,COUNT_PED_KILLED,COUNT_PED_INJURED,COUNT_BICYCLIST_KILLED,COUNT_BICYCLIST_INJURED,COUNT_MC_KILLED,COUNT_MC_INJURED,PRIMARY_RAMP,SECONDARY_RAMP,LATITUDE,LONGITUDE,COUNTY,CITY,POINT_X,POINT_Y
94669314,2025,2025-04-30,9675,2025-04-29,651,018087,NA,2,1,6,3026,0,1,1,NA,2,530,I-5 SOUTHBOUND,SR-261 NORTHBOUND,1003,S,N,A,-,Y,ORA,NA,5,NA,R,27.238,H,NA,L,Y,3,0,2,2,A,-,07,21658,A,N,C,C,A,A,H,-,A,D,0,NA,NA,Y,NA,Y,NA,A,01,0,1,1,0,0,0,0,0,1,-,-,33.71628189086914,-117.79051208496094,ORANGE,IRVINE,-117.79056549072266,33.716224670410156
94672406,2025,2025-05-02,9675,2025-04-22,1420,019320,NA,2,2,7,3001,0,1,3,NA,2,572,SR-57 NORTHBOUND,LINCOLN AVE,1010,N,N,A,-,Y,ORA,NA,57,NA,NA,14.974,H,NA,R,N,4,0,1,2,A,-,03,22350,NA,N,C,C,A,A,H,-,A,D,0,NA,NA,NA,NA,Y,NA,A,01,0,0,1,0,0,0,0,0,0,-,-,33.84069061279297,-117.87590789794922,ORANGE,ANAHEIM,-117.87596130371094,33.84069061279297
9467392,2022,2023-02-10,3000,2022-12-26,1918,5455,921H5,1,5,4,3045,0,0,0,NA,0,746,OSO PKWY,MOULTON PKWY,102,W,N,B,C,N,NA,NA,NA,NA,NA,NA,NA,NA,NA,Y,4,0,1,3,A,-,09,21804,A,N,D,C,A,B,H,-,C,A,0,NA,NA,NA,NA,Y,NA,A,01,0,0,1,0,0,0,0,0,0,-,-,NA,NA,ORANGE,LAGUNA HILLS,-117.70040130615234,33.572731018066406
9467402,2023,2023-02-27,3000,2023-01-05,1459,5377,952B2,4,5,5,3040,0,0,0,NA,0,741,AVERY,CAMINO CAPISTRANO,23,E,N,B,-,N,NA,NA,NA,NA,NA,NA,NA,NA,NA,N,4,0,1,2,A,-,12,21453,A,N,H,G,A,B,H,-,A,A,0,NA,Y,NA,NA,Y,NA,D,22,0,0,1,0,0,0,1,0,0,-,-,NA,NA,ORANGE,LAGUNA NIGUEL,-117.67406463623048,33.547279357910156
94674372,2025,2025-05-05,9675,2025-05-01,721,022222,NA,4,1,5,3022,0,1,1,NA,2,503,I-5 SOUTHBOUND,RED HILL AVE,1290,N,N,B,-,Y,ORA,NA,5,NA,R,29.369,H,NA,L,Y,4,0,1,4,A,-,03,22350,NA,N,C,C,A,A,H,-,A,D,0,NA,NA,NA,NA,Y,NA,A,01,0,0,1,0,0,0,0,0,0,-,-,33.735618591308594,-117.81920623779295,ORANGE,TUSTIN,-117.8192138671875,33.73561096191406
9467587,2023,2023-02-23,3005,2023-01-06,141,8321,C15,5,5,4,3005,0,0,0,NA,0,001,WALKER ST,ORANGE AV,0,NA,Y,A,-,N,NA,NA,NA,NA,NA,NA,NA,NA,NA,Y,4,0,1,2,A,-,01,23152,A,N,C,C,A,A,H,-,C,A,0,NA,NA,NA,NA,Y,Y,A,01,0,0,1,0,0,0,0,0,0,-,-,NA,NA,ORANGE,CYPRESS,-118.0369110107422,33.82434844970703
94678748,2025,2025-05-07,9675,2025-04-29,1520,021960,NA,2,2,6,3008,0,1,3,NA,2,571,SR-57 SOUTHBOUND,NUTWOOD AVE.,165,S,N,A,-,Y,ORA,NA,57,NA,NA,17.549,H,NA,L,N,3,0,1,2,A,-,08,22107,NA,N,B,2,A,A,H,-,A,D,0,NA,NA,NA,NA,Y,NA,-,-,0,1,0,0,0,0,0,0,0,-,-,33.87757110595703,-117.88040924072266,ORANGE,FULLERTON,-117.88051605224608,33.877567291259766
94683189,2025,2025-05-12,9670,2025-05-08,2255,022046,NA,4,3,6,3009,0,1,3,NA,2,024,SR-22 E/B,HARBOR BLVD,1056,E,N,A,-,Y,ORA,NA,22,NA,R,7.911,H,NA,R,N,3,0,1,1,A,-,08,22107,NA,N,E,I,A,A,H,-,C,D,0,NA,NA,NA,NA,Y,NA,A,01,0,1,0,0,0,0,0,0,0,-,-,33.76803970336914,-117.91908264160156,ORANGE,GARDEN GROVE,-117.91912078857422,33.768123626708984
94686906,2025,2025-05-14,9675,2025-03-05,1740,023073,NA,3,2,7,3019,0,1,1,NA,2,502,I-5 N/B,GRAND AVE.,1000,S,N,B,C,Y,ORA,NA,5,NA,NA,31.595,H,NA,R,N,4,0,1,2,A,-,03,22350,NA,F,C,C,A,B,H,-,C,D,0,NA,NA,NA,NA,Y,NA,-,99,0,0,1,0,0,0,0,0,0,-,-,33.75379180908203,-117.84877014160156,ORANGE,SANTA ANA,-117.84881591796876,33.753719329833984
94687687,2025,2025-05-14,9675,2025-05-13,558,021984,NA,2,3,6,3008,0,1,3,NA,2,570,SR-57 SOUTHBOUND,YORBA LINDA BOULEVARD,1765,N,N,B,-,Y,ORA,NA,57,NA,NA,18.687,H,NA,L,N,4,0,1,2,A,-,08,22107,NA,N,D,C,A,A,H,-,A,B,0,NA,NA,NA,NA,Y,NA,A,01,0,0,1,0,0,0,0,0,0,-,-,33.894020080566406,-117.8808364868164,ORANGE,FULLERTON,-117.88088989257813,33.89401626586914
94688371,2025,2025-05-15,9670,2025-05-14,1315,016271,NA,3,1,5,3007,0,1,1,NA,2,040,I-405 N/B,BUSHARD ST,400,S,N,A,-,Y,ORA,NA,405,NA,NA,14.417,H,NA,R,Y,4,0,1,2,A,-,03,22350,NA,N,C,C,A,A,H,-,A,D,0,NA,NA,NA,NA,Y,NA,A,01,0,0,1,0,0,0,0,0,0,-,-,33.712039947509766,-117.96205139160156,ORANGE,FOUNTAIN VALLEY,-117.9621124267578,33.71198654174805
94689241,2025,2025-05-15,9670,2025-05-09,1540,020134,NA,5,2,6,3009,0,1,3,NA,2,020,SR-22 E/B,BEACH BLVD,500,W,N,A,-,Y,ORA,NA,22,NA,R,3.504,H,NA,R,Y,3,0,2,2,A,-,03,22350,NA,N,C,C,A,A,H,-,A,D,0,NA,NA,NA,NA,Y,NA,A,01,0,1,1,0,0,0,0,0,0,-,-,33.77106857299805,-117.99358367919922,ORANGE,GARDEN GROVE,-117.99357604980467,33.7711067199707
94689302,2025,2025-05-15,9675,2025-05-15,841,018087,NA,4,1,6,3026,0,1,1,NA,2,504,I-5 NORTHBOUND,TECHNOLOGY DR.,220,S,N,A,-,Y,ORA,NA,5,NA,R,23.537,H,NA,R,Y,4,0,1,3,A,-,03,22350,NA,N,C,C,A,A,H,-,A,D,0,NA,NA,NA,NA,Y,NA,A,01,0,0,1,0,0,0,0,0,0,-,-,33.671958923339844,-117.75543975830078,ORANGE,IRVINE,-117.75537872314452,33.67197036743164
94692726,2025,2025-05-19,9675,2025-05-09,405,023506,NA,5,3,7,3001,0,1,3,NA,2,093,SR-91 EASTBOUND,STATE COLLEGE BLVD,1320,E,N,A,-,Y,ORA,NA,91,NA,NA,5.546,H,NA,R,N,3,0,3,2,A,-,03,22350,NA,N,D,C,A,A,H,-,D,D,0,NA,NA,NA,NA,Y,NA,A,08,0,2,1,0,0,0,0,0,0,-,-,33.85348129272461,-117.88480377197266,ORANGE,ANAHEIM,-117.88484191894533,33.8534049987793
94693080,2025,2025-05-19,9690,2025-05-09,550,018733,NA,5,3,5,3028,0,1,1,NA,2,057,I-5 S/B (SAN DIEGO FRWY),SR-73,50,S,N,A,-,Y,ORA,NA,5,NA,NA,12.648,H,NA,L,N,4,0,2,2,A,-,03,22350,NA,N,B,C,A,A,H,-,A,D,0,NA,NA,NA,NA,Y,NA,A,01,0,0,2,0,0,0,0,0,0,-,-,33.542869567871094,-117.67386627197266,ORANGE,MISSION VIEJO,-117.67389678955078,33.54287338256836
94693371,2025,2025-05-20,9675,2025-05-16,1550,023337,NA,5,2,6,3026,0,1,1,NA,2,503,I-5 NORTHBOUND,CULVER DRIVE,3749,S,N,A,-,Y,ORA,NA,5,NA,R,26.138,H,NA,R,N,3,0,1,2,A,-,03,22350,NA,N,C,C,A,A,H,-,A,D,0,NA,NA,NA,Y,Y,NA,F,27,0,1,0,0,0,0,0,0,0,-,-,33.70463180541992,-117.77771759033205,ORANGE,IRVINE,-117.77777862548828,33.70460510253906
94695730,2025,2025-05-21,9670,2025-05-19,1003,020505,NA,1,1,7,3001,0,1,3,NA,2,094,SR-91 E/B,BROOKHURST ST,2112,E,N,A,-,Y,ORA,NA,91,NA,NA,1.655,H,NA,R,Y,4,0,1,2,A,-,03,22350,NA,N,C,C,A,A,H,-,A,D,0,NA,NA,NA,NA,Y,NA,D,22,0,0,1,0,0,0,0,0,0,-,-,33.8538703918457,-117.95205688476563,ORANGE,ANAHEIM,-117.95206451416016,33.853946685791016
94696187,2025,2025-05-21,9690,2025-05-13,1400,016430,NA,2,2,4,3018,0,1,1,NA,2,057,I-5 N/B,JUNIPERO SERRA,1056,N,N,A,-,Y,ORA,NA,5,NA,NA,11.155,H,NA,R,Y,3,0,1,1,A,-,03,22350,NA,N,F,A,A,A,H,-,A,D,0,NA,NA,NA,Y,Y,NA,F,26,0,1,0,0,0,0,0,0,0,-,-,33.52388000488281,-117.66693115234376,ORANGE,SAN JUAN CAPISTRANO,-117.6669692993164,33.523868560791016
9470075,2023,2023-09-20,3000,2023-02-15,239,8378,992J1,3,5,5,3017,0,0,0,NA,0,076,AVENIDA PICO,CALLE AMANECER,24,N,N,A,-,N,NA,NA,NA,NA,NA,NA,NA,NA,NA,Y,2,0,1,1,A,-,01,23152,F,N,E,I,A,A,H,-,C,D,0,NA,NA,NA,NA,Y,Y,A,01,1,0,0,0,0,0,0,0,0,-,-,33.45000076293945,-117.60900115966795,ORANGE,SAN CLEMENTE,-117.60926818847656,33.45001220703125
94702263,2025,2025-05-27,9675,2025-05-17,1805,023598,NA,6,2,7,3019,0,1,1,NA,2,502,I-5 SOUTHBOUND,CHAPMAN AVENUE,255,S,N,A,-,Y,ORA,NA,5,NA,NA,34.96,H,NA,L,N,3,0,1,2,A,-,03,22350,NA,M,C,C,A,A,H,-,A,D,0,NA,NA,NA,NA,Y,NA,A,01,0,1,0,0,0,0,0,0,0,-,-,33.78902816772461,-117.88735961914063,ORANGE,SANTA ANA,-117.88737487792967,33.78902053833008
94702493,2025,2025-07-17,9675,2025-05-19,1815,023004,NA,1,2,9,3000,0,1,3,NA,2,242,SR-241 NORTHBOUND,BEE CANYON RD,2323,S,N,A,-,Y,ORA,NA,241,NA,NA,26.925,H,NA,R,Y,4,0,1,1,A,-,08,22107,NA,N,F,I,A,A,H,-,A,D,0,NA,NA,NA,NA,Y,NA,A,01,0,0,1,0,0,0,0,0,0,-,-,33.71162033081055,-117.7197494506836,ORANGE,UNINCORPORATED,-117.71983337402344,33.71160125732422
94705030,2025,2025-05-29,9675,2025-05-25,635,021691,NA,7,1,4,3002,0,1,3,NA,2,570,SR-57 SOUTHBOUND,LAMBERT ROAD,3730,N,N,A,-,Y,ORA,NA,57,NA,NA,21.619,H,NA,L,Y,4,0,1,1,A,-,08,22107,NA,N,E,I,A,A,H,-,A,D,0,NA,NA,NA,NA,Y,NA,A,07,0,0,1,0,0,0,0,0,0,-,-,33.935611724853516,-117.87841796875,ORANGE,BREA,-117.87834930419922,33.93559265136719
94705757,2025,2025-05-29,9675,2025-05-24,710,023073,NA,6,1,5,3022,0,1,3,NA,2,551,SR-55 SOUTHBOUND TO I-5 SOUTHBOUND,IRVINE BLVD.,10,S,N,B,-,Y,ORA,NA,55,NA,NA,10.963,H,NA,L,Y,3,0,2,2,A,-,08,22107,NA,N,B,C,A,A,H,-,A,D,0,NA,NA,NA,NA,Y,NA,A,01,0,1,1,0,0,0,0,0,0,-,-,33.748050689697266,-117.83267974853516,ORANGE,TUSTIN,-117.83243560791016,33.74799728393555
94705867,2025,2025-05-29,9690,2025-05-07,1829,022053,NA,3,2,5,3050,0,1,1,NA,2,055,I-5 N/B (SAN DIEGO FRWY),ALICIA PARKWAY,300,N,N,A,-,Y,ORA,NA,5,NA,NA,17.544,H,NA,R,N,2,0,1,2,A,-,11,21954,A,N,G,B,E,A,H,-,A,D,0,Y,NA,NA,NA,Y,NA,N,60,1,0,0,0,1,0,0,0,0,-,-,33.605281829833984,-117.6914291381836,ORANGE,LAKE FOREST,-117.69139862060548,33.605308532714844
9471571,2023,2023-11-07,3009,2023-08-07,1825,3819,115,1,5,6,3009,0,0,0,NA,0,021,TRASK AV,TAFT ST,0,NA,Y,A,-,N,NA,NA,NA,NA,NA,NA,NA,NA,NA,Y,3,0,2,2,A,-,01,23153,G,N,D,C,A,A,H,-,A,D,0,NA,NA,NA,NA,Y,Y,A,01,0,2,0,0,0,0,0,0,0,-,-,NA,NA,ORANGE,GARDEN GROVE,-117.94210815429688,33.76689147949219
9471759,2023,2023-11-22,3009,2023-10-01,1945,4503,144,7,5,6,3009,0,0,0,NA,0,2-3,GARDEN GROVE BL,HARBOR BL,0,NA,Y,A,-,N,NA,NA,NA,NA,NA,NA,NA,NA,NA,N,4,0,1,2,A,-,10,21952,NA,M,B,-,A,A,A,-,B,A,0,NA,Y,NA,NA,Y,NA,-,99,0,0,1,0,0,0,1,0,0,-,-,NA,NA,ORANGE,GARDEN GROVE,-117.92029571533205,33.77430725097656
94717747,2025,2025-06-09,9675,2025-06-01,1315,022993,NA,7,1,6,3008,0,1,3,NA,2,571,SR-57 S/B FROM NUTWOOD AVE.,NUTWOOD AVE,500,S,N,A,-,Y,ORA,NA,57,NA,NA,17.447,H,NA,L,Y,3,0,2,2,A,-,03,22350,NA,N,C,C,A,A,H,-,A,A,0,NA,NA,NA,NA,Y,NA,A,01,0,2,0,0,0,0,0,0,0,-,-,33.8760986328125,-117.88069915771484,ORANGE,FULLERTON,-117.88048553466795,33.8760986328125
94718720,2025,2025-06-09,9675,2025-06-03,1700,022273,NA,2,2,4,3002,0,1,3,NA,2,070,SR-57 NORTHBOUND,IMPERIAL HWY,2300,S,N,A,-,Y,ORA,NA,57,NA,NA,19.415,H,NA,R,Y,4,0,3,3,A,-,03,22350,NA,N,C,C,A,A,H,-,E,D,0,NA,NA,NA,NA,Y,NA,A,07,0,0,3,0,0,0,0,0,0,-,-,33.90468978881836,-117.88101196289063,ORANGE,BREA,-117.8808822631836,33.90469741821289
94719898,2025,2025-06-10,9675,2025-06-05,1620,019599,NA,4,2,7,3001,0,1,3,NA,2,095,SR-91 EASTBOUND,RIVERSIDE COUNTY LINE,30,W,N,A,-,Y,RIV,NA,91,NA,R,0.019,H,NA,R,N,4,0,1,2,A,-,03,22350,NA,N,C,C,A,A,H,-,A,D,0,NA,NA,NA,NA,Y,NA,A,01,0,0,1,0,0,0,0,0,0,-,-,33.869659423828125,-117.67137908935548,ORANGE,ANAHEIM,-117.67138671875,33.86967086791992
9472792,2021,2022-08-04,3002,2021-06-17,0747,1056,741B4,4,5,5,3025,0,0,0,NA,0,004,HIDDEN HILLS RD,STONEWOOD DR,0,NA,Y,A,-,N,NA,NA,NA,NA,NA,NA,NA,NA,NA,N,2,0,1,2,A,-,09,21801,A,N,H,G,A,A,H,-,A,A,0,NA,Y,NA,NA,Y,NA,A,01,1,0,0,0,0,0,1,0,0,-,-,33.8896484375,-117.74315643310548,ORANGE,YORBA LINDA,-117.7431182861328,33.88959884643555
9472795,2021,2022-07-21,3016,2021-04-29,1716,2145,7,4,5,5,3016,0,0,0,NA,0,001,VALENCIA AV,GOLDEN AV,0,NA,Y,A,-,N,NA,NA,NA,NA,NA,NA,NA,NA,NA,N,4,0,1,2,A,-,12,21453,A,N,D,C,A,A,H,-,A,A,0,NA,NA,NA,NA,Y,NA,-,-,0,0,1,0,0,0,0,0,0,-,-,33.90380096435547,-117.85514068603516,ORANGE,PLACENTIA,-117.85507202148438,33.90383529663086
94728414,2025,2025-06-17,9675,2025-06-08,210,023004,NA,7,3,9,3000,0,1,1,NA,2,405,I-405 S/B,RED HILL AVE,1056,S,N,A,-,Y,ORA,NA,405,NA,NA,8.223,H,NA,L,Y,2,0,3,2,A,-,01,23152,A,N,C,2,A,A,H,-,D,D,0,NA,NA,NA,NA,Y,Y,A,01,1,0,2,0,0,0,0,0,0,-,-,33.685428619384766,-117.86377716064452,ORANGE,UNINCORPORATED,-117.8637237548828,33.685523986816406
94729190,2025,2025-06-17,9675,2025-06-16,2234,022639,NA,1,3,6,3026,0,1,1,NA,2,406,I-405 NORTHBOUND,MACARTHUR BLVD,1000,S,N,A,-,Y,ORA,NA,405,NA,NA,7.514,H,NA,R,Y,4,0,1,3,A,-,03,22350,NA,N,C,C,A,A,H,-,C,D,0,NA,NA,NA,NA,Y,NA,A,01,0,0,1,0,0,0,0,0,0,-,-,33.68090057373047,-117.85265350341795,ORANGE,IRVINE,-117.85261535644533,33.68095016479492
94730768,2025,2025-06-18,9675,2025-05-16,158,021633,NA,5,3,7,3019,0,1,3,NA,2,222,SR-22 E/B TO SR-57 N/B / I-5 N/B,BRISTOL STREET,3460,E,N,A,-,Y,NA,NA,NA,NA,NA,NA,NA,NA,NA,Y,1,1,0,1,A,-,03,22350,NA,N,E,I,A,A,H,-,C,D,0,NA,NA,Y,NA,Y,Y,C,02,0,0,0,0,0,0,0,1,0,-,-,33.77796936035156,-117.87216186523438,ORANGE,SANTA ANA,-117.88394927978516,33.77873611450195
94731683,2025,2025-06-19,9675,2025-06-07,1840,023136,NA,6,2,5,3022,0,2,4,NA,2,022,IRVINE BLVD,RED HILL AVE,0,NA,Y,A,-,N,NA,NA,NA,NA,NA,NA,NA,NA,NA,Y,4,0,1,2,A,-,09,21453,C,N,A,C,A,A,H,-,A,D,0,NA,NA,NA,NA,Y,NA,A,07,0,0,1,0,0,0,0,0,0,-,-,33.74467849731445,-117.80435180664063,ORANGE,TUSTIN,-117.80428314208984,33.74471664428711
94731832,2025,2025-06-19,9675,2025-06-13,1620,022273,NA,5,2,7,3019,0,1,1,NA,2,520,I-5 NORTHBOUND,SR-22 EASTBOUND,600,S,N,A,-,Y,ORA,NA,5,NA,NA,33.882,H,NA,R,Y,3,0,1,3,A,-,07,21658,A,N,B,C,A,A,H,-,A,D,0,NA,NA,Y,NA,Y,NA,A,01,0,1,0,0,0,0,0,0,1,-,-,33.77732849121094,-117.87478637695313,ORANGE,SANTA ANA,-117.87469482421876,33.777381896972656
94742393,2025,2025-06-27,9675,2025-06-26,1024,018714,NA,4,1,9,3000,0,1,1,NA,2,405,I-405 NORTHBOUND,MACARTHUR BLVD,1742,N,N,A,-,Y,ORA,NA,405,NA,NA,8.138,H,NA,R,Y,4,0,2,3,A,-,03,22350,NA,N,C,C,A,A,H,-,A,D,0,NA,NA,NA,NA,Y,NA,A,01,0,0,2,0,0,0,0,0,0,-,-,33.68526077270508,-117.86212158203124,ORANGE,UNINCORPORATED,-117.8621826171875,33.6851692199707
94743975,2025,2025-06-30,9670,2025-06-12,1016,023595,NA,4,1,3,3013,0,1,1,NA,2,044,I-405 N/B,I-605 NB TO THE NORTH,2957,N,N,A,-,Y,ORA,NA,405,NA,NA,23.778,H,NA,R,Y,4,0,1,1,A,-,08,22107,NA,N,E,I,A,A,H,-,A,D,0,NA,NA,NA,NA,Y,NA,A,01,0,0,1,0,0,0,0,0,0,-,-,33.780799865722656,-118.08995056152344,ORANGE,LOS ALAMITOS,-118.09022521972656,33.78074264526367
94744028,2025,2025-06-30,9670,2025-06-23,140,022761,NA,1,3,6,3009,0,1,3,NA,2,020,SR-22 EASTBOUND TO GARDEN GROVE BLVD,VALLEY VIEW ST,10,E,N,A,-,Y,ORA,NA,22,NA,R,0.932,H,NA,R,N,3,0,1,1,A,-,08,22107,NA,N,E,9,A,A,H,-,C,A,0,NA,NA,NA,NA,Y,NA,A,07,0,1,0,0,0,0,0,0,0,-,-,33.77421951293945,-118.03778076171876,ORANGE,GARDEN GROVE,-118.03775787353516,33.77440643310547
94745868,2025,2025-07-01,9675,2025-06-20,1141,022298,NA,5,1,9,3000,0,1,1,NA,2,405,I-405 NORTHBOUND (SAN DIEGO FREEWAY),MACARTHUR BOULEVARD,1380,N,N,A,-,Y,ORA,NA,405,NA,NA,8.077,H,NA,R,Y,4,0,2,5,A,-,03,22350,NA,N,C,C,A,A,H,-,A,D,0,NA,NA,NA,NA,Y,NA,A,08,0,0,2,0,0,0,0,0,0,-,-,33.68482971191406,-117.86116790771484,ORANGE,UNINCORPORATED,-117.86122894287108,33.68474197387695
94748025,2025,2025-08-11,9675,2025-06-21,2225,023506,NA,6,3,7,3001,0,1,3,NA,2,572,SR-57 NORTHBOUND,KATELLA AVE,255,N,N,A,-,Y,ORA,NA,57,NA,NA,12.596,H,NA,R,N,4,0,1,4,A,-,08,22107,NA,M,B,C,A,A,H,-,C,D,0,NA,NA,NA,NA,Y,Y,A,01,0,0,1,0,0,0,0,0,0,-,-,33.80691909790039,-117.87989807128906,ORANGE,ANAHEIM,-117.88004302978516,33.806941986083984
94750853,2025,2025-07-07,9670,2025-06-14,250,022456,NA,6,3,6,3009,0,1,3,NA,2,023,SR-22 W/B,MAGNOLIA STREET,100,E,N,A,-,Y,ORA,NA,22,NA,R,4.882,H,NA,L,Y,3,0,1,2,A,-,01,23152,A,M,B,C,A,A,H,-,C,D,0,NA,NA,NA,NA,Y,Y,A,07,0,1,0,0,0,0,0,0,0,-,-,33.765960693359375,-117.97157287597656,ORANGE,GARDEN GROVE,-117.97157287597656,33.765865325927734
9475228,2022,2022-07-12,3004,2022-06-30,1325,P652,07,4,5,6,3004,0,0,0,NA,0,003,NEWPORT BL,WALNUT ST,141,N,N,A,-,N,NA,NA,NA,NA,NA,NA,NA,NA,NA,Y,3,0,1,2,A,-,01,23152,A,M,C,C,A,A,H,-,A,D,0,NA,NA,NA,NA,Y,Y,A,01,0,1,0,0,0,0,0,0,0,-,-,33.64493942260742,-117.91468811035156,ORANGE,COSTA MESA,-117.91506958007813,33.645259857177734
94752531,2025,2025-07-08,9675,2025-07-02,610,022298,NA,3,1,7,3019,0,1,1,NA,2,502,I-5 SOUTHBOUND (SANTA ANA FREEWAY),17TH STREET,1055,S,N,B,-,Y,ORA,NA,5,NA,NA,32.274,H,NA,L,N,4,0,1,2,A,-,03,22350,NA,N,C,C,A,A,H,-,A,D,0,NA,NA,NA,NA,Y,NA,D,22,0,0,1,0,0,0,0,0,0,-,-,33.75817108154297,-117.85954284667967,ORANGE,SANTA ANA,-117.85956573486328,33.75813293457031
94754015,2025,2025-10-29,9675,2025-06-30,435,023064,NA,1,3,6,3026,0,1,S,NA,2,201,SR-133 S/B,IRVINE CENTER DR,290,S,N,A,-,Y,ORA,NA,133,NA,NA,9.163,H,NA,L,N,1,1,0,1,A,-,08,22107,NA,N,E,I,A,A,D,-,D,D,0,NA,NA,NA,NA,Y,NA,A,01,0,0,0,0,0,0,0,0,0,-,-,33.66202926635742,-117.75528717041016,ORANGE,IRVINE,-117.75523376464844,33.66200256347656
94757023,2025,2025-07-24,9670,2025-06-28,1410,021355,NA,6,2,6,3008,0,1,3,NA,2,094,SR-91 E/B TO EAST STREET,EAST ST,30,W,N,A,-,Y,NA,NA,NA,NA,NA,NA,NA,NA,NA,N,4,0,1,3,A,-,01,23152,A,N,C,C,A,A,H,-,A,A,0,NA,NA,NA,NA,Y,Y,A,01,0,0,1,0,0,0,0,0,0,-,-,33.853328704833984,-117.90706634521484,ORANGE,FULLERTON,-117.90682983398438,33.85393142700195
9476397,2022,2022-08-12,3000,2022-06-08,1020,2849,891F4,3,5,5,3050,0,0,0,NA,0,764,LAKE FOREST DR,ASPAN ST,0,NA,Y,-,-,N,NA,NA,NA,NA,NA,NA,NA,NA,NA,Y,4,0,1,2,A,-,12,21453,A,N,D,C,A,A,H,-,A,A,0,NA,NA,NA,NA,Y,NA,-,-,0,0,1,0,0,0,0,0,0,-,-,NA,NA,ORANGE,LAKE FOREST,-117.71434783935548,33.63105773925781
9476535,2022,2022-07-18,3009,2022-06-11,1257,3427,013,6,5,6,3009,0,0,0,NA,0,011,VALLEY VIEW ST,CHAPMAN AV,10,S,N,A,-,N,NA,NA,NA,NA,NA,NA,NA,NA,NA,N,3,0,1,2,A,-,08,22107,NA,N,D,G,A,A,H,-,A,D,0,NA,Y,NA,NA,Y,NA,A,01,0,1,0,0,0,0,1,0,0,-,-,NA,NA,ORANGE,GARDEN GROVE,-118.02857971191406,33.78836441040039
94765603,2025,2025-07-17,9675,2025-07-09,1945,022273,NA,3,2,6,3026,0,1,1,NA,2,406,I-405 NORTHBOUND,CULVER DRIVE,3500,S,N,A,-,Y,ORA,NA,405,NA,NA,4.94,H,NA,R,Y,3,0,1,2,A,-,07,21658,A,N,B,2,A,A,H,-,B,D,0,NA,NA,NA,NA,Y,NA,-,-,0,1,0,0,0,0,0,0,0,-,-,33.66608810424805,-117.81175994873048,ORANGE,IRVINE,-117.8117446899414,33.66613006591797
94765606,2025,2025-07-17,9675,2025-07-10,1535,022398,NA,4,2,7,3001,0,1,3,NA,2,572,SR-57 NORTHBOUND,LINCOLN AVE,898,S,N,A,-,Y,ORA,NA,57,NA,NA,14.591,H,NA,R,N,4,0,1,2,A,-,03,22350,NA,N,C,A,A,A,H,-,A,D,0,NA,NA,NA,NA,Y,NA,A,07,0,0,1,0,0,0,0,0,0,-,-,33.83515167236328,-117.8759536743164,ORANGE,ANAHEIM,-117.87591552734376,33.83515167236328