CASE_ID,ACCIDENT_YEAR,PROC_DATE,JURIS,COLLISION_DATE,COLLISION_TIME,OFFICER_ID,REPORTING_DISTRICT,DAY_OF_WEEK,CHP_SHIFT,POPULATION,CNTY_CITY_LOC,SPECIAL_COND,BEAT_TYPE,CHP_BEAT_TYPE,CITY_DIVISION_LAPD,CHP_BEAT_CLASS,BEAT_NUMBER,PRIMARY_RD,SECONDARY_RD,DISTANCE,DIRECTION,INTERSECTION,WEATHER_1,WEATHER_2,STATE_HWY_IND,CALTRANS_COUNTY,CALTRANS_DISTRICT,STATE_ROUTE,ROUTE_SUFFIX,POSTMILE_PREFIX,POSTMILE,LOCATION_TYPE,RAMP_INTERSECTION,SIDE_OF_HWY,TOW_AWAY,COLLISION_SEVERITY,NUMBER_KILLED,NUMBER_INJURED,PARTY_COUNT,PRIMARY_COLL_FACTOR,PCF_CODE_OF_VIOL,PCF_VIOL_CATEGORY,PCF_VIOLATION,PCF_VIOL_SUBSECTION,HIT_AND_RUN,TYPE_OF_COLLISION,MVIW,PED_ACTION,ROAD_SURFACE,ROAD_COND_1,ROAD_COND_2,LIGHTING,CONTROL_DEVICE,CHP_ROAD_TYPE,PEDESTRIAN_ACCIDENT,BICYCLE_ACCIDENT,MOTORCYCLE_ACCIDENT,TRUCK_ACCIDENT,NOT_PRIVATE_PROPERTY,ALCOHOL_INVOLVED,STWD_VEHTYPE_AT_FAULT,CHP_VEHTYPE_AT_FAULT,COUNT_SEVERE_INJ,COUNT_VISIBLE_INJ,COUNT_COMPLAINT_PAIN,COUNT_PED_KILLED,COUNT_PED_INJURED,COUNT_BICYCLIST_KILLED,COUNT_BICYCLIST_INJURED,COUNT_MC_KILLED,COUNT_MC_INJURED,PRIMARY_RAMP,SECONDARY_RAMP,LATITUDE,LONGITUDE,COUNTY,CITY,POINT_X,POINT_Y
6417394,2014,2014-06-24,3004,2014-03-08,1620,543,17,6,5,6,3004,0,0,0,NA,0,010,BAKER ST,COOLIDGE,161,E,N,A,-,N,NA,NA,NA,NA,NA,NA,NA,NA,NA,Y,4,0,1,2,A,-,09,21804,NA,N,D,C,A,A,H,-,A,A,0,NA,NA,Y,NA,Y,NA,A,01,0,0,1,0,0,0,0,0,1,-,-,33.6802,-117.9031,ORANGE,COSTA MESA,-117.90324207,33.68012451
6418901,2014,2014-06-23,3022,2014-03-14,0834,1226,NA,5,5,5,3022,0,0,0,NA,0,NA,TUSTIN RANCH RD,TOWNSHIP DR,0,NA,Y,A,-,N,NA,NA,NA,NA,NA,NA,NA,NA,NA,Y,4,0,1,2,A,-,08,22107,NA,N,B,C,A,A,H,-,A,A,0,NA,NA,NA,NA,Y,NA,A,01,0,0,1,0,0,0,0,0,0,-,-,33.7439,-117.786,ORANGE,TUSTIN,-117.78614,33.74391008
6420637,2014,2014-06-07,3000,2014-02-26,0825,8896,971G3,3,5,4,3029,0,0,0,NA,0,734,NIGUEL RD,CAMINO DEL AVION,80,S,N,A,-,N,NA,NA,NA,NA,NA,NA,NA,NA,NA,Y,2,0,1,2,A,-,07,21658,A,N,C,G,A,A,H,-,A,A,0,NA,Y,NA,NA,Y,NA,L,04,1,0,0,0,0,0,1,0,0,-,-,NA,NA,ORANGE,DANA POINT,-117.71137913,33.48957074
6420692,2014,2016-03-07,9690,2014-02-23,1210,15953,NA,7,1,5,3017,0,1,1,NA,2,059,RT 5,AVENIDA PICO,3166,S,N,A,-,Y,ORA,12,5,-,-,2.79,H,-,N,Y,3,0,1,4,A,-,03,22350,NA,N,C,C,A,A,H,-,A,D,1,NA,NA,Y,NA,Y,NA,C,02,0,1,0,0,0,0,0,0,1,-,-,33.4307,-117.6154,ORANGE,SAN CLEMENTE,-117.61549068,33.43231035
6421035,2014,2014-06-24,3001,2014-03-18,1545,1373,NA,2,5,7,3001,0,0,0,NA,0,0D3,EAST BALL RD,S ALLEC ST,260,E,N,A,-,N,NA,NA,NA,NA,NA,NA,NA,NA,NA,Y,4,0,1,3,A,-,03,22350,NA,N,-,C,A,A,H,-,A,A,0,NA,NA,NA,NA,Y,NA,A,01,0,0,1,0,0,0,0,0,0,-,-,NA,NA,ORANGE,ANAHEIM,-117.90211602,33.81809
6422962,2014,2014-06-13,3015,2014-02-13,0649,1098,22W,4,5,6,3015,0,0,0,NA,0,731,W LA VETA AV,S PEEPER ST,0,NA,Y,A,-,N,NA,NA,NA,NA,NA,NA,NA,NA,NA,N,3,0,1,2,A,-,12,21453,A,N,D,C,A,A,H,-,A,A,0,NA,NA,NA,NA,Y,NA,A,07,0,1,0,0,0,0,0,0,0,-,-,NA,NA,ORANGE,ORANGE,-117.86486003,33.78033003
6425263,2014,2014-06-20,9670,2014-03-08,1220,17788,NA,6,1,9,3000,0,3,5,NA,2,005,MADISON ST,ADAMS ST,0,NA,Y,A,-,N,NA,NA,NA,NA,NA,NA,NA,NA,NA,N,3,0,1,2,A,-,09,21802,A,N,D,C,A,A,H,-,A,D,0,NA,NA,NA,NA,Y,NA,A,01,0,1,0,0,0,0,0,0,0,-,-,33.74836,-117.9884,ORANGE,UNINCORPORATED,-117.98858011,33.74838003
6425522,2014,2016-03-09,3014,2014-03-31,1344,1374,RD24,1,5,5,3014,0,0,0,NA,0,NA,HOSPITAL RD,RT 55,110,W,N,A,-,Y,ORA,12,55,-,-,0.602,I,6,S,N,4,0,1,4,A,-,03,22350,NA,N,C,C,A,A,H,-,A,A,0,NA,NA,NA,NA,Y,NA,A,07,0,0,1,0,0,0,0,0,0,-,-,33.6256,-117.9284,ORANGE,NEWPORT BEACH,-117.92798411,33.62582256
6426001,2014,2014-07-01,3022,2014-03-20,1739,1154,NA,4,5,5,3022,0,0,0,NA,0,NA,OLD IRVINE BL,NEWPORT AV,162,E,N,A,-,N,NA,NA,NA,NA,NA,NA,NA,NA,NA,N,3,0,1,2,A,-,09,21804,A,N,D,C,A,A,H,-,A,D,0,NA,NA,Y,NA,Y,NA,A,07,0,1,0,0,0,0,0,0,1,-,-,33.74907,-117.8103,ORANGE,TUSTIN,-117.81051854,33.7490789
6426170,2014,2015-12-23,3010,2014-03-23,0201,2119,171,7,5,6,3010,0,0,0,NA,0,008,PACIFIC COAST HWY,ANDERSON,55,S,N,A,-,Y,ORA,12,1,-,-,31.1,H,-,S,Y,3,0,4,2,A,-,09,21801,A,N,D,C,A,A,H,-,C,D,0,NA,NA,NA,NA,Y,NA,A,01,0,1,3,0,0,0,0,0,0,-,-,NA,NA,ORANGE,HUNTINGTON BEACH,-118.07770826,33.72441887
6426177,2014,2015-10-06,3014,2014-03-26,1402,1179,RD44,3,5,5,3014,0,0,0,NA,0,0A3,RT 1,IRIS AV,0,NA,Y,A,-,N,NA,NA,NA,NA,NA,NA,NA,NA,NA,N,4,0,2,2,A,-,03,22350,NA,N,C,C,A,A,H,-,A,D,0,NA,NA,NA,NA,Y,NA,A,01,0,0,2,0,0,0,0,0,0,-,-,33.5993,-117.872,ORANGE,NEWPORT BEACH,-117.87298002,33.5981
6426185,2014,2014-06-27,3014,2014-03-26,1930,1253,RD39,3,5,5,3014,0,0,0,NA,0,NA,MACARTHUR BL,SAN MIGUEL DR,75,N,N,C,-,N,NA,NA,NA,NA,NA,NA,NA,NA,NA,Y,4,0,2,3,A,-,03,22350,NA,N,C,C,A,B,H,-,C,A,0,NA,NA,NA,NA,Y,NA,A,01,0,0,2,0,0,0,0,0,0,-,-,33.6117,-117.8697,ORANGE,NEWPORT BEACH,-117.86984136,33.61162832
6426190,2014,2015-12-24,3010,2014-03-24,2013,1176,472,1,5,6,3010,0,0,0,NA,0,002,RT 1,RT 39,0,NA,Y,A,-,Y,ORA,12,1,-,-,23.739,I,5,S,Y,3,0,1,2,A,-,11,21954,A,N,G,B,D,A,H,-,C,A,0,Y,NA,NA,NA,Y,NA,N,60,0,1,0,0,1,0,0,0,0,-,-,NA,NA,ORANGE,HUNTINGTON BEACH,-117.9882987,33.64849346
6426583,2014,2014-06-25,3022,2014-03-13,1450,1226,NA,4,5,5,3022,0,0,0,NA,0,NA,NEWPORT AV,SYCAMORE AV,0,NA,Y,A,-,N,NA,NA,NA,NA,NA,NA,NA,NA,NA,Y,4,0,1,2,A,-,09,21801,A,N,D,C,A,A,H,-,A,A,0,NA,NA,NA,NA,Y,NA,A,07,0,0,1,0,0,0,0,0,0,-,-,33.7297,-117.8303,ORANGE,TUSTIN,-117.83040014,33.72982001
6427715,2014,2014-06-27,3008,2014-03-09,1556,1469,NA,7,5,6,3008,0,0,0,NA,0,0Z2,HARBOR BL,BREA BL,603,N,N,A,-,N,NA,NA,NA,NA,NA,NA,NA,NA,NA,Y,3,0,3,2,A,-,09,21804,A,N,D,C,A,A,H,-,A,D,0,NA,NA,NA,NA,Y,NA,A,01,0,1,2,0,0,0,0,0,0,-,-,NA,NA,ORANGE,FULLERTON,-117.92547573,33.88390835
6428095,2014,2014-06-20,3000,2014-03-18,1116,7734,922A1,2,5,5,3028,0,0,0,NA,0,750,MUIRLANDS BL,ROBIN CIR,0,NA,Y,A,-,N,NA,NA,NA,NA,NA,NA,NA,NA,NA,Y,4,0,1,2,A,-,12,21453,A,N,D,C,A,A,H,-,A,A,0,NA,NA,NA,NA,Y,NA,A,01,0,0,1,0,0,0,0,0,0,-,-,NA,NA,ORANGE,MISSION VIEJO,-117.67734002,33.6005301
6428255,2014,2014-06-26,3026,2014-03-24,1356,4779,NA,1,5,6,3026,0,0,0,NA,0,00C,HARVARD AV,BARRANCA PKWY,25,N,N,B,-,N,NA,NA,NA,NA,NA,NA,NA,NA,NA,Y,3,0,1,2,A,-,08,22107,NA,N,E,I,A,A,H,-,A,A,0,NA,NA,NA,NA,Y,NA,A,01,0,1,0,0,0,0,0,0,0,-,-,NA,NA,ORANGE,IRVINE,-117.81861742,33.68849258
6428261,2014,2016-03-09,9670,2014-03-01,1940,19550,NA,6,2,7,3001,0,1,1,NA,2,503,RT 5,EUCLID ST,3168,N,N,B,C,Y,ORA,12,5,-,-,40.08,H,-,S,Y,4,0,2,4,A,-,07,21658,A,N,-,C,A,B,H,-,C,D,6,NA,NA,NA,NA,Y,NA,-,99,0,0,2,0,0,0,0,0,0,-,-,33.83755,-117.94523,ORANGE,ANAHEIM,-117.94996485,33.84007935
6428304,2014,2014-06-26,3026,2014-03-22,1018,7094,NA,6,5,6,3026,0,0,0,NA,0,00U,RED HILL AV,MACARTHUR BL,27,S,N,B,-,N,NA,NA,NA,NA,NA,NA,NA,NA,NA,Y,4,0,1,2,A,-,03,22350,NA,N,C,C,A,A,H,-,A,A,0,NA,NA,Y,NA,Y,NA,A,01,0,0,1,0,0,0,0,0,1,-,-,NA,NA,ORANGE,IRVINE,-117.85496785,33.69385396
6428380,2014,2014-07-03,3014,2014-03-02,1555,1374,38,7,5,5,3014,0,0,0,NA,0,NA,SAN JOAQUIN HILLS RD,SANTA CRUZ DR,400,E,N,B,-,N,NA,NA,NA,NA,NA,NA,NA,NA,NA,Y,4,0,2,2,A,-,03,22350,NA,N,E,I,A,A,H,-,A,A,0,NA,NA,NA,NA,Y,NA,A,01,0,0,2,0,0,0,0,0,0,-,-,33.6224,-117.8749,ORANGE,NEWPORT BEACH,-117.87427677,33.62164766
6429269,2014,2016-01-08,9670,2014-03-24,1925,019893,NA,1,2,5,3003,0,1,3,NA,2,092,RT 91,VALLEY VIEW ST,2640,E,N,A,-,Y,ORA,12,91,-,R,1.35,H,-,W,N,4,0,1,2,A,-,03,22350,NA,N,C,C,A,A,H,-,B,D,1,NA,NA,NA,NA,Y,NA,A,01,0,0,1,0,0,0,0,0,0,-,-,33.85608,-118.02153,ORANGE,BUENA PARK,-118.01998487,33.85602699
6430441,2014,2014-06-24,3000,2014-03-17,1503,9220,952B7,1,5,4,3018,0,0,0,NA,0,730,AVENIDA DE LA VISTA,PASEO CARMEL,155,N,N,A,-,N,NA,NA,NA,NA,NA,NA,NA,NA,NA,N,3,0,1,2,A,-,17,22517,NA,N,H,G,A,A,H,-,A,D,0,NA,Y,NA,NA,Y,NA,A,07,0,1,0,0,0,0,1,0,0,-,-,NA,NA,ORANGE,SAN JUAN CAPISTRANO,-117.66969002,33.51142953
6430656,2014,2014-07-02,3026,2014-03-23,2332,472,UNIVE,7,5,6,3026,0,0,0,NA,0,00U,HARVARD,SAN JUAN,0,NA,Y,A,-,N,NA,NA,NA,NA,NA,NA,NA,NA,NA,Y,4,0,1,2,A,-,01,23152,A,N,D,C,A,A,H,-,C,A,0,NA,NA,NA,NA,Y,Y,A,01,0,0,1,0,0,0,0,0,0,-,-,NA,NA,ORANGE,IRVINE,-117.82095005,33.68688008
6430890,2014,2014-06-28,3003,2014-02-28,1519,752,3003,5,5,5,3003,0,0,0,NA,0,00S,LINCOLN AV,KNOTT,450,W,N,C,-,N,NA,NA,NA,NA,NA,NA,NA,NA,NA,N,4,0,2,3,A,-,03,22350,NA,N,C,C,A,B,H,-,A,A,0,NA,NA,NA,NA,Y,NA,A,01,0,0,2,0,0,0,0,0,0,-,-,NA,NA,ORANGE,BUENA PARK,-118.01253829,33.8319619
6431740,2014,2016-02-25,3001,2014-03-21,1042,A1355,NA,5,5,7,3001,0,0,0,NA,0,0D3,KATELLA AV,RT 57,145,W,N,A,-,Y,ORA,12,57,-,-,12.351,R,4,N,Y,4,0,1,2,A,-,12,21453,A,N,B,C,A,A,H,-,A,A,0,NA,NA,NA,NA,Y,NA,A,07,0,0,1,0,0,0,0,0,0,-,NF,NA,NA,ORANGE,ANAHEIM,-117.8795565,33.80316793
6432888,2014,2014-06-27,3004,2014-03-14,1753,543,16,5,5,6,3004,0,0,0,NA,0,004,HARBOR BL,MERRIMAC,200,S,N,A,-,N,NA,NA,NA,NA,NA,NA,NA,NA,NA,N,4,0,1,4,A,-,03,22350,NA,N,C,C,A,A,H,-,A,A,0,NA,NA,NA,NA,Y,NA,A,01,0,0,1,0,0,0,0,0,0,-,-,33.66895,-117.9193,ORANGE,COSTA MESA,-117.91929815,33.66783178
6432892,2014,2014-06-30,3004,2014-03-04,1901,555,1,2,5,6,3004,0,0,0,NA,0,015,WHITTIER AV,19TH ST,6,S,N,A,-,N,NA,NA,NA,NA,NA,NA,NA,NA,NA,N,3,0,1,2,A,-,-,NA,NA,N,G,B,B,A,H,-,C,A,0,Y,NA,NA,NA,Y,NA,A,01,0,1,0,0,1,0,0,0,0,-,-,33.64323,-117.94065,ORANGE,COSTA MESA,-117.94069966,33.64328355
6433267,2014,2014-06-28,3001,2014-03-02,2133,A1852,2127,7,5,7,3001,0,0,0,NA,0,033,KATELLA AV,LEWIS ST,125,W,N,B,-,N,NA,NA,NA,NA,NA,NA,NA,NA,NA,Y,4,0,1,2,A,-,03,22350,NA,N,C,C,A,A,H,-,C,A,0,NA,NA,NA,NA,Y,NA,A,01,0,0,1,0,0,0,0,0,0,-,-,NA,NA,ORANGE,ANAHEIM,-117.89831363,33.80327991
6433721,2014,2015-12-23,3020,2014-03-02,0938,361,NA,7,5,4,3020,0,0,0,NA,0,NA,RT 1,12TH ST,0,NA,Y,B,-,Y,ORA,12,1,-,-,33.021,I,5,S,Y,4,0,1,2,A,-,12,21457,A,N,D,C,A,B,H,-,A,A,0,NA,NA,NA,NA,Y,NA,D,NA,0,0,1,0,0,0,0,0,0,-,-,NA,NA,ORANGE,SEAL BEACH,-118.1000314,33.74305828
6434176,2014,2014-07-10,3019,2014-03-31,1839,2679,SC,1,5,7,3019,0,0,0,NA,0,004,17TH ST,COLLEGE AV,0,NA,Y,A,-,N,NA,NA,NA,NA,NA,NA,NA,NA,NA,Y,3,0,1,2,A,-,12,21453,A,N,D,C,A,A,H,-,B,A,0,NA,NA,NA,NA,Y,NA,A,01,0,1,0,0,0,0,0,0,0,-,-,NA,NA,ORANGE,SANTA ANA,-117.89163005,33.75999001
6434188,2014,2014-07-09,3019,2014-03-31,1608,2679,NA,1,5,7,3019,0,0,0,NA,0,0SC,MCFADDEN,FAIRVIEW,360,E,N,A,-,N,NA,NA,NA,NA,NA,NA,NA,NA,NA,Y,3,0,1,2,A,-,03,22350,NA,N,C,C,A,A,H,-,A,A,0,NA,NA,NA,NA,Y,NA,A,01,0,1,0,0,0,0,0,0,0,-,-,NA,NA,ORANGE,SANTA ANA,-117.90560883,33.73451106
6434371,2014,2016-04-09,3010,2014-04-01,2140,1122,263,2,5,6,3010,0,0,0,NA,0,006,RT 39,TERRY,0,S,N,A,-,Y,ORA,12,39,-,-,4.86,H,-,N,Y,4,0,1,2,A,-,08,22101,D,N,B,C,A,A,H,-,C,D,0,NA,NA,Y,NA,Y,NA,A,01,0,0,1,0,0,0,0,0,1,-,-,NA,NA,ORANGE,HUNTINGTON BEACH,-117.98906761,33.71898878
6435316,2014,2014-07-01,3019,2014-02-15,1945,3296,SC,6,5,7,3019,0,0,0,NA,0,004,BRISTOL ST,BRISTOL,0,NA,Y,A,-,N,NA,NA,NA,NA,NA,NA,NA,NA,NA,Y,3,0,1,2,D,-,00,NA,NA,N,D,C,A,A,H,-,C,A,0,NA,NA,NA,NA,Y,NA,-,-,0,1,0,0,0,0,0,0,0,-,-,NA,NA,ORANGE,SANTA ANA,-117.88481005,33.77669007
6435402,2014,2016-03-08,9670,2014-03-16,1723,019893,NA,7,2,6,3009,0,1,3,NA,2,024,RT 22,GARDEN GROVE BL,40,E,N,A,-,Y,ORA,12,22,-,R,8.9,H,-,E,Y,3,0,3,3,A,-,03,22350,NA,N,C,C,A,A,H,-,A,D,1,NA,NA,NA,NA,Y,NA,A,01,0,1,2,0,0,0,0,0,0,-,-,33.77485,-117.90343,ORANGE,GARDEN GROVE,-117.90419406,33.77474726
6437042,2014,2014-06-27,3000,2014-02-28,1720,4821,971H6,5,5,4,3029,0,0,0,NA,0,839,DEL PRADO,AMBER LANTERN,90,N,N,B,-,N,NA,NA,NA,NA,NA,NA,NA,NA,NA,N,4,0,3,2,A,-,04,21703,NA,N,C,C,A,B,H,-,A,A,0,NA,NA,NA,NA,Y,NA,A,01,0,0,3,0,0,0,0,0,0,-,-,NA,NA,ORANGE,DANA POINT,-117.70226,33.46554
6437238,2014,2014-07-01,3000,2014-03-14,1920,5813,992H4,5,5,5,3017,0,0,0,NA,0,778,W ESCALONES,NORTH EL CAMINO REAL,0,NA,Y,A,-,N,NA,NA,NA,NA,NA,NA,NA,NA,NA,Y,4,0,1,2,A,-,01,23152,A,F,G,B,B,A,H,-,C,A,0,Y,NA,NA,NA,Y,Y,A,01,0,0,1,0,1,0,0,0,0,-,-,NA,NA,ORANGE,SAN CLEMENTE,-117.61884001,33.4303401
6438004,2014,2016-03-09,9675,2014-02-21,2342,19018,NA,5,3,7,3001,0,1,3,NA,2,093,RT 91,KRAEMER BL,100,W,N,A,-,Y,ORA,12,91,-,-,7.2,R,2,W,Y,3,0,1,1,A,-,01,23152,A,N,F,A,A,A,H,-,C,D,6,NA,NA,NA,NA,Y,Y,A,07,0,1,0,0,0,0,0,0,0,FR,-,33.84843,-117.85681,ORANGE,ANAHEIM,-117.85808267,33.84739199
6438208,2014,2014-07-01,3026,2014-02-24,1635,515,NA,1,5,6,3026,0,0,0,NA,0,00U,SETON,QUEENS WREATH,14,E,N,A,-,N,NA,NA,NA,NA,NA,NA,NA,NA,NA,Y,4,0,1,2,A,-,09,21800,A,N,D,C,A,A,H,-,A,D,0,NA,NA,NA,NA,Y,NA,A,01,0,0,1,0,0,0,0,0,0,-,-,NA,NA,ORANGE,IRVINE,-117.82035855,33.66681352
6438212,2014,2014-07-01,3026,2014-02-18,0902,282,NA,2,5,6,3026,0,0,0,NA,0,00P,SAND CANYON,TRABUCO,23,N,N,A,-,N,NA,NA,NA,NA,NA,NA,NA,NA,NA,Y,3,0,1,1,A,-,08,22107,NA,N,E,I,A,A,H,-,A,A,0,NA,NA,NA,NA,Y,NA,A,01,0,1,0,0,0,0,0,0,0,-,-,NA,NA,ORANGE,IRVINE,-117.74895918,33.68710658
6439482,2014,2014-07-01,3015,2014-03-06,1639,1240,65 E,4,5,6,3015,0,0,0,NA,0,723 M,NORTH TUSTIN ST,E WILSON AV,0,NA,Y,A,-,N,NA,NA,NA,NA,NA,NA,NA,NA,NA,Y,4,0,2,2,A,-,09,21802,A,N,D,C,A,A,H,-,A,A,0,NA,NA,NA,NA,Y,NA,A,01,0,0,2,0,0,0,0,0,0,-,-,NA,NA,ORANGE,ORANGE,-117.83571008,33.80746011
6439707,2014,2015-12-23,3024,2014-03-18,0030,142,P19,2,5,5,3024,0,0,0,NA,0,00E,RT 39,WESTMINSTER BL,60,S,N,A,-,Y,ORA,12,39,-,-,7.62,H,-,N,N,2,0,1,2,A,-,11,21954,A,N,G,B,D,A,H,-,C,A,0,Y,NA,NA,NA,Y,Y,N,60,1,0,0,0,1,0,0,0,0,-,-,NA,NA,ORANGE,WESTMINSTER,-117.98955693,33.75901392
6440132,2014,2016-03-11,3003,2014-02-25,1644,1056,NA,2,5,5,3003,0,0,0,NA,0,NA,BEACH BL,CASCADE WY,100,S,N,A,-,Y,ORA,12,39,-,-,16.11,H,-,N,Y,4,0,1,3,A,-,03,22350,NA,N,C,C,A,A,H,-,A,A,0,NA,NA,NA,NA,Y,NA,A,01,0,0,1,0,0,0,0,0,0,-,-,33.5252,-117.5953,ORANGE,BUENA PARK,-117.99810013,33.88133365
6440322,2014,2014-06-20,3001,2014-03-28,0723,A1355,NA,5,5,7,3001,0,0,0,NA,0,0D3,KATELLA AV,CONVENTION CENTER,89,E,N,A,-,N,NA,NA,NA,NA,NA,NA,NA,NA,NA,Y,3,0,2,2,A,-,03,22350,NA,N,C,C,A,A,H,-,A,D,0,NA,NA,NA,NA,Y,NA,A,01,0,2,0,0,0,0,0,0,0,-,-,NA,NA,ORANGE,ANAHEIM,NA,NA
6443607,2014,2016-03-15,9670,2014-03-29,1635,019502,NA,6,2,4,3020,0,1,1,NA,2,045,RT 405,RT 22,500,N,N,A,-,Y,ORA,12,405,-,-,21.107,R,2,S,Y,4,0,1,2,A,-,03,22350,NA,N,C,C,A,A,H,-,A,D,1,NA,NA,NA,NA,Y,NA,A,08,0,0,1,0,0,0,0,0,0,-,-,33.77401,-118.04728,ORANGE,SEAL BEACH,-118.04858065,33.7742984
6444704,2014,2014-07-09,3022,2014-03-31,1935,989,NA,1,5,5,3022,0,0,0,NA,0,001,SEVENTEETH ST,YORBA ST,0,NA,Y,A,-,N,NA,NA,NA,NA,NA,NA,NA,NA,NA,Y,4,0,1,2,A,-,12,21453,A,N,D,C,A,A,H,-,C,A,0,NA,NA,NA,NA,Y,NA,-,NA,0,0,1,0,0,0,0,0,0,-,-,33.75996,-117.82896,ORANGE,TUSTIN,-117.827219,33.759829
6446286,2014,2014-07-03,3009,2014-03-29,1651,3965,118,6,5,6,3009,0,0,0,NA,0,023,WARD,DAVIT AV / WARD ST,0,NA,Y,A,-,N,NA,NA,NA,NA,NA,NA,NA,NA,NA,N,4,0,1,2,A,-,09,21801,A,N,D,C,A,A,H,-,A,D,0,NA,NA,NA,NA,Y,NA,A,01,0,0,1,0,0,0,0,0,0,-,-,NA,NA,ORANGE,GARDEN GROVE,-117.94607,33.73957
6446789,2014,2014-07-08,3000,2014-03-25,1615,8418,972A6,2,5,4,3029,0,0,0,NA,0,737,DOHENY PARK RD,DOMINGO AV,100,N,N,A,-,N,NA,NA,NA,NA,NA,NA,NA,NA,NA,N,4,0,1,3,A,-,03,22350,NA,N,C,C,A,A,H,-,A,D,0,NA,NA,NA,NA,Y,NA,A,01,0,0,1,0,0,0,0,0,0,-,-,NA,NA,ORANGE,DANA POINT,-117.67787719,33.46582727
6448249,2014,2014-07-07,3007,2014-03-24,1538,247,A7,1,5,5,3007,0,0,0,NA,0,002,SLATER,EUCLID,0,NA,Y,A,-,N,NA,NA,NA,NA,NA,NA,NA,NA,NA,Y,4,0,1,2,A,-,09,21801,A,N,D,C,A,A,H,-,A,A,0,NA,NA,NA,NA,Y,NA,A,01,0,0,1,0,0,0,0,0,0,-,-,NA,NA,ORANGE,FOUNTAIN VALLEY,-117.93712005,33.70912003
6448863,2014,2014-07-11,3015,2014-03-10,1619,1344,164,1,5,6,3015,0,0,0,NA,0,NA,JAMBOREE RD,CANYON VIEW ST,1161,S,N,A,-,N,NA,NA,NA,NA,NA,NA,NA,NA,NA,Y,3,0,1,2,A,-,17,21712,B,N,H,A,A,A,H,-,A,D,0,NA,NA,Y,NA,Y,NA,A,01,0,1,0,0,0,0,0,0,1,-,-,NA,NA,ORANGE,ORANGE,-117.75853975,33.7819682
6448946,2014,2016-03-08,9675,2014-03-24,0720,18005,NA,1,1,6,3015,0,1,3,NA,2,222,RT 22,LEWIS ST,400,E,N,B,-,Y,ORA,12,22,-,R,9.55,H,-,E,N,4,0,1,2,A,-,03,22350,NA,N,C,C,A,A,H,-,A,D,6,NA,NA,NA,NA,Y,NA,A,01,0,0,1,0,0,0,0,0,0,-,-,33.77867,-117.89534,ORANGE,ORANGE,-117.89317398,33.77894359
6448952,2014,2016-03-09,9675,2014-03-29,1125,18834,NA,6,1,6,3004,0,1,3,NA,2,553,RT 55,BAKER ST,400,N,N,A,-,Y,ORA,12,55,-,R,5.44,H,-,S,Y,4,0,2,3,A,-,07,21658,A,N,B,C,A,A,H,-,A,D,1,NA,NA,NA,NA,Y,NA,A,01,0,0,2,0,0,0,0,0,0,-,-,33.68095,-117.87862,ORANGE,COSTA MESA,-117.87830186,33.68109981
6450729,2014,2014-07-17,3008,2014-03-22,1439,1314,NA,6,5,6,3008,0,0,0,NA,0,0Z2,HARBOR BL,COSTCO WY,0,NA,Y,A,-,N,NA,NA,NA,NA,NA,NA,NA,NA,NA,Y,4,0,3,2,A,-,09,21801,A,N,A,C,A,A,H,-,A,A,0,NA,NA,NA,NA,Y,NA,A,01,0,0,3,0,0,0,0,0,0,-,-,NA,NA,ORANGE,FULLERTON,-117.92429011,33.86189001
6450732,2014,2015-10-06,3008,2014-03-28,1151,1117,NA,5,5,6,3008,0,0,0,NA,0,0Z2,HARBOR BL,ORANGEFAIR MALL,50,S,N,A,-,N,NA,NA,NA,NA,NA,NA,NA,NA,NA,N,4,0,1,2,A,-,03,22350,NA,N,C,C,A,A,H,-,A,A,0,NA,NA,NA,Y,Y,NA,F,26,0,0,1,0,0,0,0,0,0,-,-,NA,NA,ORANGE,FULLERTON,-117.92435792,33.85617293
6451003,2014,2014-07-07,3001,2014-03-29,0037,415,NA,6,5,7,3001,0,0,0,NA,0,0D3,S PEPPER ST,SOUTH ST,194,N,N,A,-,N,NA,NA,NA,NA,NA,NA,NA,NA,NA,Y,3,0,1,3,A,-,01,23152,A,N,A,E,A,A,H,-,C,D,0,NA,NA,NA,NA,Y,Y,A,01,0,1,0,0,0,0,0,0,0,-,-,NA,NA,ORANGE,ANAHEIM,-117.92672546,33.82360042
6451928,2014,2014-07-15,3015,2014-04-05,1339,1364,47E,6,5,6,3015,0,0,0,NA,0,713,N GLASSELL ST,EAST RIVERDALE AV,65,S,N,A,-,N,NA,NA,NA,NA,NA,NA,NA,NA,NA,N,4,0,1,2,A,-,03,22350,NA,N,C,C,A,A,H,-,A,A,0,NA,NA,NA,NA,Y,NA,D,22,0,0,1,0,0,0,0,0,0,-,-,NA,NA,ORANGE,ORANGE,-117.85228,33.84190181
6451940,2014,2014-07-09,3015,2014-03-27,2330,1501,1275,4,5,6,3015,0,0,0,NA,0,132,N CANNON ST,PORTOFIRA WY,284,N,N,B,-,N,NA,NA,NA,NA,NA,NA,NA,NA,NA,Y,3,0,1,1,A,-,01,23152,A,N,E,I,A,A,H,-,C,A,0,NA,NA,NA,NA,Y,Y,D,22,0,1,0,0,0,0,0,0,0,-,-,NA,NA,ORANGE,ORANGE,-117.79358347,33.82975322
6454864,2014,2014-07-23,3015,2014-04-07,1245,1365,32E,1,5,6,3015,0,0,0,NA,0,732,WEST CHAPMAN AV,N PARKER ST,21,E,N,A,-,N,NA,NA,NA,NA,NA,NA,NA,NA,NA,N,4,0,1,2,A,-,09,21802,A,N,H,C,A,A,H,-,A,D,0,NA,NA,Y,NA,Y,NA,A,01,0,0,1,0,0,0,0,0,1,-,-,NA,NA,ORANGE,ORANGE,-117.85956105,33.78788
6455133,2014,2014-07-11,3010,2014-03-27,1247,2116,413,4,5,6,3010,0,0,0,NA,0,005,NEWLAND,MODALE DR,0,NA,Y,A,-,N,NA,NA,NA,NA,NA,NA,NA,NA,NA,Y,3,0,3,2,A,-,08,22107,NA,N,B,C,A,A,H,-,A,D,0,NA,NA,NA,NA,Y,NA,A,01,0,1,2,0,0,0,0,0,0,-,-,NA,NA,ORANGE,HUNTINGTON BEACH,-117.98021003,33.69035007