CASE_ID,ACCIDENT_YEAR,PROC_DATE,JURIS,COLLISION_DATE,COLLISION_TIME,OFFICER_ID,REPORTING_DISTRICT,DAY_OF_WEEK,CHP_SHIFT,POPULATION,CNTY_CITY_LOC,SPECIAL_COND,BEAT_TYPE,CHP_BEAT_TYPE,CITY_DIVISION_LAPD,CHP_BEAT_CLASS,BEAT_NUMBER,PRIMARY_RD,SECONDARY_RD,DISTANCE,DIRECTION,INTERSECTION,WEATHER_1,WEATHER_2,STATE_HWY_IND,CALTRANS_COUNTY,CALTRANS_DISTRICT,STATE_ROUTE,ROUTE_SUFFIX,POSTMILE_PREFIX,POSTMILE,LOCATION_TYPE,RAMP_INTERSECTION,SIDE_OF_HWY,TOW_AWAY,COLLISION_SEVERITY,NUMBER_KILLED,NUMBER_INJURED,PARTY_COUNT,PRIMARY_COLL_FACTOR,PCF_CODE_OF_VIOL,PCF_VIOL_CATEGORY,PCF_VIOLATION,PCF_VIOL_SUBSECTION,HIT_AND_RUN,TYPE_OF_COLLISION,MVIW,PED_ACTION,ROAD_SURFACE,ROAD_COND_1,ROAD_COND_2,LIGHTING,CONTROL_DEVICE,CHP_ROAD_TYPE,PEDESTRIAN_ACCIDENT,BICYCLE_ACCIDENT,MOTORCYCLE_ACCIDENT,TRUCK_ACCIDENT,NOT_PRIVATE_PROPERTY,ALCOHOL_INVOLVED,STWD_VEHTYPE_AT_FAULT,CHP_VEHTYPE_AT_FAULT,COUNT_SEVERE_INJ,COUNT_VISIBLE_INJ,COUNT_COMPLAINT_PAIN,COUNT_PED_KILLED,COUNT_PED_INJURED,COUNT_BICYCLIST_KILLED,COUNT_BICYCLIST_INJURED,COUNT_MC_KILLED,COUNT_MC_INJURED,PRIMARY_RAMP,SECONDARY_RAMP,LATITUDE,LONGITUDE,COUNTY,CITY,POINT_X,POINT_Y
6653510,2014,2016-05-31,9670,2014-09-24,1455,013953,NA,3,2,6,3009,0,1,3,NA,2,024,RT 22,GARDEN GROVE BL,530,W,N,A,-,Y,ORA,12,22,-,R,8.72,H,-,E,Y,3,0,4,5,A,-,07,21658,A,N,C,C,A,A,H,-,A,D,1,NA,NA,NA,NA,Y,NA,A,08,0,1,3,0,0,0,0,0,0,-,-,33.77321,-117.90711,ORANGE,GARDEN GROVE,-117.90686806,33.77336199
6653536,2014,2016-06-10,3000,2014-10-06,1215,1920,922B4,1,5,5,3028,0,0,0,NA,0,750,OSO PKWY,RT 5,13,E,N,A,-,Y,ORA,12,5,-,-,14.945,R,1,N,Y,4,0,1,3,A,-,03,22350,NA,N,C,C,A,A,H,-,A,A,0,NA,NA,NA,NA,Y,NA,A,07,0,0,1,0,0,0,0,0,0,-,NF,NA,NA,ORANGE,MISSION VIEJO,-117.67170137,33.5761453
6653726,2014,2016-05-28,3026,2014-09-29,1746,337,PORTO,1,5,6,3026,0,0,0,NA,0,00P,JAMBOREE,RT 5,70,N,N,A,-,Y,ORA,12,5,-,-,2.799,R,4,S,Y,4,0,1,2,A,-,03,22350,NA,N,C,C,A,A,H,-,A,A,0,NA,NA,NA,NA,Y,NA,A,01,0,0,1,0,0,0,0,0,0,-,-,NA,NA,ORANGE,IRVINE,-117.61576656,33.43230542
6653737,2014,2014-10-16,3008,2014-09-20,2240,1390,NA,6,5,6,3008,0,0,0,NA,0,0Z3,CHAPMAN AV,STATE COLLEGE BL,0,NA,Y,A,-,N,NA,NA,NA,NA,NA,NA,NA,NA,NA,Y,4,0,1,2,A,-,12,21453,A,N,D,C,A,A,H,-,C,A,0,NA,NA,Y,NA,Y,NA,C,02,0,0,1,0,0,0,0,0,1,-,-,33.87421,-117.88962,ORANGE,FULLERTON,-117.88962013,33.87421009
6653751,2014,2014-10-16,3008,2014-09-26,0751,1033,NA,5,5,6,3008,0,0,0,NA,0,0Z3,NUTWOOD AV,STATE COLLEGE BL,394,E,N,A,-,N,NA,NA,NA,NA,NA,NA,NA,NA,NA,Y,4,0,1,2,A,-,09,21804,A,N,D,C,A,A,H,-,A,A,0,NA,NA,NA,NA,Y,NA,A,01,0,0,1,0,0,0,0,0,0,-,-,NA,NA,ORANGE,FULLERTON,-117.88848286,33.8777732
6653770,2014,2016-05-31,9670,2014-09-29,0750,16793,NA,1,1,4,3020,0,1,1,NA,2,044,RT 405,RT 605,600,S,N,B,-,Y,ORA,12,405,-,-,23.87,H,-,N,N,4,0,1,2,A,-,03,22350,NA,N,C,C,A,A,H,-,A,D,1,NA,NA,NA,NA,Y,NA,A,01,0,0,1,0,0,0,0,0,0,-,-,33.79209,-118.09054,ORANGE,SEAL BEACH,-118.09063792,33.7821511
6653839,2014,2016-06-15,9670,2014-09-24,1430,15587,NA,3,2,7,3001,0,1,3,NA,2,093,RT 91,EUCLID ST,2640,W,N,A,-,Y,ORA,12,91,-,-,1.73,H,-,W,N,4,0,1,4,A,-,03,22350,NA,F,C,C,A,A,H,-,A,D,1,NA,NA,NA,NA,Y,NA,A,01,0,0,1,0,0,0,0,0,0,-,-,33.85411,-117.95051,ORANGE,ANAHEIM,-117.9508152,33.85414477
6657100,2014,2014-12-16,9675,2014-10-01,1745,18714,NA,3,2,7,3001,0,1,3,NA,2,093,RT 91,LA PALMA AV,2000,E,N,A,-,Y,NA,NA,91,NA,NA,NA,NA,NA,NA,Y,4,0,1,2,A,-,03,22350,NA,N,C,C,A,A,H,-,A,D,0,NA,NA,Y,NA,Y,NA,C,02,0,0,1,0,0,0,0,0,1,-,-,33.84676,-117.86736,ORANGE,ANAHEIM,-117.86736179,33.84675134
6658152,2014,2014-11-14,3015,2014-10-09,0759,1386,54E,4,5,6,3015,0,0,0,NA,0,711,N RANCHO SANTIAGO BL,E SYCAMORE AV,56,N,N,A,-,N,NA,NA,NA,NA,NA,NA,NA,NA,NA,Y,4,0,1,2,A,-,21,22106,NA,N,C,C,A,A,H,-,A,D,0,NA,NA,NA,NA,Y,NA,A,01,0,0,1,0,0,0,0,0,0,-,-,NA,NA,ORANGE,ORANGE,-117.80135,33.79277351
6659081,2014,2016-07-07,9675,2014-10-01,1515,13300,NA,3,2,6,3004,0,1,1,NA,2,405,RT 405,FAIRVIEW RD,800,N,N,A,-,Y,ORA,12,405,-,-,10.94,H,-,N,N,4,0,2,3,A,-,03,22350,NA,N,C,C,A,A,H,-,A,D,6,NA,NA,NA,NA,Y,NA,A,01,0,0,2,0,0,0,0,0,0,-,-,33.68838,-117.91121,ORANGE,COSTA MESA,-117.91044302,33.68808423
6661313,2014,2016-03-01,3010,2014-10-07,1440,1262,447,2,5,6,3010,0,0,0,NA,0,003,ADAMS AV,BROOKHURST,81,E,N,A,-,N,NA,NA,NA,NA,NA,NA,NA,NA,NA,Y,4,0,3,3,A,-,-,NA,NA,N,C,C,A,A,H,-,A,A,0,NA,NA,NA,NA,Y,NA,A,01,0,0,3,0,0,0,0,0,0,-,-,NA,NA,ORANGE,HUNTINGTON BEACH,-117.95370473,33.67244
6661318,2014,2014-12-17,3001,2014-10-04,0110,415,NA,6,5,7,3001,0,0,0,NA,0,0D3,DISNEYLAND DR,BALL RD,528,N,N,A,-,N,NA,NA,NA,NA,NA,NA,NA,NA,NA,N,4,0,1,2,A,-,08,22100,A,N,B,C,A,A,H,-,C,D,0,NA,NA,NA,NA,Y,NA,A,01,0,0,1,0,0,0,0,0,0,-,-,NA,NA,ORANGE,ANAHEIM,-117.92278003,33.8195501
6661611,2014,2014-11-07,3003,2014-09-14,1419,752,NA,7,5,5,3003,0,0,0,NA,0,004,ORANGETHORPE AV,OSLO CIR,60,E,N,A,-,N,NA,NA,NA,NA,NA,NA,NA,NA,NA,N,3,0,1,2,A,-,08,22107,NA,N,H,C,A,A,H,-,A,D,0,NA,NA,NA,NA,Y,NA,-,NA,0,1,0,0,0,0,0,0,0,-,-,33.8589,-118.0093,ORANGE,BUENA PARK,-118.00946282,33.85892193
6665288,2014,2014-12-15,3000,2014-10-02,2115,5013,862B6,4,5,5,3050,0,0,0,NA,0,762,LAKE FOREST DR,RANCHO PKWY,22,W,N,A,-,N,NA,NA,NA,NA,NA,NA,NA,NA,NA,Y,4,0,2,2,A,-,01,23152,A,N,C,C,A,A,H,-,C,A,0,NA,NA,NA,NA,Y,Y,A,01,0,0,2,0,0,0,0,0,0,-,-,NA,NA,ORANGE,LAKE FOREST,-117.66149797,33.6692216
6665647,2014,2016-06-17,9675,2014-10-03,0820,017833,NA,5,1,6,3026,0,1,1,NA,2,407,RT 405,IRVINE CENTER DR,579,N,N,A,-,Y,ORA,12,405,-,-,1.06,H,-,N,Y,4,0,3,5,A,-,03,22350,NA,N,C,C,A,A,H,-,A,D,6,NA,NA,NA,NA,Y,NA,A,07,0,0,3,0,0,0,0,0,0,-,-,33.64887,-117.74948,ORANGE,IRVINE,-117.74900038,33.64878707
6666044,2014,2016-06-10,9675,2014-10-05,0953,019431,NA,7,1,7,3001,0,1,3,NA,2,094,RT 91,IMPERIAL HWY,2000,W,N,A,-,Y,ORA,12,91,-,R,11.15,H,-,E,Y,3,0,1,2,A,-,03,22350,NA,N,C,C,A,A,H,-,A,D,1,NA,NA,NA,NA,Y,NA,A,01,0,1,0,0,0,0,0,0,0,-,-,33.85449,-117.79977,ORANGE,ANAHEIM,-117.79719462,33.85420198
6666195,2014,2016-06-18,3010,2014-10-18,0919,0147,273,6,5,6,3010,0,0,0,NA,0,006,RT 39,CYPRESS,39,S,N,A,-,Y,ORA,12,39,-,-,4.45,H,-,N,Y,4,0,1,2,A,-,07,21658,A,N,B,C,A,A,H,-,A,D,0,NA,NA,Y,NA,Y,NA,A,01,0,0,1,0,0,0,0,0,1,-,-,NA,NA,ORANGE,HUNTINGTON BEACH,-117.9889738,33.71308097
6666821,2014,2014-11-17,3026,2014-10-06,0755,4779,NA,1,5,6,3026,0,0,0,NA,0,00P,CULVER DR,FARWELL AV,36,N,N,A,-,N,NA,NA,NA,NA,NA,NA,NA,NA,NA,Y,4,0,2,2,A,-,04,21703,NA,N,C,C,A,A,H,-,A,A,0,NA,NA,NA,NA,Y,NA,A,01,0,0,2,0,0,0,0,0,0,-,-,NA,NA,ORANGE,IRVINE,-117.77826618,33.71428703
6667874,2014,2014-12-19,3001,2014-10-02,0756,0368,NA,4,5,7,3001,0,0,0,NA,0,0D4,SANTA ANA CANYON RD,SOLOMON DR,198,W,N,A,-,N,NA,NA,NA,NA,NA,NA,NA,NA,NA,Y,4,0,1,2,A,-,03,22350,NA,N,C,C,A,A,H,-,A,A,0,NA,NA,NA,NA,Y,NA,A,01,0,0,1,0,0,0,0,0,0,-,-,NA,NA,ORANGE,ANAHEIM,-117.78456462,33.85256839
6669188,2014,2014-12-22,3009,2014-10-11,2156,4035,116,6,5,6,3009,0,0,0,NA,0,012,TAFT ST,WESTMINSTER AV,0,NA,Y,A,-,N,NA,NA,NA,NA,NA,NA,NA,NA,NA,N,3,0,1,2,A,-,08,22107,NA,F,D,G,A,A,H,-,C,A,0,NA,Y,NA,NA,Y,Y,A,01,0,1,0,0,0,0,1,0,0,-,-,NA,NA,ORANGE,GARDEN GROVE,-117.942,33.7596801
6669212,2014,2014-12-19,9675,2014-10-07,0826,19566,NA,2,1,9,3000,0,2,4,NA,2,034,SANTIAGO CANYON RD,MODJESKA CANYON RD,382,S,N,A,-,N,NA,NA,NA,NA,NA,NA,NA,NA,NA,N,3,0,1,2,A,-,08,22107,NA,N,B,G,A,A,H,-,A,D,0,NA,Y,NA,NA,Y,NA,A,07,0,1,0,0,0,0,1,0,0,-,-,33.71638,-117.64632,ORANGE,UNINCORPORATED,-117.64631959,33.71620394
6669216,2014,2016-06-18,9675,2014-10-08,1335,018733,NA,3,1,5,3022,0,1,3,NA,2,551,RT 55,RT 5,500,S,N,A,-,Y,ORA,12,55,-,-,10.36,H,-,N,Y,3,0,1,2,A,-,07,21658,A,N,B,C,A,A,H,-,A,D,6,NA,NA,Y,NA,Y,NA,A,01,0,1,0,0,0,0,0,0,1,-,-,33.73961,-117.83363,ORANGE,TUSTIN,-117.83372209,33.73930831
6670674,2014,2014-10-27,3008,2014-09-15,0841,1141,NA,1,5,6,3008,0,0,0,NA,0,0Z2,LEMON ST,COMMONWEALTH AV,35,N,N,A,-,N,NA,NA,NA,NA,NA,NA,NA,NA,NA,Y,4,0,2,2,A,-,03,22350,NA,N,C,C,A,A,H,-,A,A,0,NA,NA,NA,NA,Y,NA,A,01,0,0,2,0,0,0,0,0,0,-,-,NA,NA,ORANGE,FULLERTON,-117.91982,33.87048595
6670767,2014,2014-10-28,3003,2014-08-24,0113,1134,74,7,5,5,3003,0,0,0,NA,0,004,WESTERN AV,EL FERROL WY,145,N,N,B,-,N,NA,NA,NA,NA,NA,NA,NA,NA,NA,Y,3,0,1,5,A,-,08,22107,NA,N,C,E,A,A,H,-,C,D,0,NA,NA,NA,NA,Y,NA,A,07,0,1,0,0,0,0,0,0,0,-,-,33.8515,-118.0024,ORANGE,BUENA PARK,-118.0024,33.85147756
6672411,2014,2014-12-17,3001,2014-10-14,1940,A1252,NA,2,5,7,3001,0,0,0,NA,0,0D3,W CRIS AV,EUCLID ST,4,W,N,A,-,N,NA,NA,NA,NA,NA,NA,NA,NA,NA,N,4,0,1,2,A,-,09,21804,A,N,D,G,A,A,H,-,C,A,0,NA,Y,NA,NA,Y,NA,L,04,0,0,1,0,0,0,1,0,0,-,-,NA,NA,ORANGE,ANAHEIM,-117.94146,33.809
6673687,2014,2016-07-11,9690,2014-10-30,2110,16986,NA,4,2,5,3017,0,1,1,NA,2,059,RT 5,AVENIDA PICO,19,N,N,A,-,Y,NA,NA,5,NA,NA,NA,NA,NA,NA,Y,4,0,1,2,A,-,-,NA,NA,N,D,C,A,A,H,-,C,B,0,NA,NA,NA,NA,Y,NA,J,48,0,0,1,0,0,0,0,0,0,FR,-,33.43938,-117.6226,ORANGE,SAN CLEMENTE,-117.62270359,33.43918902
6674183,2014,2015-01-02,9675,2014-10-15,0633,016356,NA,3,1,7,3001,0,1,3,NA,2,093,RT 91,LAKEVIEW AV,2700,W,N,B,-,Y,NA,NA,91,NA,NA,NA,NA,NA,NA,Y,3,0,3,5,A,-,03,22350,NA,N,C,C,A,A,H,-,C,D,0,NA,NA,NA,Y,Y,NA,A,01,0,1,2,0,0,0,0,0,0,-,-,33.8458,-117.82184,ORANGE,ANAHEIM,-117.8218265,33.84576663
6674341,2014,2014-12-17,9675,2014-10-11,1915,20582,NA,6,2,7,3001,0,1,3,NA,2,093,RT 91,LAKEVIEW AV,2500,E,N,A,-,Y,NA,NA,91,NA,NA,NA,NA,NA,NA,N,4,0,1,2,A,-,03,22350,NA,N,C,C,A,A,H,-,C,D,0,NA,NA,NA,NA,Y,NA,A,01,0,0,1,0,0,0,0,0,0,-,-,33.85498,-117.80471,ORANGE,ANAHEIM,-117.80471833,33.85463121
6674361,2014,2016-06-10,9675,2014-10-10,1645,20780,NA,5,2,7,3001,0,1,3,NA,2,094,RT 91,IMPERIAL HWY,200,E,N,A,-,Y,ORA,12,91,-,R,11.379,R,1,W,N,4,0,1,2,A,-,03,22350,NA,N,C,C,A,A,H,-,A,A,1,NA,NA,NA,NA,Y,NA,A,01,0,0,1,0,0,0,0,0,0,FR,-,33.85491,-117.78943,ORANGE,ANAHEIM,-117.79329003,33.85436863
6676763,2014,2014-12-16,3007,2014-10-18,1426,275,37,6,5,5,3007,0,0,0,NA,0,002,EUCLID,STONECRESS AV,315,N,N,A,-,N,NA,NA,NA,NA,NA,NA,NA,NA,NA,Y,4,0,1,2,A,-,03,22350,NA,N,C,D,A,A,H,-,A,A,0,NA,NA,Y,NA,Y,NA,C,02,0,0,1,0,0,0,0,0,1,-,-,NA,NA,ORANGE,FOUNTAIN VALLEY,-117.93724453,33.72121352
6677887,2014,2014-12-15,3010,2014-10-01,1317,1145,271,3,5,6,3010,0,0,0,NA,0,006,GOLDENWEST,WARNER,135,N,N,A,-,N,NA,NA,NA,NA,NA,NA,NA,NA,NA,N,4,0,1,2,A,-,03,22350,NA,N,C,C,A,A,H,-,A,D,0,NA,NA,NA,NA,Y,NA,A,08,0,0,1,0,0,0,0,0,0,-,-,NA,NA,ORANGE,HUNTINGTON BEACH,-118.00651,33.71544865
6678354,2017,2019-04-05,3001,2017-09-12,0955,406,D1,2,5,7,3001,0,0,0,NA,0,NA,ORANGE AV,WESTERN AV,7,E,N,A,-,N,NA,NA,NA,NA,NA,NA,NA,NA,NA,Y,1,1,0,1,A,-,08,22107,NA,N,E,I,A,A,H,-,A,A,0,NA,NA,NA,NA,Y,Y,A,07,0,0,0,0,0,0,0,0,0,-,-,NA,NA,ORANGE,ANAHEIM,-118.00212704,33.82462113
6678478,2014,2014-12-17,3009,2014-10-15,0916,3305,105,3,5,6,3009,0,0,0,NA,0,013,TRASK AV,BOWEN ST,47,E,N,A,-,N,NA,NA,NA,NA,NA,NA,NA,NA,NA,Y,3,0,1,1,A,-,08,22107,NA,N,E,I,A,A,H,-,-,A,0,NA,NA,NA,NA,Y,NA,A,07,0,1,0,0,0,0,0,0,0,-,-,NA,NA,ORANGE,GARDEN GROVE,-117.95054572,33.76684106
6678492,2014,2014-12-11,3009,2014-10-15,2235,1318,163,3,5,6,3009,0,0,0,NA,0,022,HASTER ST,ALLARD AV,0,NA,Y,A,-,N,NA,NA,NA,NA,NA,NA,NA,NA,NA,Y,4,0,1,3,A,-,09,21804,B,N,D,C,A,A,H,-,C,A,0,NA,NA,NA,NA,Y,NA,A,01,0,0,1,0,0,0,0,0,0,-,-,NA,NA,ORANGE,GARDEN GROVE,-117.90614012,33.78568012
6679155,2014,2014-12-22,3026,2014-10-17,1508,341,NA,5,5,6,3026,0,0,0,NA,0,00P,AMARGOSA,PACIFIC CREST,208,S,N,A,-,N,NA,NA,NA,NA,NA,NA,NA,NA,NA,N,3,0,1,2,A,-,11,21954,A,N,G,B,D,A,H,-,A,A,0,Y,NA,NA,NA,Y,NA,N,60,0,1,0,0,1,0,0,0,0,-,-,NA,NA,ORANGE,IRVINE,-117.77750293,33.7213963
6679391,2014,2014-12-29,3001,2014-10-17,1552,406,NA,5,5,7,3001,0,0,0,NA,0,0D1,LA PALMA AV,FAIRVIEW ST,557,E,N,A,-,N,NA,NA,NA,NA,NA,NA,NA,NA,NA,N,4,0,2,3,A,-,03,22350,NA,N,C,C,A,A,H,-,A,D,0,NA,NA,NA,NA,Y,NA,A,01,0,0,2,0,0,0,0,0,0,-,-,NA,NA,ORANGE,ANAHEIM,-117.94996991,33.8470427
6679404,2014,2014-12-29,3001,2014-10-11,1119,1555,NA,6,5,7,3001,0,0,0,NA,0,0D3,BALL RD,EUCLID ST,75,E,N,B,-,N,NA,NA,NA,NA,NA,NA,NA,NA,NA,N,4,0,1,2,A,-,03,22350,NA,N,C,C,A,A,H,-,A,A,0,NA,NA,NA,NA,Y,NA,A,08,0,0,1,0,0,0,0,0,0,-,-,NA,NA,ORANGE,ANAHEIM,-117.94128366,33.81800904
6681155,2014,2015-06-11,3026,2014-10-02,1527,337,CROSS,4,5,6,3026,0,0,0,NA,0,00C,SAND CANYON,HOAG IRVINE,26,N,N,A,-,N,NA,NA,NA,NA,NA,NA,NA,NA,NA,Y,4,0,1,2,A,-,12,21453,A,N,D,C,A,A,H,-,A,A,0,NA,NA,NA,NA,Y,NA,A,01,0,0,1,0,0,0,0,0,0,-,-,NA,NA,ORANGE,IRVINE,-117.77272712,33.66269589
6681496,2014,2014-12-23,3015,2014-10-08,1724,1440,61,3,5,6,3015,0,0,0,NA,0,313,W PALMYRA AV,SOUTH MAIN ST,330,W,N,A,-,N,NA,NA,NA,NA,NA,NA,NA,NA,NA,N,3,0,1,3,A,-,09,21804,A,N,D,C,A,A,H,-,A,D,0,NA,NA,NA,NA,Y,NA,A,01,0,1,0,0,0,0,0,0,0,-,-,NA,NA,ORANGE,ORANGE,-117.86838342,33.78397
6682745,2014,2014-12-03,3009,2014-10-25,0833,0145,85,6,5,6,3009,0,0,0,NA,0,013,TRASK AV,ONTARIO DR,0,NA,Y,A,-,N,NA,NA,NA,NA,NA,NA,NA,NA,NA,Y,3,0,3,3,A,-,09,21801,A,N,D,C,A,A,H,-,A,A,0,NA,NA,NA,NA,Y,NA,A,01,0,1,2,0,0,0,0,0,0,-,-,NA,NA,ORANGE,GARDEN GROVE,-117.96644013,33.76669004
6682992,2014,2014-12-23,3009,2014-10-20,2014,4049,123,1,5,6,3009,0,0,0,NA,0,2 1,9TH ST,JERRY LN,0,NA,Y,A,-,N,NA,NA,NA,NA,NA,NA,NA,NA,NA,Y,4,0,2,2,A,-,09,21801,A,N,D,C,A,A,H,-,C,D,0,NA,NA,NA,NA,Y,NA,A,07,0,0,2,0,0,0,0,0,0,-,-,NA,NA,ORANGE,GARDEN GROVE,-117.93243006,33.78470002
6684178,2014,2016-06-15,9670,2014-10-19,0400,20720,NA,7,3,7,3001,0,1,1,NA,2,501,RT 5,MAGNOLIA ST,1584,N,N,A,-,Y,ORA,12,5,-,-,42.25,H,-,S,Y,4,0,3,1,A,-,08,22107,NA,N,E,I,A,A,H,-,C,D,6,NA,NA,NA,NA,Y,Y,A,01,0,0,3,0,0,0,0,0,0,-,-,33.85704,-117.98116,ORANGE,ANAHEIM,-117.98118057,33.85695955
6684229,2014,2016-06-15,9670,2014-10-14,1554,18516,NA,2,2,5,3003,0,1,3,NA,2,091,RT 91,KNOTT AV,500,W,N,A,-,Y,ORA,12,91,-,R,1.75,H,-,W,Y,4,0,1,4,A,-,03,22350,NA,N,C,C,A,A,H,-,A,D,1,NA,NA,NA,NA,Y,NA,A,01,0,0,1,0,0,0,0,0,0,-,-,33.8561,-118.01313,ORANGE,BUENA PARK,-118.01305502,33.85607436
6687075,2014,2016-06-15,9670,2014-10-21,1515,16209,NA,2,2,7,3001,0,1,3,NA,2,094,RT 91,MAGNOLIA AV,100,W,N,A,-,Y,ORA,12,91,-,R,3.83,H,-,E,N,4,0,1,2,A,-,03,22350,NA,N,C,C,A,A,H,-,A,D,1,NA,NA,NA,NA,Y,NA,A,01,0,0,1,0,0,0,0,0,0,-,-,33.85689,-117.97651,ORANGE,ANAHEIM,-117.97692348,33.85693124
6693895,2014,2014-11-12,3008,2014-09-09,1318,1284,NA,2,5,6,3008,0,0,0,NA,0,0Z3,CHAPMAN AV,VICTORIA DR,0,NA,Y,A,-,N,NA,NA,NA,NA,NA,NA,NA,NA,NA,N,3,0,1,2,A,-,05,21650,1,N,D,G,A,A,H,-,A,A,0,NA,Y,NA,NA,Y,NA,L,04,0,1,0,0,0,0,1,0,0,-,-,NA,NA,ORANGE,FULLERTON,-117.90435003,33.87411007
6693897,2014,2014-11-12,3008,2014-09-12,1941,1364,NA,5,5,6,3008,0,0,0,NA,0,0Z2,ORANGE THORPE AV,HIGHLAND AV,0,NA,Y,A,-,N,NA,NA,NA,NA,NA,NA,NA,NA,NA,Y,4,0,1,2,A,-,09,21801,NA,N,D,C,A,A,H,-,A,A,0,NA,NA,NA,NA,Y,NA,A,01,0,0,1,0,0,0,0,0,0,-,-,NA,NA,ORANGE,FULLERTON,-117.92867006,33.85945003
6694074,2014,2014-11-20,3010,2014-10-23,1835,2139,493,4,5,6,3010,0,0,0,NA,0,003,GARFIELD,BROOKHURST,210,E,N,A,-,N,NA,NA,NA,NA,NA,NA,NA,NA,NA,Y,4,0,1,2,A,-,09,21804,A,N,D,C,A,A,H,-,C,D,0,NA,NA,Y,NA,Y,NA,A,08,0,0,1,0,0,0,0,0,1,-,-,NA,NA,ORANGE,HUNTINGTON BEACH,-117.95346131,33.6868741
6694398,2014,2015-01-02,3001,2014-10-24,0748,A1469,NA,5,5,7,3001,0,0,0,NA,0,NA,EAST SANTA ANA CANYON RD,MOHLER DR,470,W,N,A,-,N,NA,NA,NA,NA,NA,NA,NA,NA,NA,Y,3,0,1,2,A,-,03,22350,NA,N,C,C,A,A,H,-,A,D,0,NA,NA,NA,NA,Y,NA,A,01,0,1,0,0,0,0,0,0,0,-,-,NA,NA,ORANGE,ANAHEIM,-117.76803305,33.85991572
6694638,2014,2014-11-20,9675,2014-10-27,1512,18832,NA,1,2,7,3001,0,1,3,NA,2,093,RT 91,SUNKIST ST,200,E,N,A,-,Y,NA,NA,91,NA,NA,NA,NA,NA,NA,Y,3,0,2,4,A,-,03,22350,NA,N,C,C,A,A,H,-,A,D,0,NA,NA,NA,NA,Y,NA,A,07,0,1,1,0,0,0,0,0,0,-,-,33.85104,-117.87821,ORANGE,ANAHEIM,-117.87822411,33.85100945
6694733,2014,2015-01-05,3000,2014-10-13,2300,5036,892F5,1,5,5,3028,0,0,0,NA,0,754,OLYMPIAD RD,STONEBRIDGE,208,N,N,E,-,N,NA,NA,NA,NA,NA,NA,NA,NA,NA,Y,3,0,1,1,A,-,01,23152,NA,N,E,I,A,A,H,-,C,D,0,NA,NA,NA,NA,Y,NA,A,01,0,1,0,0,0,0,0,0,0,-,-,NA,NA,ORANGE,MISSION VIEJO,-117.632137,33.62459
6694813,2014,2015-01-02,3000,2014-10-18,1500,6717,891 J,6,5,5,3050,0,0,0,NA,0,18762,CHERRY AV,JERONIMO RD,0,NA,Y,A,-,N,NA,NA,NA,NA,NA,NA,NA,NA,NA,Y,4,0,2,2,A,-,12,21453,A,N,D,C,A,A,H,-,A,A,0,NA,NA,NA,NA,Y,NA,A,07,0,0,2,0,0,0,0,0,0,-,-,33.37339,-117.41162,ORANGE,LAKE FOREST,-117.68798004,33.62621007
6695763,2014,2015-01-05,3009,2014-10-13,2204,3619,33,1,5,6,3009,0,0,0,NA,0,011,KNOTT ST,CHAPMAN AV,100,S,N,A,-,N,NA,NA,NA,NA,NA,NA,NA,NA,NA,Y,2,0,1,2,A,-,11,21954,A,N,G,B,D,A,H,-,C,A,0,Y,NA,NA,NA,Y,Y,N,60,1,0,0,0,1,0,0,0,0,-,-,NA,NA,ORANGE,GARDEN GROVE,-118.0111333,33.78802583
6696772,2014,2016-06-23,9675,2014-10-23,1816,18832,NA,4,2,6,3015,0,1,3,NA,2,222,RT 22,CITY DR,400,W,N,A,-,Y,ORA,12,22,-,L,9.679,R,2,E,Y,3,0,1,2,A,-,07,21658,A,N,B,C,A,A,H,-,B,D,6,NA,NA,Y,NA,Y,NA,A,01,0,1,0,0,0,0,0,0,1,-,-,33.77071,-117.89028,ORANGE,ORANGE,-118.04198073,33.77450039
6696783,2014,2016-06-15,9675,2014-10-23,0759,16748,NA,4,1,5,3016,0,1,3,NA,2,571,RT 57,ORANGETHORPE AV,275,S,N,A,-,Y,ORA,12,57,-,-,16.34,H,-,S,Y,3,0,1,2,A,-,03,22350,NA,N,C,C,A,A,H,-,A,D,6,NA,NA,Y,NA,Y,NA,C,02,0,1,0,0,0,0,0,0,1,-,-,33.86063,-117.87736,ORANGE,PLACENTIA,-117.87707057,33.86033498
6698038,2014,2014-12-08,3019,2014-10-31,0937,3345,SE,5,5,7,3019,0,0,0,NA,0,003,MACARTHUR BL,MAIN ST,0,NA,Y,A,B,N,NA,NA,NA,NA,NA,NA,NA,NA,NA,Y,4,0,1,2,A,-,12,21453,A,N,D,C,A,A,H,-,A,A,0,NA,NA,NA,NA,Y,NA,A,01,0,0,1,0,0,0,0,0,0,-,-,NA,NA,ORANGE,SANTA ANA,-117.86821005,33.70010007
6698070,2014,2014-12-09,3019,2014-10-29,1752,1925,NE,3,5,7,3019,0,0,0,NA,0,161,MAIN ST,CHOC CT,75,S,N,A,-,N,NA,NA,NA,NA,NA,NA,NA,NA,NA,N,4,0,1,2,A,-,03,22350,NA,N,C,C,A,A,H,-,B,A,0,NA,NA,NA,NA,Y,NA,D,22,0,0,1,0,0,0,0,0,0,-,-,NA,NA,ORANGE,SANTA ANA,-117.86741,33.77849439
6698434,2014,2014-12-09,3000,2014-10-13,1800,5301,893B1,1,5,4,3048,0,0,0,NA,0,766,AVENIDA DE LAS FLORES,BLACKBERRY CIR,0,NA,Y,A,-,N,NA,NA,NA,NA,NA,NA,NA,NA,NA,N,3,0,1,2,A,-,09,21801,A,N,H,G,A,A,H,-,A,D,0,NA,Y,NA,NA,Y,NA,A,01,0,1,0,0,0,0,1,0,0,-,-,NA,NA,ORANGE,RANCHO SANTA MARGARITA,-117.59070006,33.65009
6699675,2014,2015-06-19,3012,2014-10-23,2003,622,43,4,5,5,3012,0,0,0,NA,0,004,LAMBERT RD,HARBOR BL,1187,E,N,A,-,N,NA,NA,NA,NA,NA,NA,NA,NA,NA,N,4,0,1,1,A,-,03,22350,NA,N,H,J,A,A,H,-,C,D,0,NA,NA,Y,NA,Y,NA,C,02,0,0,1,0,0,0,0,0,1,-,-,NA,NA,ORANGE,LA HABRA,-117.92915626999999,33.92462