CASE_ID,ACCIDENT_YEAR,PROC_DATE,JURIS,COLLISION_DATE,COLLISION_TIME,OFFICER_ID,REPORTING_DISTRICT,DAY_OF_WEEK,CHP_SHIFT,POPULATION,CNTY_CITY_LOC,SPECIAL_COND,BEAT_TYPE,CHP_BEAT_TYPE,CITY_DIVISION_LAPD,CHP_BEAT_CLASS,BEAT_NUMBER,PRIMARY_RD,SECONDARY_RD,DISTANCE,DIRECTION,INTERSECTION,WEATHER_1,WEATHER_2,STATE_HWY_IND,CALTRANS_COUNTY,CALTRANS_DISTRICT,STATE_ROUTE,ROUTE_SUFFIX,POSTMILE_PREFIX,POSTMILE,LOCATION_TYPE,RAMP_INTERSECTION,SIDE_OF_HWY,TOW_AWAY,COLLISION_SEVERITY,NUMBER_KILLED,NUMBER_INJURED,PARTY_COUNT,PRIMARY_COLL_FACTOR,PCF_CODE_OF_VIOL,PCF_VIOL_CATEGORY,PCF_VIOLATION,PCF_VIOL_SUBSECTION,HIT_AND_RUN,TYPE_OF_COLLISION,MVIW,PED_ACTION,ROAD_SURFACE,ROAD_COND_1,ROAD_COND_2,LIGHTING,CONTROL_DEVICE,CHP_ROAD_TYPE,PEDESTRIAN_ACCIDENT,BICYCLE_ACCIDENT,MOTORCYCLE_ACCIDENT,TRUCK_ACCIDENT,NOT_PRIVATE_PROPERTY,ALCOHOL_INVOLVED,STWD_VEHTYPE_AT_FAULT,CHP_VEHTYPE_AT_FAULT,COUNT_SEVERE_INJ,COUNT_VISIBLE_INJ,COUNT_COMPLAINT_PAIN,COUNT_PED_KILLED,COUNT_PED_INJURED,COUNT_BICYCLIST_KILLED,COUNT_BICYCLIST_INJURED,COUNT_MC_KILLED,COUNT_MC_INJURED,PRIMARY_RAMP,SECONDARY_RAMP,LATITUDE,LONGITUDE,COUNTY,CITY,POINT_X,POINT_Y
6700854,2014,2014-12-02,9670,2014-10-27,0715,20723,NA,1,1,6,3008,0,1,3,NA,2,093,RT 91,RAYMOND AV,10,E,N,A,-,Y,NA,NA,91,NA,NA,NA,NA,NA,NA,N,4,0,1,2,A,-,03,22350,NA,N,C,C,A,A,H,-,A,A,0,NA,NA,NA,NA,Y,NA,A,08,0,0,1,0,0,0,0,0,0,-,-,33.85449,-117.90654,ORANGE,FULLERTON,-117.90654438,33.85395229
6701669,2014,2015-01-08,3024,2014-11-05,0619,150,P14,3,5,5,3024,0,0,0,NA,0,WEST,BOLSA CHICA RD,RANCHO RD,0,NA,Y,A,-,N,NA,NA,NA,NA,NA,NA,NA,NA,NA,Y,4,0,1,2,A,-,09,21453,C,N,D,C,A,A,H,-,B,A,0,NA,NA,NA,NA,Y,NA,D,22,0,0,1,0,0,0,0,0,0,-,-,NA,NA,ORANGE,WESTMINSTER,-118.04196013,33.75013008
6701969,2014,2016-06-15,3000,2014-10-25,0755,7230,NA,6,5,4,3048,0,0,0,NA,0,168,SANTA MARGARITA PKWY,RT 241,31,W,N,A,-,Y,ORA,12,241,-,-,18.436,R,4,S,Y,4,0,1,2,A,-,03,22350,NA,N,C,C,A,A,H,-,A,B,0,NA,NA,NA,NA,Y,NA,A,01,0,0,1,0,0,0,0,0,0,-,SF,NA,NA,ORANGE,RANCHO SANTA MARGARITA,-117.60365978,33.6418903
6704867,2014,2014-12-31,3022,2014-10-21,1115,1175,CENTR,2,5,5,3022,0,0,0,NA,0,NA,NEWPORT AV,HOLT AV,0,NA,Y,A,-,N,NA,NA,NA,NA,NA,NA,NA,NA,NA,Y,4,0,1,4,A,-,12,21453,A,N,D,C,A,A,H,-,A,A,0,NA,NA,NA,NA,Y,NA,A,07,0,0,1,0,0,0,0,0,0,-,-,33.44466,-117.48506,ORANGE,TUSTIN,-117.81389001,33.74638007
6705640,2014,2014-11-21,3004,2014-10-31,0931,P440,16,5,5,6,3004,0,0,0,NA,0,015,MERRIMAC WY,FAIRVIEW RD,1052,W,N,A,-,N,NA,NA,NA,NA,NA,NA,NA,NA,NA,N,3,0,1,2,A,-,09,21804,A,F,D,G,A,A,H,-,A,D,0,NA,Y,NA,NA,Y,NA,A,01,0,1,0,0,0,0,1,0,0,-,-,33.66763,-117.91142,ORANGE,COSTA MESA,-117.91123908,33.6674293
6705652,2014,2016-06-15,9670,2014-10-28,0700,15587,NA,2,1,5,3003,0,1,3,NA,2,092,RT 91,STANTON AV,650,E,N,A,-,Y,ORA,12,91,-,R,2.99,H,-,E,Y,4,0,1,2,A,-,03,22350,NA,N,C,C,A,A,H,-,A,D,1,NA,NA,NA,NA,Y,NA,A,07,0,0,1,0,0,0,0,0,0,-,-,33.85589,-117.99001,ORANGE,BUENA PARK,-117.99149851,33.85603571
6707819,2014,2014-11-25,3011,2014-10-11,0440,31241,43,6,5,4,3011,0,0,0,NA,0,002,RT 1,CRESS ST,20,S,N,A,-,Y,NA,NA,NA,NA,NA,NA,NA,NA,NA,Y,3,0,1,1,A,-,01,23152,A,N,E,I,A,A,H,-,C,A,0,NA,NA,NA,NA,Y,NA,A,01,0,1,0,0,0,0,0,0,0,-,-,NA,NA,ORANGE,LAGUNA BEACH,NA,NA
6707837,2014,2014-11-26,3004,2014-10-18,0615,P440,16,6,5,6,3004,0,0,0,NA,0,004,HARBOR BL,ADAMS AV,0,NA,Y,A,-,N,NA,NA,NA,NA,NA,NA,NA,NA,NA,Y,4,0,2,2,A,-,09,21453,C,N,D,C,A,A,D,-,B,A,0,NA,NA,NA,NA,Y,NA,A,01,0,0,2,0,0,0,0,0,0,-,-,33.67323,-117.91914,ORANGE,COSTA MESA,-117.91934,33.67330007
6711418,2014,2015-01-15,3007,2014-11-07,1423,272,23,5,5,5,3007,0,0,0,NA,0,272,GARDENIA,GARDENIA 9386,0,NA,N,A,-,N,NA,NA,NA,NA,NA,NA,NA,NA,NA,Y,4,0,1,3,A,-,08,22107,NA,N,C,C,A,A,H,-,A,D,0,NA,NA,NA,NA,Y,NA,A,01,0,0,1,0,0,0,0,0,0,-,-,NA,NA,ORANGE,FOUNTAIN VALLEY,-117.965215,33.721839
6711537,2014,2015-01-09,3026,2014-11-15,1323,7094,NA,6,5,6,3026,0,0,0,NA,0,00U,HARVARD AV,ALTON PKWY,56,S,N,B,-,N,NA,NA,NA,NA,NA,NA,NA,NA,NA,Y,4,0,1,2,A,-,21,22106,NA,N,C,C,A,A,H,-,A,A,0,NA,NA,NA,NA,Y,NA,A,01,0,0,1,0,0,0,0,0,0,-,-,NA,NA,ORANGE,IRVINE,-117.82671854,33.68445036
6711582,2014,2015-01-09,3007,2014-11-20,1318,292,43,4,5,5,3007,0,0,0,NA,0,ZONE1,BUSHARD ST,WARNER AV,243,S,N,B,-,N,NA,NA,NA,NA,NA,NA,NA,NA,NA,Y,4,0,2,2,A,-,09,21801,A,N,D,C,A,A,H,-,A,D,0,NA,NA,NA,NA,Y,NA,A,01,0,0,2,0,0,0,0,0,0,-,-,NA,NA,ORANGE,FOUNTAIN VALLEY,-117.96315926,33.71543406
6714308,2014,2015-01-12,3015,2014-11-16,1258,1240,77S,7,5,6,3015,0,0,0,NA,0,723M,NORTH TUSTIN ST,VILLAGE TOWN CENTER,390,N,N,A,-,N,NA,NA,NA,NA,NA,NA,NA,NA,NA,Y,3,0,2,2,A,-,09,21804,A,N,D,C,A,A,H,-,A,A,0,NA,NA,NA,NA,Y,NA,A,01,0,1,1,0,0,0,0,0,0,-,-,NA,NA,ORANGE,ORANGE,-117.836116,33.827154
6714982,2014,2016-06-16,3000,2014-09-21,1118,2947,797J2,7,5,4,3021,0,0,0,NA,0,021,CHESTER AV,BEACH BL,6,W,N,A,-,Y,ORA,12,39,-,-,10.734,I,6,S,N,3,0,1,2,A,-,09,21804,A,N,D,G,A,A,H,-,A,D,0,NA,Y,NA,NA,Y,NA,L,04,0,1,0,0,0,0,1,0,0,-,-,NA,NA,ORANGE,STANTON,-117.99326174,33.80373676
6716935,2014,2016-06-18,3010,2014-11-20,1320,2057,242,4,5,6,3010,0,0,0,NA,0,009,RT 39,CENTER,242,N,N,A,-,Y,ORA,12,39,-,-,5.77,H,-,S,N,4,0,1,2,A,-,03,22350,NA,M,C,C,A,A,H,-,A,A,0,NA,NA,NA,NA,Y,NA,A,01,0,0,1,0,0,0,0,0,0,-,-,NA,NA,ORANGE,HUNTINGTON BEACH,-117.98946192,33.73210862
6717164,2014,2016-06-22,9670,2014-11-07,0655,17951,NA,5,1,6,3009,0,1,3,NA,2,022,RT 22,MAGNOLIA ST,1566,E,N,A,-,Y,ORA,12,22,-,R,5.15,H,-,E,Y,3,0,1,2,A,-,08,22107,NA,N,E,I,A,A,H,-,A,D,1,NA,NA,NA,NA,Y,NA,A,01,0,1,0,0,0,0,0,0,0,-,-,33.37696,-117.9372,ORANGE,GARDEN GROVE,-117.96695387,33.76579394
6717195,2014,2016-06-23,9670,2014-11-17,1730,18212,NA,1,2,6,3009,0,1,3,NA,2,025,RT 22,HARBOR BL,100,W,N,A,-,Y,ORA,12,22,-,R,7.81,H,-,W,Y,4,0,1,2,A,-,03,22350,NA,N,C,C,A,A,H,-,D,D,1,NA,NA,NA,NA,Y,NA,A,08,0,0,1,0,0,0,0,0,0,-,-,33.76779,-117.92117,ORANGE,GARDEN GROVE,-117.92132534,33.76756967
6718120,2014,2015-12-29,9675,2014-05-30,2252,18187,NA,5,3,7,3019,0,1,1,NA,2,502,RT 5,4TH ST,1304,N,N,A,-,Y,ORA,12,5,-,-,31.34,H,-,S,N,1,1,0,2,A,-,08,22107,NA,N,H,G,A,A,H,-,C,D,1,NA,Y,NA,NA,Y,NA,L,04,0,0,0,0,0,1,0,0,0,-,-,NA,NA,ORANGE,SANTA ANA,-117.84590621,33.75121168
6718236,2014,2015-12-29,9690,2014-07-13,1640,20366,NA,7,2,9,3000,0,1,3,NA,1,074,RT 74,MPM 74 ORA 14,118,W,N,A,-,Y,ORA,12,74,-,-,13.98,H,-,W,Y,1,1,1,1,A,-,08,22107,NA,N,E,I,A,A,H,-,A,D,0,NA,NA,Y,NA,Y,NA,C,02,0,1,0,0,0,0,0,1,1,-,-,33.59334,-117.49117,ORANGE,UNINCORPORATED,-117.49170214,33.59276722
6718596,2017,2019-04-08,3000,2017-09-19,1917,3329,798A2,2,5,4,3021,0,0,0,NA,0,017,KATELLA AV,DALE ST,523,W,N,A,-,N,NA,NA,NA,NA,NA,NA,NA,NA,NA,N,1,1,0,2,A,-,11,21954,A,N,G,B,D,A,H,-,C,D,0,Y,NA,NA,NA,Y,Y,N,60,0,0,0,1,0,0,0,0,0,-,-,33.48103,-117.59107,ORANGE,STANTON,-117.98618752,33.80297432
6718598,2017,2018-02-22,3026,2017-09-26,0951,4779,CROSS,2,5,6,3026,0,0,0,NA,0,006,RT 133,LAKE FOREST DR,132,S,N,A,-,Y,ORA,12,133,-,R,7.42,H,-,S,N,1,1,0,2,A,-,03,22350,NA,N,H,E,A,A,H,-,A,D,0,NA,Y,NA,Y,Y,NA,L,04,0,0,0,0,0,1,0,0,0,-,-,NA,NA,ORANGE,IRVINE,-117.76052495,33.63782223
6721280,2014,2015-01-09,3012,2014-11-10,2238,501,NA,1,5,5,3012,0,0,0,NA,0,0SW,IDAHO ST,LAS LOMAS,300,N,N,A,-,N,NA,NA,NA,NA,NA,NA,NA,NA,NA,N,4,0,2,2,A,-,09,21804,A,N,D,C,A,A,H,-,C,A,0,NA,NA,NA,NA,Y,NA,-,NA,0,0,2,0,0,0,0,0,0,-,-,NA,NA,ORANGE,LA HABRA,-117.95919,33.9223225
6723755,2014,2015-01-13,3008,2014-11-07,0909,1033,NA,5,5,6,3008,0,0,0,NA,0,0Z2,HARBOR BL,ORANGEFAIR MAL WY,0,NA,Y,A,-,N,NA,NA,NA,NA,NA,NA,NA,NA,NA,Y,4,0,1,2,A,-,12,21453,A,N,D,C,A,A,H,-,A,A,0,NA,NA,NA,NA,Y,NA,A,01,0,0,1,0,0,0,0,0,0,-,-,NA,NA,ORANGE,FULLERTON,-117.924211,33.856313
6723897,2014,2015-01-16,3019,2014-11-19,1517,2771,NE,3,5,7,3019,0,0,0,NA,0,1517,BROADWAY,19TH ST,0,NA,Y,B,-,N,NA,NA,NA,NA,NA,NA,NA,NA,NA,N,3,0,1,2,A,-,09,21801,A,N,D,C,A,A,H,-,A,D,0,NA,NA,NA,NA,Y,NA,A,01,0,1,0,0,0,0,0,0,0,-,-,NA,NA,ORANGE,SANTA ANA,-117.86961003,33.76175005
6727788,2014,2015-01-15,9675,2014-11-14,0810,019471,NA,5,1,9,3000,0,3,5,NA,2,002,REDHILL AV,RAINBOW DR,5,N,N,B,-,N,NA,NA,NA,NA,NA,NA,NA,NA,NA,N,3,0,1,2,A,-,05,21650,NA,N,D,G,A,A,H,-,A,A,0,NA,Y,NA,NA,Y,NA,L,04,0,1,0,0,0,0,1,0,0,-,-,33.7471,-117.80179,ORANGE,UNINCORPORATED,-117.80187978,33.74711072
6728999,2014,2016-06-22,9670,2014-10-29,0755,20723,NA,3,1,6,3009,0,1,3,NA,2,020,RT 22,VALLEY VIEW ST,1350,E,N,A,-,Y,ORA,12,22,-,R,1.22,H,-,W,Y,2,0,1,1,A,-,03,22350,NA,N,F,J,A,A,H,-,A,D,1,NA,NA,Y,NA,Y,NA,C,02,1,0,0,0,0,0,0,0,1,-,-,33.7749,-118.03196,ORANGE,GARDEN GROVE,-118.03248519,33.77442958
6729744,2014,2015-01-28,3000,2014-11-09,1515,5013,862C6,7,5,5,3050,0,0,0,NA,0,764,LAKE FOREST DR,RANCHO PKWY,0,NA,Y,A,-,N,NA,NA,NA,NA,NA,NA,NA,NA,NA,Y,2,0,7,3,A,-,12,21453,A,N,D,C,A,A,H,-,A,A,0,NA,NA,NA,NA,Y,NA,A,01,1,5,1,0,0,0,0,0,0,-,-,NA,NA,ORANGE,LAKE FOREST,-117.66148005,33.66928004
6729851,2014,2015-01-13,3000,2014-11-05,1737,1916,921F1,3,5,4,3045,0,0,0,NA,0,745,PASEO DE VALENCIA,HEALTH CENTER DR,545,S,N,B,-,N,NA,NA,NA,NA,NA,NA,NA,NA,NA,Y,4,0,1,2,A,-,08,22101,D,N,B,C,A,A,H,-,D,A,0,NA,NA,NA,NA,Y,NA,A,07,0,0,1,0,0,0,0,0,0,-,-,NA,NA,ORANGE,LAGUNA HILLS,-117.7066488,33.60670901
6731145,2014,2015-01-22,3000,2014-11-12,1450,5013,862C4,3,5,5,3050,0,0,0,NA,0,764,RUE DE FORTUNA,BAKE PKWY,180,NA,N,B,-,N,NA,NA,NA,NA,NA,NA,NA,NA,NA,N,3,0,1,2,A,-,11,21954,A,N,G,B,D,A,H,-,A,D,0,Y,NA,NA,NA,Y,NA,N,60,0,1,0,0,1,0,0,0,0,-,-,NA,NA,ORANGE,LAKE FOREST,-117.65860012,33.68027009
6731323,2014,2015-01-26,3014,2014-11-20,2255,1079,RD52,4,5,5,3014,0,0,0,NA,0,0A4,RIDGELINE DR,CRESTWOOD DR,26,E,N,B,-,N,NA,NA,NA,NA,NA,NA,NA,NA,NA,Y,3,0,1,4,A,-,01,23152,A,N,E,I,A,A,H,-,C,A,0,NA,NA,NA,NA,Y,Y,A,01,0,1,0,0,0,0,0,0,0,-,-,33.6146,-117.845,ORANGE,NEWPORT BEACH,-117.84517916,33.61461959
6731447,2014,2015-01-22,3014,2014-11-20,1510,1244,RD25,4,5,5,3014,0,0,0,NA,0,0A2,CLAY ST,EL MODENA AV,0,NA,Y,B,-,N,NA,NA,NA,NA,NA,NA,NA,NA,NA,N,4,0,1,2,A,-,09,21804,A,N,D,G,A,A,H,-,A,D,0,NA,Y,NA,NA,Y,NA,L,04,0,0,1,0,0,0,1,0,0,-,-,NA,NA,ORANGE,NEWPORT BEACH,-117.91817008,33.62319006
6731450,2014,2015-01-22,3002,2014-11-01,0038,1382,740A4,6,5,5,3025,0,0,0,NA,0,404,YORBA LINDA BL,RICHFIELD RD,21,W,N,C,-,N,NA,NA,NA,NA,NA,NA,NA,NA,NA,N,4,0,1,2,A,-,01,23152,A,N,C,C,A,B,H,-,C,A,0,NA,NA,NA,NA,Y,Y,A,01,0,0,1,0,0,0,0,0,0,-,-,NA,NA,ORANGE,YORBA LINDA,-117.82651903,33.88836
6731463,2014,2015-01-22,3014,2014-11-22,0444,1447,RD54,6,5,5,3014,0,0,0,NA,0,0A4,BISON AV,BAYSWATER,720,E,N,A,-,N,NA,NA,NA,NA,NA,NA,NA,NA,NA,Y,4,0,1,1,A,-,01,23152,A,N,E,I,A,A,H,-,C,A,0,NA,NA,NA,NA,Y,Y,A,01,0,0,1,0,0,0,0,0,0,-,-,33.6374,-117.8569,ORANGE,NEWPORT BEACH,-117.85716825,33.63745044
6731628,2014,2015-02-09,3001,2014-12-03,1621,1373,NA,3,5,7,3001,0,0,0,NA,0,0D2,EAST BALL RD,SOUTH LEWIS ST,404,W,N,C,-,N,NA,NA,NA,NA,NA,NA,NA,NA,NA,N,4,0,1,3,A,-,03,22350,NA,N,C,C,A,B,H,-,A,D,0,NA,NA,NA,NA,Y,NA,D,22,0,0,1,0,0,0,0,0,0,-,-,NA,NA,ORANGE,ANAHEIM,-117.89928691,33.81809417
6731746,2014,2015-02-04,3001,2014-12-06,2108,A2137,NA,6,5,7,3001,0,0,0,NA,0,0D1,BALL RD,KNOTT AV,420,E,N,A,-,N,NA,NA,NA,NA,NA,NA,NA,NA,NA,Y,4,0,3,3,A,-,09,21804,A,N,D,C,A,A,H,-,C,D,0,NA,NA,NA,NA,Y,NA,A,01,0,0,3,0,0,0,0,0,0,-,-,NA,NA,ORANGE,ANAHEIM,-118.00942041,33.81726
6732563,2014,2015-01-16,3001,2014-11-25,1712,A1373,NA,2,5,7,3001,0,0,0,NA,0,0D1,MAGNOLIA AV,CRESCENT AV,108,N,N,A,-,N,NA,NA,NA,NA,NA,NA,NA,NA,NA,Y,3,0,1,2,A,-,03,22350,NA,M,A,I,A,A,H,-,C,D,0,NA,NA,NA,NA,Y,NA,A,01,0,1,0,0,0,0,0,0,0,-,-,NA,NA,ORANGE,ANAHEIM,-117.976078,33.83984603
6732783,2014,2015-01-29,3024,2014-12-02,1542,312,P05,2,5,5,3024,0,0,0,NA,0,WEST,GARDEN GROVE BL,WESTERN AV,0,NA,Y,A,C,N,NA,NA,NA,NA,NA,NA,NA,NA,NA,Y,3,0,2,3,A,-,12,21453,A,N,D,C,A,B,H,-,A,A,0,NA,NA,NA,NA,Y,NA,A,01,0,1,1,0,0,0,0,0,0,-,-,NA,NA,ORANGE,WESTMINSTER,-118.00138011,33.77372005
6737417,2014,2015-01-23,3024,2014-11-25,0549,383,P23,2,5,5,3024,0,0,0,NA,0,WEST,GOLDENWEST ST,BOLSA AV,0,NA,Y,A,-,N,NA,NA,NA,NA,NA,NA,NA,NA,NA,Y,4,0,2,4,A,-,12,21453,A,N,D,C,A,A,H,-,C,A,0,NA,NA,NA,Y,Y,NA,A,07,0,0,2,0,0,0,0,0,0,-,-,NA,NA,ORANGE,WESTMINSTER,-118.00699013,33.74449007
6741627,2014,2015-01-30,3001,2014-12-02,1712,A1252,NA,2,5,7,3001,0,0,0,NA,0,0D3,S 9TH ST,CERRITOS AV,9,S,N,B,C,N,NA,NA,NA,NA,NA,NA,NA,NA,NA,N,4,0,1,2,A,-,10,21950,A,M,G,B,C,A,H,-,C,A,0,Y,NA,NA,NA,Y,NA,D,22,0,0,1,0,1,0,0,0,0,-,-,NA,NA,ORANGE,ANAHEIM,-117.93235407,33.81053556
6741929,2014,2015-01-26,3010,2014-11-19,1232,1122,427,3,5,6,3010,0,0,0,NA,0,003,BROOKHURST,GARFIELD,605,S,N,A,-,N,NA,NA,NA,NA,NA,NA,NA,NA,NA,Y,4,0,2,2,A,-,09,21804,A,N,D,C,A,A,H,-,A,D,0,NA,NA,NA,NA,Y,NA,A,07,0,0,2,0,0,0,0,0,0,-,-,NA,NA,ORANGE,HUNTINGTON BEACH,-117.95412423,33.68522141
6742662,2014,2016-06-20,9690,2014-10-30,1508,014849,NA,4,2,5,3017,0,1,1,NA,2,059,RT 5,AVENIDA PICO,135,S,N,A,-,Y,ORA,12,5,-,-,3.37,H,-,N,Y,4,0,1,1,A,-,08,22107,NA,N,E,I,A,A,H,-,A,D,1,NA,NA,NA,NA,Y,NA,M,50,0,0,1,0,0,0,0,0,0,-,-,33.44544,-117.63109,ORANGE,SAN CLEMENTE,-117.62174856,33.43866417
6742717,2014,2015-01-21,9690,2014-10-23,1624,20637,NA,4,2,4,3045,0,1,1,NA,2,055,RT 5,EL TORO RD,200,S,N,A,-,Y,NA,NA,5,NA,NA,NA,NA,NA,NA,Y,4,0,1,3,A,-,03,22350,NA,N,C,C,A,A,H,-,A,D,0,NA,NA,NA,NA,Y,NA,A,01,0,0,1,0,0,0,0,0,0,-,-,33.61288,-117.70578,ORANGE,LAGUNA HILLS,-117.70576285,33.61289998
6743215,2014,2016-07-07,9675,2014-11-26,1256,012857,NA,3,1,6,3004,0,1,1,NA,2,405,RT 405,BEAR ST,200,N,N,A,-,Y,ORA,12,405,-,-,9.93,H,-,S,N,4,0,1,2,A,-,03,22350,NA,N,C,C,A,A,H,-,A,D,6,NA,NA,NA,Y,Y,NA,G,25,0,0,1,0,0,0,0,0,0,-,-,33.60723,-117.89375,ORANGE,COSTA MESA,-117.8929109,33.68739713
6743230,2014,2016-06-17,9675,2014-11-28,1504,019809,NA,5,2,6,3026,0,1,1,NA,2,406,RT 405,JAMBOREE RD,85,S,N,A,-,Y,ORA,12,405,-,-,6.796,R,3,S,Y,4,0,3,3,A,-,03,22350,NA,N,C,C,A,A,H,-,A,A,6,NA,NA,NA,Y,Y,NA,G,26,0,0,3,0,0,0,0,0,0,FR,-,33.67687,-117.84491,ORANGE,IRVINE,-117.84179986,33.67585118
6743992,2014,2016-06-18,9675,2014-11-15,0255,018924,NA,6,3,7,3019,0,1,1,NA,2,502,RT 5,GRAND AV,100,N,N,A,-,Y,ORA,12,5,-,-,31.82,H,-,S,Y,4,0,1,2,A,-,03,22350,NA,N,C,C,A,A,H,-,C,D,1,NA,NA,NA,NA,Y,NA,A,01,0,0,1,0,0,0,0,0,0,-,-,33.75458,-117.85212,ORANGE,SANTA ANA,-117.8524939,33.75490782
6745541,2014,2015-01-16,3000,2014-11-03,0819,1104,800B1,1,5,2,3023,0,0,0,NA,0,214,VILLA PARK RD,CENTER DR,15,E,N,A,-,N,NA,NA,NA,NA,NA,NA,NA,NA,NA,N,2,0,1,2,A,-,08,22107,NA,N,G,B,B,A,H,-,A,A,0,Y,NA,NA,NA,Y,NA,A,01,1,0,0,0,1,0,0,0,0,-,-,NA,NA,ORANGE,VILLA PARK,-117.81325075,33.81065086
6746103,2014,2015-01-30,3026,2014-12-03,1141,313,NA,3,5,6,3026,0,0,0,NA,0,00C,JEFFREY,ALTON,272,N,N,B,-,N,NA,NA,NA,NA,NA,NA,NA,NA,NA,Y,4,0,2,2,A,-,09,21804,A,N,D,C,A,A,H,-,A,D,0,NA,NA,NA,NA,Y,NA,A,01,0,0,2,0,0,0,0,0,0,-,-,NA,NA,ORANGE,IRVINE,-117.78809753,33.67028518
6746120,2014,2015-02-02,3004,2014-12-03,1549,P542,21,3,5,6,3004,0,0,0,NA,0,010,BAKER ST,MILBRO ST,101,E,N,C,-,N,NA,NA,NA,NA,NA,NA,NA,NA,NA,Y,4,0,1,2,A,-,03,22350,NA,N,C,C,A,B,H,-,A,D,0,NA,NA,NA,NA,Y,NA,A,01,0,0,1,0,0,0,0,0,0,-,-,33.6791,-117.8977,ORANGE,COSTA MESA,-117.89654915,33.68009728
6748377,2014,2016-06-15,3011,2014-12-01,1843,28008,37,1,5,4,3011,0,0,0,NA,0,001,RT 133,LAGUNA CANYON FRONTAGE RD,0,NA,Y,B,-,Y,ORA,12,133,-,-,0.6,H,-,N,Y,2,0,4,2,A,-,01,23152,A,N,A,C,A,A,H,-,C,D,0,NA,NA,NA,NA,Y,Y,A,01,1,1,2,0,0,0,0,0,0,-,-,NA,NA,ORANGE,LAGUNA BEACH,-117.78002192,33.55002445
6748973,2014,2015-01-30,3012,2014-12-05,1830,612,45,5,5,5,3012,0,0,0,NA,0,0SE,EUCLID,FOUNDATION AV,0,NA,Y,A,-,N,NA,NA,NA,NA,NA,NA,NA,NA,NA,N,4,0,1,2,A,-,12,22450,A,N,D,G,A,A,H,-,C,D,0,NA,Y,NA,NA,Y,Y,-,99,0,0,1,0,0,0,1,0,0,-,-,NA,NA,ORANGE,LA HABRA,-117.94606003,33.92004002
6749582,2014,2015-02-09,3009,2014-12-16,1226,3713,136,2,5,6,3009,0,0,0,NA,0,NA,TRASK AV,SORRELL DR,775,W,N,B,-,N,NA,NA,NA,NA,NA,NA,NA,NA,NA,Y,3,0,1,2,A,-,09,21804,A,N,D,C,A,A,H,-,A,D,0,NA,NA,NA,NA,Y,NA,-,NA,0,1,0,0,0,0,0,0,0,-,-,NA,NA,ORANGE,GARDEN GROVE,-117.925793,33.767018
6750109,2014,2016-06-15,9690,2014-10-31,2130,012632,NA,5,2,4,3018,0,1,1,NA,2,057,RT 5,ORTEGA HWY,200,S,N,B,-,Y,ORA,12,5,-,-,9.56,H,-,S,Y,4,0,1,1,A,-,08,22107,NA,N,E,I,A,A,H,-,C,D,1,NA,NA,NA,NA,Y,NA,A,01,0,0,1,0,0,0,0,0,0,-,-,33.502,-117.65895,ORANGE,SAN JUAN CAPISTRANO,-117.65855703,33.50175542
6750154,2014,2016-06-10,9690,2014-10-27,1600,012830,NA,1,2,5,3028,0,1,1,NA,2,056,RT 5,CROWN VALLEY PKWY,0,S,N,A,-,Y,ORA,12,5,-,-,13.572,R,2,N,Y,3,0,1,1,A,-,08,22107,NA,N,E,I,A,A,H,-,A,D,1,NA,NA,Y,NA,Y,NA,C,02,0,1,0,0,0,0,0,0,1,-,-,33.5574,-117.67247,ORANGE,MISSION VIEJO,-117.67280393,33.55627717
6750216,2014,2015-02-02,3019,2014-12-05,1007,1925,SC,5,5,7,3019,0,0,0,NA,0,001,WARNER AV,BRISTOL ST,61,W,N,A,-,N,NA,NA,NA,NA,NA,NA,NA,NA,NA,Y,4,0,1,2,A,-,03,22350,NA,N,C,C,A,A,H,-,A,A,0,NA,NA,NA,NA,Y,NA,A,01,0,0,1,0,0,0,0,0,0,-,-,NA,NA,ORANGE,SANTA ANA,-117.88553654,33.71618855
6751655,2014,2016-06-23,9670,2014-12-08,1400,013953,NA,1,2,6,3009,0,1,3,NA,2,022,RT 22,BROOKHURST ST,550,E,N,A,-,Y,ORA,12,22,-,R,5.95,H,-,E,Y,4,0,1,3,A,-,03,22350,NA,N,B,E,A,A,H,-,A,D,1,NA,NA,NA,Y,Y,NA,A,01,0,0,1,0,0,0,0,0,0,-,-,33.76569,-117.95277,ORANGE,GARDEN GROVE,-117.95296595,33.76590633
6752090,2014,2015-02-05,3019,2014-12-20,0721,3230,NE,6,5,7,3019,0,0,0,NA,0,001,MAIN ST,CIVIC CENTER DR,36,S,N,A,-,N,NA,NA,NA,NA,NA,NA,NA,NA,NA,Y,4,0,1,2,A,-,01,23152,A,N,C,C,A,A,H,-,A,D,0,NA,NA,NA,Y,Y,Y,A,01,0,0,1,0,0,0,0,0,0,-,-,NA,NA,ORANGE,SANTA ANA,-117.86761,33.75053131
6752545,2014,2015-02-04,3000,2014-12-11,0640,2854,798A2,4,5,4,3021,0,0,0,NA,0,022,DALE AV,MONROE AV,0,NA,Y,A,-,N,NA,NA,NA,NA,NA,NA,NA,NA,NA,Y,3,0,2,2,A,-,01,23152,E,N,A,C,A,A,H,-,A,D,0,NA,NA,NA,NA,Y,NA,A,07,0,1,1,0,0,0,0,0,0,-,-,NA,NA,ORANGE,STANTON,-117.98451001,33.8056601
6752828,2014,2016-03-01,3014,2014-12-13,1250,1374,RD44,6,5,5,3014,0,0,0,NA,0,0A4,RT 1,MARGUERITE AV,0,NA,Y,A,-,N,NA,NA,NA,NA,NA,NA,NA,NA,NA,N,4,0,1,2,A,-,08,22101,D,N,H,G,A,A,H,-,A,A,0,NA,Y,NA,NA,Y,NA,L,04,0,0,1,0,0,0,1,0,0,-,-,33.5963,-117.871,ORANGE,NEWPORT BEACH,-117.870918,33.596284
6754028,2014,2016-06-15,9670,2014-12-18,1830,020455,NA,4,2,5,3003,0,1,3,NA,2,091,RT 91,VALLEY VIEW ST,300,E,N,A,-,Y,ORA,12,91,-,R,0.91,H,-,W,Y,3,0,1,1,A,-,03,22350,NA,N,F,A,A,A,H,-,D,D,1,NA,NA,Y,NA,Y,NA,C,02,0,1,0,0,0,0,0,0,1,-,-,33.85628,-118.05686,ORANGE,BUENA PARK,-118.02758654,33.85655684