CASE_ID,ACCIDENT_YEAR,PROC_DATE,JURIS,COLLISION_DATE,COLLISION_TIME,OFFICER_ID,REPORTING_DISTRICT,DAY_OF_WEEK,CHP_SHIFT,POPULATION,CNTY_CITY_LOC,SPECIAL_COND,BEAT_TYPE,CHP_BEAT_TYPE,CITY_DIVISION_LAPD,CHP_BEAT_CLASS,BEAT_NUMBER,PRIMARY_RD,SECONDARY_RD,DISTANCE,DIRECTION,INTERSECTION,WEATHER_1,WEATHER_2,STATE_HWY_IND,CALTRANS_COUNTY,CALTRANS_DISTRICT,STATE_ROUTE,ROUTE_SUFFIX,POSTMILE_PREFIX,POSTMILE,LOCATION_TYPE,RAMP_INTERSECTION,SIDE_OF_HWY,TOW_AWAY,COLLISION_SEVERITY,NUMBER_KILLED,NUMBER_INJURED,PARTY_COUNT,PRIMARY_COLL_FACTOR,PCF_CODE_OF_VIOL,PCF_VIOL_CATEGORY,PCF_VIOLATION,PCF_VIOL_SUBSECTION,HIT_AND_RUN,TYPE_OF_COLLISION,MVIW,PED_ACTION,ROAD_SURFACE,ROAD_COND_1,ROAD_COND_2,LIGHTING,CONTROL_DEVICE,CHP_ROAD_TYPE,PEDESTRIAN_ACCIDENT,BICYCLE_ACCIDENT,MOTORCYCLE_ACCIDENT,TRUCK_ACCIDENT,NOT_PRIVATE_PROPERTY,ALCOHOL_INVOLVED,STWD_VEHTYPE_AT_FAULT,CHP_VEHTYPE_AT_FAULT,COUNT_SEVERE_INJ,COUNT_VISIBLE_INJ,COUNT_COMPLAINT_PAIN,COUNT_PED_KILLED,COUNT_PED_INJURED,COUNT_BICYCLIST_KILLED,COUNT_BICYCLIST_INJURED,COUNT_MC_KILLED,COUNT_MC_INJURED,PRIMARY_RAMP,SECONDARY_RAMP,LATITUDE,LONGITUDE,COUNTY,CITY,POINT_X,POINT_Y
6934109,2015,2016-11-09,3010,2015-05-18,2023,1122,496,1,5,6,3010,0,0,0,NA,0,002,RT 1,BROOKHURST,57,E,N,A,-,Y,ORA,12,1,-,-,22.08,H,-,N,N,3,0,1,2,A,-,05,21651,A,N,D,G,A,A,H,-,-,A,0,NA,Y,NA,NA,Y,NA,L,04,0,1,0,0,0,0,1,0,0,-,-,NA,NA,ORANGE,HUNTINGTON BEACH,-117.96393864,33.63524291
6935286,2015,2015-07-15,3001,2015-06-22,1920,1373,NA,1,5,7,3001,0,0,0,NA,0,0D2,ROMNEYA DR,ACACIA ST,25,W,N,A,-,N,NA,NA,NA,NA,NA,NA,NA,NA,NA,N,4,0,2,2,A,-,03,22350,NA,N,C,C,A,A,H,-,A,A,0,NA,NA,NA,NA,Y,NA,A,01,0,0,2,0,0,0,0,0,0,-,-,NA,NA,ORANGE,ANAHEIM,-117.89804214,33.85089
6935360,2015,2015-07-16,3026,2015-06-16,1858,7094,NA,2,5,6,3026,0,0,0,NA,0,00U,UNIVERSITY DR,CALIFORNIA AV,627,W,N,B,-,N,NA,NA,NA,NA,NA,NA,NA,NA,NA,Y,4,0,2,2,A,-,03,22350,NA,N,C,C,A,A,H,-,A,D,0,NA,NA,NA,NA,Y,NA,A,01,0,0,2,0,0,0,0,0,0,-,-,NA,NA,ORANGE,IRVINE,-117.85558307,33.6506531
6939931,2015,2016-11-03,3026,2015-05-14,1612,6352,NA,4,5,6,3026,0,0,0,NA,0,00U,JAMBOREE RD,RT 405,87,S,N,B,C,Y,ORA,12,405,-,-,6.717,R,4,N,Y,4,0,1,3,A,-,03,22350,NA,N,C,C,A,B,H,-,A,A,0,NA,NA,NA,NA,Y,NA,A,01,0,0,1,0,0,0,0,0,0,-,-,NA,NA,ORANGE,IRVINE,-117.84035001,33.67561884
6941285,2015,2016-12-01,9675,2015-05-13,0701,14895,NA,3,1,7,3001,0,1,3,NA,2,093,RT 91,PLACENTIA AV,25,W,N,B,-,Y,ORA,12,91,-,-,5.53,H,-,W,Y,3,0,1,1,A,-,03,22350,NA,N,F,A,A,A,H,-,A,D,6,NA,NA,Y,NA,Y,NA,C,02,0,1,0,0,0,0,0,0,1,-,-,33.8541,-117.88615,ORANGE,ANAHEIM,-117.88497249,33.85386692
6942258,2014,2015-06-27,3019,2014-05-19,1727,3151,NE,1,5,7,3019,0,0,0,NA,0,002,WASHINGTON AV,SANTIAGO AV,0,NA,Y,A,-,N,NA,NA,NA,NA,NA,NA,NA,NA,NA,N,4,0,1,2,A,-,12,22450,A,N,D,G,A,A,H,-,A,A,0,NA,Y,NA,NA,Y,NA,L,04,0,0,1,0,0,0,1,0,0,-,-,NA,NA,ORANGE,SANTA ANA,-117.85990009,33.75563003
6942357,2015,2015-10-02,3000,2015-04-20,1442,9696,922A7,1,5,5,3040,0,0,0,NA,0,741,CROWN VALLEY PKWY,CABOT RD,17,W,N,A,-,N,NA,NA,NA,NA,NA,NA,NA,NA,NA,Y,4,0,2,2,A,-,03,22350,NA,N,C,C,A,A,H,-,A,A,0,NA,NA,NA,NA,Y,NA,A,01,0,0,2,0,0,0,0,0,0,-,-,NA,NA,ORANGE,LAGUNA NIGUEL,-117.67912419,33.55706938
6943838,2015,2015-06-26,3016,2015-05-29,1014,1251,27,5,5,5,3016,0,0,0,NA,0,001,KRAEMER BL,MADISON AV,0,NA,Y,A,-,N,NA,NA,NA,NA,NA,NA,NA,NA,NA,Y,4,0,1,2,A,-,09,21801,A,N,D,C,A,A,H,-,A,A,0,NA,NA,NA,NA,Y,NA,A,07,0,0,1,0,0,0,0,0,0,-,-,NA,NA,ORANGE,PLACENTIA,-117.86361013,33.88012006
6947409,2015,2016-11-09,3014,2015-05-21,1300,1244,RD26,4,5,5,3014,0,0,0,NA,0,0A2,RT 1,DOVER DR,125,E,N,A,-,Y,ORA,12,1,-,R,18.43,H,-,N,N,4,0,1,2,A,-,03,22350,NA,N,B,G,A,A,H,-,A,D,0,NA,Y,NA,NA,Y,NA,A,01,0,0,1,0,0,0,1,0,0,-,-,33.6166,-117.9067,ORANGE,NEWPORT BEACH,-117.90696906,33.61629013
6948523,2015,2015-06-30,3026,2015-05-17,0456,496,NA,7,5,6,3026,0,0,0,NA,0,00U,JAMBOREE,MAIN,0,NA,Y,A,-,N,NA,NA,NA,NA,NA,NA,NA,NA,NA,Y,4,0,1,2,A,-,12,21453,A,N,D,C,A,A,H,-,C,A,0,NA,NA,NA,NA,Y,NA,A,01,0,0,1,0,0,0,0,0,0,-,-,NA,NA,ORANGE,IRVINE,-117.83979005,33.68074001
6949706,2015,2015-07-13,3026,2015-05-18,1603,4991,NA,1,5,6,3026,0,0,0,NA,0,00P,BARRANCA,IRVINE CENTER DR,0,NA,Y,A,-,N,NA,NA,NA,NA,NA,NA,NA,NA,NA,Y,4,0,2,2,A,-,12,21453,A,N,D,C,A,A,H,-,A,A,0,NA,NA,NA,NA,Y,NA,A,01,0,0,2,0,0,0,0,0,0,-,-,NA,NA,ORANGE,IRVINE,-117.75032003,33.65927002
6950017,2015,2016-11-19,9675,2015-05-29,1710,019809,NA,5,2,6,3026,0,1,1,NA,2,406,RT 405,JEFFREY RD,1465,N,N,A,-,Y,ORA,12,405,-,-,4.22,H,-,S,Y,4,0,2,5,A,-,08,22107,NA,N,C,C,E,A,H,-,A,D,6,Y,NA,NA,Y,Y,NA,A,01,0,0,2,0,2,0,0,0,0,-,-,33.665,-117.80782,ORANGE,IRVINE,-117.79964031,33.66393778
6950149,2015,2016-11-09,3010,2015-05-27,1738,1208,173,3,5,6,3010,0,0,0,NA,0,008,RT 1,WARNER,0,NA,Y,A,-,Y,ORA,12,1,-,-,29.89,I,5,N,N,4,0,1,2,A,-,09,21453,C,N,A,C,A,A,H,-,A,A,0,NA,NA,NA,NA,Y,NA,A,01,0,0,1,0,0,0,0,0,0,-,-,NA,NA,ORANGE,HUNTINGTON BEACH,-118.06299389,33.71163318
6950150,2015,2015-06-17,3014,2015-05-27,1228,1379,RD34,3,5,5,3014,0,0,0,NA,0,0A3,DOVE ST,SCOTT DR,0,NA,Y,A,-,N,NA,NA,NA,NA,NA,NA,NA,NA,NA,N,4,0,1,2,A,-,08,22107,NA,N,D,C,A,A,H,-,A,A,0,NA,NA,NA,NA,Y,NA,A,01,0,0,1,0,0,0,0,0,0,-,-,33.6658,-117.8673,ORANGE,NEWPORT BEACH,-117.86739004,33.66579002
6951147,2015,2015-07-01,3000,2015-06-01,2040,8418,971H3,1,5,4,3029,0,0,0,NA,0,737,GOLDEN LANTERN,TERRA VISTA,41,S,N,A,-,N,NA,NA,NA,NA,NA,NA,NA,NA,NA,N,4,0,1,2,A,-,03,22350,NA,N,C,C,A,A,H,-,C,A,0,NA,NA,Y,NA,Y,NA,A,07,0,0,1,0,0,0,0,0,1,-,-,NA,NA,ORANGE,DANA POINT,-117.69806066,33.48938896
6953347,2015,2015-07-01,3009,2015-05-29,1021,2621,106,5,5,6,3009,0,0,0,NA,0,013,WESTMINSTER AV,BROOKHURST ST,380,W,N,A,-,N,NA,NA,NA,NA,NA,NA,NA,NA,NA,Y,4,0,1,2,A,-,08,22107,NA,N,A,C,A,A,H,-,A,D,0,NA,NA,NA,NA,Y,NA,A,01,0,0,1,0,0,0,0,0,0,-,-,NA,NA,ORANGE,GARDEN GROVE,-117.95628685,33.75961
6955371,2015,2015-07-08,3001,2015-05-31,1940,1622,NA,7,5,7,3001,0,0,0,NA,0,0D3,BROADWAY,PHILADELPHIA ST,0,NA,Y,A,-,N,NA,NA,NA,NA,NA,NA,NA,NA,NA,Y,4,0,2,3,A,-,12,22450,NA,N,D,C,A,A,H,-,A,A,0,NA,NA,NA,NA,Y,NA,A,01,0,0,2,0,0,0,0,0,0,-,-,NA,NA,ORANGE,ANAHEIM,-117.91068005,33.83392004
6955378,2015,2016-12-13,3001,2015-05-31,0243,415,NA,7,5,7,3001,0,0,0,NA,0,0D1,RT 39,LINCOLN AV,30,N,N,A,-,Y,ORA,12,39,-,-,12.685,I,5,N,Y,3,0,1,1,A,-,01,23152,A,N,E,I,A,A,H,-,C,A,0,NA,NA,NA,NA,Y,Y,A,01,0,1,0,0,0,0,0,0,0,-,-,NA,NA,ORANGE,ANAHEIM,-117.99339433,33.83214629
6955437,2015,2016-11-29,9675,2015-05-24,1605,20044,NA,7,2,9,3000,0,1,3,NA,2,241,RT 241,HAUL RD,425,N,N,B,-,Y,ORA,12,241,-,-,28.75,H,-,S,Y,4,0,1,1,A,-,08,22107,NA,N,E,I,A,A,H,-,A,D,1,NA,NA,NA,NA,Y,NA,A,01,0,0,1,0,0,0,0,0,0,-,-,33.74652,-117.72171,ORANGE,UNINCORPORATED,-117.71768419,33.73788314
6955608,2015,2017-01-18,9675,2015-06-01,0354,020734,NA,1,3,7,3001,0,1,3,NA,2,095,RT 91,COAL CYN RD,1000,E,N,A,-,Y,ORA,12,91,-,R,18.16,H,-,W,Y,4,0,1,3,A,-,07,21658,A,N,B,C,A,A,H,-,C,D,1,NA,NA,NA,NA,Y,NA,D,22,0,0,1,0,0,0,0,0,0,-,-,33.87209,-117.68654,ORANGE,ANAHEIM,-117.68410975,33.87097386
6957709,2015,2016-12-12,9675,2015-05-24,0506,19171,NA,7,3,7,3001,0,1,3,NA,2,194,RT 91,LAKEVIEW AV,528,E,N,B,-,Y,ORA,12,91,-,-,10.19,H,-,E,Y,3,0,2,2,A,-,03,22350,NA,N,E,C,A,A,H,-,C,D,1,NA,NA,NA,NA,Y,NA,A,01,0,2,0,0,0,0,0,0,0,-,-,33.85062,-117.81427,ORANGE,ANAHEIM,-117.81241832,33.85232691
6957977,2015,2015-06-25,3001,2015-05-28,1839,1373,D3,4,5,7,3001,0,0,0,NA,0,NA,BALL RD,WALNUT ST,263,W,N,A,-,N,NA,NA,NA,NA,NA,NA,NA,NA,NA,Y,3,0,1,1,A,-,03,22350,NA,N,E,-,A,A,H,-,A,D,0,NA,NA,Y,NA,Y,NA,C,02,0,1,0,0,0,0,0,0,1,-,-,NA,NA,ORANGE,ANAHEIM,-117.9293637,33.81797
6959032,2015,2016-11-09,3011,2015-06-16,1335,31241,0,2,5,4,3011,0,0,0,NA,0,NA,RT 133,FOREST AV,145,N,N,B,-,Y,ORA,12,133,-,-,0.35,H,-,S,N,4,0,1,2,A,-,03,22350,NA,N,G,B,A,A,H,-,A,A,0,NA,NA,NA,NA,Y,NA,A,01,0,0,1,0,0,0,0,0,0,-,-,NA,NA,ORANGE,LAGUNA BEACH,-117.78223762,33.54693657
6960770,2015,2016-12-12,9670,2015-06-17,0800,15587,NA,3,1,7,3001,0,1,3,NA,2,093,RT 91,STATE COLLEGE,1500,W,N,A,-,Y,ORA,12,91,-,-,4.98,H,-,W,Y,3,0,1,4,A,-,03,22350,NA,N,C,C,A,A,D,-,A,D,1,NA,NA,NA,NA,Y,NA,A,07,0,1,0,0,0,0,0,0,0,-,-,33.85408,-117.89406,ORANGE,ANAHEIM,-117.89441667,33.85417041
6961192,2015,2016-11-03,9670,2015-06-12,1022,17022,NA,5,1,6,3010,0,1,1,NA,2,041,RT 405,NEWLAND ST,250,S,N,B,-,Y,ORA,12,405,-,-,15.85,H,-,S,Y,3,0,1,2,A,-,00,22359,NA,N,C,C,A,A,H,-,A,D,1,NA,NA,NA,NA,Y,NA,A,01,0,1,0,0,0,0,0,0,0,-,-,33.72598,-117.9801,ORANGE,HUNTINGTON BEACH,-117.98026274,33.72622991
6961255,2015,2015-07-15,3019,2015-06-06,0142,3199,SC,6,5,7,3019,0,0,0,NA,0,004,MCFADDEN AV,MOHAWK,300,E,N,A,-,N,NA,NA,NA,NA,NA,NA,NA,NA,NA,Y,3,0,2,1,A,-,08,22107,NA,M,E,I,A,A,H,-,C,D,0,NA,NA,NA,NA,Y,NA,A,01,0,2,0,0,0,0,0,0,0,-,-,NA,NA,ORANGE,SANTA ANA,-117.909076,33.73449632
6962255,2015,2015-07-22,3019,2015-06-08,1032,2528,NE,1,5,7,3019,0,0,0,NA,0,002,FLOWER AV,6TH ST,0,NA,Y,A,-,N,NA,NA,NA,NA,NA,NA,NA,NA,NA,Y,4,0,1,2,A,-,12,21453,A,N,D,C,A,A,H,-,A,A,0,NA,NA,NA,NA,Y,NA,H,13,0,0,1,0,0,0,0,0,0,-,-,NA,NA,ORANGE,SANTA ANA,-117.87651009,33.7497001
6962577,2015,2016-12-10,9675,2015-05-16,2240,20650,NA,6,3,6,3004,0,1,3,NA,2,553,RT 55,BAKER ST,1300,S,N,A,-,Y,ORA,12,55,-,R,5.08,H,-,N,Y,4,0,2,1,C,-,18,NA,NA,N,E,J,A,A,H,-,C,D,1,NA,NA,NA,NA,Y,NA,-,-,0,0,2,0,0,0,0,0,0,-,-,33.67706,-117.8814,ORANGE,COSTA MESA,-117.8820921,33.67692483
6962637,2015,2015-06-23,3026,2015-05-25,0234,358,NA,1,5,6,3026,0,0,0,NA,0,00C,BARRANCA PKWY,PASEO WESTPARK,11,W,N,B,-,N,NA,NA,NA,NA,NA,NA,NA,NA,NA,Y,2,0,2,1,A,-,01,23152,A,N,E,I,A,A,H,-,C,A,0,NA,NA,NA,NA,Y,Y,A,01,2,0,0,0,0,0,0,0,0,-,-,NA,NA,ORANGE,IRVINE,-117.81380558,33.68682496
6962894,2015,2016-12-22,9670,2015-06-12,0710,18887,NA,5,1,5,3003,0,1,1,NA,2,501,RT 5,ORANGETHORPE AV,100,N,N,B,-,Y,ORA,12,5,-,-,42.54,H,-,S,Y,4,0,1,2,A,-,03,22350,NA,N,C,C,A,B,H,-,A,D,6,NA,NA,NA,NA,Y,NA,D,22,0,0,1,0,0,0,0,0,0,-,-,33.855,-117.976,ORANGE,BUENA PARK,-117.98602398,33.859205
6963279,2015,2015-07-10,9670,2015-06-03,1608,20809,NA,3,2,9,3000,0,3,5,NA,2,004,BROOKHURST ST,BROADWAY,0,NA,Y,A,-,N,NA,NA,NA,NA,NA,NA,NA,NA,NA,Y,4,0,1,3,A,-,12,21453,A,N,D,C,A,A,H,-,A,A,0,NA,NA,NA,NA,Y,NA,A,01,0,0,1,0,0,0,0,0,0,-,-,33.829,-117.96011,ORANGE,UNINCORPORATED,-117.95895013,33.82889011
6964252,2015,2015-07-10,3022,2015-06-03,1050,1154,NORTH,3,5,5,3022,0,0,0,NA,0,NA,IRVINE BL,YORBA ST,0,NA,Y,A,-,N,NA,NA,NA,NA,NA,NA,NA,NA,NA,Y,4,0,1,2,A,-,08,22107,NA,N,B,C,A,A,H,-,A,A,0,NA,NA,NA,NA,Y,NA,A,01,0,0,1,0,0,0,0,0,0,-,-,NA,NA,ORANGE,TUSTIN,-117.83027007,33.74828009
6965408,2015,2015-07-03,3008,2015-05-25,1740,1342,NA,1,5,6,3008,0,0,0,NA,0,0Z1,ORANGETHORPE AV,MAGNOLIA AV,50,E,N,A,-,N,NA,NA,NA,NA,NA,NA,NA,NA,NA,N,4,0,1,2,D,-,00,NA,NA,N,B,C,A,A,H,-,A,A,0,NA,NA,NA,NA,Y,NA,-,-,0,0,1,0,0,0,0,0,0,-,-,33.85899,-117.97588,ORANGE,FULLERTON,-117.97628,33.85911
6966373,2015,2017-10-02,9690,2015-04-28,1640,014329,NA,2,2,5,3028,0,1,1,NA,2,056,RT 5,LA PAZ RD,2500,S,N,A,-,Y,ORA,12,5,-,-,16.06,H,-,N,Y,4,0,1,4,A,-,03,22350,NA,N,C,C,A,A,H,-,A,D,1,NA,NA,NA,NA,Y,NA,A,01,0,0,1,0,0,0,0,0,0,-,-,33.59498,-117.67306,ORANGE,MISSION VIEJO,-117.67184606,33.59260895
6966395,2015,2016-11-29,9690,2015-05-03,0835,18646,NA,7,1,9,3000,0,1,3,NA,1,074,RT 74,NICHOLS INSTITUDE,2500,W,N,B,-,Y,ORA,12,74,-,-,9.19,H,-,W,Y,4,0,1,1,A,-,08,22107,NA,N,F,A,A,A,H,-,B,D,0,NA,NA,NA,NA,Y,NA,D,22,0,0,1,0,0,0,0,0,0,-,-,33.55598,-117.54914,ORANGE,UNINCORPORATED,-117.54900608,33.55672364
6966607,2015,2015-07-31,3016,2015-06-12,1245,1247,43,5,5,5,3016,0,0,0,NA,0,002,FEE ANA ST,ESTELLE LN,85,S,N,B,-,N,NA,NA,NA,NA,NA,NA,NA,NA,NA,Y,4,0,1,8,A,-,08,22107,NA,N,B,E,A,A,H,-,A,D,0,NA,NA,NA,NA,Y,NA,-,NA,0,0,1,0,0,0,0,0,0,-,-,NA,NA,ORANGE,PLACENTIA,-117.82345,33.86434699
6966648,2015,2016-11-29,9690,2015-04-20,1720,16986,NA,1,2,9,3000,0,1,3,NA,1,074,RT 74,MPM 74 ORA 14.00,600,E,N,A,-,Y,ORA,12,74,-,-,14.11,H,-,E,N,3,0,1,1,C,-,18,NA,NA,N,E,I,A,A,H,-,A,D,0,NA,NA,NA,NA,Y,NA,-,-,0,1,0,0,0,0,0,0,0,-,-,33.59475,-117.48461,ORANGE,UNINCORPORATED,-117.48981325,33.593390049999996
6966663,2015,2016-12-14,9690,2015-04-20,1750,16430,NA,1,2,5,3028,0,1,1,NA,2,056,RT 5,AVERY PKY,528,N,N,A,-,Y,ORA,12,5,-,-,13.07,H,-,S,Y,4,0,2,2,A,-,03,22350,NA,N,C,C,A,A,H,-,A,D,1,NA,NA,NA,NA,Y,NA,A,07,0,0,2,0,0,0,0,0,0,-,-,33.55103,-117.67314,ORANGE,MISSION VIEJO,-117.67294185,33.54896818
6967163,2015,2016-12-14,9690,2015-06-03,1155,15114,NA,3,1,5,3028,0,1,1,NA,2,056,RT 5,CROWN VALLEY PKWY,1800,S,N,A,-,Y,ORA,12,5,-,-,13.4,H,-,S,Y,4,0,2,3,A,-,03,22350,NA,N,C,C,A,A,H,-,A,D,1,NA,NA,NA,NA,Y,NA,A,07,0,0,2,0,0,0,0,0,0,-,-,33.55415,-117.67301,ORANGE,MISSION VIEJO,-117.67304749,33.55373344
6967179,2015,2016-11-29,9690,2015-06-03,1715,16493,NA,3,2,4,3049,0,1,3,NA,2,073,RT 73,GLENWOOD DR,180,S,N,A,-,Y,ORA,12,73,-,-,15.185,R,2,N,Y,4,0,1,1,A,-,08,22107,NA,N,F,A,A,A,H,-,A,D,0,NA,NA,Y,NA,Y,NA,C,02,0,0,1,0,0,0,0,0,1,FR,-,33.58859,-117.73196,ORANGE,ALISO VIEJO,-117.73191831,33.58731057
6968003,2015,2017-01-07,9675,2015-06-11,1726,18834,NA,4,2,6,3015,0,1,1,NA,2,502,RT 5,CHAPMAN AV,600,S,N,A,-,Y,ORA,12,5,-,-,34.83,H,-,N,N,4,0,2,2,A,-,03,22350,NA,N,C,C,A,A,H,-,A,D,1,NA,NA,NA,Y,Y,NA,D,22,0,0,2,0,0,0,0,0,0,-,-,33.7868,-117.885,ORANGE,ORANGE,-117.88546787,33.78755972
6968978,2015,2015-07-06,3022,2015-06-05,1830,1270,NA,5,5,5,3022,0,0,0,NA,0,NA,MYFORD RD,HERITAGE WY,0,NA,Y,A,-,N,NA,NA,NA,NA,NA,NA,NA,NA,NA,Y,4,0,2,2,A,-,09,21801,A,N,D,C,A,A,H,-,A,A,0,NA,NA,NA,NA,Y,NA,A,01,0,0,2,0,0,0,0,0,0,-,-,33.7307,-117.793,ORANGE,TUSTIN,-117.79250003,33.73059002
6970205,2015,2016-11-15,9675,2015-06-09,1700,017192,NA,2,2,6,3026,0,1,1,NA,2,530,RT 5,JAMBOREE RD,50,N,N,B,-,Y,ORA,12,5,-,-,27.61,H,-,N,Y,4,0,1,2,A,-,07,21658,A,N,B,C,A,A,H,-,A,D,1,NA,NA,Y,NA,Y,NA,A,01,0,0,1,0,0,0,0,0,1,-,-,33.71621,-117.79081,ORANGE,IRVINE,-117.79521035,33.71985615
6970213,2015,2016-12-10,9675,2015-06-12,1720,018733,NA,5,2,6,3015,0,1,3,NA,2,222,RT 22,CAMBRIDGE ST,100,E,N,A,-,Y,ORA,12,22,-,R,12.38,H,-,W,Y,3,0,1,2,A,-,07,21658,A,N,B,C,A,A,H,-,A,D,6,NA,NA,NA,NA,Y,NA,A,08,0,1,0,0,0,0,0,0,0,-,-,33.77634,-117.84408,ORANGE,ORANGE,-117.84408185,33.77630502
6970225,2015,2017-01-18,9675,2015-06-09,1547,18027,NA,2,2,7,3001,0,1,3,NA,2,095,RT 91,GYPSUM CANYON RD,500,W,N,B,-,Y,ORA,12,91,-,R,16.38,H,-,E,N,3,0,1,2,A,-,07,21658,A,N,B,C,A,A,H,-,A,D,1,NA,NA,Y,NA,Y,NA,A,01,0,1,0,0,0,0,0,0,1,-,-,33.86666,-117.72154,ORANGE,ANAHEIM,-117.71208198,33.8666057
6970229,2015,2016-11-19,9675,2015-06-16,1755,18834,NA,2,2,7,3019,0,1,3,NA,2,551,RT 55,MCFADDEN AV,100,N,N,A,-,Y,ORA,12,55,-,R,9.98,H,-,N,N,4,0,1,2,A,-,03,22350,NA,N,C,C,A,A,H,-,A,D,6,NA,NA,NA,NA,Y,NA,A,01,0,0,1,0,0,0,0,0,0,-,-,33.734610000000004,-117.83341,ORANGE,SANTA ANA,-117.83353856,33.73403771
6971950,2015,2016-12-08,9690,2015-05-22,1034,020588,NA,5,1,5,3017,0,1,1,NA,2,059,RT 5,AVENIDA PICO,1900,S,N,A,-,Y,ORA,12,5,-,-,3.03,H,-,N,N,4,0,1,2,A,-,03,22350,NA,N,C,C,A,A,H,-,A,D,1,NA,NA,NA,NA,Y,NA,A,01,0,0,1,0,0,0,0,0,0,-,-,33.43402,-117.61669,ORANGE,SAN CLEMENTE,-117.61756564,33.43537026
6953236,2015,2016-12-10,9670,2015-05-31,1615,19690,NA,7,2,6,3009,0,1,3,NA,2,024,RT 22,EUCLID ST,600,W,N,A,-,Y,ORA,12,22,-,R,6.6,H,-,E,Y,4,0,1,4,A,-,03,22350,NA,N,C,C,A,A,H,-,A,D,1,NA,NA,NA,NA,Y,NA,A,01,0,0,1,0,0,0,0,0,0,-,-,33.76583,-117.94138,ORANGE,GARDEN GROVE,-117.94168045,33.76599542
6952399,2015,2015-07-14,3010,2015-06-01,1252,1096,157,1,5,6,3010,0,0,0,NA,0,008,GRAHAM,EDINGER,27,S,N,A,-,N,NA,NA,NA,NA,NA,NA,NA,NA,NA,Y,4,0,1,3,A,-,09,21801,A,N,D,C,A,A,H,-,A,A,0,NA,NA,NA,NA,Y,NA,A,01,0,0,1,0,0,0,0,0,0,-,-,NA,NA,ORANGE,HUNTINGTON BEACH,-118.03270863,33.72982598
6944318,2015,2016-11-19,3004,2015-06-02,1153,P429,2,2,5,6,3004,0,0,0,NA,0,001,NEWPORT BL,W 18TH ST,0,NA,Y,A,-,Y,ORA,12,55,-,-,1.68,H,-,S,N,4,0,1,2,A,-,03,22350,NA,N,C,C,A,A,H,-,A,A,0,NA,NA,NA,NA,Y,NA,D,22,0,0,1,0,0,0,0,0,0,-,-,33.3824,-117.5517,ORANGE,COSTA MESA,-117.9203048,33.63957613
6943884,2015,2015-06-27,3013,2015-05-19,1612,176,NA,2,5,3,3013,0,0,0,NA,0,NA,KATELLA AV,LEXINGTON DR,212,W,N,A,-,N,NA,NA,NA,NA,NA,NA,NA,NA,NA,N,4,0,1,2,A,-,09,21804,A,N,D,C,A,A,H,-,A,D,0,NA,NA,NA,NA,Y,NA,A,01,0,0,1,0,0,0,0,0,0,-,-,NA,NA,ORANGE,LOS ALAMITOS,-118.05511625,33.80314259
6941951,2015,2015-06-26,3004,2015-05-20,1357,P543,15,3,5,6,3004,0,0,0,NA,0,004,HARBOR BL,FAIR DR,0,NA,Y,A,-,N,NA,NA,NA,NA,NA,NA,NA,NA,NA,Y,4,0,1,2,A,-,08,22100,A,N,D,C,A,A,H,-,A,A,0,NA,NA,NA,NA,Y,NA,A,01,0,0,1,0,0,0,0,0,0,-,-,33.6609,-117.919,ORANGE,COSTA MESA,-117.91928002,33.66327007
6971953,2015,2017-10-02,9690,2015-05-13,1715,018526,2,3,2,4,3045,0,3,5,NA,2,001,RT 5,ALICIA PKWY,120,N,N,A,-,Y,ORA,12,5,-,-,17.487,R,1,S,N,4,0,1,2,A,-,03,22350,NA,N,C,C,A,A,H,-,A,A,1,NA,NA,NA,NA,Y,NA,A,01,0,0,1,0,0,0,0,0,0,FR,-,33.60451,-117.69105,ORANGE,LAGUNA HILLS,-117.69072521,33.60457112
6971965,2015,2016-11-29,9690,2015-05-29,1405,018526,NA,5,2,9,3000,0,1,3,NA,1,074,RT 74,REATTA RD,0,NA,Y,A,-,Y,ORA,12,74,-,R,2.13,H,-,W,Y,2,0,1,1,A,-,08,22107,NA,N,F,A,A,A,H,-,A,D,0,NA,NA,Y,NA,Y,NA,C,02,1,0,0,0,0,0,0,0,1,-,-,33.31101,-117.37246,ORANGE,UNINCORPORATED,-117.62751146,33.51859507
6971975,2015,2016-12-14,9690,2015-05-01,2230,018840,NA,5,3,4,3018,0,1,1,NA,2,057,RT 5,RT 73,5000,S,N,A,-,Y,ORA,12,5,-,-,11.56,H,-,S,Y,4,0,1,2,A,-,07,21658,A,N,B,C,A,A,H,-,D,D,1,NA,NA,NA,NA,Y,NA,A,01,0,0,1,0,0,0,0,0,0,-,-,33.52899,-117.67219,ORANGE,SAN JUAN CAPISTRANO,-117.6710585,33.52820561
6971979,2015,2016-12-14,9690,2015-05-01,2231,018840,NA,5,3,4,3018,0,1,1,NA,2,057,RT 5,RT 73,5200,S,N,A,-,Y,ORA,12,5,-,-,11.48,H,-,S,Y,4,0,2,3,A,-,07,21658,A,N,C,C,A,A,H,-,D,D,1,NA,NA,NA,NA,Y,NA,A,01,0,0,2,0,0,0,0,0,0,-,-,33.52899,-117.67219,ORANGE,SAN JUAN CAPISTRANO,-117.67007042,33.52750574
6972066,2015,2015-07-09,3000,2015-05-09,0610,8779,921F2,6,5,3,3051,0,0,0,NA,0,080,MOULTON PKWY,CALLE ARAGON,89,S,N,B,-,N,NA,NA,NA,NA,NA,NA,NA,NA,NA,Y,3,0,1,1,A,-,03,22350,NA,N,F,A,A,A,H,-,A,A,0,NA,NA,Y,NA,Y,NA,C,02,0,1,0,0,0,0,0,0,1,-,-,NA,NA,ORANGE,LAGUNA WOODS,-117.71639225,33.59934716