CASE_ID,ACCIDENT_YEAR,PROC_DATE,JURIS,COLLISION_DATE,COLLISION_TIME,OFFICER_ID,REPORTING_DISTRICT,DAY_OF_WEEK,CHP_SHIFT,POPULATION,CNTY_CITY_LOC,SPECIAL_COND,BEAT_TYPE,CHP_BEAT_TYPE,CITY_DIVISION_LAPD,CHP_BEAT_CLASS,BEAT_NUMBER,PRIMARY_RD,SECONDARY_RD,DISTANCE,DIRECTION,INTERSECTION,WEATHER_1,WEATHER_2,STATE_HWY_IND,CALTRANS_COUNTY,CALTRANS_DISTRICT,STATE_ROUTE,ROUTE_SUFFIX,POSTMILE_PREFIX,POSTMILE,LOCATION_TYPE,RAMP_INTERSECTION,SIDE_OF_HWY,TOW_AWAY,COLLISION_SEVERITY,NUMBER_KILLED,NUMBER_INJURED,PARTY_COUNT,PRIMARY_COLL_FACTOR,PCF_CODE_OF_VIOL,PCF_VIOL_CATEGORY,PCF_VIOLATION,PCF_VIOL_SUBSECTION,HIT_AND_RUN,TYPE_OF_COLLISION,MVIW,PED_ACTION,ROAD_SURFACE,ROAD_COND_1,ROAD_COND_2,LIGHTING,CONTROL_DEVICE,CHP_ROAD_TYPE,PEDESTRIAN_ACCIDENT,BICYCLE_ACCIDENT,MOTORCYCLE_ACCIDENT,TRUCK_ACCIDENT,NOT_PRIVATE_PROPERTY,ALCOHOL_INVOLVED,STWD_VEHTYPE_AT_FAULT,CHP_VEHTYPE_AT_FAULT,COUNT_SEVERE_INJ,COUNT_VISIBLE_INJ,COUNT_COMPLAINT_PAIN,COUNT_PED_KILLED,COUNT_PED_INJURED,COUNT_BICYCLIST_KILLED,COUNT_BICYCLIST_INJURED,COUNT_MC_KILLED,COUNT_MC_INJURED,PRIMARY_RAMP,SECONDARY_RAMP,LATITUDE,LONGITUDE,COUNTY,CITY,POINT_X,POINT_Y
7123892,2015,2015-12-04,3015,2015-11-14,1357,1453,36S,6,5,6,3015,0,0,0,NA,0,222,NORTH TUSTIN ST,QUINCY AV,140,E,N,A,-,N,NA,NA,NA,NA,NA,NA,NA,NA,NA,Y,2,0,2,3,A,-,09,21801,A,N,D,C,A,A,H,-,A,D,0,NA,NA,Y,NA,Y,NA,A,08,1,0,1,0,0,0,0,0,0,-,-,NA,NA,ORANGE,ORANGE,-117.83569,33.8055
7124244,2015,2015-12-21,3019,2015-11-27,1455,3266,S E,5,5,7,3019,0,0,0,NA,0,NA,BISHOP ST,MAPLE ST,0,NA,Y,A,-,N,NA,NA,NA,NA,NA,NA,NA,NA,NA,Y,3,0,3,2,A,-,12,22450,A,N,-,C,A,A,H,-,A,A,0,NA,NA,NA,NA,Y,NA,D,22,0,1,2,0,0,0,0,0,0,-,-,NA,NA,ORANGE,SANTA ANA,-117.86346001,33.73945009
7124322,2015,2015-12-07,3001,2015-11-27,1452,1469,NA,5,5,7,3001,0,0,0,NA,0,D 2,W CATALPA DR,N DRESDEN ST,195,W,N,A,-,N,NA,NA,NA,NA,NA,NA,NA,NA,NA,Y,3,0,4,2,A,-,09,21804,A,N,D,C,A,A,H,-,A,D,0,NA,NA,NA,NA,Y,NA,A,01,0,1,3,0,0,0,0,0,0,-,-,NA,NA,ORANGE,ANAHEIM,-117.94045071,33.8441
7124338,2015,2015-12-07,3001,2015-11-24,1229,0963,NA,2,5,7,3001,0,0,0,NA,0,0D1,W LINCOLN AV,SOUTH MAGNOLIA AV,133,W,N,A,-,N,NA,NA,NA,NA,NA,NA,NA,NA,NA,N,4,0,2,2,A,-,03,22350,NA,N,-,C,A,A,H,-,A,A,0,NA,NA,NA,NA,Y,NA,A,01,0,0,2,0,0,0,0,0,0,-,-,NA,NA,ORANGE,ANAHEIM,-117.97642681,33.8321608
7124457,2015,2015-12-07,3010,2015-11-21,1828,1176,447,6,5,6,3010,0,0,0,NA,0,003,ADAMS,PICADILLY,347,W,N,A,-,N,NA,NA,NA,NA,NA,NA,NA,NA,NA,N,3,0,1,2,A,-,09,21801,A,N,D,G,A,A,H,-,C,D,0,NA,Y,NA,NA,Y,NA,D,22,0,1,0,0,0,0,1,0,0,-,-,NA,NA,ORANGE,HUNTINGTON BEACH,-117.95182,33.67257
7124635,2015,2015-12-02,3009,2015-11-13,2125,3445,136,5,5,6,3009,0,0,0,NA,0,023,NEWHOPE ST,TRASK AV,0,NA,Y,A,-,N,NA,NA,NA,NA,NA,NA,NA,NA,NA,N,4,0,1,2,A,-,11,21954,A,N,G,B,E,A,H,-,C,D,0,Y,NA,NA,NA,Y,NA,N,60,0,0,1,0,1,0,0,0,0,-,-,NA,NA,ORANGE,GARDEN GROVE,-117.92902004,33.767
7124680,2015,2015-12-01,3004,2015-11-02,1900,P543,26,1,5,6,3004,0,0,0,NA,0,015,MINNESOTA,GISLER AV,8,N,N,C,-,N,NA,NA,NA,NA,NA,NA,NA,NA,NA,N,4,0,1,2,A,-,12,22450,A,F,G,B,B,B,H,-,C,A,0,Y,NA,NA,NA,Y,NA,A,01,0,0,1,0,1,0,0,0,0,-,-,33.4113,-117.5552,ORANGE,COSTA MESA,-117.93130022,33.68708193
7127649,2015,2017-01-17,3026,2015-12-01,1825,7094,NA,2,5,6,3026,0,0,0,NA,0,00P,TRABUCO RD,RT 5,0,NA,Y,A,-,Y,ORA,12,5,-,R,26.564,R,4,N,Y,4,0,1,3,A,-,12,21453,A,N,D,C,A,A,H,-,C,A,0,NA,NA,NA,NA,Y,NA,D,22,0,0,1,0,0,0,0,0,0,-,-,NA,NA,ORANGE,IRVINE,-117.7818241,33.70981112
7128827,2015,2015-12-22,3004,2015-11-11,2107,P474,02,3,5,6,3004,0,0,0,NA,0,007,WEST 19TH ST,PARK AV,0,NA,Y,A,-,N,NA,NA,NA,NA,NA,NA,NA,NA,NA,Y,3,0,3,2,A,-,12,21453,A,F,D,C,A,A,H,-,C,A,0,NA,NA,NA,NA,Y,NA,-,-,0,1,2,0,0,0,0,0,0,-,-,33.64338,-117.92113,ORANGE,COSTA MESA,-117.92115002,33.64343009
7129520,2015,2015-12-08,3004,2015-11-25,1924,P440,01,3,5,6,3004,0,0,0,NA,0,015,PLACENTIA AV,WEST 17TH ST,0,NA,Y,A,-,N,NA,NA,NA,NA,NA,NA,NA,NA,NA,Y,4,0,1,2,A,-,09,21801,A,N,D,C,A,A,H,-,C,A,0,NA,NA,NA,NA,Y,NA,A,01,0,0,1,0,0,0,0,0,0,-,-,33.6361,-117.9319,ORANGE,COSTA MESA,-117.93189005,33.63611005
7130450,2015,2016-08-15,3014,2015-11-17,0805,1146,RD43,2,5,5,3014,0,0,0,NA,0,0A3,RT 1,IRVINE TERRACE,310,E,N,A,-,N,NA,NA,NA,NA,NA,NA,NA,NA,NA,Y,4,0,1,2,A,-,03,22350,NA,N,C,C,A,A,H,-,A,A,0,NA,NA,NA,NA,Y,NA,A,08,0,0,1,0,0,0,0,0,0,-,-,33.609,-117.8808,ORANGE,NEWPORT BEACH,-117.881034,33.609104
7131178,2015,2015-12-09,3004,2015-11-15,1741,P543,02,7,5,6,3004,0,0,0,NA,0,015,WEST 17TH ST,SUPERIOR AV,0,NA,Y,B,-,N,NA,NA,NA,NA,NA,NA,NA,NA,NA,N,4,0,1,2,A,-,03,22350,NA,F,C,C,A,A,H,-,C,A,0,NA,NA,NA,NA,Y,NA,A,01,0,0,1,0,0,0,0,0,0,-,-,33.381,-117.5524,ORANGE,COSTA MESA,-117.9235901,33.63620009
7131263,2015,2017-01-28,3012,2015-11-24,0557,424,35,2,5,5,3012,0,0,0,NA,0,0SW,BEACH BL,LAMBERT RD,0,NA,Y,A,-,Y,ORA,12,39,-,-,19.66,H,-,N,N,4,0,1,2,A,-,03,22350,NA,M,C,C,A,A,H,-,C,A,0,NA,NA,NA,NA,Y,NA,A,01,0,0,1,0,0,0,0,0,0,-,-,NA,NA,ORANGE,LA HABRA,-117.96769224,33.9243026
7131383,2015,2017-01-17,3001,2015-11-24,1040,1012,NA,2,5,7,3001,0,0,0,NA,0,0D2,NORTH HARBOR BL,RT 91,0,NA,Y,A,-,Y,ORA,12,91,-,-,3.502,R,4,W,Y,3,0,3,3,A,-,12,21453,A,N,D,C,A,A,H,-,A,A,0,NA,NA,NA,NA,Y,NA,A,07,0,2,1,0,0,0,0,0,0,-,-,NA,NA,ORANGE,ANAHEIM,-117.92005848,33.85432519
7132100,2015,2017-01-28,3026,2015-11-06,2006,503,U,5,5,6,3026,0,0,0,NA,0,00U,JAMBOREE RD,RT 405,37,S,N,A,-,Y,ORA,12,405,-,-,7.141,R,4,S,Y,4,0,1,2,A,-,03,22350,NA,N,C,C,A,A,H,-,C,A,0,NA,NA,NA,NA,Y,NA,A,01,0,0,1,0,0,0,0,0,0,-,-,NA,NA,ORANGE,IRVINE,-117.84710463,33.67819623
7132618,2015,2015-12-15,3010,2015-12-02,1147,1234,NA,3,5,6,3010,0,0,0,NA,0,NA,SLATER,NICHOLS,48,E,Y,A,-,N,NA,NA,NA,NA,NA,NA,NA,NA,NA,Y,4,0,2,3,A,-,04,21703,NA,N,C,C,A,A,H,-,A,D,0,NA,NA,NA,NA,Y,NA,A,07,0,0,2,0,0,0,0,0,0,-,-,NA,NA,ORANGE,HUNTINGTON BEACH,-117.99548257,33.70836288
7132635,2015,2015-12-30,3010,2015-12-02,1930,1021,189,3,5,6,3010,0,0,0,NA,0,007,EDWARDS,SLATER,0,NA,Y,A,-,N,NA,NA,NA,NA,NA,NA,NA,NA,NA,Y,3,0,4,2,A,-,12,22450,A,N,D,C,A,A,H,-,C,A,0,NA,NA,NA,NA,Y,NA,-,NA,0,2,2,0,0,0,0,0,0,-,-,NA,NA,ORANGE,HUNTINGTON BEACH,-118.01517011,33.70823011
7133183,2015,2015-12-10,3007,2015-11-12,1814,256,52,4,5,5,3007,0,0,0,NA,0,001,SLATER,MAGNOLIA,0,NA,Y,A,-,N,NA,NA,NA,NA,NA,NA,NA,NA,NA,Y,4,0,1,2,A,-,09,21801,A,N,A,C,A,A,H,-,C,A,0,NA,NA,NA,NA,Y,NA,A,01,0,0,1,0,0,0,0,0,0,-,-,NA,NA,ORANGE,FOUNTAIN VALLEY,-117.97184001,33.70853002
7133505,2015,2015-12-14,3007,2015-11-11,1539,278,64,3,5,5,3007,0,0,0,NA,0,003,TALBERT,CITRUS,0,NA,Y,A,-,N,NA,NA,NA,NA,NA,NA,NA,NA,NA,N,4,0,1,2,A,-,09,21804,A,M,D,C,A,A,H,-,A,D,0,NA,NA,NA,NA,Y,NA,A,01,0,0,1,0,0,0,0,0,0,-,-,NA,NA,ORANGE,FOUNTAIN VALLEY,-117.96598006,33.70163009
7135056,2015,2016-02-10,3012,2015-11-13,0435,618,26,5,5,5,3012,0,0,0,NA,0,002,LA HABRA BL,HARBOR BL,0,NA,Y,A,-,N,NA,NA,NA,NA,NA,NA,NA,NA,NA,Y,4,0,1,4,A,-,12,21453,A,N,A,C,A,A,H,-,C,A,0,NA,NA,NA,NA,Y,NA,A,01,0,0,1,0,0,0,0,0,0,-,-,NA,NA,ORANGE,LA HABRA,-117.93305003,33.93188005
7135364,2015,2015-12-10,3001,2015-11-25,1704,1880,D4,3,5,7,3001,0,0,0,NA,0,NA,NORTH KRAEMER BL,E CORONADO ST,263,S,N,A,-,N,NA,NA,NA,NA,NA,NA,NA,NA,NA,Y,4,0,1,2,A,-,03,22350,NA,N,C,C,A,A,H,-,C,D,0,NA,NA,NA,NA,Y,NA,A,01,0,0,1,0,0,0,0,0,0,-,-,NA,NA,ORANGE,ANAHEIM,-117.85830143,33.85387949
7135752,2015,2015-12-17,3015,2015-11-14,1856,1521,027E,6,5,6,3015,0,0,0,NA,0,321,GLASSELL ST,MEATS AV,8,W,N,A,-,N,NA,NA,NA,NA,NA,NA,NA,NA,NA,Y,4,0,1,2,A,-,09,21801,B,N,A,C,A,A,H,-,C,A,0,NA,NA,NA,NA,Y,NA,A,01,0,0,1,0,0,0,0,0,0,-,-,NA,NA,ORANGE,ORANGE,-117.85303,33.82293
7135776,2015,2015-12-14,3019,2015-11-06,0620,2001,SE,5,5,7,3019,0,0,0,NA,0,003,DYER RD,PULLMAN ST,343,W,N,A,-,N,NA,NA,NA,NA,NA,NA,NA,NA,NA,N,3,0,1,1,A,-,08,22107,NA,N,F,A,A,A,H,-,A,D,0,NA,Y,NA,NA,Y,NA,L,04,0,1,0,0,0,0,1,0,0,-,-,33.70843,-117.84852,ORANGE,SANTA ANA,-117.84950453,33.70846973
7135811,2015,2015-12-14,3019,2015-11-22,1833,3267,SE,7,5,7,3019,0,0,0,NA,0,001,BROADWAY,BISHOP,0,NA,Y,A,-,N,NA,NA,NA,NA,NA,NA,NA,NA,NA,N,4,0,2,2,A,-,09,21802,A,N,D,C,A,A,H,-,C,A,0,NA,NA,NA,NA,Y,NA,A,07,0,0,2,0,0,0,0,0,0,-,-,NA,NA,ORANGE,SANTA ANA,-117.86979003,33.73942008
7136038,2015,2015-12-14,3026,2015-11-19,0732,4779,P,4,5,6,3026,0,0,0,NA,0,00P,CULVER DR,PORTOLA PKWY,0,NA,Y,A,-,N,NA,NA,NA,NA,NA,NA,NA,NA,NA,Y,4,0,1,2,D,-,00,NA,NA,N,D,C,A,A,H,-,A,A,0,NA,NA,NA,NA,Y,NA,-,-,0,0,1,0,0,0,0,0,0,-,-,NA,NA,ORANGE,IRVINE,-117.76026002,33.7322501
7139204,2015,2016-01-07,3008,2015-12-26,2102,1177,Z1,6,5,6,3008,0,0,0,NA,0,NA,COMMONWEALTH AV,BROOKHURST RD,0,NA,Y,A,-,N,NA,NA,NA,NA,NA,NA,NA,NA,NA,Y,4,0,1,2,D,-,00,NA,NA,N,A,C,A,A,H,-,C,A,0,NA,NA,NA,NA,Y,NA,-,-,0,0,1,0,0,0,0,0,0,-,-,NA,NA,ORANGE,FULLERTON,-117.95941006,33.87013003
7139224,2015,2016-01-07,3008,2015-12-01,1726,1342,NA,2,5,6,3008,0,0,0,NA,0,NA,HIGHLAND AV,CHAPMAN AV,45,N,N,A,-,N,NA,NA,NA,NA,NA,NA,NA,NA,NA,NA,4,0,2,2,A,-,03,22350,A,N,C,C,A,A,H,-,C,A,0,NA,NA,NA,NA,Y,Y,A,07,0,0,2,0,0,0,0,0,0,-,-,NA,NA,ORANGE,FULLERTON,-117.92873199,33.87396336
7139404,2015,2016-01-26,3015,2015-11-24,0511,1365,15,2,5,6,3015,0,0,0,NA,0,122,N MAIN ST,W STRUCK AV,413,S,N,A,-,N,NA,NA,NA,NA,NA,NA,NA,NA,NA,Y,4,0,1,2,A,-,03,22350,NA,N,C,E,A,B,H,-,C,D,0,NA,NA,NA,Y,Y,NA,F,21,0,0,1,0,0,0,0,0,0,-,-,NA,NA,ORANGE,ORANGE,-117.86694778,33.80492807
7139431,2015,2016-01-14,3015,2015-12-06,1620,1090,51,7,5,6,3015,0,0,0,NA,0,731,NORTH MAIN,W MAPLE AV,145,S,N,A,-,N,NA,NA,NA,NA,NA,NA,NA,NA,NA,N,3,0,1,1,A,-,03,22350,NA,N,B,I,A,A,H,-,A,D,0,NA,NA,Y,NA,Y,NA,C,02,0,1,0,0,0,0,0,0,1,-,-,NA,NA,ORANGE,ORANGE,-117.86663892,33.78929439
7140052,2015,2015-12-24,3008,2015-11-25,1102,1297,NA,3,5,6,3008,0,0,0,NA,0,001,ROSECRANS AV,SERRANO PL,12,W,N,A,-,N,NA,NA,NA,NA,NA,NA,NA,NA,NA,Y,3,0,1,2,A,-,09,21801,A,N,H,C,A,A,H,-,A,D,0,NA,NA,NA,NA,Y,NA,A,08,0,1,0,0,0,0,0,0,0,-,-,NA,NA,ORANGE,FULLERTON,-117.95630745,33.89290033
7140226,2015,2015-12-18,3019,2015-12-01,0844,2630,SC,2,5,7,3019,0,0,0,NA,0,004,FAIRVIEW ST,MCFADDEN AV,100,N,N,A,-,N,NA,NA,NA,NA,NA,NA,NA,NA,NA,N,4,0,1,3,A,-,03,22350,NA,N,C,C,A,A,H,-,A,A,0,NA,NA,NA,NA,Y,NA,A,07,0,0,1,0,0,0,0,0,0,-,-,33.7345,-117.90655,ORANGE,SANTA ANA,-117.90679,33.73477415
7141597,2015,2016-01-08,3026,2015-12-02,1709,7094,NA,3,5,6,3026,0,0,0,NA,0,00C,WALNUT AV,HARVARD AV,0,NA,Y,A,-,N,NA,NA,NA,NA,NA,NA,NA,NA,NA,N,2,0,1,2,A,-,12,21453,A,N,H,G,A,A,H,-,B,A,0,NA,Y,NA,NA,Y,NA,-,-,1,0,0,0,0,0,1,0,0,-,-,NA,NA,ORANGE,IRVINE,-117.79663002,33.71058001
7141832,2015,2016-01-05,3001,2015-12-15,1952,A1824,3,2,5,7,3001,0,0,0,NA,0,031,WEST BALL RD,SOUTH WALNUT ST,6,S,N,A,-,N,NA,NA,NA,NA,NA,NA,NA,NA,NA,N,4,0,1,2,A,-,17,21451,A,N,G,B,B,A,H,-,C,A,0,Y,NA,NA,NA,Y,NA,A,01,0,0,1,0,1,0,0,0,0,-,-,NA,NA,ORANGE,ANAHEIM,-117.9285,33.81798
7141914,2015,2015-12-30,3001,2015-12-18,1655,1397,NA,5,5,7,3001,0,0,0,NA,0,D 4,WEST LA PALMA AV,N MIRA LOMA AV,289,E,N,A,-,N,NA,NA,NA,NA,NA,NA,NA,NA,NA,Y,4,0,1,2,A,-,09,21801,A,N,D,C,A,A,H,-,B,D,0,NA,NA,NA,NA,Y,NA,A,01,0,0,1,0,0,0,0,0,0,-,-,NA,NA,ORANGE,ANAHEIM,-117.87950058,33.84728
7142249,2015,2016-01-07,3009,2015-12-09,1800,4062,075,3,5,6,3009,0,0,0,NA,0,013,TRASK AV,MAGNOLIA ST,150,W,N,A,-,N,NA,NA,NA,NA,NA,NA,NA,NA,NA,Y,4,0,2,1,A,-,08,22107,NA,N,E,I,A,A,H,-,B,D,0,NA,NA,NA,NA,Y,NA,-,NA,0,0,2,0,0,0,0,0,0,-,-,NA,NA,ORANGE,GARDEN GROVE,-117.97301224,33.76669
7143826,2015,2015-12-29,3002,2015-11-19,1844,1463,B433,4,5,4,3002,0,0,0,NA,0,012,STATE COLLEGE BL,REDBUD ST,0,NA,Y,A,-,N,NA,NA,NA,NA,NA,NA,NA,NA,NA,Y,4,0,1,2,A,-,03,22350,NA,N,C,C,A,A,H,-,C,A,0,NA,NA,NA,NA,Y,NA,A,01,0,0,1,0,0,0,0,0,0,-,-,NA,NA,ORANGE,BREA,-117.88276011,33.92393004
7144109,2015,2017-01-28,3010,2015-12-21,1838,1108,327,1,5,6,3010,0,0,0,NA,0,004,RT 1,SEAPOINT,36,S,N,B,-,Y,ORA,12,1,-,-,25.04,H,-,N,Y,4,0,1,2,A,-,03,22350,NA,N,C,C,A,B,H,-,C,A,0,NA,NA,NA,NA,Y,NA,A,01,0,0,1,0,0,0,0,0,0,-,-,NA,NA,ORANGE,HUNTINGTON BEACH,-118.00615104,33.66019919
7144953,2015,2016-01-06,3000,2015-10-26,1735,9051,892B3,1,5,5,3050,0,0,0,NA,0,903,EL TORO RD,NORTHCREST DR,33,W,N,B,-,N,NA,NA,NA,NA,NA,NA,NA,NA,NA,N,4,0,3,3,A,-,03,22350,NA,F,C,C,A,A,H,-,B,A,0,NA,NA,NA,NA,Y,NA,D,22,0,0,3,0,0,0,0,0,0,-,-,NA,NA,ORANGE,LAKE FOREST,-117.66829008,33.64298996
7145073,2015,2015-12-28,3019,2015-12-07,1100,3398,NE,1,5,7,3019,0,0,0,NA,0,002,MAIN ST,CIVIC CENTER DR,0,NA,Y,A,-,N,NA,NA,NA,NA,NA,NA,NA,NA,NA,N,4,0,1,2,A,-,09,21801,A,N,D,C,A,A,H,-,A,A,0,NA,NA,NA,NA,Y,NA,A,01,0,0,1,0,0,0,0,0,0,-,-,33.75084,-117.86777,ORANGE,SANTA ANA,-117.86761006,33.75063006
7146148,2015,2015-12-30,3000,2015-12-07,0318,2792,952A3,1,5,4,3045,0,0,0,NA,0,446,CABOT RD,PASEO DE VALENCIA,21,N,N,A,-,N,NA,NA,NA,NA,NA,NA,NA,NA,NA,Y,4,0,1,1,A,-,03,22350,NA,N,E,I,A,A,H,-,C,-,0,NA,NA,NA,NA,Y,NA,A,01,0,0,1,0,0,0,0,0,0,-,-,NA,NA,ORANGE,LAGUNA HILLS,-117.67437405,33.59038746
7148952,2015,2016-01-12,3015,2015-12-07,1804,1098,34N,1,5,6,3015,0,0,0,NA,0,731,EAST CHAPMAN AV,S JAMES ST,73,W,N,A,-,N,NA,NA,NA,NA,NA,NA,NA,NA,NA,N,4,0,1,2,A,-,03,22350,NA,N,C,C,A,A,H,-,C,A,0,NA,NA,NA,NA,Y,NA,A,01,0,0,1,0,0,0,0,0,0,-,-,NA,NA,ORANGE,ORANGE,-117.8138396,33.78778444
7149961,2015,2016-01-09,3007,2015-12-15,1807,253,36,2,5,5,3007,0,0,0,NA,0,002,WARNER,SAN RICARDO,55,W,N,A,-,N,NA,NA,NA,NA,NA,NA,NA,NA,NA,Y,4,0,6,2,A,-,03,22350,NA,N,C,C,A,A,H,-,C,D,0,NA,NA,NA,NA,Y,NA,A,01,0,0,6,0,0,0,0,0,0,-,-,NA,NA,ORANGE,FOUNTAIN VALLEY,-117.94435044,33.7164
7149977,2015,2017-02-03,3010,2015-12-21,1839,205,422,1,5,6,3010,0,0,0,NA,0,005,BEACH,GARFIELD,60,N,N,B,-,Y,ORA,12,39,-,-,2.66,H,-,S,N,4,0,1,2,A,-,03,22350,NA,M,C,C,A,B,H,-,C,A,0,NA,NA,NA,NA,Y,Y,A,01,0,0,1,0,0,0,0,0,0,-,-,NA,NA,ORANGE,HUNTINGTON BEACH,-117.98889408,33.68702137
7151367,2015,2016-01-15,3010,2015-12-25,1504,1225,283,5,5,6,3010,0,0,0,NA,0,006,SLATER,CAMERON,0,NA,Y,A,-,N,NA,NA,NA,NA,NA,NA,NA,NA,NA,N,3,0,1,2,A,-,05,21650,1,N,D,G,A,A,H,-,A,D,0,NA,Y,NA,NA,Y,NA,L,04,0,1,0,0,0,0,1,0,0,-,-,NA,NA,ORANGE,HUNTINGTON BEACH,-117.98809007,33.70843009
7151450,2015,2016-01-13,3010,2015-12-25,0930,1225,272,5,5,6,3010,0,0,0,NA,0,006,WARNER,ASH,0,NA,Y,A,-,N,NA,NA,NA,NA,NA,NA,NA,NA,NA,N,4,0,1,2,A,-,10,21950,NA,N,G,B,B,A,H,-,A,A,0,Y,NA,NA,NA,Y,NA,A,07,0,0,1,0,1,0,0,0,0,-,-,NA,NA,ORANGE,HUNTINGTON BEACH,-117.99208013,33.71567009
7151500,2015,2016-01-14,3000,2015-12-01,1650,5163,951H1,2,5,5,3040,0,0,0,NA,0,18743,MOULTON PKWY,RANCHO NIGUEL RD,34,N,N,A,-,N,NA,NA,NA,NA,NA,NA,NA,NA,NA,Y,4,0,2,3,A,-,03,22350,NA,N,C,C,A,A,H,-,A,A,0,NA,NA,NA,NA,Y,NA,A,08,0,0,2,0,0,0,0,0,0,-,-,NA,NA,ORANGE,LAGUNA NIGUEL,-117.69721535,33.55059311
7152099,2015,2016-01-14,3001,2015-12-22,1255,0368,NA,2,5,7,3001,0,0,0,NA,0,0D4,NOHL RANCH RD,SCOUT TRL,13,E,N,C,-,N,NA,NA,NA,NA,NA,NA,NA,NA,NA,Y,3,0,1,1,A,-,03,22350,NA,N,E,I,A,B,H,-,A,D,0,NA,NA,NA,NA,Y,NA,A,01,0,1,0,0,0,0,0,0,0,-,-,NA,NA,ORANGE,ANAHEIM,-117.78623385,33.84419898
7152103,2015,2016-01-14,3001,2015-12-22,0615,1404,NA,2,5,7,3001,0,0,0,NA,0,0D3,ANAHEIM BL,CERRITOS AV,10,N,N,B,C,N,NA,NA,NA,NA,NA,NA,NA,NA,NA,NA,4,0,1,2,A,-,10,21950,A,N,G,B,B,B,H,-,B,A,0,Y,NA,NA,NA,Y,NA,D,22,0,0,1,0,1,0,0,0,0,-,-,NA,NA,ORANGE,ANAHEIM,-117.90607444,33.81063716
7154502,2015,2016-01-12,3012,2015-12-23,2213,501,NA,3,5,5,3012,0,0,0,NA,0,0SW,IDAHO ST,OLIVE TREE,0,NA,Y,A,-,N,NA,NA,NA,NA,NA,NA,NA,NA,NA,Y,4,0,1,2,A,-,08,22107,NA,N,D,C,A,A,H,-,B,A,0,NA,NA,NA,NA,Y,NA,-,NA,0,0,1,0,0,0,0,0,0,-,-,NA,NA,ORANGE,LA HABRA,-117.95918006,33.91585006
7155448,2015,2016-01-14,3019,2015-12-25,1141,3398,SE,5,5,7,3019,0,0,0,NA,0,003,MCFADDEN AV,ORANGE AV,0,NA,Y,A,-,N,NA,NA,NA,NA,NA,NA,NA,NA,NA,Y,4,0,1,2,A,-,12,21453,A,N,D,C,A,A,H,-,A,A,0,NA,NA,NA,NA,Y,NA,A,01,0,0,1,0,0,0,0,0,0,-,-,NA,NA,ORANGE,SANTA ANA,-117.86515007,33.73368003
7156158,2015,2016-01-19,3004,2015-12-22,2315,P620,29,2,5,6,3004,0,0,0,NA,0,015,PAULARINO AV,NEWPORT BL,77,W,N,A,-,N,NA,NA,NA,NA,NA,NA,NA,NA,NA,Y,4,0,1,2,A,-,08,22107,NA,N,D,C,A,B,G,H,C,A,0,NA,NA,NA,NA,Y,NA,D,22,0,0,1,0,0,0,0,0,0,-,-,33.68199,-117.87706,ORANGE,COSTA MESA,-117.878318,33.682245
7156170,2015,2016-01-19,3001,2015-12-29,0921,0300,NA,2,5,7,3001,0,0,0,NA,0,0J2,EAST LA PALMA AV,N LARK ST,0,NA,Y,A,-,N,NA,NA,NA,NA,NA,NA,NA,NA,NA,Y,4,0,1,3,A,-,09,21801,A,M,D,C,A,A,H,-,A,D,0,NA,NA,NA,NA,Y,NA,A,01,0,0,1,0,0,0,0,0,0,-,-,NA,NA,ORANGE,ANAHEIM,-117.90358007,33.8472701
7156183,2015,2016-01-20,3001,2015-12-25,1606,406,NA,5,5,7,3001,0,0,0,NA,0,0D2,E LINCOLN AV,SOUTH STATE COLLEGE BL,46,E,N,-,-,N,NA,NA,NA,NA,NA,NA,NA,NA,NA,N,3,0,1,2,C,-,18,NA,NA,N,-,-,A,-,-,-,-,-,0,NA,NA,NA,NA,Y,NA,-,-,0,1,0,0,0,0,0,0,0,-,-,NA,NA,ORANGE,ANAHEIM,-117.88918347,33.83998915
7157182,2015,2016-01-25,3014,2015-12-23,1029,1244,RD47,3,5,5,3014,0,0,0,NA,0,0A3,SAN JOAQUIN HILLS RD,SAN MIGUEL DR,0,NA,Y,B,-,N,NA,NA,NA,NA,NA,NA,NA,NA,NA,N,4,0,1,2,A,-,03,22350,NA,N,C,G,A,A,D,-,A,A,0,NA,Y,NA,NA,Y,NA,A,01,0,0,1,0,0,0,1,0,0,-,-,33.612,-117.8656,ORANGE,NEWPORT BEACH,-117.86544005,33.61198004
7157902,2015,2017-01-19,9675,2015-09-01,1229,15011,NA,2,1,5,3022,0,1,3,NA,2,551,RT 55,FAIRHAVEN AV,95,S,N,A,-,Y,ORA,12,55,-,-,12.69,H,-,N,Y,4,0,1,2,A,-,07,21658,A,N,B,C,A,A,H,-,A,D,6,NA,NA,Y,NA,Y,NA,A,07,0,0,1,0,0,0,0,0,1,-,-,33.77314,-117.83078,ORANGE,TUSTIN,-117.83086569,33.7729238
7158727,2016,2016-02-10,3008,2016-01-04,1137,1158,NA,1,5,6,3008,0,0,0,NA,0,0II,HARBOR BL,VALENCIA DR,0,NA,Y,A,-,N,NA,NA,NA,NA,NA,NA,NA,NA,NA,Y,4,0,1,2,A,-,12,21453,A,N,D,C,A,A,H,-,A,A,0,NA,NA,NA,NA,Y,NA,A,01,0,0,1,0,0,0,0,0,0,-,-,NA,NA,ORANGE,FULLERTON,-117.9242701,33.86620011
7158753,2016,2016-02-04,3001,2016-01-21,1259,1410,NA,4,5,7,3001,0,0,0,NA,0,0D3,BALL RD,CLAUDINA ST,0,NA,Y,A,-,N,NA,NA,NA,NA,NA,NA,NA,NA,NA,Y,4,0,1,2,A,-,08,22100,NA,N,D,C,A,A,H,-,A,A,0,NA,NA,NA,NA,Y,NA,A,07,0,0,1,0,0,0,0,0,0,-,-,NA,NA,ORANGE,ANAHEIM,-117.90548007,33.81809
7158968,2016,2016-02-08,3010,2016-01-25,1707,2116,179,1,5,6,3010,0,0,0,NA,0,007,WARNER,GOLDEN WEST,46,W,N,A,-,N,NA,NA,NA,NA,NA,NA,NA,NA,NA,N,4,0,1,2,A,-,03,22350,NA,N,C,C,A,A,H,-,A,A,0,NA,NA,NA,NA,Y,NA,A,07,0,0,1,0,0,0,0,0,0,-,-,NA,NA,ORANGE,HUNTINGTON BEACH,-118.00682092,33.71549
7159852,2016,2016-01-20,3004,2016-01-03,1438,P543,10,7,5,6,3004,0,0,0,NA,0,015,POMONA AV,VICTORIA ST,65,S,N,A,-,N,NA,NA,NA,NA,NA,NA,NA,NA,NA,Y,4,0,1,2,A,-,08,22107,NA,N,A,C,A,A,H,-,A,A,0,NA,NA,NA,NA,Y,NA,A,01,0,0,1,0,0,0,0,0,0,-,-,33.3908,-117.5539,ORANGE,COSTA MESA,-117.92773294,33.65230181