CASE_ID,ACCIDENT_YEAR,PROC_DATE,JURIS,COLLISION_DATE,COLLISION_TIME,OFFICER_ID,REPORTING_DISTRICT,DAY_OF_WEEK,CHP_SHIFT,POPULATION,CNTY_CITY_LOC,SPECIAL_COND,BEAT_TYPE,CHP_BEAT_TYPE,CITY_DIVISION_LAPD,CHP_BEAT_CLASS,BEAT_NUMBER,PRIMARY_RD,SECONDARY_RD,DISTANCE,DIRECTION,INTERSECTION,WEATHER_1,WEATHER_2,STATE_HWY_IND,CALTRANS_COUNTY,CALTRANS_DISTRICT,STATE_ROUTE,ROUTE_SUFFIX,POSTMILE_PREFIX,POSTMILE,LOCATION_TYPE,RAMP_INTERSECTION,SIDE_OF_HWY,TOW_AWAY,COLLISION_SEVERITY,NUMBER_KILLED,NUMBER_INJURED,PARTY_COUNT,PRIMARY_COLL_FACTOR,PCF_CODE_OF_VIOL,PCF_VIOL_CATEGORY,PCF_VIOLATION,PCF_VIOL_SUBSECTION,HIT_AND_RUN,TYPE_OF_COLLISION,MVIW,PED_ACTION,ROAD_SURFACE,ROAD_COND_1,ROAD_COND_2,LIGHTING,CONTROL_DEVICE,CHP_ROAD_TYPE,PEDESTRIAN_ACCIDENT,BICYCLE_ACCIDENT,MOTORCYCLE_ACCIDENT,TRUCK_ACCIDENT,NOT_PRIVATE_PROPERTY,ALCOHOL_INVOLVED,STWD_VEHTYPE_AT_FAULT,CHP_VEHTYPE_AT_FAULT,COUNT_SEVERE_INJ,COUNT_VISIBLE_INJ,COUNT_COMPLAINT_PAIN,COUNT_PED_KILLED,COUNT_PED_INJURED,COUNT_BICYCLIST_KILLED,COUNT_BICYCLIST_INJURED,COUNT_MC_KILLED,COUNT_MC_INJURED,PRIMARY_RAMP,SECONDARY_RAMP,LATITUDE,LONGITUDE,COUNTY,CITY,POINT_X,POINT_Y
7160106,2015,2016-01-21,3020,2015-12-19,2009,368,11,6,5,4,3020,0,0,0,NA,0,NA,SEAL BEACH BL,SAINT ANDREWS DR,0,NA,Y,B,-,N,NA,NA,NA,NA,NA,NA,NA,NA,NA,Y,4,0,3,2,A,-,08,22107,NA,N,C,C,A,B,H,-,C,A,0,NA,NA,NA,NA,Y,NA,A,01,0,0,3,0,0,0,0,0,0,-,-,NA,NA,ORANGE,SEAL BEACH,-118.07771011,33.76232009
7160277,2015,2016-01-20,3000,2015-12-11,0425,3333,892J3,5,5,4,3048,0,0,0,NA,0,466,SANTA MARGARITA PKWY,AVENIDA EMPRESA,10,E,N,A,-,N,NA,NA,NA,NA,NA,NA,NA,NA,NA,Y,2,0,1,2,A,-,11,21456,D,N,G,B,B,A,H,-,C,A,0,Y,NA,NA,NA,Y,NA,N,60,1,0,0,0,1,0,0,0,0,-,-,NA,NA,ORANGE,RANCHO SANTA MARGARITA,-117.60897,33.63934
7160286,2015,2016-01-20,3020,2015-12-05,0957,423,NA,6,5,4,3020,0,0,0,NA,0,NA,6TH ST,OCEAN AV,295,N,N,A,-,N,NA,NA,NA,NA,NA,NA,NA,NA,NA,N,3,0,1,3,A,-,21,22106,NA,N,G,B,E,A,H,-,A,D,0,Y,NA,NA,NA,Y,NA,A,NA,0,1,0,0,1,0,0,0,0,-,-,NA,NA,ORANGE,SEAL BEACH,-118.10806014,33.7418928
7160301,2015,2016-01-20,3000,2015-12-02,1409,7734,922B7,3,5,5,3028,0,0,0,NA,0,752,MEDICAL CENTER RD,CROWN VALLEY PKWY,358,S,N,A,-,N,NA,NA,NA,NA,NA,NA,NA,NA,NA,Y,4,0,1,2,A,-,09,21801,A,N,D,C,A,A,H,-,A,D,0,NA,NA,NA,NA,Y,NA,A,07,0,0,1,0,0,0,0,0,0,-,-,NA,NA,ORANGE,MISSION VIEJO,-117.66743918,33.56197432
7164541,2015,2016-01-23,3000,2015-12-22,1555,2621,798B2,2,5,4,3021,0,0,0,NA,0,021,MAGNOLIA AV,PACIFIC AV,392,S,N,B,-,N,NA,NA,NA,NA,NA,NA,NA,NA,NA,N,4,0,1,2,A,-,03,22350,NA,N,C,C,A,B,H,-,A,D,0,NA,NA,NA,NA,Y,NA,A,01,0,0,1,0,0,0,0,0,0,-,-,NA,NA,ORANGE,STANTON,-117.9757,33.8065855
7164848,2016,2016-01-25,3000,2016-01-15,1610,5271,972D7,5,5,5,3017,0,0,0,NA,0,776,CAMINO DE LOS MARES,EL MOLINO,46,E,N,B,-,N,NA,NA,NA,NA,NA,NA,NA,NA,NA,N,4,0,1,2,A,-,03,22350,NA,N,C,C,A,B,H,-,A,A,0,NA,NA,NA,NA,Y,NA,D,22,0,0,1,0,0,0,0,0,0,-,-,NA,NA,ORANGE,SAN CLEMENTE,NA,NA
7164872,2015,2016-01-23,3015,2015-12-01,1813,1440,45E,2,5,6,3015,0,0,0,NA,0,322,WEST KATELLA AV,N BATAVIA ST,12,E,N,A,-,N,NA,NA,NA,NA,NA,NA,NA,NA,NA,N,4,0,2,2,A,-,21,22106,NA,N,C,C,A,A,H,-,C,A,0,NA,NA,NA,NA,Y,NA,D,22,0,0,2,0,0,0,0,0,0,-,-,NA,NA,ORANGE,ORANGE,-117.86211059,33.80902
7165200,2016,2016-01-29,3001,2016-01-08,1610,1278,NA,5,5,7,3001,0,0,0,NA,0,0D2,BROADWAY,MANCHESTER AV,69,E,N,A,-,N,NA,NA,NA,NA,NA,NA,NA,NA,NA,Y,4,0,2,2,A,-,03,22350,NA,N,C,C,A,A,H,-,B,A,0,NA,NA,NA,NA,Y,NA,A,01,0,0,2,0,0,0,0,0,0,-,-,NA,NA,ORANGE,ANAHEIM,-117.92986233,33.82948277
7165562,2016,2016-01-25,3008,2016-01-01,0214,1177,NA,5,5,6,3008,0,0,0,NA,0,Z 2,HARBOR BL,BREA BL,0,NA,Y,A,-,N,NA,NA,NA,NA,NA,NA,NA,NA,NA,Y,3,0,4,2,A,-,01,23153,A,N,D,C,A,A,H,-,A,A,0,NA,NA,NA,NA,Y,Y,A,01,0,3,1,0,0,0,0,0,0,-,-,NA,NA,ORANGE,FULLERTON,-117.92476011,33.88306002
7165605,2016,2016-01-26,3004,2016-01-14,1325,P440,07,4,5,6,3004,0,0,0,NA,0,001,NEWPORT BL,BAY ST,379,N,N,A,-,N,NA,NA,55,NA,NA,NA,NA,NA,NA,N,2,0,1,2,A,-,01,23152,A,N,B,C,A,A,H,-,A,D,0,NA,NA,Y,NA,Y,Y,A,01,1,0,0,0,0,0,0,0,1,-,-,33.6488,-117.912,ORANGE,COSTA MESA,-117.91180395,33.64860528
7165636,2015,2016-01-25,3015,2015-12-29,2319,1338,365,2,5,6,3015,0,0,0,NA,0,021,KATELLA AV,TUSTIN ST,49,E,N,A,-,N,NA,NA,NA,NA,NA,NA,NA,NA,NA,Y,3,0,1,1,A,-,03,22350,NA,N,E,I,A,A,H,-,C,A,0,NA,NA,NA,NA,Y,NA,A,01,0,1,0,0,0,0,0,0,0,-,-,NA,NA,ORANGE,ORANGE,-117.83560379,33.80913
7165652,2015,2016-01-25,3015,2015-12-30,0151,1365,011,3,5,6,3015,0,0,0,NA,0,121,CHAPMAN AV,RAMPART ST,34,E,N,A,-,N,NA,NA,NA,NA,NA,NA,NA,NA,NA,Y,4,0,3,2,A,-,01,23152,A,N,C,C,A,A,H,-,C,A,0,NA,NA,NA,NA,Y,Y,A,01,0,0,3,0,0,0,0,0,0,-,-,NA,NA,ORANGE,ORANGE,-117.88643829,33.78926158
7166073,2015,2016-01-25,3015,2015-12-25,2018,1419,26,5,5,6,3015,0,0,0,NA,0,321,NORTH TUSTIN ST,E WALNUT AV,0,NA,Y,A,-,N,NA,NA,NA,NA,NA,NA,NA,NA,NA,N,3,0,1,2,A,-,08,22107,NA,N,A,C,A,A,H,-,C,A,0,NA,NA,NA,NA,Y,NA,A,01,0,1,0,0,0,0,0,0,0,-,-,NA,NA,ORANGE,ORANGE,-117.83569008,33.7950401
7166192,2015,2016-02-23,3000,2015-12-25,2327,7840,797J6,5,5,4,3021,0,0,0,NA,0,024,GARDEN GROVE BL,BEACH BL,52,E,N,A,-,N,NA,NA,NA,NA,NA,NA,NA,NA,NA,Y,4,0,1,2,A,-,01,23152,NA,N,C,C,A,A,H,-,C,D,0,NA,NA,NA,NA,Y,Y,A,01,0,0,1,0,0,0,0,0,0,-,-,NA,NA,ORANGE,STANTON,-117.99250929,33.77385166
7166225,2016,2016-01-26,3019,2016-01-07,1412,3150,SC,4,5,7,3019,0,0,0,NA,0,004,BEAR ST,SUNFLOWER AV,300,N,N,A,-,N,NA,NA,NA,NA,NA,NA,NA,NA,NA,Y,4,0,1,2,A,-,09,21804,A,N,D,C,A,A,H,-,A,D,0,NA,NA,NA,NA,Y,NA,A,01,0,0,1,0,0,0,0,0,0,-,-,33.69427,-117.89225,ORANGE,SANTA ANA,-117.89208507,33.69512235
7166830,2015,2016-01-28,3024,2015-12-29,1922,168,P35,2,5,5,3024,0,0,0,NA,0,EAST,BOLSA AV,BROOKHURST ST,100,W,N,A,-,N,NA,NA,NA,NA,NA,NA,NA,NA,NA,N,4,0,2,2,A,-,03,22350,NA,M,C,C,A,-,H,-,C,A,0,NA,NA,NA,NA,Y,NA,A,01,0,0,2,0,0,0,0,0,0,-,-,NA,NA,ORANGE,WESTMINSTER,-117.95529818,33.74485746
7166993,2016,2016-02-04,3022,2016-01-19,0803,1235,NORTH,2,5,5,3022,0,0,0,NA,0,NA,IRVINE BL,RED HILL AV,262,W,N,A,-,N,NA,NA,NA,NA,NA,NA,NA,NA,NA,Y,4,0,1,2,A,-,09,21801,A,N,D,C,A,A,H,-,A,A,0,NA,NA,NA,NA,Y,NA,A,07,0,0,1,0,0,0,0,0,0,-,-,33.7383,-117.81909,ORANGE,TUSTIN,-117.80495002,33.74517002
7167152,2016,2017-02-16,3008,2016-01-08,1910,1364,NA,5,5,6,3008,0,0,0,NA,0,0Z1,MAGNOLIA AV,RT 91,0,NA,Y,A,-,Y,ORA,12,91,-,R,4.031,R,4,W,Y,4,0,2,2,A,-,12,21453,A,N,D,C,A,A,H,-,C,A,0,NA,NA,NA,NA,Y,NA,-,-,0,0,2,0,0,0,0,0,0,-,WF,NA,NA,ORANGE,FULLERTON,-117.97405846,33.85677466
7167960,2016,2016-01-25,3010,2016-01-08,1815,1226,153,5,5,6,3010,0,0,0,NA,0,00E,EDINGER,TRINIDAD,0,NA,Y,-,-,N,NA,NA,NA,NA,NA,NA,NA,NA,NA,N,4,0,2,2,A,-,09,21801,A,N,D,C,A,A,H,-,D,D,0,NA,NA,NA,NA,Y,NA,A,01,0,0,2,0,0,0,0,0,0,-,-,NA,NA,ORANGE,HUNTINGTON BEACH,-118.06500003,33.72962005
7168228,2015,2016-01-25,3008,2015-10-10,0258,1489,ZONE2,6,5,6,3008,0,0,0,NA,0,NA,HARBOR BL,CHAPMAN AV,10,S,N,A,-,N,NA,NA,NA,NA,NA,NA,NA,NA,NA,N,4,0,1,2,A,-,01,23152,A,N,C,C,A,A,H,-,C,D,0,NA,NA,NA,NA,Y,Y,A,01,0,0,1,0,0,0,0,0,0,-,-,NA,NA,ORANGE,FULLERTON,-117.92434762,33.87390333
7170362,2016,2016-01-29,3011,2016-01-04,1902,28008,42,1,5,4,3011,0,0,0,NA,0,002,GLENNEYRE ST,ANITA ST,0,NA,Y,B,-,N,NA,NA,NA,NA,NA,NA,NA,NA,NA,NA,3,0,1,2,A,-,11,21950,B,N,G,B,B,A,H,-,C,A,0,Y,NA,NA,NA,Y,NA,N,60,0,1,0,0,1,0,0,0,0,-,-,NA,NA,ORANGE,LAGUNA BEACH,-117.77684012,33.53539007
7170788,2016,2016-02-03,3016,2016-01-12,0737,1153,15,2,5,5,3016,0,0,0,NA,0,001,ROSE DR,PALM DR,361,N,N,A,-,N,NA,NA,NA,NA,NA,NA,NA,NA,NA,Y,3,0,1,1,C,-,18,NA,NA,N,E,I,A,A,H,-,A,D,0,NA,NA,NA,NA,Y,NA,-,-,0,1,0,0,0,0,0,0,0,-,-,NA,NA,ORANGE,PLACENTIA,-117.8440598,33.8832566
7171158,2016,2016-02-04,3010,2016-01-07,0651,1225,261,4,5,6,3010,0,0,0,NA,0,007,HEIL,GOTHARD,0,NA,Y,A,-,N,NA,NA,NA,NA,NA,NA,NA,NA,NA,Y,3,0,1,3,A,-,09,21801,NA,M,A,A,A,A,H,-,A,A,0,NA,NA,NA,NA,Y,NA,A,07,0,1,0,0,0,0,0,0,0,-,-,NA,NA,ORANGE,HUNTINGTON BEACH,-118.00014002,33.72285007
7171308,2016,2016-02-29,3010,2016-01-15,2221,2116,462,5,5,6,3010,0,0,0,NA,0,004,ATLANTA,HUNTINGTON,291,W,N,B,-,N,NA,NA,NA,NA,NA,NA,NA,NA,NA,Y,4,0,1,2,A,-,01,23152,F,N,B,C,A,B,H,-,C,D,0,NA,NA,NA,NA,Y,Y,A,01,0,0,1,0,0,0,0,0,0,-,-,NA,NA,ORANGE,HUNTINGTON BEACH,-117.99591362,33.65762
7171349,2016,2016-02-02,3010,2016-01-18,2108,1066,169,1,5,6,3010,0,0,0,NA,0,007,EDWARDS,SHIELDS,263,S,N,A,-,N,NA,NA,NA,NA,NA,NA,NA,NA,NA,Y,4,0,1,2,A,-,01,23153,A,N,C,G,A,A,H,-,C,D,0,NA,Y,NA,NA,Y,Y,A,01,0,0,1,0,0,0,1,0,0,-,-,NA,NA,ORANGE,HUNTINGTON BEACH,-118.01531,33.7172991
7171420,2016,2016-02-02,3000,2016-01-06,2130,5612,797H2,3,5,4,3021,0,0,0,NA,0,021,WESTERN AV,BOCK AV,0,NA,Y,A,-,N,NA,NA,NA,NA,NA,NA,NA,NA,NA,Y,4,0,1,2,A,-,09,21801,A,F,A,C,A,A,H,-,C,D,0,NA,NA,NA,NA,Y,NA,A,01,0,0,1,0,0,0,0,0,0,-,-,NA,NA,ORANGE,STANTON,-118.00197005,33.80601003
7171431,2016,2016-02-02,3000,2016-01-06,1330,2849,892B3,3,5,5,3050,0,0,0,NA,0,764,EL TORO RD,NORTHCREST DR,48,W,N,C,-,N,NA,NA,NA,NA,NA,NA,NA,NA,NA,Y,4,0,1,2,A,-,03,22350,NA,N,C,C,A,B,H,-,A,B,0,NA,NA,NA,NA,Y,NA,A,01,0,0,1,0,0,0,0,0,0,-,-,NA,NA,ORANGE,LAKE FOREST,-117.66833103,33.64296721
7175619,2016,2016-02-29,3019,2016-01-15,1549,3155,SC,5,5,7,3019,0,0,0,NA,0,004,MACARTHUR BL,BEAR ST,0,NA,Y,A,-,N,NA,NA,NA,NA,NA,NA,NA,NA,NA,Y,3,0,1,5,A,-,12,21453,A,N,D,C,A,A,H,-,A,A,0,NA,NA,NA,NA,Y,NA,A,01,0,1,0,0,0,0,0,0,0,-,-,NA,NA,ORANGE,SANTA ANA,-117.89227008,33.70011001
7175732,2016,2016-02-05,3019,2016-01-16,1529,3383,NE,6,5,7,3019,0,0,0,NA,0,002,SANTA ANA BL,SPURGEON ST,0,NA,Y,A,-,N,NA,NA,NA,NA,NA,NA,NA,NA,NA,N,4,0,2,2,A,-,09,21802,A,N,B,C,A,A,H,-,A,A,0,NA,NA,NA,NA,Y,NA,A,01,0,0,2,0,0,0,0,0,0,-,-,33.74993,-117.86574,ORANGE,SANTA ANA,-117.86557002,33.7497301
7175973,2016,2016-02-09,3014,2016-01-12,0727,1257,RD33,2,5,5,3014,0,0,0,NA,0,0A3,BRISTOL ST,BIRCH ST,0,NA,Y,A,-,N,NA,NA,NA,NA,NA,NA,NA,NA,NA,Y,4,0,1,2,A,-,12,21453,A,N,D,C,A,A,H,-,A,A,0,NA,NA,NA,NA,Y,NA,A,07,0,0,1,0,0,0,0,0,0,-,-,33.6607,-117.8737,ORANGE,NEWPORT BEACH,-117.8737,33.66074003
7176028,2016,2016-02-09,3001,2016-01-17,2120,41622,NA,7,5,7,3001,0,0,0,NA,0,0D3,SOUTH STATE COLLEGE BL,EAST CERRITOS AV,0,NA,Y,A,-,N,NA,NA,NA,NA,NA,NA,NA,NA,NA,Y,3,0,3,2,A,-,09,21801,A,N,A,C,A,A,H,-,C,A,0,NA,NA,NA,NA,Y,NA,A,01,0,1,2,0,0,0,0,0,0,-,-,NA,NA,ORANGE,ANAHEIM,-117.88925006,33.81063006
7177007,2016,2016-02-08,3000,2016-01-05,1233,9696,971J1,2,5,5,3040,0,0,0,NA,0,741,GOLDEN LANTERN,OLD RANCH RD,1279,S,N,C,-,N,NA,NA,NA,NA,NA,NA,NA,NA,NA,Y,4,0,1,1,A,-,08,22107,NA,N,H,I,A,B,H,-,A,D,0,NA,NA,NA,NA,Y,NA,A,07,0,0,1,0,0,0,0,0,0,-,-,NA,NA,ORANGE,LAGUNA NIGUEL,-117.69298411,33.49680029
7177257,2016,2016-09-22,3015,2016-01-12,1541,1098,45E,2,5,6,3015,0,0,0,NA,0,731,W TAFT AV,N ODONNELL WY,295,E,N,A,-,N,NA,NA,NA,NA,NA,NA,NA,NA,NA,N,4,0,1,2,A,-,09,21804,A,N,D,C,A,A,H,-,A,D,0,NA,NA,Y,NA,Y,NA,A,07,0,0,1,0,0,0,0,0,1,-,-,NA,NA,ORANGE,ORANGE,-117.85440138,33.81572
7177264,2016,2016-02-12,3015,2016-01-19,0549,1254,0845,2,5,6,3015,0,0,0,NA,0,131,CHAPMAN AV,E CANYON VIEW,24,W,N,A,-,N,NA,NA,NA,NA,NA,NA,NA,NA,NA,Y,4,0,4,2,A,-,12,21453,A,N,D,C,A,A,H,-,B,A,0,NA,NA,NA,NA,Y,NA,A,01,0,0,4,0,0,0,0,0,0,-,-,NA,NA,ORANGE,ORANGE,-117.79064335,33.78797597
7178108,2016,2016-02-19,3001,2016-01-29,2143,A2258,D2,5,5,7,3001,0,0,0,NA,0,024,E LINCOLN AV,N OLIVE ST,0,NA,Y,A,-,N,NA,NA,NA,NA,NA,NA,NA,NA,NA,Y,4,0,1,2,A,-,09,21801,A,N,A,C,A,A,H,-,C,A,0,NA,NA,NA,NA,Y,NA,A,01,0,0,1,0,0,0,0,0,0,-,-,NA,NA,ORANGE,ANAHEIM,-117.91051005999999,33.8374901
7179679,2016,2016-02-09,3013,2016-01-18,1219,176,NA,1,5,3,3013,0,0,0,NA,0,NA,LOS ALAMITOS BL,FLORISTA ST,0,NA,Y,B,-,N,NA,NA,NA,NA,NA,NA,NA,NA,NA,N,4,0,1,2,A,-,12,21453,A,N,D,C,A,A,H,-,A,A,0,NA,NA,NA,NA,Y,NA,A,01,0,0,1,0,0,0,0,0,0,-,-,NA,NA,ORANGE,LOS ALAMITOS,-118.07187003,33.80496
7180177,2015,2016-02-17,3002,2015-12-22,2207,1461,326W,2,5,4,3002,0,0,0,NA,0,011,CENTRAL AV,BERRY,0,NA,Y,A,-,N,NA,NA,NA,NA,NA,NA,NA,NA,NA,N,3,0,1,2,A,-,12,21453,A,N,D,G,A,A,H,-,C,A,0,NA,Y,NA,NA,Y,NA,L,04,0,1,0,0,0,0,1,0,0,-,-,NA,NA,ORANGE,BREA,-117.90648004,33.93188008
7180779,2016,2016-02-25,3008,2016-02-01,1851,976,NA,1,5,6,3008,0,0,0,NA,0,0Z2,CHAPMAN AV,POMONA AV,0,NA,Y,A,-,N,NA,NA,NA,NA,NA,NA,NA,NA,NA,Y,4,0,1,4,A,-,03,22350,NA,N,C,C,A,A,H,-,C,A,0,NA,NA,NA,NA,Y,NA,D,22,0,0,1,0,0,0,0,0,0,-,-,NA,NA,ORANGE,FULLERTON,-117.92212005,33.87396007
7180783,2016,2016-02-25,3008,2016-02-03,0736,1407,NA,3,5,6,3008,0,0,0,NA,0,0Z2,HARBOR BL,LA ENTRADA PL,300,S,N,A,-,N,NA,NA,NA,NA,NA,NA,NA,NA,NA,Y,4,0,1,3,A,-,03,22350,NA,N,C,C,A,A,H,-,A,D,0,NA,NA,NA,NA,Y,NA,A,01,0,0,1,0,0,0,0,0,0,-,-,NA,NA,ORANGE,FULLERTON,-117.93002552,33.90593056
7181279,2016,2016-02-25,3026,2016-01-26,1432,4991,NA,2,5,6,3026,0,0,0,NA,0,00P,IRVINE BL,VIRTUOSO,12,E,N,A,-,N,NA,NA,NA,NA,NA,NA,NA,NA,NA,N,3,0,1,2,A,-,03,22350,NA,N,D,G,A,A,H,-,A,A,0,NA,Y,NA,NA,Y,NA,L,04,0,1,0,0,0,0,1,0,0,-,-,NA,NA,ORANGE,IRVINE,-117.73977975,33.69975896
7184015,2016,2016-02-16,3016,2016-01-27,0316,1153,36,3,5,5,3016,0,0,0,NA,0,002,JEFFERSON ST,ALTA VISTA ST,0,NA,Y,A,-,N,NA,NA,NA,NA,NA,NA,NA,NA,NA,Y,3,0,1,3,A,-,09,21801,A,N,D,C,A,A,H,-,A,A,0,NA,NA,NA,NA,Y,NA,A,01,0,1,0,0,0,0,0,0,0,-,-,NA,NA,ORANGE,PLACENTIA,-117.83715005,33.87404003
7186958,2016,2016-03-01,3007,2016-02-05,1640,950,NA,5,5,5,3007,0,0,0,NA,0,NA,TALBERT AV,BROKKHURST ST,397,E,N,A,-,N,NA,NA,NA,NA,NA,NA,NA,NA,NA,Y,4,0,1,2,A,-,09,21801,A,N,D,C,A,A,H,-,A,A,0,NA,NA,NA,NA,Y,NA,A,01,0,0,1,0,0,0,0,0,0,-,-,NA,NA,ORANGE,FOUNTAIN VALLEY,-117.95298457,33.70183197
7188803,2016,2016-02-24,3004,2016-01-23,1915,P603,15,6,5,6,3004,0,0,0,NA,0,004,HARBOR BL,FAIR DR,0,NA,Y,A,-,N,NA,NA,NA,NA,NA,NA,NA,NA,NA,Y,4,0,1,2,A,-,12,21453,A,N,D,C,A,A,H,-,C,A,0,NA,NA,NA,NA,Y,NA,A,01,0,0,1,0,0,0,0,0,0,-,-,33.66326,-117.91908,ORANGE,COSTA MESA,-117.91928002,33.66327007
7188860,2016,2016-02-24,3022,2016-01-24,1450,1077,NA,7,5,5,3022,0,0,0,NA,0,NA,OLD IRVINE BL,NEWPORT AV,267,E,N,A,-,N,NA,NA,NA,NA,NA,NA,NA,NA,NA,N,2,0,1,2,A,-,09,21804,A,F,G,B,F,A,H,-,A,D,0,Y,NA,NA,NA,Y,Y,A,08,1,0,0,0,1,0,0,0,0,-,-,NA,NA,ORANGE,TUSTIN,-117.81025448,33.74889414
7188876,2016,2016-02-24,3009,2016-01-27,1731,0126,91,3,5,6,3009,0,0,0,NA,0,012,BROOKHURST ST,DEWEY DR,0,NA,Y,A,-,N,NA,NA,NA,NA,NA,NA,NA,NA,NA,N,3,0,1,2,A,-,09,21802,A,M,B,C,A,A,H,-,C,A,0,NA,NA,Y,NA,Y,NA,A,01,0,1,0,0,0,0,0,0,1,-,-,NA,NA,ORANGE,GARDEN GROVE,-117.9588401,33.8000101
7190219,2016,2016-07-06,3019,2016-01-25,1807,2859,WE,1,5,7,3019,0,0,0,NA,0,001,WESTMINSTER AV,LA BONITA AV,0,NA,Y,A,-,N,NA,NA,NA,NA,NA,NA,NA,NA,NA,N,1,1,0,2,A,-,09,21802,A,N,H,G,A,A,H,-,C,D,0,NA,Y,NA,NA,Y,NA,L,04,0,0,0,0,0,1,0,0,0,-,-,33.75975,-117.93424,ORANGE,SANTA ANA,-117.93443009,33.7596201
7190351,2016,2016-09-02,3019,2016-03-12,0451,2888,SC,6,5,7,3019,0,0,0,NA,0,NA,WARNER AV,PACIFIC AV,32,E,N,A,-,N,NA,NA,NA,NA,NA,NA,NA,NA,NA,N,1,1,0,2,D,-,00,NA,NA,F,H,G,A,A,H,-,C,A,0,NA,Y,NA,NA,Y,NA,-,-,0,0,0,0,0,1,0,0,0,-,-,33.71624,-117.88759,ORANGE,SANTA ANA,-117.88783502,33.71629
7190444,2015,2017-03-29,3008,2015-12-29,1653,1117,NA,2,5,6,3008,0,0,0,NA,0,0Z2,ORANGETHORPE AV,EUCLID ST,400,E,N,A,-,N,NA,NA,NA,NA,NA,NA,NA,NA,NA,N,1,1,0,2,A,-,11,21954,A,N,G,B,E,A,H,-,B,D,0,Y,NA,NA,NA,Y,NA,N,60,0,0,0,1,0,0,0,0,0,-,-,NA,NA,ORANGE,FULLERTON,-117.94051571,33.85936727
7190750,2015,2016-02-23,3026,2015-11-19,1410,7094,NA,4,5,6,3026,0,0,0,NA,0,00C,JEFFREY RD,IRVINE VLY,291,N,N,A,-,N,NA,NA,NA,NA,NA,NA,NA,NA,NA,Y,3,0,1,1,A,-,03,22350,NA,N,E,I,A,A,H,-,A,D,0,NA,NA,NA,NA,Y,NA,A,01,0,1,0,0,0,0,0,0,0,-,-,NA,NA,ORANGE,IRVINE,-117.75049591,33.70801685
7191357,2016,2016-02-24,3010,2016-02-06,1447,1065,148,6,5,6,3010,0,0,0,NA,0,009,SPRINGDALE AV,EDINGER AV,50,N,N,A,-,N,NA,NA,NA,NA,NA,NA,NA,NA,NA,N,4,0,3,2,D,-,00,NA,NA,N,C,C,A,A,H,-,A,A,0,NA,NA,NA,NA,Y,NA,-,-,0,0,3,0,0,0,0,0,0,-,-,NA,NA,ORANGE,HUNTINGTON BEACH,-118.02411611,33.7301066
7191525,2016,2017-02-18,3010,2016-02-13,1813,1066,263,6,5,6,3010,0,0,0,NA,0,006,RT 39,HEIL,365,S,N,A,-,Y,ORA,12,39,-,-,5.07,H,-,N,N,3,0,1,2,D,-,00,NA,NA,N,C,C,A,A,H,-,C,D,0,NA,NA,Y,NA,Y,NA,-,-,0,1,0,0,0,0,0,0,1,-,-,NA,NA,ORANGE,HUNTINGTON BEACH,-117.9891028,33.72201509
7191528,2016,2017-02-11,3000,2016-01-28,1505,4333,797J1,4,5,4,3021,0,0,0,NA,0,6M21,BEACH BL,CERRITOS AV,3,N,N,A,-,Y,ORA,12,39,-,-,11.18,I,5,N,N,4,0,1,2,A,-,10,21950,A,N,G,B,B,A,H,-,A,A,0,Y,NA,NA,NA,Y,NA,D,22,0,0,1,0,1,0,0,0,0,-,-,NA,NA,ORANGE,STANTON,-117.99311238,33.81021892
7191529,2016,2017-02-16,3010,2016-02-16,1412,1096,151,2,5,6,3010,0,0,0,NA,0,008,RT 1,25TH ST,0,NA,Y,A,-,Y,ORA,12,1,-,-,31.021,I,5,S,Y,4,0,1,2,A,-,09,21802,A,N,D,C,A,A,H,-,A,-,0,NA,NA,NA,NA,Y,NA,A,01,0,0,1,0,0,0,0,0,0,-,-,NA,NA,ORANGE,HUNTINGTON BEACH,-118.07665877,33.72364766
7191644,2016,2016-03-01,3000,2016-01-18,1403,9051,891G6,1,5,5,3050,0,0,0,NA,0,765,EL TORO RD,BRIDGER RD,133,W,N,A,-,N,NA,NA,NA,NA,NA,NA,NA,NA,NA,Y,4,0,1,3,A,-,03,22350,NA,N,C,C,A,A,H,-,A,A,0,NA,NA,NA,NA,Y,NA,A,07,0,0,1,0,0,0,0,0,0,-,-,NA,NA,ORANGE,LAKE FOREST,-117.70719492,33.61515806
7193763,2016,2016-03-11,3001,2016-02-18,0943,03686,NA,4,5,7,3001,0,0,0,NA,0,0D4,E SANTA ANA CYN RD,N AVENIDA MARGARITA,255,E,N,C,-,N,NA,NA,NA,NA,NA,NA,NA,NA,NA,N,4,0,2,2,A,-,07,21658,A,N,C,C,A,B,H,-,A,D,0,NA,NA,NA,NA,Y,NA,D,22,0,0,2,0,0,0,0,0,0,-,-,NA,NA,ORANGE,ANAHEIM,-117.79250464,33.85151692
7194275,2016,2016-03-01,3019,2016-02-06,0743,3369,SC,6,5,7,3019,0,0,0,NA,0,003,BAKER ST,CAMDEN PL,0,NA,Y,A,-,N,NA,NA,NA,NA,NA,NA,NA,NA,NA,Y,3,0,2,2,A,-,09,21800,D,N,D,C,A,A,H,-,A,D,0,NA,NA,NA,NA,Y,NA,A,08,0,2,0,0,0,0,0,0,0,-,-,33.72071,-117.8831,ORANGE,SANTA ANA,-117.88289009,33.72059009
7194476,2016,2017-02-11,3003,2016-02-08,1131,665,23,1,5,5,3003,0,0,0,NA,0,008,BEACH BL,ARGYLE DR,22,W,N,A,-,Y,ORA,12,39,-,-,16.891,I,5,N,Y,4,0,1,2,A,-,03,22350,NA,N,D,C,A,A,H,-,A,A,0,NA,NA,NA,NA,Y,NA,A,01,0,0,1,0,0,0,0,0,0,-,-,33.8909,-117.991,ORANGE,BUENA PARK,-117.99097608,33.89085403
7194479,2016,2016-03-09,3015,2016-02-11,0915,857,34N,4,5,6,3015,0,0,0,NA,0,003,EAST CHAPMAN AV,JAMES ST,0,NA,Y,A,-,N,NA,NA,NA,NA,NA,NA,NA,NA,NA,Y,4,0,1,2,A,-,09,21801,A,N,D,C,A,A,H,-,A,A,0,NA,NA,NA,NA,Y,NA,D,22,0,0,1,0,0,0,0,0,0,-,-,NA,NA,ORANGE,ORANGE,-117.81360006,33.7877801