CASE_ID,ACCIDENT_YEAR,PROC_DATE,JURIS,COLLISION_DATE,COLLISION_TIME,OFFICER_ID,REPORTING_DISTRICT,DAY_OF_WEEK,CHP_SHIFT,POPULATION,CNTY_CITY_LOC,SPECIAL_COND,BEAT_TYPE,CHP_BEAT_TYPE,CITY_DIVISION_LAPD,CHP_BEAT_CLASS,BEAT_NUMBER,PRIMARY_RD,SECONDARY_RD,DISTANCE,DIRECTION,INTERSECTION,WEATHER_1,WEATHER_2,STATE_HWY_IND,CALTRANS_COUNTY,CALTRANS_DISTRICT,STATE_ROUTE,ROUTE_SUFFIX,POSTMILE_PREFIX,POSTMILE,LOCATION_TYPE,RAMP_INTERSECTION,SIDE_OF_HWY,TOW_AWAY,COLLISION_SEVERITY,NUMBER_KILLED,NUMBER_INJURED,PARTY_COUNT,PRIMARY_COLL_FACTOR,PCF_CODE_OF_VIOL,PCF_VIOL_CATEGORY,PCF_VIOLATION,PCF_VIOL_SUBSECTION,HIT_AND_RUN,TYPE_OF_COLLISION,MVIW,PED_ACTION,ROAD_SURFACE,ROAD_COND_1,ROAD_COND_2,LIGHTING,CONTROL_DEVICE,CHP_ROAD_TYPE,PEDESTRIAN_ACCIDENT,BICYCLE_ACCIDENT,MOTORCYCLE_ACCIDENT,TRUCK_ACCIDENT,NOT_PRIVATE_PROPERTY,ALCOHOL_INVOLVED,STWD_VEHTYPE_AT_FAULT,CHP_VEHTYPE_AT_FAULT,COUNT_SEVERE_INJ,COUNT_VISIBLE_INJ,COUNT_COMPLAINT_PAIN,COUNT_PED_KILLED,COUNT_PED_INJURED,COUNT_BICYCLIST_KILLED,COUNT_BICYCLIST_INJURED,COUNT_MC_KILLED,COUNT_MC_INJURED,PRIMARY_RAMP,SECONDARY_RAMP,LATITUDE,LONGITUDE,COUNTY,CITY,POINT_X,POINT_Y
8129106,2016,2016-11-15,3000,2016-09-07,1453,2785,921E3,3,5,4,3049,0,0,0,NA,0,784,ALISO VIEJO PKWY,CEDARBROOK,0,NA,Y,A,-,N,NA,NA,NA,NA,NA,NA,NA,NA,NA,Y,3,0,2,2,A,-,12,21453,A,N,D,C,A,A,H,-,A,A,0,NA,NA,NA,NA,Y,NA,-,-,0,1,1,0,0,0,0,0,0,-,-,NA,NA,ORANGE,ALISO VIEJO,-117.71788013,33.5876001
8129114,2016,2016-09-26,3009,2016-09-11,1851,1359,152,7,5,6,3009,0,0,0,NA,0,022,CHAPMAN AV,SOMERSET PL,28,E,N,A,-,N,NA,NA,NA,NA,NA,NA,NA,NA,NA,Y,4,0,2,2,A,-,03,22350,NA,N,C,C,A,A,H,-,B,A,0,NA,NA,NA,NA,Y,NA,A,01,0,0,2,0,0,0,0,0,0,-,-,NA,NA,ORANGE,GARDEN GROVE,-117.91039806,33.78892
81291227,2020,2020-08-24,3014,2020-08-19,1027,1146,RD26,3,5,5,3014,0,0,0,NA,0,A2,SR-1 (W COAST HWY),BAYSHORE DR,401,W,N,A,-,Y,NA,NA,1,NA,NA,NA,NA,NA,NA,Y,4,0,2,2,A,-,03,22350,NA,N,C,C,A,A,H,-,A,A,0,NA,NA,NA,NA,Y,NA,A,07,0,0,2,0,0,0,0,0,0,-,-,33.61589813232422,-117.90859985351563,ORANGE,NEWPORT BEACH,-117.90860748291016,33.6160774230957
81293993,2020,2020-08-27,3014,2020-08-07,2021,1480,RD35,5,5,5,3014,0,0,0,NA,0,A3,VISTA DEL ORO,VISTA FLORA,50,N,N,A,-,N,NA,NA,NA,NA,NA,NA,NA,NA,NA,N,3,0,1,1,A,-,03,22350,NA,N,H,G,A,A,H,-,B,D,0,NA,Y,NA,NA,Y,NA,L,04,0,1,0,0,0,0,1,0,0,-,-,33.63869857788086,-117.87870025634766,ORANGE,NEWPORT BEACH,-117.88179779052734,33.63955307006836
8129964,2016,2016-09-27,3010,2016-09-19,0203,1109,466,1,5,6,3010,0,0,0,NA,0,002,HAMILTON,BROOKHURST,663,W,N,E,-,N,NA,NA,NA,NA,NA,NA,NA,NA,NA,Y,4,0,2,5,A,-,01,23152,A,N,C,C,A,A,H,-,C,D,0,NA,NA,NA,NA,Y,Y,A,08,0,0,2,0,0,0,0,0,0,-,-,NA,NA,ORANGE,HUNTINGTON BEACH,-117.95586346,33.65058325
81299688,2020,2020-09-07,3024,2020-08-04,1218,422,P-10,2,5,5,3024,0,0,0,NA,0,WEST,GOLDENWEST STREET,WESTMINSTER BOULEVARD,72,N,N,A,-,N,NA,NA,NA,NA,NA,NA,NA,NA,NA,N,4,0,1,2,A,-,03,22350,NA,N,C,C,A,A,H,-,A,A,0,NA,NA,NA,NA,Y,NA,D,22,0,0,1,0,0,0,0,0,0,-,-,33.75912857055664,-118.00715637207033,ORANGE,WESTMINSTER,-118.00717163085938,33.75933837890625
81305768,2020,2020-09-16,3007,2020-09-08,1038,250,75,2,5,5,3007,0,0,0,NA,0,003,BROOKHURST,NIAGARA RIVER,490,S,N,A,-,N,NA,NA,NA,NA,NA,NA,NA,NA,NA,N,4,0,2,2,A,-,09,21804,A,N,D,C,A,A,H,-,A,D,0,NA,NA,NA,NA,Y,NA,A,01,0,0,2,0,0,0,0,0,0,-,-,NA,NA,ORANGE,FOUNTAIN VALLEY,-117.95417785644533,33.688236236572266
81305995,2020,2020-09-16,3014,2020-08-25,1750,1555,RD15,2,5,5,3014,0,0,0,NA,0,A1,W BALBOA BLVD,35TH ST,48,E,N,A,-,N,NA,NA,NA,NA,NA,NA,NA,NA,NA,N,3,0,1,2,A,-,03,22350,NA,N,C,C,A,A,H,-,A,A,0,NA,NA,Y,NA,Y,NA,D,22,0,1,0,0,0,0,0,0,1,-,-,33.61629867553711,-117.93379974365234,ORANGE,NEWPORT BEACH,-117.93392181396484,33.616214752197266
8130951,2016,2016-09-27,3015,2016-08-18,1954,1254,77S,4,5,6,3015,0,0,0,NA,0,002,TUSTIN ST,E VILLAGE WY,197,N,N,A,-,N,NA,NA,NA,NA,NA,NA,NA,NA,NA,Y,3,0,2,3,A,-,03,22350,NA,N,C,C,A,A,H,-,C,A,0,NA,NA,NA,NA,Y,NA,A,01,0,1,1,0,0,0,0,0,0,-,-,NA,NA,ORANGE,ORANGE,-117.83613,33.82666996
8130964,2016,2016-09-28,3010,2016-09-07,1623,1096,156,3,5,6,3010,0,0,0,NA,0,008,EDINGER,BOLSA CHICA,147,E,N,A,-,N,NA,NA,NA,NA,NA,NA,NA,NA,NA,Y,3,0,2,2,A,-,09,21804,A,N,D,C,A,A,H,-,A,D,0,NA,NA,NA,NA,Y,NA,A,01,0,1,1,0,0,0,0,0,0,-,-,NA,NA,ORANGE,HUNTINGTON BEACH,-118.04120763,33.72986378
81309866,2020,2020-09-23,3014,2020-09-10,1023,1146,RD41,4,5,5,3014,0,0,0,NA,0,A3,SR-1 (E COAST HWY),JAMBOREE RD,64,W,N,A,-,Y,NA,NA,1,NA,NA,NA,NA,NA,NA,Y,4,0,2,2,A,-,03,22350,NA,N,C,C,A,A,H,-,A,A,0,NA,NA,NA,NA,Y,NA,A,01,0,0,2,0,0,0,0,0,0,-,-,33.61259841918945,-117.89099884033205,ORANGE,NEWPORT BEACH,-117.89100646972656,33.612701416015625
81310078,2020,2020-09-23,3014,2020-09-18,1854,1453,RD17,5,5,5,3014,0,0,0,NA,0,A2,SR-1 (W COAST HWY),ORANGE ST,15,E,N,A,-,Y,NA,NA,1,NA,NA,NA,NA,NA,NA,N,4,0,1,2,A,-,17,21451,A,N,H,G,A,A,H,-,A,A,0,NA,NA,NA,NA,Y,NA,A,07,0,0,1,0,0,0,0,0,0,-,-,33.62810134887695,-117.95240020751952,ORANGE,NEWPORT BEACH,-117.952392578125,33.628116607666016
81316141,2020,2020-10-02,3010,2020-09-26,1249,1208,241,6,5,6,3010,0,0,0,NA,0,009,GOTHARD ST,EDINGER AVE,67,N,N,A,-,N,NA,NA,NA,NA,NA,NA,NA,NA,NA,N,4,0,1,2,A,-,07,21658,A,F,B,C,A,A,H,-,A,A,0,NA,NA,NA,NA,Y,NA,-,99,0,0,1,0,0,0,0,0,0,-,-,33.72909927368164,-118.00003051757813,ORANGE,HUNTINGTON BEACH,-118.00028228759766,33.73036193847656
8131706,2016,2016-09-29,3010,2016-09-16,0921,1059,261,5,5,6,3010,0,0,0,NA,0,007,HEIL AV,GOTHARD ST,0,NA,Y,A,-,N,NA,NA,NA,NA,NA,NA,NA,NA,NA,Y,4,0,2,2,A,-,09,21801,A,N,D,C,A,A,H,-,A,A,0,NA,NA,NA,NA,Y,NA,A,07,0,0,2,0,0,0,0,0,0,-,-,NA,NA,ORANGE,HUNTINGTON BEACH,-118.00014002,33.72285007
81318822,2020,2020-10-06,3001,2020-10-03,1359,A1466,D-1,6,5,7,3001,0,0,0,NA,0,D-1,BALL ROAD,BROOKHURST STREET,297,W,N,A,-,N,NA,NA,NA,NA,NA,NA,NA,NA,NA,Y,4,0,3,2,A,-,03,22350,NA,N,C,C,A,A,H,-,A,A,0,NA,NA,NA,NA,Y,NA,A,01,0,0,3,0,0,0,0,0,0,-,-,33.817649841308594,-117.95894622802734,ORANGE,ANAHEIM,-117.9599151611328,33.817779541015625
81320542,2020,2020-10-09,3001,2020-10-06,0545,A1007,NA,2,5,7,3001,0,0,0,NA,0,NA,N ANAHEIM BLVD,SR 91 FRONTAGE RD,0,NA,Y,A,-,N,NA,NA,NA,NA,NA,NA,NA,NA,NA,Y,4,0,1,2,A,-,12,21453,A,N,D,C,A,A,H,-,C,A,0,NA,NA,NA,NA,Y,NA,A,01,0,0,1,0,0,0,0,0,0,-,-,NA,NA,ORANGE,ANAHEIM,-117.91993713378906,33.85432052612305
81322391,2020,2020-10-13,3001,2020-10-09,0031,A2092,D-2,5,5,7,3001,0,0,0,NA,0,NA,LA PALMA AVENUE,EUCLID STREET,265,W,N,A,-,N,NA,NA,NA,NA,NA,NA,NA,NA,NA,Y,4,0,1,1,A,-,08,22107,NA,M,E,I,A,A,H,-,C,D,0,NA,NA,NA,NA,Y,NA,A,01,0,0,1,0,0,0,0,0,0,-,-,33.84737014770508,-117.94161987304688,ORANGE,ANAHEIM,-117.94254302978516,33.84709167480469
81324829,2020,2020-10-16,3010,2020-10-13,1334,2012,158,2,5,6,3010,0,0,0,NA,0,007,EDINGER AVE,CARRIE LN,0,NA,Y,A,-,N,NA,NA,NA,NA,NA,NA,NA,NA,NA,Y,3,0,2,3,A,-,04,21703,NA,N,C,C,A,A,H,-,A,D,0,NA,NA,NA,NA,Y,NA,A,01,0,1,1,0,0,0,0,0,0,-,-,33.73014831542969,-118.0170669555664,ORANGE,HUNTINGTON BEACH,-118.01725006103516,33.730018615722656
81325577,2020,2020-10-19,3007,2020-08-31,1120,250,55,1,5,5,3007,0,0,0,NA,0,003,BROOKHURST,SLATER,0,NA,Y,A,-,N,NA,NA,NA,NA,NA,NA,NA,NA,NA,Y,2,0,1,2,A,-,12,21453,A,N,D,G,A,A,H,-,A,A,0,NA,Y,NA,NA,Y,NA,L,04,1,0,0,0,0,0,1,0,0,-,-,NA,NA,ORANGE,FOUNTAIN VALLEY,-117.95451354980467,33.70901107788086
8132719,2016,2016-11-29,3000,2016-07-18,0140,5281,891H5,1,5,5,3050,0,0,0,NA,0,460,EL TORO RD,MUIRLANDS BL,269,W,N,A,-,N,NA,NA,NA,NA,NA,NA,NA,NA,NA,Y,4,0,1,1,A,-,01,23152,NA,N,B,I,A,A,H,-,C,A,0,NA,NA,NA,NA,Y,Y,-,-,0,0,1,0,0,0,0,0,0,-,-,NA,NA,ORANGE,LAKE FOREST,-117.69792906,33.62274226
81329130,2020,2020-10-22,3024,2020-09-14,0605,437,P-26,1,5,5,3024,0,0,0,NA,0,EAST,MAGNOLIA STREET,BOLSA AVENUE,0,NA,Y,E,-,N,NA,NA,NA,NA,NA,NA,NA,NA,NA,Y,4,0,2,3,A,-,12,21453,A,F,D,C,A,A,H,-,B,A,0,NA,NA,NA,NA,Y,NA,A,01,0,0,2,0,0,0,0,0,0,-,-,33.74483108520508,-117.97222137451172,ORANGE,WESTMINSTER,-117.97225952148438,33.74483108520508
81331740,2020,2020-10-27,3001,2020-10-18,1330,A2382,NA,7,5,7,3001,0,0,0,NA,0,D-2,SOUTH STREET,DAKOTA STREET,0,NA,Y,A,-,N,NA,NA,NA,NA,NA,NA,NA,NA,NA,Y,3,0,3,3,A,-,09,21802,A,N,D,C,A,A,H,-,A,A,0,NA,NA,NA,NA,Y,NA,A,01,0,1,2,0,0,0,0,0,0,-,-,33.826820373535156,-117.90467834472656,ORANGE,ANAHEIM,-117.90473175048828,33.82817840576172
8134190,2016,2016-10-04,3022,2016-08-28,1509,1285,NA,7,5,5,3022,0,0,0,NA,0,NA,EDINGER AV,DEL AMO AV,0,NA,Y,A,-,N,NA,NA,NA,NA,NA,NA,NA,NA,NA,Y,4,0,2,2,A,-,12,21453,A,N,D,C,A,A,H,-,A,A,0,NA,NA,NA,NA,Y,NA,A,07,0,0,2,0,0,0,0,0,0,-,-,33.72471,-117.83173,ORANGE,TUSTIN,-117.83173007,33.72449002
8134286,2016,2016-10-05,3019,2016-09-17,1609,3014,SC,6,5,7,3019,0,0,0,NA,0,002,CAMILE ST,SHELTON ST,65,E,N,A,-,N,NA,NA,NA,NA,NA,NA,NA,NA,NA,Y,3,0,1,3,A,-,03,22350,NA,M,C,E,A,A,H,-,A,D,0,NA,NA,NA,NA,Y,NA,A,01,0,1,0,0,0,0,0,0,0,-,-,NA,NA,ORANGE,SANTA ANA,-117.8805867,33.74090952
8134396,2016,2016-10-05,3009,2016-09-15,0615,3486,71,4,5,6,3009,0,0,0,NA,0,012,DALE ST,DAVMOR AV,481,N,N,A,-,N,NA,NA,NA,NA,NA,NA,NA,NA,NA,N,4,0,2,2,A,-,09,21804,A,N,D,C,A,A,H,-,A,D,0,NA,NA,NA,NA,Y,NA,A,01,0,0,2,0,0,0,0,0,0,-,-,NA,NA,ORANGE,GARDEN GROVE,-117.98442,33.79827879
8134604,2016,2016-10-05,3001,2016-09-16,1952,2261,NA,5,5,7,3001,0,0,0,NA,0,0D2,WEST LA PALMA AV,N DRESDEN ST,126,W,N,A,-,N,NA,NA,NA,NA,NA,NA,NA,NA,NA,N,4,0,1,2,A,-,04,21703,NA,N,C,C,A,A,H,-,C,D,0,NA,NA,NA,NA,Y,NA,A,01,0,0,1,0,0,0,0,0,0,-,-,NA,NA,ORANGE,ANAHEIM,-117.94025401,33.8471
8134636,2016,2016-10-05,3001,2016-09-20,0934,A2254,NA,2,5,7,3001,0,0,0,NA,0,0D3,SOUTH HASTER ST,EAST KATELLA AV,130,S,N,B,-,N,NA,NA,NA,NA,NA,NA,NA,NA,NA,Y,4,0,1,2,A,-,09,21804,A,N,D,C,A,A,H,-,A,D,0,NA,NA,NA,NA,Y,NA,A,07,0,0,1,0,0,0,0,0,0,-,-,NA,NA,ORANGE,ANAHEIM,-117.90658217,33.80290366
8134712,2016,2016-10-05,3026,2016-08-04,0200,526,NA,4,5,6,3026,0,0,0,NA,0,00C,SPECTRUM POINTE DR,QUASAR,12,S,N,A,-,N,NA,NA,NA,NA,NA,NA,NA,NA,NA,Y,4,0,1,1,A,-,01,23152,A,N,A,I,A,A,H,-,C,D,0,NA,NA,NA,NA,Y,Y,A,01,0,0,1,0,0,0,0,0,0,-,-,NA,NA,ORANGE,IRVINE,-117.746732,33.652726
8134746,2016,2016-10-04,3009,2016-09-22,1801,3397,33,4,5,6,3009,0,0,0,NA,0,011,LAMPSON AV,POCKET,0,NA,N,A,-,N,NA,NA,NA,NA,NA,NA,NA,NA,NA,N,4,0,1,2,A,-,08,22107,NA,N,-,C,A,A,H,-,A,A,0,NA,NA,NA,NA,Y,NA,A,01,0,0,1,0,0,0,0,0,0,-,-,NA,NA,ORANGE,GARDEN GROVE,NA,NA
8134769,2016,2017-02-24,3000,2016-09-10,1405,1916,922A2,6,5,4,3045,0,0,0,NA,0,746,LA PAZ RD,RT 5,0,NA,Y,A,-,Y,ORA,12,5,-,-,16.717,R,4,S,N,3,0,1,2,A,-,08,22101,D,N,D,C,A,A,H,-,A,A,0,NA,NA,Y,NA,Y,NA,A,01,0,1,0,0,0,0,0,0,1,-,-,NA,NA,ORANGE,LAGUNA HILLS,-117.67912304,33.59919487
8134782,2016,2016-10-05,3000,2016-09-12,1600,5271,993A1,1,5,5,3017,0,0,0,NA,0,776,AVE PICO,CALLE AMANECER,2,W,N,A,-,N,NA,NA,NA,NA,NA,NA,NA,NA,NA,Y,4,0,1,2,A,-,12,21453,A,N,D,C,A,A,H,-,A,A,0,NA,NA,NA,NA,Y,NA,-,-,0,0,1,0,0,0,0,0,0,-,-,NA,NA,ORANGE,SAN CLEMENTE,-117.60929221,33.44994484
81349962,2020,2020-11-20,3001,2020-11-09,1404,A2382,NA,1,5,7,3001,0,0,0,NA,0,D-2,EUCLID STREET,RT 5 SBOFF/R,0,NA,Y,A,-,Y,NA,NA,NA,NA,NA,NA,NA,NA,NA,N,4,0,1,2,A,-,08,22100,B,N,B,D,A,A,H,-,A,A,0,NA,NA,NA,Y,Y,NA,A,01,0,0,1,0,0,0,0,0,0,-,-,33.836639404296875,-117.94154357910156,ORANGE,ANAHEIM,NA,NA
81354043,2020,2020-11-25,3014,2020-11-20,1801,1530,RD41,5,5,5,3014,0,0,0,NA,0,A3,SR-1,BAYSIDE DR,151,E,N,A,-,Y,NA,NA,1,NA,NA,NA,NA,NA,NA,Y,3,0,1,2,A,-,01,23152,NA,N,C,C,A,A,H,-,C,A,0,NA,NA,NA,NA,Y,NA,D,22,0,1,0,0,0,0,0,0,0,-,-,33.61629867553711,-117.90029907226563,ORANGE,NEWPORT BEACH,-117.90030670166016,33.61627960205078
81354048,2020,2020-11-25,3014,2020-11-13,1147,1421,RD33,5,5,5,3014,0,0,0,NA,0,A3,IRVINE AVE,BRISTOL ST S,0,NA,Y,A,-,N,NA,NA,NA,NA,NA,NA,NA,NA,NA,Y,4,0,2,2,A,-,12,21453,A,N,D,C,A,A,H,-,A,A,0,NA,NA,NA,NA,Y,NA,A,01,0,0,2,0,0,0,0,0,0,-,-,33.6619987487793,-117.87539672851563,ORANGE,NEWPORT BEACH,-117.87545013427734,33.661930084228516
81354054,2020,2020-11-25,3014,2020-11-18,0950,1146,RD13,3,5,5,3014,0,0,0,NA,0,A1,WEST BALBOA BL,20TH ST,0,NA,Y,A,-,N,NA,NA,NA,NA,NA,NA,NA,NA,NA,Y,2,0,1,2,A,-,09,21801,A,N,D,C,A,A,H,-,A,A,0,NA,NA,Y,NA,Y,NA,A,07,1,0,0,0,0,0,0,0,1,-,-,33.6083984375,-117.927001953125,ORANGE,NEWPORT BEACH,-117.9272232055664,33.608421325683594
81356862,2020,2020-12-02,3001,2020-11-30,0630,A1252,NA,1,5,7,3001,0,0,0,NA,0,D-2,LA PALMA AVENUE,WEST STREET (E),0,NA,Y,B,-,N,NA,NA,NA,NA,NA,NA,NA,NA,NA,Y,4,0,2,2,A,-,09,21801,A,N,D,C,A,A,H,-,B,A,0,NA,NA,NA,NA,Y,NA,A,01,0,0,2,0,0,0,0,0,0,-,-,33.8472900390625,-117.93183135986328,ORANGE,ANAHEIM,-117.93219757080078,33.84716033935547
81359742,2020,2020-12-07,3010,2020-11-29,0830,1225,176,7,5,6,3010,0,0,0,NA,0,008,GREENTREE LN,WARNER AVE,0,S,N,A,-,N,NA,NA,NA,NA,NA,NA,NA,NA,NA,N,3,0,1,1,D,-,00,NA,NA,N,H,A,A,A,H,-,A,D,0,NA,Y,NA,NA,Y,NA,-,-,0,1,0,0,0,0,1,0,0,-,-,33.71485900878906,-118.0366668701172,ORANGE,HUNTINGTON BEACH,-118.03663635253906,33.71541976928711
81362351,2020,2020-12-09,3015,2020-12-08,1024,1419,54W,2,5,6,3015,0,0,0,NA,0,722M,PROSPECT ST,SPRING ST (S),27,S,N,A,-,N,NA,NA,NA,NA,NA,NA,NA,NA,NA,Y,2,0,1,2,A,-,08,22107,NA,F,B,C,A,A,H,-,A,A,0,NA,NA,NA,NA,Y,NA,A,01,1,0,0,0,0,0,0,0,0,-,-,33.79138946533203,-117.81822204589844,ORANGE,ORANGE,-117.8183822631836,33.791404724121094
81362967,2020,2020-12-10,3007,2020-11-21,1628,319,28,6,5,5,3007,0,0,0,NA,0,002,NEWHOPE,HEIL,0,NA,Y,A,-,N,NA,NA,NA,NA,NA,NA,NA,NA,NA,Y,4,0,2,3,A,-,12,21453,A,N,D,C,A,A,H,-,A,A,0,NA,NA,NA,NA,Y,NA,A,01,0,0,2,0,0,0,0,0,0,-,-,NA,NA,ORANGE,FOUNTAIN VALLEY,-117.92855072021484,33.72370910644531
81363208,2020,2020-12-10,3007,2020-11-23,1556,326,18,1,5,5,3007,0,0,0,NA,0,002,NEWHOPE ST,NEWHOPE WAY,0,NA,Y,A,-,N,NA,NA,NA,NA,NA,NA,NA,NA,NA,Y,3,0,1,2,A,-,09,21801,A,N,D,C,A,A,H,-,A,D,0,NA,NA,Y,NA,Y,NA,D,22,0,1,0,0,0,0,0,0,1,-,-,NA,NA,ORANGE,FOUNTAIN VALLEY,-117.93659973144533,33.6998405456543
81364604,2020,2020-12-11,3007,2020-12-07,1304,1156,45,1,5,5,3007,0,0,0,NA,0,001,BROOKHURST,SLATER,215,S,N,A,-,N,NA,NA,NA,NA,NA,NA,NA,NA,NA,Y,3,0,3,3,A,-,03,22350,NA,N,A,C,A,A,H,-,A,D,0,NA,NA,NA,Y,Y,NA,A,01,0,1,2,0,0,0,0,0,0,-,-,NA,NA,ORANGE,FOUNTAIN VALLEY,-117.95449066162108,33.70841979980469
8136615,2016,2016-10-07,3019,2016-09-18,1428,3327,SE,7,5,7,3019,0,0,0,NA,0,003,MAIN ST,SAINT ANDREW PL,150,S,N,A,-,N,NA,NA,NA,NA,NA,NA,NA,NA,NA,Y,4,0,1,2,A,-,03,22350,NA,F,C,C,A,A,H,-,A,A,0,NA,NA,NA,NA,Y,NA,A,01,0,0,1,0,0,0,0,0,0,-,-,33.72233,-117.86807,ORANGE,SANTA ANA,-117.86785174,33.72199879
81368017,2020,2020-12-16,3010,2020-12-09,1110,2090,348,3,5,6,3010,0,0,0,NA,0,004,PACIFIC COAST HWY - SR1,20TH ST (N),10,E,N,A,-,Y,NA,NA,NA,NA,NA,NA,NA,NA,NA,N,2,0,2,2,A,-,03,22350,NA,N,G,B,F,A,H,-,A,D,0,Y,Y,NA,NA,Y,NA,L,04,1,1,0,0,1,0,1,0,0,-,-,33.72119903564453,-118.07424926757813,ORANGE,HUNTINGTON BEACH,NA,NA
81368587,2020,2020-12-16,3007,2020-12-06,1325,324,27,7,5,5,3007,0,0,0,NA,0,002,EUCLID,BELLFLOWER,430,S,N,A,-,N,NA,NA,NA,NA,NA,NA,NA,NA,NA,Y,3,0,1,3,A,-,03,22350,NA,N,C,C,A,A,H,-,A,D,0,NA,NA,NA,NA,Y,NA,A,01,0,1,0,0,0,0,0,0,0,-,-,NA,NA,ORANGE,FOUNTAIN VALLEY,-117.93729400634766,33.72774124145508
8136881,2016,2016-10-11,3015,2016-09-28,1622,1098,45E,3,5,6,3015,0,0,0,NA,0,731,N GLASSELL ST,W CARLETON AV,118,S,N,A,-,N,NA,NA,NA,NA,NA,NA,NA,NA,NA,Y,3,0,1,2,A,-,09,21804,A,N,D,C,A,A,D,-,A,D,0,NA,NA,NA,NA,Y,NA,A,07,0,1,0,0,0,0,0,0,0,-,-,NA,NA,ORANGE,ORANGE,-117.85300405,33.81020657
8137025,2016,2017-02-18,3003,2016-09-21,1008,1099,NA,3,5,5,3003,0,0,0,NA,0,NA,BEACH BL,CASCADE WY,0,NA,Y,A,-,Y,ORA,12,39,-,-,16.13,I,5,N,Y,4,0,1,2,D,-,00,NA,NA,N,D,C,A,A,H,-,A,A,0,NA,NA,NA,NA,Y,NA,-,-,0,0,1,0,0,0,0,0,0,-,-,33.5254,-117.5952,ORANGE,BUENA PARK,-117.99793856,33.88160172
81372689,2020,2020-12-22,3001,2020-12-19,1000,A2503,D-1,6,5,7,3001,0,0,0,NA,0,D-1,THORNTON AVENUE,KNOTT AVENUE,300,E,N,A,-,N,NA,NA,NA,NA,NA,NA,NA,NA,NA,N,4,0,1,2,A,-,08,22103,NA,N,D,C,A,A,H,-,A,D,0,NA,NA,NA,NA,Y,NA,A,07,0,0,1,0,0,0,0,0,0,-,-,33.813289642333984,-118.01097869873048,ORANGE,ANAHEIM,-118.00975799560548,33.81317901611328
81373527,2020,2020-12-23,3015,2020-12-15,1825,1098,201,2,5,6,3015,0,0,0,NA,0,731M,JAMBOREE RD,CANYON VIEW AVE,40,S,N,A,-,N,NA,NA,NA,NA,NA,NA,NA,NA,NA,Y,4,0,1,2,A,-,01,23152,A,N,C,C,A,A,H,-,C,A,0,NA,NA,NA,NA,Y,Y,A,01,0,0,1,0,0,0,0,0,0,-,-,33.78329849243164,-117.7585678100586,ORANGE,ORANGE,-117.75858306884766,33.7850341796875
81375920,2020,2021-02-24,3014,2020-12-08,1945,1572,RD68,2,5,5,3014,0,0,0,NA,0,A4,NEWPORT COAST DR,PELICAN HILLS RD (S),0,NA,Y,A,-,N,NA,NA,NA,NA,NA,NA,NA,NA,NA,Y,1,2,4,2,A,-,01,23152,A,F,D,C,A,A,H,-,C,A,0,NA,NA,NA,NA,Y,Y,A,07,3,1,0,0,0,0,0,0,0,-,-,33.58440017700195,-117.84359741210938,ORANGE,NEWPORT BEACH,-117.84369659423828,33.58449935913086
8137714,2016,2016-10-18,3008,2016-08-23,1305,1431,NA,2,5,6,3008,0,0,0,NA,0,Z    2,HARBOR BL,BASTANCHURY RD,0,NA,Y,A,-,N,NA,NA,NA,NA,NA,NA,NA,NA,NA,N,4,0,1,2,A,-,09,21801,A,N,-,C,A,A,H,-,A,A,0,NA,NA,NA,NA,Y,NA,D,22,0,0,1,0,0,0,0,0,0,-,-,NA,NA,ORANGE,FULLERTON,-117.92890002,33.89562011
81378420,2020,2020-12-31,3024,2020-11-21,1550,498,P-19,6,5,5,3024,0,0,0,NA,0,EAST,WESTMINSTER BOULEVARD,MONROE STREET,15,W,N,A,-,N,NA,NA,NA,NA,NA,NA,NA,NA,NA,Y,3,0,1,1,A,-,08,22107,NA,N,E,I,A,A,H,-,A,A,0,NA,NA,NA,NA,Y,NA,A,01,0,1,0,0,0,0,0,0,0,-,-,33.75856018066406,-117.98802185058594,ORANGE,WESTMINSTER,-117.98545837402344,33.75931167602539
81379069,2020,2021-01-01,3001,2020-12-30,0808,A1740,NA,3,5,7,3001,0,0,0,NA,0,D-2,HARBOR BOULEVARD,NORTH STREET,0,NA,Y,A,-,N,NA,NA,NA,NA,NA,NA,NA,NA,NA,Y,4,0,2,2,A,-,09,21801,A,N,A,C,A,A,H,-,A,A,0,NA,NA,NA,NA,Y,NA,A,01,0,0,2,0,0,0,0,0,0,-,-,33.84183883666992,-117.9220962524414,ORANGE,ANAHEIM,-117.92246246337892,33.84294891357422
81379992,2020,2021-03-09,3014,2020-12-25,2351,1527,RD17,5,5,5,3014,0,0,0,NA,0,A2,SR-1,PROSPECT ST,921,E,N,A,-,Y,NA,NA,1,NA,NA,NA,NA,NA,NA,Y,3,0,1,1,A,-,08,22107,NA,M,E,I,A,A,H,-,C,D,0,NA,NA,NA,NA,Y,NA,A,01,0,1,0,0,0,0,0,0,0,-,-,33.625301361083984,-117.94670104980467,ORANGE,NEWPORT BEACH,-117.94669342041016,33.625362396240234
81384516,2020,2021-01-11,3015,2020-12-14,1351,1364,NA,1,5,6,3015,0,0,0,NA,0,NA,CHAPMAN AVE,EARLHAM ST,55,E,N,A,-,N,NA,NA,NA,NA,NA,NA,NA,NA,NA,Y,4,0,2,3,A,-,03,22350,NA,N,C,C,A,A,H,-,A,D,0,NA,NA,NA,NA,Y,NA,A,01,0,0,2,0,0,0,0,0,0,-,-,33.786590576171875,-117.80789947509766,ORANGE,ORANGE,-117.80773162841795,33.78776168823242