CASE_ID,ACCIDENT_YEAR,PROC_DATE,JURIS,COLLISION_DATE,COLLISION_TIME,OFFICER_ID,REPORTING_DISTRICT,DAY_OF_WEEK,CHP_SHIFT,POPULATION,CNTY_CITY_LOC,SPECIAL_COND,BEAT_TYPE,CHP_BEAT_TYPE,CITY_DIVISION_LAPD,CHP_BEAT_CLASS,BEAT_NUMBER,PRIMARY_RD,SECONDARY_RD,DISTANCE,DIRECTION,INTERSECTION,WEATHER_1,WEATHER_2,STATE_HWY_IND,CALTRANS_COUNTY,CALTRANS_DISTRICT,STATE_ROUTE,ROUTE_SUFFIX,POSTMILE_PREFIX,POSTMILE,LOCATION_TYPE,RAMP_INTERSECTION,SIDE_OF_HWY,TOW_AWAY,COLLISION_SEVERITY,NUMBER_KILLED,NUMBER_INJURED,PARTY_COUNT,PRIMARY_COLL_FACTOR,PCF_CODE_OF_VIOL,PCF_VIOL_CATEGORY,PCF_VIOLATION,PCF_VIOL_SUBSECTION,HIT_AND_RUN,TYPE_OF_COLLISION,MVIW,PED_ACTION,ROAD_SURFACE,ROAD_COND_1,ROAD_COND_2,LIGHTING,CONTROL_DEVICE,CHP_ROAD_TYPE,PEDESTRIAN_ACCIDENT,BICYCLE_ACCIDENT,MOTORCYCLE_ACCIDENT,TRUCK_ACCIDENT,NOT_PRIVATE_PROPERTY,ALCOHOL_INVOLVED,STWD_VEHTYPE_AT_FAULT,CHP_VEHTYPE_AT_FAULT,COUNT_SEVERE_INJ,COUNT_VISIBLE_INJ,COUNT_COMPLAINT_PAIN,COUNT_PED_KILLED,COUNT_PED_INJURED,COUNT_BICYCLIST_KILLED,COUNT_BICYCLIST_INJURED,COUNT_MC_KILLED,COUNT_MC_INJURED,PRIMARY_RAMP,SECONDARY_RAMP,LATITUDE,LONGITUDE,COUNTY,CITY,POINT_X,POINT_Y
81712801,2022,2022-03-02,3010,2022-02-23,1033,1118,411,3,5,6,3010,0,0,0,NA,0,005,ELLIS AVE,GOTHARD ST,0,NA,Y,A,-,N,NA,NA,NA,NA,NA,NA,NA,NA,NA,Y,4,0,2,2,A,-,12,21453,A,N,D,C,A,A,H,-,A,A,0,NA,NA,NA,Y,Y,NA,A,01,0,0,2,0,0,0,0,0,0,-,-,33.69401168823242,-118.0000228881836,ORANGE,HUNTINGTON BEACH,-117.9997787475586,33.69384002685547
81712811,2022,2022-03-02,3010,2022-02-28,1138,1261,413,1,5,6,3010,0,0,0,NA,0,005,BEACH BL - SR39,CONSTANTINE DR,115,N,N,A,-,Y,ORA,NA,39,NA,NA,2.841,H,NA,L,Y,4,0,2,2,A,-,03,22350,NA,N,C,C,A,A,H,-,A,D,0,NA,NA,NA,NA,Y,NA,D,22,0,0,2,0,0,0,0,0,0,-,-,33.689430236816406,-117.98918914794922,ORANGE,HUNTINGTON BEACH,-117.98891448974608,33.68943405151367
8171421,2016,2016-11-23,3024,2016-10-28,1545,175,P30,5,5,5,3024,0,0,0,NA,0,WEST,BOLSA AV,GOLDEN WEST CIR,0,NA,Y,A,-,N,NA,NA,NA,NA,NA,NA,NA,NA,NA,N,3,0,1,2,A,-,12,21453,A,N,H,G,A,A,H,-,A,A,0,NA,Y,NA,NA,Y,NA,L,04,0,1,0,0,0,0,1,0,0,-,-,NA,NA,ORANGE,WESTMINSTER,-118.00223008,33.74461007
8171461,2016,2016-11-22,3024,2016-11-08,2226,382,P41,2,5,5,3024,0,0,0,NA,0,EAST,BROOKHURST ST,MARGO LN,0,NA,Y,A,-,N,NA,NA,NA,NA,NA,NA,NA,NA,NA,N,4,0,1,2,A,-,12,21453,A,N,C,C,A,A,H,-,C,A,0,NA,NA,NA,NA,Y,NA,A,01,0,0,1,0,0,0,0,0,0,-,-,NA,NA,ORANGE,WESTMINSTER,-117.95480001,33.73440009
81714981,2022,2022-03-04,3024,2022-01-24,1140,435,P-06,1,5,5,3024,0,0,0,NA,0,WEST,HOOVER STREET,TRASK AVENUE,0,NA,Y,A,-,N,NA,NA,NA,NA,NA,NA,NA,NA,NA,Y,4,0,1,2,A,-,09,21800,D,N,D,C,A,A,D,-,A,B,0,NA,NA,NA,NA,Y,NA,A,01,0,0,1,0,0,0,0,0,0,-,-,33.76633834838867,-117.99836730957033,ORANGE,WESTMINSTER,-117.99848175048828,33.766441345214844
81715917,2022,2022-03-07,3007,2022-02-04,1350,1157,53,5,5,5,3007,0,0,0,NA,0,003,TALBERT AVENUE,BAY STREET,33,E,N,A,-,N,NA,NA,NA,NA,NA,NA,NA,NA,NA,Y,4,0,2,3,A,-,03,22350,NA,N,C,C,A,A,H,-,A,D,0,NA,NA,NA,NA,Y,NA,A,01,0,0,2,0,0,0,0,0,0,-,-,NA,NA,ORANGE,FOUNTAIN VALLEY,-117.96892547607422,33.70159149169922
81720313,2022,2022-03-11,3015,2022-03-04,1709,1240,RD23,5,5,6,3015,0,0,0,NA,0,723M,PALM AVE,CENTER ST,113,W,N,A,-,N,NA,NA,NA,NA,NA,NA,NA,NA,NA,Y,4,0,2,2,A,-,08,22107,NA,N,A,C,A,A,H,-,A,D,0,NA,NA,NA,NA,Y,NA,A,01,0,0,2,0,0,0,0,0,0,-,-,33.790870666503906,-117.84976959228516,ORANGE,ORANGE,-117.85021209716795,33.79147720336914
81720321,2022,2022-03-11,3001,2022-02-21,1053,A1466,D-4,1,5,7,3001,0,0,0,NA,0,044,OAK CANYON DRIVE,SERRANO AVENUE,148,E,N,A,-,N,NA,NA,NA,NA,NA,NA,NA,NA,NA,Y,3,0,1,1,A,-,08,22107,NA,N,E,I,A,A,H,-,A,D,0,NA,NA,NA,NA,Y,NA,D,22,0,1,0,0,0,0,0,0,0,-,-,33.85480880737305,-117.73531341552734,ORANGE,ANAHEIM,-117.73471069335938,33.85529327392578
81720340,2022,2022-03-11,3001,2022-03-07,0826,A2187,D-2,1,5,7,3001,0,0,0,NA,0,NA,EAST STREET,CHESTNUT STREET,113,N,N,A,-,N,NA,NA,NA,NA,NA,NA,NA,NA,NA,Y,4,0,3,3,A,-,03,22350,NA,N,C,C,A,A,H,-,A,A,0,NA,NA,NA,NA,Y,Y,A,07,0,0,3,0,0,0,0,0,0,-,-,33.834999084472656,-117.9018783569336,ORANGE,ANAHEIM,-117.9022216796875,33.83667755126953
81720466,2022,2022-03-11,3024,2022-02-01,0619,435,P-30,2,5,5,3024,0,0,0,NA,0,WEST,BOLSA AVENUE,I-405 S/B TO BOLSA AVENUE E/B,0,NA,Y,B,-,Y,NA,NA,NA,NA,NA,NA,NA,NA,NA,N,4,0,1,2,A,-,09,21802,A,N,D,C,A,A,H,-,B,A,0,NA,NA,NA,NA,Y,NA,A,01,0,0,1,0,0,0,0,0,0,-,-,NA,NA,ORANGE,WESTMINSTER,NA,NA
81721215,2022,2022-03-14,3001,2022-02-08,1503,A2227,NA,2,5,7,3001,0,0,0,NA,0,D-3,CERRITOS AVENUE,HAMPSTEAD STREET,0,NA,Y,A,-,N,NA,NA,NA,NA,NA,NA,NA,NA,NA,Y,3,0,1,2,A,-,09,21802,A,N,-,C,A,A,H,-,A,D,0,NA,NA,NA,NA,Y,NA,A,07,0,1,0,0,0,0,0,0,0,-,-,33.8105583190918,-117.93132781982422,ORANGE,ANAHEIM,-117.93146514892578,33.810569763183594
8172232,2016,2016-11-29,3001,2016-11-11,0818,2115,NA,5,5,7,3001,0,0,0,NA,0,0D3,WEST ORANGEWOOD AV,ACAMA ST,21,E,N,A,-,N,NA,NA,NA,NA,NA,NA,NA,NA,NA,Y,4,0,1,2,A,-,08,21460,5,N,D,C,A,A,H,-,A,D,0,NA,NA,NA,NA,Y,NA,A,07,0,0,1,0,0,0,0,0,0,-,-,NA,NA,ORANGE,ANAHEIM,-117.91406104000001,33.79609
81723710,2022,2022-03-16,3008,2022-02-02,2043,1582,ZONE,3,5,6,3008,0,0,0,NA,0,NA,POMONA AVE,ORANGETHORPE AVE,0,NA,Y,A,-,N,NA,NA,NA,NA,NA,NA,NA,NA,NA,N,3,0,1,2,A,-,10,21950,C,F,G,B,B,A,H,-,C,A,0,Y,NA,NA,NA,Y,NA,-,99,0,1,0,0,1,0,0,0,0,-,-,NA,NA,ORANGE,FULLERTON,-117.92206573486328,33.859432220458984
81724520,2022,2022-03-17,3001,2022-03-14,0832,A2187,D-1,1,5,7,3001,0,0,0,NA,0,D-1,KATELLA AVENUE,BROOKHURST STREET,186,E,N,A,-,N,NA,NA,NA,NA,NA,NA,NA,NA,NA,Y,4,0,1,4,A,-,03,22350,NA,N,C,C,A,A,H,-,A,D,0,NA,NA,NA,NA,Y,NA,A,01,0,0,1,0,0,0,0,0,0,-,-,NA,NA,ORANGE,ANAHEIM,-117.95835113525392,33.80323028564453
81724633,2022,2022-03-17,3019,2022-01-08,1608,3676,WE,6,5,7,3019,0,0,0,NA,0,001,1ST STREET,EUCLID STREET,92,E,N,A,-,N,NA,NA,NA,NA,NA,NA,NA,NA,NA,Y,4,0,2,2,A,-,09,21804,A,N,D,D,A,A,H,-,A,D,0,NA,NA,NA,NA,Y,NA,A,01,0,0,2,0,0,0,0,0,0,-,-,33.74515914916992,-117.93760681152344,ORANGE,SANTA ANA,-117.93717956542967,33.74505615234375
8172477,2016,2016-11-23,3026,2016-10-31,0744,4779,C,1,5,6,3026,0,0,0,NA,0,00C,SAND CANYON AV,BARRANCA PKWY,43,N,N,B,-,N,NA,NA,NA,NA,NA,NA,NA,NA,NA,Y,4,0,1,2,A,-,03,22350,NA,N,C,C,A,A,H,-,A,A,0,NA,NA,NA,NA,Y,NA,A,01,0,0,1,0,0,0,0,0,0,-,-,NA,NA,ORANGE,IRVINE,-117.7711126,33.66465851
81726253,2022,2022-03-18,3001,2022-03-01,1721,A1622,D-4,2,5,7,3001,0,0,0,NA,0,D-4,TUSTIN AVENUE,RT 91 EBOFF/R,0,NA,Y,A,-,Y,NA,NA,NA,NA,NA,NA,NA,NA,NA,Y,4,0,1,2,A,-,12,21453,A,N,D,C,A,A,H,-,B,A,0,NA,NA,NA,NA,Y,NA,-,-,0,0,1,0,0,0,0,0,0,-,-,33.84986877441406,-117.83812713623048,ORANGE,ANAHEIM,-117.83797454833984,33.85123062133789
81727379,2022,2022-03-21,3024,2022-02-10,1856,472,P-22,4,5,5,3024,0,0,0,NA,0,WEST,GOLDENWEST STREET,SOWELL AVENUE,462,S,N,A,-,N,NA,NA,NA,NA,NA,NA,NA,NA,NA,Y,4,0,1,2,A,-,09,21801,A,N,D,C,A,A,H,-,C,D,0,NA,NA,NA,NA,Y,NA,A,01,0,0,1,0,0,0,0,0,0,-,-,33.74869155883789,-118.00727081298828,ORANGE,WESTMINSTER,-118.0073013305664,33.74734115600586
81727428,2022,2022-03-21,3007,2022-03-14,1755,304,33,1,5,5,3007,0,0,0,NA,0,001,WARNER,MAGNOLIA,0,NA,Y,A,-,N,NA,NA,NA,NA,NA,NA,NA,NA,NA,Y,4,0,1,2,A,-,09,21801,A,N,D,C,A,A,H,-,A,A,0,NA,NA,NA,NA,Y,NA,A,01,0,0,1,0,0,0,0,0,0,-,-,NA,NA,ORANGE,FOUNTAIN VALLEY,-117.97196197509766,33.715736389160156
81729523,2022,2022-03-23,3010,2022-03-01,0858,0147,441,2,5,6,3010,0,0,0,NA,0,004,LAKE ST,ADAMS AVE,0,NA,Y,A,-,N,NA,NA,NA,NA,NA,NA,NA,NA,NA,Y,3,0,2,2,A,-,09,21801,A,N,D,C,A,A,H,-,A,A,0,NA,NA,NA,NA,Y,NA,A,01,0,1,1,0,0,0,0,0,0,-,-,33.671051025390625,-117.99890899658205,ORANGE,HUNTINGTON BEACH,-117.99794006347656,33.672088623046875
8173079,2016,2017-03-03,3012,2016-10-24,1658,247,38,1,5,5,3012,0,0,0,NA,0,0SW,IMPERIAL,LA HABRA HILLS,242,W,N,B,-,Y,ORA,12,90,-,-,0.57,H,-,E,N,3,0,1,2,A,-,05,21650,1,N,D,G,A,A,H,-,A,D,0,NA,Y,NA,NA,Y,NA,L,04,0,1,0,0,0,0,1,0,0,-,-,NA,NA,ORANGE,LA HABRA,-117.9664045,33.91727317
8173796,2016,2016-11-23,3015,2016-10-31,1503,1421,54E,1,5,6,3015,0,0,0,NA,0,722,E WALNUT AV,HEWES ST,231,N,N,A,-,N,NA,NA,NA,NA,NA,NA,NA,NA,NA,N,4,0,1,3,A,-,03,22350,NA,N,C,C,A,A,H,-,A,D,0,NA,NA,NA,NA,Y,NA,D,22,0,0,1,0,0,0,0,0,0,-,-,NA,NA,ORANGE,ORANGE,-117.8057,33.79504
8173806,2016,2016-11-28,3003,2016-11-08,1850,752,3003,2,5,5,3003,0,0,0,NA,0,005,CRESCENT AV,PIERCE DR,0,NA,Y,A,-,N,NA,NA,NA,NA,NA,NA,NA,NA,NA,N,4,0,3,2,A,-,09,21802,A,N,D,C,A,A,H,-,C,A,0,NA,NA,NA,NA,Y,NA,I,11,0,0,3,0,0,0,0,0,0,-,-,33.893,-118.0062,ORANGE,BUENA PARK,-118.00628003,33.8392801
8173816,2016,2016-12-02,3009,2016-11-10,0525,2580,45,4,5,6,3009,0,0,0,NA,0,011,LAMPSON AV,SPRINGDALE ST,0,NA,Y,A,-,N,NA,NA,NA,NA,NA,NA,NA,NA,NA,N,4,0,2,2,A,-,12,21453,A,N,D,C,A,A,H,-,B,-,0,NA,NA,NA,NA,Y,NA,-,-,0,0,2,0,0,0,0,0,0,-,-,NA,NA,ORANGE,GARDEN GROVE,-118.01998006,33.78105011
81739282,2022,2022-04-04,3001,2022-03-29,1057,A1880,D-2,2,5,7,3001,0,0,0,NA,0,D-2,LA PALMA AVENUE,HERMOSA DRIVE,230,W,N,B,-,N,NA,NA,NA,NA,NA,NA,NA,NA,NA,Y,4,0,1,2,A,-,03,22350,NA,N,C,C,A,A,H,-,A,D,0,NA,NA,NA,NA,Y,NA,A,01,0,0,1,0,0,0,0,0,0,-,-,33.847328186035156,-117.9364013671875,ORANGE,ANAHEIM,-117.93721771240234,33.847129821777344
81739571,2022,2022-04-04,3015,2022-03-28,1050,1563,RD 35,1,5,6,3015,0,0,0,NA,0,731M,COLLINS AVE,BATAVIA ST,30,W,N,B,C,N,NA,NA,NA,NA,NA,NA,NA,NA,NA,Y,4,0,2,2,A,-,08,22107,NA,N,C,C,A,B,H,-,A,A,0,NA,NA,NA,NA,Y,NA,D,22,0,0,2,0,0,0,0,0,0,-,-,NA,NA,ORANGE,ORANGE,-117.86188507080078,33.80241012573242
81739753,2022,2022-04-04,3024,2022-02-26,1914,533,P-31,6,5,5,3024,0,0,0,NA,0,WEST,BOLSA AVENUE,BEACH BOULEVARD,202,W,N,A,-,N,NA,NA,NA,NA,NA,NA,NA,NA,NA,N,4,0,1,2,A,-,01,23152,A,N,C,C,A,A,H,-,C,A,0,NA,NA,NA,NA,Y,Y,A,01,0,0,1,0,0,0,0,0,0,-,-,33.74467086791992,-117.98948669433594,ORANGE,WESTMINSTER,-117.99005126953124,33.74470520019531
81740707,2022,2022-04-05,3001,2022-02-23,1313,A1466,D-4,3,5,7,3001,0,0,0,NA,0,D-4,ROOSEVELT ROAD,SANTA ANA CANYON ROAD,105,S,N,B,-,N,NA,NA,NA,NA,NA,NA,NA,NA,NA,Y,4,0,1,2,C,-,18,NA,NA,N,C,C,A,A,H,-,A,D,0,NA,NA,NA,NA,Y,NA,-,-,0,0,1,0,0,0,0,0,0,-,-,33.86716842651367,-117.7460479736328,ORANGE,ANAHEIM,-117.74625396728516,33.866981506347656
81740718,2022,2022-04-05,3001,2022-04-03,2000,A2703,D-1,7,5,7,3001,0,0,0,NA,0,D-1,CERRITOS AVENUE,GARZA STREET,240,W,N,A,-,N,NA,NA,NA,NA,NA,NA,NA,NA,NA,N,3,0,1,1,A,-,08,22107,NA,N,F,A,A,A,H,-,C,D,0,NA,Y,NA,NA,Y,NA,L,04,0,1,0,0,0,0,1,0,0,-,-,33.81040954589844,-117.97042083740234,ORANGE,ANAHEIM,-117.97106170654295,33.810359954833984
81740867,2022,2022-04-05,3002,2022-02-23,1815,1717,NA,3,5,4,3002,0,0,0,NA,0,011,BREA CANYON RD,TONNER CANYON RD,2069,S,N,A,-,N,NA,NA,NA,NA,NA,NA,NA,NA,NA,Y,4,0,1,3,A,-,03,22350,NA,N,C,C,A,A,H,-,D,D,0,NA,NA,NA,NA,Y,NA,D,22,0,0,1,0,0,0,0,0,0,-,-,33.94070816040039,-117.87805938720705,ORANGE,BREA,-117.8781509399414,33.94076919555664
81741916,2022,2022-04-06,3008,2022-02-18,2326,1548,ZONE,5,5,6,3008,0,0,0,NA,0,NA,CHAPMAN AVE,YALE AVE (E),99,W,N,A,-,N,NA,NA,NA,NA,NA,NA,NA,NA,NA,Y,3,0,1,3,A,-,01,23152,A,N,C,E,A,A,H,-,C,D,0,NA,NA,NA,NA,Y,Y,A,01,0,1,0,0,0,0,0,0,0,-,-,NA,NA,ORANGE,FULLERTON,-117.91225433349608,33.87403869628906
81742295,2022,2022-04-06,3014,2022-03-15,1518,1435,RD28,2,5,5,3014,0,0,0,NA,0,A2,IRVINE AVE,WESTCLIFF DR,728,N,N,A,-,N,NA,NA,NA,NA,NA,NA,NA,NA,NA,N,4,0,1,2,A,-,05,21650,NA,N,H,G,A,A,H,-,A,D,0,NA,NA,NA,NA,Y,NA,M,91,0,0,1,0,0,0,0,0,0,-,-,33.62990951538086,-117.90689849853516,ORANGE,NEWPORT BEACH,-117.90714263916016,33.629966735839844
81745762,2022,2022-04-12,3001,2022-04-08,2015,A2730,D-2,5,5,7,3001,0,0,0,NA,0,D-2,BROOKHURST STREET,RT 91 EBOFF/R,52,N,N,A,-,Y,NA,NA,NA,NA,NA,NA,NA,NA,NA,N,4,0,1,2,A,-,03,22350,NA,M,B,C,A,A,H,-,C,A,0,NA,NA,NA,NA,Y,NA,A,01,0,0,1,0,0,0,0,0,0,-,-,33.85271072387695,-117.95865631103516,ORANGE,ANAHEIM,-117.95924377441406,33.853981018066406
81746457,2022,2022-04-12,3014,2022-04-08,1836,1374,RD41,5,5,5,3014,0,0,0,NA,0,A3,JAMBOREE RD,SR-1 (E COAST HWY),0,NA,Y,A,-,Y,NA,NA,NA,NA,NA,NA,NA,NA,NA,Y,2,0,2,3,A,-,12,21453,NA,N,D,C,A,A,H,-,A,A,0,NA,Y,NA,NA,Y,NA,A,01,1,0,1,0,0,0,1,0,0,-,-,33.612850189208984,-117.8906021118164,ORANGE,NEWPORT BEACH,-117.89073181152344,33.6126594543457
81746773,2022,2022-04-13,3001,2022-04-06,1837,A1880,D-4,3,5,7,3001,0,0,0,NA,0,D-4,LA PALMA AVENUE,YORBA LINDA BLVD,27,E,N,A,-,N,NA,NA,NA,NA,NA,NA,NA,NA,NA,Y,4,0,1,2,A,-,01,23152,F,N,E,I,A,A,H,-,B,A,0,NA,NA,NA,NA,Y,NA,A,01,0,0,1,0,0,0,0,0,0,-,-,NA,NA,ORANGE,ANAHEIM,-117.75092315673828,33.875064849853516
81747666,2022,2022-04-14,3010,2022-04-06,1148,2036,282,3,5,6,3010,0,0,0,NA,0,006,BEACH BL - SR39,NEWMAN AVE,0,NA,Y,A,-,Y,ORA,NA,39,NA,NA,3.79,H,NA,L,Y,4,0,1,2,A,-,12,21453,A,N,D,C,A,A,H,-,A,A,0,NA,NA,NA,NA,Y,NA,A,01,0,0,1,0,0,0,0,0,0,-,-,33.70362091064453,-117.98934936523438,ORANGE,HUNTINGTON BEACH,-117.98929595947266,33.70362091064453
8174812,2016,2017-03-02,3010,2016-11-14,1335,205,252,1,5,6,3010,0,0,0,NA,0,007,RT 39,STARK,200,N,N,A,-,Y,ORA,12,39,-,-,5.51,H,-,S,Y,4,0,1,2,A,-,04,21703,NA,N,C,C,A,A,H,-,A,A,0,NA,NA,NA,NA,Y,NA,A,01,0,0,1,0,0,0,0,0,0,-,-,NA,NA,ORANGE,HUNTINGTON BEACH,-117.98940916,33.72836267
81748585,2022,2022-04-15,3001,2022-04-11,1949,A2467,NA,1,5,7,3001,0,0,0,NA,0,NA,ACADEMY AVENUE,LAXORE STREET,201,E,N,A,-,N,NA,NA,NA,NA,NA,NA,NA,NA,NA,N,3,0,2,3,A,-,08,22107,NA,F,G,B,F,A,H,-,B,D,0,Y,NA,NA,NA,Y,NA,A,01,0,2,0,0,2,0,0,0,0,-,-,33.827449798583984,-117.99195861816406,ORANGE,ANAHEIM,-117.991455078125,33.8278923034668
8174952,2016,2016-11-29,3026,2016-11-13,1622,480,NA,7,5,6,3026,0,0,0,NA,0,00U,MAIN ST,VENETO,0,NA,Y,A,-,N,NA,NA,NA,NA,NA,NA,NA,NA,NA,N,3,0,1,2,A,-,12,21453,A,M,D,G,A,A,H,-,A,A,0,NA,Y,NA,NA,Y,Y,L,04,0,1,0,0,0,0,1,0,0,-,-,NA,NA,ORANGE,IRVINE,-117.83334005,33.67828006
8175052,2016,2016-11-30,3019,2016-11-20,1511,3203,SC,7,5,7,3019,0,0,0,NA,0,004,FLOWER AV,MACARTHUR,5,S,N,C,-,N,NA,NA,NA,NA,NA,NA,NA,NA,NA,Y,4,0,1,2,A,-,01,23152,A,F,D,C,A,B,H,-,A,D,0,NA,NA,NA,NA,Y,Y,A,07,0,0,1,0,0,0,0,0,0,-,-,NA,NA,ORANGE,SANTA ANA,-117.87694018,33.69992629
81752766,2022,2022-04-20,3007,2022-04-10,1351,324,54,7,5,5,3007,0,0,0,NA,0,003,BUSHARD,TALBERT,220,N,N,A,-,N,NA,NA,NA,NA,NA,NA,NA,NA,NA,Y,2,0,1,1,A,-,08,22107,NA,N,E,I,A,A,H,-,A,D,0,NA,NA,NA,NA,Y,NA,A,07,1,0,0,0,0,0,0,0,0,-,-,NA,NA,ORANGE,FOUNTAIN VALLEY,-117.96292877197266,33.702232360839844
81756276,2022,2022-04-26,3019,2022-03-11,2130,3630,SC,5,5,7,3019,0,0,0,NA,0,001,EDINGER AVENUE,FAIRVIEW STREET,300,E,N,A,-,N,NA,NA,NA,NA,NA,NA,NA,NA,NA,N,4,0,1,2,D,-,00,NA,NA,N,D,G,A,A,H,-,C,D,0,NA,Y,NA,NA,Y,NA,-,-,0,0,1,0,0,0,1,0,0,-,-,33.72732162475586,-117.90615844726563,ORANGE,SANTA ANA,-117.90518951416016,33.727264404296875
81757338,2022,2022-04-27,3019,2022-03-16,1159,2966,NE,3,5,7,3019,0,0,0,NA,0,002,MAIN STREET,MAINPLACE DRIVE (S),750,N,N,A,-,N,NA,NA,NA,NA,NA,NA,NA,NA,NA,Y,4,0,1,2,A,-,12,21453,A,N,D,C,A,A,H,-,A,A,0,NA,NA,NA,NA,Y,NA,D,22,0,0,1,0,0,0,0,0,0,-,-,33.771949768066406,-117.86695098876952,ORANGE,SANTA ANA,-117.8674087524414,33.77863693237305
81757384,2022,2022-04-27,3008,2022-03-16,2158,1116,ZONE,3,5,6,3008,0,0,0,NA,0,NA,LEMON ST,BERKELEY AVE,0,NA,Y,A,-,N,NA,NA,NA,NA,NA,NA,NA,NA,NA,Y,4,0,1,2,A,-,12,21453,A,M,D,C,A,A,H,-,C,A,0,NA,NA,NA,NA,Y,NA,-,99,0,0,1,0,0,0,0,0,0,-,-,NA,NA,ORANGE,FULLERTON,-117.91985321044922,33.8787727355957
81758365,2022,2022-04-28,3010,2022-04-23,1109,3042,412,6,5,6,3010,0,0,0,NA,0,005,MAIN ST,HUNTINGTON ST,260,N,N,A,-,N,NA,NA,NA,NA,NA,NA,NA,NA,NA,N,3,0,1,1,A,-,03,22350,NA,N,H,A,A,A,H,-,A,D,0,NA,Y,NA,NA,Y,NA,L,04,0,1,0,0,0,0,1,0,0,-,-,33.6876106262207,-117.99597930908205,ORANGE,HUNTINGTON BEACH,-117.99468994140624,33.689369201660156
81758398,2022,2022-04-28,3019,2022-03-17,1433,3444,NE,4,5,7,3019,0,0,0,NA,0,002,MAIN STREET,9TH STREET,0,NA,Y,A,-,N,NA,NA,NA,NA,NA,NA,NA,NA,NA,N,3,0,1,2,A,-,05,21650,1,N,D,G,A,A,H,-,A,A,0,NA,Y,NA,NA,Y,NA,L,04,0,1,0,0,0,0,1,0,0,-,-,33.75151062011719,-117.8676300048828,ORANGE,SANTA ANA,-117.86761474609376,33.75228500366211
81759212,2022,2022-04-28,3014,2022-04-22,1248,1501,RD39,5,5,5,3014,0,0,0,NA,0,A3,MACARTHUR BLVD,SR-1 (COAST HWY E),194,N,N,A,-,N,NA,NA,NA,NA,NA,NA,NA,NA,NA,Y,4,0,1,5,A,-,08,22107,NA,N,B,C,A,A,H,-,A,A,0,NA,NA,NA,NA,Y,NA,A,07,0,0,1,0,0,0,0,0,0,-,-,33.60478973388672,-117.87349700927734,ORANGE,NEWPORT BEACH,NA,NA
81761410,2022,2022-05-02,3015,2022-04-09,1605,1563,RD 24,6,5,6,3015,0,0,0,NA,0,731M,CHAPMAN AVE,PROSPECT ST,433,W,N,A,-,N,NA,NA,NA,NA,NA,NA,NA,NA,NA,Y,4,0,1,2,A,-,08,22107,NA,N,D,C,A,A,H,-,A,D,0,NA,NA,NA,NA,Y,NA,A,01,0,0,1,0,0,0,0,0,0,-,-,NA,NA,ORANGE,ORANGE,-117.81982421875,33.78779983520508
81761414,2022,2022-05-02,3015,2022-04-14,1151,1675,NA,4,5,6,3015,0,0,0,NA,0,720M,KATELLA AVE,GLASSELL ST,651,E,N,A,-,N,NA,NA,NA,NA,NA,NA,NA,NA,NA,Y,4,0,1,2,A,-,09,21804,A,N,B,D,A,A,H,-,A,D,0,NA,NA,Y,NA,Y,NA,A,01,0,0,1,0,0,0,0,0,1,-,-,33.809078216552734,-117.85301971435548,ORANGE,ORANGE,-117.85301971435548,33.80908966064453
81761429,2022,2022-05-02,3015,2022-04-19,0812,1250,RD23,2,5,6,3015,0,0,0,NA,0,711M,CAMBRIDGE ST,MAPLE AVE,237,S,N,A,-,N,NA,NA,NA,NA,NA,NA,NA,NA,NA,Y,4,0,1,3,A,-,08,22107,NA,N,B,E,A,A,H,-,A,D,0,NA,NA,NA,NA,Y,NA,A,01,0,0,1,0,0,0,0,0,0,-,-,33.789588928222656,-117.84433746337892,ORANGE,ORANGE,-117.84442901611328,33.78902053833008
81761831,2022,2022-05-02,3008,2022-03-07,1608,1494,ZONE,1,5,6,3008,0,0,0,NA,0,NA,COMMONWEALTH AVE,ORCHARD AVE,0,N,Y,A,-,N,NA,NA,NA,NA,NA,NA,NA,NA,NA,Y,3,0,1,2,A,-,08,22107,NA,N,D,C,A,A,H,-,A,D,0,NA,NA,Y,NA,Y,NA,A,01,0,1,0,0,0,0,0,0,1,-,-,NA,NA,ORANGE,FULLERTON,-117.9473876953125,33.87017822265625
81763851,2022,2022-05-04,3019,2022-03-19,1514,3730,WE,6,5,7,3019,0,0,0,NA,0,001,FAIRVIEW STREET,17TH STREET,0,NA,Y,A,-,N,NA,NA,NA,NA,NA,NA,NA,NA,NA,Y,4,0,3,2,A,-,12,21453,A,N,D,C,A,A,H,-,A,A,0,NA,NA,NA,NA,Y,NA,A,01,0,0,3,0,0,0,0,0,0,-,-,33.75988006591797,-117.90255737304688,ORANGE,SANTA ANA,-117.90286254882813,33.75984573364258
81766041,2022,2022-05-06,3019,2022-04-28,1109,3785,SE,4,5,7,3019,0,0,0,NA,0,003,EDINGER AVENUE,MAIN STREET,75,E,N,A,-,N,NA,NA,NA,NA,NA,NA,NA,NA,NA,N,3,0,3,4,A,-,01,23152,F,N,C,C,A,A,H,-,A,A,0,NA,NA,NA,NA,Y,NA,A,07,0,2,1,0,0,0,0,0,0,-,-,33.72639846801758,-117.86830139160156,ORANGE,SANTA ANA,-117.86779022216795,33.727149963378906