CASE_ID,ACCIDENT_YEAR,PROC_DATE,JURIS,COLLISION_DATE,COLLISION_TIME,OFFICER_ID,REPORTING_DISTRICT,DAY_OF_WEEK,CHP_SHIFT,POPULATION,CNTY_CITY_LOC,SPECIAL_COND,BEAT_TYPE,CHP_BEAT_TYPE,CITY_DIVISION_LAPD,CHP_BEAT_CLASS,BEAT_NUMBER,PRIMARY_RD,SECONDARY_RD,DISTANCE,DIRECTION,INTERSECTION,WEATHER_1,WEATHER_2,STATE_HWY_IND,CALTRANS_COUNTY,CALTRANS_DISTRICT,STATE_ROUTE,ROUTE_SUFFIX,POSTMILE_PREFIX,POSTMILE,LOCATION_TYPE,RAMP_INTERSECTION,SIDE_OF_HWY,TOW_AWAY,COLLISION_SEVERITY,NUMBER_KILLED,NUMBER_INJURED,PARTY_COUNT,PRIMARY_COLL_FACTOR,PCF_CODE_OF_VIOL,PCF_VIOL_CATEGORY,PCF_VIOLATION,PCF_VIOL_SUBSECTION,HIT_AND_RUN,TYPE_OF_COLLISION,MVIW,PED_ACTION,ROAD_SURFACE,ROAD_COND_1,ROAD_COND_2,LIGHTING,CONTROL_DEVICE,CHP_ROAD_TYPE,PEDESTRIAN_ACCIDENT,BICYCLE_ACCIDENT,MOTORCYCLE_ACCIDENT,TRUCK_ACCIDENT,NOT_PRIVATE_PROPERTY,ALCOHOL_INVOLVED,STWD_VEHTYPE_AT_FAULT,CHP_VEHTYPE_AT_FAULT,COUNT_SEVERE_INJ,COUNT_VISIBLE_INJ,COUNT_COMPLAINT_PAIN,COUNT_PED_KILLED,COUNT_PED_INJURED,COUNT_BICYCLIST_KILLED,COUNT_BICYCLIST_INJURED,COUNT_MC_KILLED,COUNT_MC_INJURED,PRIMARY_RAMP,SECONDARY_RAMP,LATITUDE,LONGITUDE,COUNTY,CITY,POINT_X,POINT_Y
8190110,2016,2017-03-01,3026,2016-10-12,1500,4779,NA,3,5,6,3026,0,0,0,NA,0,NA,MACARTHUR BL,RT 405,0,NA,Y,A,-,Y,ORA,12,405,-,-,7.758,R,4,N,Y,3,0,1,2,A,-,08,22101,D,N,B,C,A,A,H,-,A,A,0,NA,NA,NA,NA,Y,NA,D,22,0,1,0,0,0,0,0,0,0,-,NO,NA,NA,ORANGE,IRVINE,-117.85625187,33.68256325
81904617,2022,2022-10-31,3015,2022-10-20,0804,1545,RD44,4,5,6,3015,0,0,0,NA,0,721M,CHAPMAN AVE,LOS TIMBRES ST,0,NA,Y,A,-,N,NA,NA,NA,NA,NA,NA,NA,NA,NA,Y,4,0,2,2,A,-,09,21801,A,N,D,C,A,A,H,-,A,D,0,NA,NA,NA,NA,Y,NA,A,01,0,0,2,0,0,0,0,0,0,-,-,33.78765106201172,-117.79749298095705,ORANGE,ORANGE,-117.79744720458984,33.78770065307617
8190462,2016,2016-12-20,3007,2016-12-01,1318,250,38,4,5,5,3007,0,0,0,NA,0,002,WARNER,WINTERSBURG,853,E,N,A,-,N,NA,NA,NA,NA,NA,NA,NA,NA,NA,N,4,0,1,2,A,-,01,23152,E,N,G,I,A,A,H,-,A,D,0,NA,NA,NA,NA,Y,NA,A,01,0,0,1,0,0,0,0,0,0,-,-,NA,NA,ORANGE,FOUNTAIN VALLEY,-117.92237856,33.71474072
81904634,2022,2022-10-31,3001,2022-10-25,1849,A2367,D-2,2,5,7,3001,0,0,0,NA,0,D-2,BROADWAY,OLIVE STREET,0,NA,Y,A,-,N,NA,NA,NA,NA,NA,NA,NA,NA,NA,Y,4,0,2,2,A,-,12,21453,A,N,D,C,A,A,H,-,C,A,0,NA,NA,NA,NA,Y,NA,D,22,0,0,2,0,0,0,0,0,0,-,-,NA,NA,ORANGE,ANAHEIM,-117.9094467163086,33.834205627441406
81904682,2022,2022-10-31,3010,2022-10-22,1045,2137,251,6,5,6,3010,0,0,0,NA,0,007,GOTHARD ST,NCLP LORGE CIR,10,S,N,A,-,N,NA,NA,NA,NA,NA,NA,NA,NA,NA,Y,4,0,2,2,A,-,09,21801,A,N,D,C,A,A,H,-,A,D,0,NA,NA,NA,NA,Y,NA,A,01,0,0,2,0,0,0,0,0,0,-,-,NA,NA,ORANGE,HUNTINGTON BEACH,-118.00025939941406,33.728153228759766
81906222,2022,2022-11-01,3019,2022-10-27,0854,2801,NE,4,5,7,3019,0,0,0,NA,0,002,1ST STREET,WRIGHT STREET,0,NA,Y,A,-,N,NA,NA,NA,NA,NA,NA,NA,NA,NA,Y,3,0,1,2,A,-,09,21802,A,N,D,C,A,A,H,-,A,D,0,NA,NA,NA,NA,Y,NA,D,22,0,1,0,0,0,0,0,0,0,-,-,33.74546813964844,-117.84718322753906,ORANGE,SANTA ANA,-117.8469467163086,33.74559020996094
81906849,2022,2022-11-01,3014,2022-10-28,1554,1555,RD41,5,5,5,3014,0,0,0,NA,0,A3,BAYSIDE DR,S BAYSIDE WAY,209,N,N,A,-,N,NA,NA,NA,NA,NA,NA,NA,NA,NA,N,3,0,1,1,A,-,03,22350,NA,N,F,A,A,A,H,-,A,D,0,NA,Y,NA,NA,Y,Y,L,04,0,1,0,0,0,0,1,0,0,-,-,33.61766052246094,-117.89874267578124,ORANGE,NEWPORT BEACH,-117.89881896972656,33.61764907836914
81908079,2022,2022-11-03,3001,2022-10-29,0214,A2788,D-2,6,5,7,3001,0,0,0,NA,0,NA,MAGNOLIA AVENUE,GLENCREST AVENUE,150,S,N,A,-,N,NA,NA,NA,NA,NA,NA,NA,NA,NA,Y,4,0,1,2,A,-,03,22350,NA,F,C,C,A,A,H,-,C,A,0,NA,NA,Y,NA,Y,NA,D,22,0,0,1,0,0,0,0,0,1,-,-,33.84027099609375,-117.9761962890625,ORANGE,ANAHEIM,-117.97608184814452,33.83987045288086
81910339,2022,2022-11-07,3010,2022-10-31,1251,0147,462,1,5,6,3010,0,0,0,NA,0,002,BEACH BL - SR39,ATLANTA AVE (W),17,N,N,A,-,Y,ORA,NA,39,NA,NA,0.637,H,NA,L,N,4,0,1,2,A,-,09,21453,B,N,G,B,B,A,H,-,A,A,0,Y,NA,NA,NA,Y,NA,A,01,0,0,1,0,1,0,0,0,0,-,-,33.65773010253906,-117.98841094970705,ORANGE,HUNTINGTON BEACH,-117.98847198486328,33.65773010253906
81910848,2022,2022-11-07,3019,2022-11-03,1545,3827,NE,4,5,7,3019,0,0,0,NA,0,002,BRISTOL STREET,SANTA CLARA AVENUE,200,S,N,A,-,N,NA,NA,NA,NA,NA,NA,NA,NA,NA,N,4,0,1,2,D,-,00,NA,NA,F,C,C,A,A,H,-,A,D,0,NA,NA,NA,NA,Y,NA,-,-,0,0,1,0,0,0,0,0,0,-,-,33.766841888427734,-117.88485717773438,ORANGE,SANTA ANA,-117.88493347167967,33.76625061035156
81911913,2022,2022-11-08,3001,2022-11-05,0740,A2750,D-2,6,5,7,3001,0,0,0,NA,0,022,PROVENTIAL DRIVE,CITRON STREET,270,E,N,A,-,N,NA,NA,NA,NA,NA,NA,NA,NA,NA,Y,2,0,1,2,A,-,21,22106,NA,N,B,E,A,A,H,-,A,D,0,NA,NA,NA,NA,Y,NA,A,01,1,0,0,0,0,0,0,0,0,-,-,33.82310104370117,-117.92022705078124,ORANGE,ANAHEIM,-117.91911315917967,33.82338333129883
81913239,2022,2022-11-09,3015,2022-10-28,1855,1539,45W,5,5,6,3015,0,0,0,NA,0,123,KATELLA AVE,STRUCK AVE,151,W,N,A,-,N,NA,NA,NA,NA,NA,NA,NA,NA,NA,N,4,0,1,2,A,-,08,22107,NA,N,C,C,A,A,H,-,C,D,0,NA,NA,Y,NA,Y,NA,A,01,0,0,1,0,0,0,0,0,1,-,-,33.80624008178711,-117.87088775634766,ORANGE,ORANGE,-117.87152099609376,33.80622863769531
8191444,2016,2016-12-22,3008,2016-10-05,1229,1297,NA,3,5,6,3008,0,0,0,NA,0,ZONE 3,COMMONWEALTH AV,CHAPMAN AV,0,NA,Y,A,-,N,NA,NA,NA,NA,NA,NA,NA,NA,NA,Y,4,0,2,2,A,-,09,21801,A,N,A,C,A,A,H,-,A,A,0,NA,NA,NA,NA,Y,NA,A,01,0,0,2,0,0,0,0,0,0,-,-,NA,NA,ORANGE,FULLERTON,-117.88424006,33.87430004
8191451,2016,2016-12-22,3003,2016-10-23,0822,1187,109,7,5,5,3003,0,0,0,NA,0,005,VALLEY VIEW AV,LINCOLN AV,0,NA,Y,A,-,N,NA,NA,NA,NA,NA,NA,NA,NA,NA,N,4,0,1,2,A,-,12,21453,A,N,D,G,A,A,H,-,A,A,0,NA,Y,NA,NA,Y,NA,A,01,0,0,1,0,0,0,1,0,0,-,-,33.83153,-118.02835,ORANGE,BUENA PARK,-118.02849001,33.83181006
81914586,2022,2022-11-10,3007,2022-11-06,1730,312,47,7,5,5,3007,0,0,0,NA,0,002,EUCLID ST,SLATER AVE,0,NA,Y,A,-,N,NA,NA,NA,NA,NA,NA,NA,NA,NA,Y,4,0,2,3,A,-,12,21453,A,N,D,C,A,A,H,-,C,A,0,NA,NA,NA,NA,Y,NA,A,01,0,0,2,0,0,0,0,0,0,-,-,NA,NA,ORANGE,FOUNTAIN VALLEY,-117.93711853027344,33.70912170410156
8191515,2016,2016-12-22,3026,2016-10-15,1640,078,C,6,5,6,3026,0,0,0,NA,0,NA,MESA RD,UNIVERSITY DR,23,S,N,A,-,N,NA,NA,NA,NA,NA,NA,NA,NA,NA,Y,4,0,1,1,A,-,03,22350,NA,N,E,I,A,A,H,-,A,A,0,NA,NA,NA,NA,Y,NA,A,01,0,0,1,0,0,0,0,0,0,-,-,33.65294,-117.84701,ORANGE,IRVINE,-117.84707552,33.65296642
81915166,2022,2022-11-10,3019,2022-11-09,0432,3698,SC,3,5,7,3019,0,0,0,NA,0,004,HARBOR BOULEVARD,GARRY AVENUE,281,S,N,C,-,N,NA,NA,NA,NA,NA,NA,NA,NA,NA,N,2,0,1,2,A,-,11,21954,A,F,G,B,D,B,H,-,C,D,0,Y,NA,NA,NA,Y,NA,N,60,1,0,0,0,1,0,0,0,0,-,-,33.70579147338867,-117.92002868652344,ORANGE,SANTA ANA,-117.91968536376952,33.704837799072266
81915430,2022,2022-11-11,3016,2022-10-29,1855,2169,35,6,5,5,3016,0,0,0,NA,0,001,ROSE DRIVE,ALTA VISTA STREET,57,N,N,A,-,N,NA,NA,NA,NA,NA,NA,NA,NA,NA,Y,4,0,2,3,A,-,01,23152,A,N,C,C,A,A,H,-,C,A,0,NA,NA,NA,NA,Y,Y,A,01,0,0,2,0,0,0,0,0,0,-,-,33.875789642333984,-117.84329223632813,ORANGE,PLACENTIA,-117.84339141845705,33.87575149536133
81915447,2022,2022-11-11,3019,2022-11-10,0828,2875,WE,4,5,7,3019,0,0,0,NA,0,001,1ST STREET,HARBOR BOULEVARD,650,W,N,A,-,N,NA,NA,NA,NA,NA,NA,NA,NA,NA,N,4,0,1,2,A,-,05,21650,1,N,H,G,A,A,H,-,A,D,0,NA,Y,NA,NA,Y,NA,L,04,0,0,1,0,0,0,1,0,0,-,-,33.74504089355469,-117.92022705078124,ORANGE,SANTA ANA,-117.92230987548828,33.745147705078125
81916221,2022,2022-11-14,3010,2022-11-08,0824,4094,158,2,5,6,3010,0,0,0,NA,0,007,SPRINGDALE ST,HEIL AVE,51,S,N,A,-,N,NA,NA,NA,NA,NA,NA,NA,NA,NA,N,4,0,1,2,A,-,03,22350,NA,N,C,C,A,A,H,-,A,A,0,NA,NA,NA,NA,Y,NA,A,07,0,0,1,0,0,0,0,0,0,-,-,33.72201919555664,-118.02397918701172,ORANGE,HUNTINGTON BEACH,-118.02403259277344,33.722557067871094
81916618,2022,2022-11-14,3024,2022-10-07,1712,400,P-12,5,5,5,3024,0,0,0,NA,0,WEST,BEACH BOULEVARD (SR 39),WESTMINSTER BOULEVARD,215,N,N,A,-,Y,ORA,NA,39,NA,NA,7.631,H,NA,R,Y,3,0,1,3,A,-,08,22107,NA,N,C,C,A,A,H,-,A,A,0,NA,NA,Y,NA,Y,NA,A,01,0,1,0,0,0,0,0,0,1,-,-,33.75925064086914,-117.98931884765624,ORANGE,WESTMINSTER,-117.98955535888672,33.759246826171875
81919811,2022,2022-11-17,3010,2022-10-18,1905,2055,199,2,5,6,3010,0,0,0,NA,0,005,EDWARDS ST,TALBERT AVE,0,NA,Y,A,-,N,NA,NA,NA,NA,NA,NA,NA,NA,NA,Y,3,0,1,2,A,-,09,21801,A,N,A,D,A,A,H,-,C,A,0,NA,NA,NA,NA,Y,NA,A,01,0,1,0,0,0,0,0,0,0,-,-,33.69791030883789,-118.01522827148438,ORANGE,HUNTINGTON BEACH,-118.01503753662108,33.698097229003906
81921046,2022,2022-11-18,3008,2022-09-02,0848,1557,NA,5,5,6,3008,0,0,0,NA,0,NA,BASTANCHURY RD,PUENTE ST,0,NA,Y,A,-,N,NA,NA,NA,NA,NA,NA,NA,NA,NA,N,3,0,1,2,A,-,11,21954,A,N,-,B,D,A,H,-,A,D,0,Y,NA,NA,NA,Y,NA,N,60,0,1,0,0,1,0,0,0,0,-,-,NA,NA,ORANGE,FULLERTON,-117.91371917724608,33.899410247802734
81921048,2022,2022-11-18,3008,2022-10-05,1731,1159,ZONE,3,5,6,3008,0,0,0,NA,0,NA,EUCLID ST,BAKER AVE,97,S,N,A,-,N,NA,NA,NA,NA,NA,NA,NA,NA,NA,Y,4,0,2,2,A,-,03,22350,NA,N,C,C,A,A,H,-,A,A,0,NA,NA,NA,NA,Y,NA,A,01,0,0,2,0,0,0,0,0,0,-,-,NA,NA,ORANGE,FULLERTON,-117.94174194335938,33.85664367675781
81921757,2022,2022-11-18,3026,2022-11-14,1310,7094,NA,1,5,6,3026,0,0,0,NA,0,003,CAMPUS DR.,PASEO MONTOYA,170,E,N,A,-,N,NA,NA,NA,NA,NA,NA,NA,NA,NA,N,3,0,1,2,A,-,09,21804,A,N,H,G,A,A,H,-,A,D,0,NA,Y,NA,NA,Y,NA,A,01,0,1,0,0,0,0,1,0,0,-,-,NA,NA,ORANGE,IRVINE,-117.82129669189452,33.65073776245117
81922239,2022,2022-11-21,3024,2022-10-01,1355,503,P-26,6,5,5,3024,0,0,0,NA,0,EAST,ACACIA STREET,HAZEL AVENUE,122,N,N,A,-,N,NA,NA,NA,NA,NA,NA,NA,NA,NA,Y,2,0,2,2,A,-,03,22350,NA,N,A,C,A,A,H,-,A,D,0,NA,NA,NA,NA,Y,NA,A,01,1,0,1,0,0,0,0,0,0,-,-,NA,NA,ORANGE,WESTMINSTER,-117.97278594970705,33.750003814697266
8192438,2016,2016-12-22,3004,2016-11-29,1503,P543,16,2,5,6,3004,0,0,0,NA,0,008,FAIRVIEW RD,ARLINGTON DR,0,NA,Y,A,-,N,NA,NA,NA,NA,NA,NA,NA,NA,NA,Y,4,0,1,2,A,-,12,21453,A,N,D,C,A,A,H,-,A,A,0,NA,NA,NA,NA,Y,NA,A,01,0,0,1,0,0,0,0,0,0,-,-,33.408,-117.5429,ORANGE,COSTA MESA,-117.90780013,33.66882009
81928348,2022,2022-11-29,3001,2022-11-17,1559,A2332,D-3,4,5,7,3001,0,0,0,NA,0,D-3,BALL ROAD,HARBOR BOULEVARD,265,E,N,A,-,N,NA,NA,NA,NA,NA,NA,NA,NA,NA,N,4,0,1,2,D,-,00,NA,NA,N,B,C,A,A,H,-,A,D,0,NA,NA,NA,Y,Y,NA,-,-,0,0,1,0,0,0,0,0,0,-,-,33.817840576171875,-117.91510009765624,ORANGE,ANAHEIM,-117.91462707519533,33.818023681640625
81933006,2022,2022-12-05,3001,2022-11-16,0908,A2367,D-4,3,5,7,3001,0,0,0,NA,0,D-4,NOHL RANCH ROAD,ANAHEIM HILLS ROAD,22,W,N,A,-,N,NA,NA,NA,NA,NA,NA,NA,NA,NA,Y,4,0,1,1,A,-,08,22107,NA,N,E,I,A,A,H,-,A,A,0,NA,NA,NA,NA,Y,NA,A,01,0,0,1,0,0,0,0,0,0,-,-,NA,NA,ORANGE,ANAHEIM,-117.7776336669922,33.84437942504883
81933106,2022,2022-12-05,3008,2022-10-13,2150,1616,ZONE,4,5,6,3008,0,0,0,NA,0,NA,ORANGETHORPE AVE,STATE COLLEGE BLVD,600,E,N,A,-,N,NA,NA,NA,NA,NA,NA,NA,NA,NA,N,3,0,1,2,A,-,09,21801,A,N,D,C,A,A,H,-,C,A,0,NA,NA,NA,NA,Y,NA,A,01,0,1,0,0,0,0,0,0,0,-,-,NA,NA,ORANGE,FULLERTON,-117.88743591308594,33.859657287597656
81933293,2022,2022-12-05,3019,2022-12-02,1116,3615,SC,5,5,7,3019,0,0,0,NA,0,004,HARBOR BOULEVARD,CENTRAL AVENUE,151,S,N,B,-,N,NA,NA,NA,NA,NA,NA,NA,NA,NA,N,4,0,1,2,D,-,00,NA,NA,N,H,G,A,A,H,-,A,D,0,NA,Y,NA,NA,Y,NA,-,-,0,0,1,0,0,0,1,0,0,-,-,33.71268081665039,-117.9199676513672,ORANGE,SANTA ANA,-117.91961669921876,33.71205520629883
81933328,2022,2022-12-05,3008,2022-10-18,1624,1295,ZONE,2,5,6,3008,0,0,0,NA,0,NA,PLACENTIA AVE,GARNET LN,0,NA,Y,A,-,N,NA,NA,NA,NA,NA,NA,NA,NA,NA,Y,4,0,1,2,A,-,09,21801,A,N,D,C,A,A,H,-,A,A,0,NA,NA,NA,NA,Y,NA,A,01,0,0,1,0,0,0,0,0,0,-,-,NA,NA,ORANGE,FULLERTON,-117.87525939941406,33.88669967651367
8193506,2016,2017-01-03,3001,2016-12-15,2122,415,NA,4,5,7,3001,0,0,0,NA,0,0D1,WEST BALL RD,S VERONA ST,180,W,N,C,-,N,NA,NA,NA,NA,NA,NA,NA,NA,NA,Y,4,0,2,2,A,-,03,22350,NA,N,C,C,A,B,H,-,C,D,0,NA,NA,NA,NA,Y,NA,D,22,0,0,2,0,0,0,0,0,0,-,-,NA,NA,ORANGE,ANAHEIM,-117.978356,33.817567
81935868,2022,2022-12-07,3008,2022-08-23,1237,1233,ZONE,2,5,6,3008,0,0,0,NA,0,NA,HIGHLAND AVE,KNEPP AVE,0,NA,Y,A,-,N,NA,NA,NA,NA,NA,NA,NA,NA,NA,Y,4,0,1,2,A,-,09,21802,A,N,D,C,A,A,H,-,A,A,0,NA,NA,Y,NA,Y,NA,A,07,0,0,1,0,0,0,0,0,1,-,-,NA,NA,ORANGE,FULLERTON,-117.92870330810548,33.862571716308594
81939335,2022,2022-12-12,3008,2022-06-02,2001,1479,ZONE,4,5,6,3008,0,0,0,NA,0,NA,ROLLING HILLS DR,MERLIN AVE,0,NA,Y,A,-,N,NA,NA,NA,NA,NA,NA,NA,NA,NA,Y,2,0,1,2,A,-,01,23152,F,N,D,C,A,A,H,-,B,A,0,NA,NA,Y,NA,Y,NA,C,02,1,0,0,0,0,0,0,0,1,-,-,NA,NA,ORANGE,FULLERTON,-117.89308166503906,33.903377532958984
81940429,2022,2022-12-13,3001,2022-12-06,1903,A1962,NA,2,5,7,3001,0,0,0,NA,0,D-4,MIRALOMA AVENUE,JEFFERSON STREET,0,NA,Y,A,-,N,NA,NA,NA,NA,NA,NA,NA,NA,NA,Y,4,0,1,2,A,-,01,23152,A,N,D,C,A,A,H,-,C,A,0,NA,NA,NA,NA,Y,Y,A,07,0,0,1,0,0,0,0,0,0,-,-,NA,NA,ORANGE,ANAHEIM,-117.83705902099608,33.862762451171875
81942728,2022,2022-12-15,3015,2022-12-04,1331,1545,NA,7,5,6,3015,0,0,0,NA,0,721M,CHAPMAN AVE,BATAVIA ST,0,NA,Y,C,-,N,NA,NA,NA,NA,NA,NA,NA,NA,NA,Y,3,0,2,2,A,-,12,21453,A,N,D,C,A,B,H,-,A,A,0,NA,NA,NA,NA,Y,NA,A,01,0,2,0,0,0,0,0,0,0,-,-,33.7878303527832,-117.86180114746094,ORANGE,ORANGE,-117.8618392944336,33.787879943847656
81943947,2022,2022-12-16,3001,2022-12-14,1238,A1218,NA,3,5,7,3001,0,0,0,NA,0,D-4,LA PALMA AVENUE,KRAEMER BOULEVARD,0,NA,Y,A,-,N,NA,NA,NA,NA,NA,NA,NA,NA,NA,Y,4,0,1,2,A,-,12,21453,A,N,D,C,A,A,H,-,A,A,0,NA,NA,NA,NA,Y,NA,A,01,0,0,1,0,0,0,0,0,0,-,-,33.85124969482422,-117.85749816894533,ORANGE,ANAHEIM,-117.85730743408205,33.85115051269531
81944602,2022,2022-12-16,3007,2022-12-08,1328,304,36,4,5,5,3007,0,0,0,NA,0,001,WARNER,WARD,40,W,N,A,-,N,NA,NA,NA,NA,NA,NA,NA,NA,NA,N,4,0,1,2,A,-,03,22350,NA,N,C,C,A,A,H,-,A,A,0,NA,NA,NA,NA,Y,NA,A,07,0,0,1,0,0,0,0,0,0,-,-,NA,NA,ORANGE,FOUNTAIN VALLEY,-117.94595336914063,33.71639633178711
81944735,2022,2022-12-16,3007,2022-12-03,1845,271,46,6,5,5,3007,0,0,0,NA,0,002,LOS JARDINES WEST,EL PLANO,0,NA,Y,A,-,N,NA,NA,NA,NA,NA,NA,NA,NA,NA,Y,3,0,2,2,A,-,03,22350,NA,N,C,E,A,A,H,-,C,D,0,NA,NA,NA,NA,Y,NA,A,01,0,1,1,0,0,0,0,0,0,-,-,NA,NA,ORANGE,FOUNTAIN VALLEY,-117.94132232666016,33.715152740478516
81944913,2022,2022-12-19,3001,2022-12-15,1540,A2654,NA,4,5,7,3001,0,0,0,NA,0,D-2,NORTH STREET,LEMON STREET,0,NA,Y,A,-,N,NA,NA,NA,NA,NA,NA,NA,NA,NA,N,3,0,1,2,A,-,12,22450,A,N,D,G,A,A,H,-,A,A,0,NA,Y,NA,NA,Y,NA,-,-,0,1,0,0,0,0,1,0,0,-,-,33.84376907348633,-117.91871643066406,ORANGE,ANAHEIM,-117.91870880126952,33.843807220458984
8194838,2016,2017-01-23,3008,2016-12-15,0830,1407,NA,4,5,6,3008,0,0,0,NA,0,001,COMMONWEALTH AV,EUCLID ST,5,W,N,A,-,N,NA,NA,NA,NA,NA,NA,NA,NA,NA,N,4,0,1,2,A,-,03,22350,NA,N,C,C,A,A,H,-,A,A,0,NA,NA,NA,NA,Y,NA,A,07,0,0,1,0,0,0,0,0,0,-,-,NA,NA,ORANGE,FULLERTON,-117.94197643,33.87021977
81950807,2022,2022-12-23,3001,2022-12-17,1835,A2657,NA,6,5,7,3001,0,0,0,NA,0,NA,DALE AVENUE,TYLER AVENUE,49,W,N,A,-,N,NA,NA,NA,NA,NA,NA,NA,NA,NA,N,4,0,2,2,A,-,09,21804,A,N,D,C,A,A,H,-,C,C,0,NA,NA,NA,NA,Y,NA,A,01,0,0,2,0,0,0,0,0,0,-,-,33.833831787109375,-117.98458099365234,ORANGE,ANAHEIM,-117.98477935791016,33.83409881591797
81951824,2022,2022-12-26,3001,2022-12-23,0224,A1047,NA,5,5,7,3001,0,0,0,NA,0,D-3,DISNEY WAY,HARBOR BOULEVARD,116,W,N,A,-,N,NA,NA,NA,NA,NA,NA,NA,NA,NA,Y,4,0,1,1,A,-,01,23152,A,N,E,I,A,A,H,-,C,A,0,NA,NA,NA,NA,Y,Y,A,01,0,0,1,0,0,0,0,0,0,-,-,33.80567932128906,-117.91570281982422,ORANGE,ANAHEIM,-117.9152374267578,33.80690002441406
81952138,2022,2022-12-26,3008,2022-09-20,0716,1582,ZONE,2,5,6,3008,0,0,0,NA,0,NA,EUCLID ST,ORANGETHORPE AVE,0,NA,Y,A,-,N,NA,NA,NA,NA,NA,NA,NA,NA,NA,Y,4,0,1,3,A,-,12,21453,A,N,D,C,A,A,H,-,A,A,0,NA,NA,NA,NA,Y,NA,D,22,0,0,1,0,0,0,0,0,0,-,-,NA,NA,ORANGE,FULLERTON,-117.94183349609376,33.85934829711914
81955164,2022,2022-12-29,3026,2022-12-16,1617,605,NA,5,5,6,3026,0,0,0,NA,0,004,SAND CANYON,15275 SAND CANYON,5.5,N,N,A,-,N,NA,NA,NA,NA,NA,NA,NA,NA,NA,N,2,0,1,2,A,-,09,21804,A,N,H,G,A,A,H,-,B,D,0,NA,Y,NA,NA,Y,NA,A,08,1,0,0,0,0,0,1,0,0,-,-,NA,NA,ORANGE,IRVINE,NA,NA
81956029,2022,2022-12-30,3001,2022-12-25,1956,A1962,D-2,7,5,7,3001,0,0,0,NA,0,D-2,BROOKHURST STREET,5 INTERSTATE,0,NA,Y,A,-,N,NA,NA,NA,NA,NA,NA,NA,NA,NA,Y,4,0,2,2,A,-,12,21453,A,N,D,C,A,A,H,-,C,A,0,NA,NA,NA,NA,Y,NA,A,01,0,0,2,0,0,0,0,0,0,-,-,NA,NA,ORANGE,ANAHEIM,-117.9589385986328,33.84531784057617
81956072,2022,2022-12-30,3010,2022-12-16,1647,2090,435,5,5,6,3010,0,0,0,NA,0,003,ADAMS AVE,MOONTIDE CIR (S),0,NA,Y,A,-,N,NA,NA,NA,NA,NA,NA,NA,NA,NA,Y,3,0,3,3,A,-,09,21802,A,N,B,D,A,A,H,-,B,D,0,NA,NA,NA,NA,Y,NA,D,22,0,1,2,0,0,0,0,0,0,-,-,33.67058181762695,-117.96543121337892,ORANGE,HUNTINGTON BEACH,-117.96446990966795,33.67206954956055
81957188,2022,2023-01-02,3016,2022-12-16,1254,2199,20,5,5,5,3016,0,0,0,NA,0,002,PLACENTIA AVENUE,CROWTHER AVENUE,122,S,N,A,-,N,NA,NA,NA,NA,NA,NA,NA,NA,NA,Y,4,0,3,2,A,-,03,22350,NA,N,C,C,A,A,H,-,A,A,0,NA,NA,NA,NA,Y,NA,A,07,0,0,3,0,0,0,0,0,0,-,-,33.865699768066406,-117.88134765625,ORANGE,PLACENTIA,-117.88152313232422,33.865333557128906
81957217,2022,2023-01-02,3019,2022-11-27,1825,3702,SC,7,5,7,3019,0,0,0,NA,0,004,EDINGER AVENUE,POPLAR STREET,0,NA,Y,A,-,N,NA,NA,NA,NA,NA,NA,NA,NA,NA,Y,4,0,1,3,A,-,09,21802,A,M,D,C,A,A,H,-,C,D,0,NA,NA,NA,NA,Y,NA,D,22,0,0,1,0,0,0,0,0,0,-,-,33.72663116455078,-117.88780212402344,ORANGE,SANTA ANA,-117.88729858398438,33.727195739746094
81957229,2022,2023-01-02,3019,2022-12-04,0347,3655,SC,7,5,7,3019,0,0,0,NA,0,004,BISHOP STREET,ROSEWOOD AVENUE,45,E,N,A,-,N,NA,NA,NA,NA,NA,NA,NA,NA,NA,N,3,0,1,3,A,-,08,22107,NA,N,B,E,A,A,H,-,C,D,0,NA,NA,NA,Y,Y,NA,A,01,0,1,0,0,0,0,0,0,0,-,-,33.73910140991211,-117.88201904296876,ORANGE,SANTA ANA,-117.88166046142578,33.739662170410156
81957267,2022,2023-01-02,3019,2022-12-13,2500,2801,WE,2,5,7,3019,0,0,0,NA,0,001,FIGUEROA STREET,1ST STREET,30,N,N,A,-,N,NA,NA,NA,NA,NA,NA,NA,NA,NA,N,4,0,1,2,D,-,00,NA,NA,M,H,C,A,A,H,-,A,D,0,NA,NA,NA,NA,Y,NA,-,-,0,0,1,0,0,0,0,0,0,-,-,33.745399475097656,-117.9189910888672,ORANGE,SANTA ANA,-117.91905975341795,33.74517059326172
81957276,2022,2023-01-02,3019,2022-12-15,0640,3692,SE,4,5,7,3019,0,0,0,NA,0,003,GRAND AVENUE,MCFADDEN AVENUE,50,N,N,A,-,N,NA,NA,NA,NA,NA,NA,NA,NA,NA,N,4,0,2,2,A,-,03,22350,NA,N,C,C,A,A,H,-,A,A,0,NA,NA,NA,NA,Y,NA,A,01,0,0,2,0,0,0,0,0,0,-,-,33.73263931274414,-117.85076904296876,ORANGE,SANTA ANA,-117.85039520263672,33.73383712768555