CASE_ID,ACCIDENT_YEAR,PROC_DATE,JURIS,COLLISION_DATE,COLLISION_TIME,OFFICER_ID,REPORTING_DISTRICT,DAY_OF_WEEK,CHP_SHIFT,POPULATION,CNTY_CITY_LOC,SPECIAL_COND,BEAT_TYPE,CHP_BEAT_TYPE,CITY_DIVISION_LAPD,CHP_BEAT_CLASS,BEAT_NUMBER,PRIMARY_RD,SECONDARY_RD,DISTANCE,DIRECTION,INTERSECTION,WEATHER_1,WEATHER_2,STATE_HWY_IND,CALTRANS_COUNTY,CALTRANS_DISTRICT,STATE_ROUTE,ROUTE_SUFFIX,POSTMILE_PREFIX,POSTMILE,LOCATION_TYPE,RAMP_INTERSECTION,SIDE_OF_HWY,TOW_AWAY,COLLISION_SEVERITY,NUMBER_KILLED,NUMBER_INJURED,PARTY_COUNT,PRIMARY_COLL_FACTOR,PCF_CODE_OF_VIOL,PCF_VIOL_CATEGORY,PCF_VIOLATION,PCF_VIOL_SUBSECTION,HIT_AND_RUN,TYPE_OF_COLLISION,MVIW,PED_ACTION,ROAD_SURFACE,ROAD_COND_1,ROAD_COND_2,LIGHTING,CONTROL_DEVICE,CHP_ROAD_TYPE,PEDESTRIAN_ACCIDENT,BICYCLE_ACCIDENT,MOTORCYCLE_ACCIDENT,TRUCK_ACCIDENT,NOT_PRIVATE_PROPERTY,ALCOHOL_INVOLVED,STWD_VEHTYPE_AT_FAULT,CHP_VEHTYPE_AT_FAULT,COUNT_SEVERE_INJ,COUNT_VISIBLE_INJ,COUNT_COMPLAINT_PAIN,COUNT_PED_KILLED,COUNT_PED_INJURED,COUNT_BICYCLIST_KILLED,COUNT_BICYCLIST_INJURED,COUNT_MC_KILLED,COUNT_MC_INJURED,PRIMARY_RAMP,SECONDARY_RAMP,LATITUDE,LONGITUDE,COUNTY,CITY,POINT_X,POINT_Y
82087747,2023,2023-06-07,3019,2023-05-13,600,3757,NE,6,5,7,3019,0,0,0,NA,0,002,17TH STREET,DEODAR STREET,200,E,N,A,-,N,NA,NA,NA,NA,NA,NA,NA,NA,NA,N,4,0,1,1,A,-,03,22350,NA,N,E,I,A,A,H,-,A,D,0,NA,NA,NA,NA,Y,NA,A,01,0,0,1,0,0,0,0,0,0,-,-,33.75960922241211,-117.8321533203125,ORANGE,SANTA ANA,-117.83153533935548,33.75987243652344
82087794,2023,2023-06-07,3019,2023-05-17,808,3439,SE,3,5,7,3019,0,0,0,NA,0,003,LYON STREET,WILSHIRE AVENUE (S),100,S,N,B,-,N,NA,NA,NA,NA,NA,NA,NA,NA,NA,Y,4,0,3,2,A,-,03,22350,NA,N,D,C,A,A,H,-,A,D,0,NA,NA,NA,Y,Y,NA,A,01,0,0,3,0,0,0,0,0,0,-,-,33.73136901855469,-117.8448486328125,ORANGE,SANTA ANA,-117.84513854980467,33.731204986572266
82087861,2023,2023-06-07,3019,2023-05-23,745,3449,SC,2,5,7,3019,0,0,0,NA,0,004,RAITT STREET,WILLITS STREET,20,N,N,A,-,N,NA,NA,NA,NA,NA,NA,NA,NA,NA,N,4,0,1,2,A,-,03,22350,NA,N,C,C,A,A,H,-,A,D,0,NA,NA,NA,NA,Y,NA,A,08,0,0,1,0,0,0,0,0,0,-,-,33.73944854736328,-117.89405059814452,ORANGE,SANTA ANA,-117.89380645751952,33.73994445800781
82087880,2023,2023-06-07,3019,2023-05-24,2326,3881,SC,3,5,7,3019,0,0,0,NA,0,004,BRISTOL STREET,1ST STREET,0,NA,Y,A,-,N,NA,NA,NA,NA,NA,NA,NA,NA,NA,Y,4,0,1,2,A,-,12,21453,A,N,D,C,A,A,H,-,C,A,0,NA,NA,NA,NA,Y,Y,-,-,0,0,1,0,0,0,0,0,0,-,-,33.7452507019043,-117.88514709472656,ORANGE,SANTA ANA,-117.88516998291016,33.7454719543457
82089758,2023,2023-06-09,3001,2023-06-06,1510,A1397,NA,2,5,7,3001,0,0,0,NA,0,D-1,ROSE STREET,LINCOLN AVENUE,3,N,N,A,-,N,NA,NA,NA,NA,NA,NA,NA,NA,NA,N,3,0,1,2,A,-,11,21950,B,N,G,B,B,A,H,-,C,A,0,Y,NA,NA,NA,Y,NA,N,60,0,1,0,0,1,0,0,0,0,-,-,NA,NA,ORANGE,ANAHEIM,-117.90398406982422,33.837867736816406
82090579,2023,2023-06-21,3015,2023-06-06,1808,1449,RD47,2,5,6,3015,0,0,0,NA,0,321,E LINCOLN ST,N. GLASSELL ST,0,NA,Y,A,-,N,NA,NA,NA,NA,NA,NA,NA,NA,NA,Y,4,0,1,3,A,-,08,22107,NA,N,B,C,A,A,H,-,A,A,0,NA,NA,NA,NA,Y,NA,A,01,0,0,1,0,0,0,0,0,0,-,-,NA,NA,ORANGE,ORANGE,-117.85243988037108,33.835609436035156
82092067,2023,2023-06-13,3019,2023-05-12,2338,3756,SE,5,5,7,3019,0,0,0,NA,0,003,PARK DRIVE,SAINT GERTRUDE PLACE,15,S,N,A,-,N,NA,NA,NA,NA,NA,NA,NA,NA,NA,Y,3,0,1,1,A,-,08,22107,NA,N,E,I,A,A,H,-,C,D,0,NA,NA,NA,NA,Y,NA,A,01,0,1,0,0,0,0,0,0,0,-,-,33.71989822387695,-117.88108825683594,ORANGE,SANTA ANA,-117.88082885742188,33.719749450683594
82093995,2023,2023-06-14,3007,2023-06-02,1510,302,16,5,5,5,3007,0,0,0,NA,0,002,EDINGER,LOS GATOS,329,W,N,A,-,N,NA,NA,NA,NA,NA,NA,NA,NA,NA,Y,4,0,1,2,A,-,03,22350,NA,N,C,C,A,A,H,-,A,D,0,NA,NA,NA,NA,Y,NA,A,01,0,0,1,0,0,0,0,0,0,-,-,NA,NA,ORANGE,FOUNTAIN VALLEY,-117.94281005859376,33.73081588745117
82094024,2023,2023-06-15,3007,2023-05-28,1458,322,34,7,5,5,3007,0,0,0,NA,0,001,BUSHARD STREET,WARNER AVENUE,0,NA,Y,A,-,N,NA,NA,NA,NA,NA,NA,NA,NA,NA,N,3,0,1,3,A,-,03,22350,NA,N,C,C,A,A,H,-,A,A,0,NA,NA,NA,NA,Y,NA,A,01,0,1,0,0,0,0,0,0,0,-,-,NA,NA,ORANGE,FOUNTAIN VALLEY,-117.9631805419922,33.715972900390625
82095318,2023,2023-06-16,3019,2023-06-02,757,2875,SE,5,5,7,3019,0,0,0,NA,0,003,ROUSSELLE STREET,SAINT GERTRUDE PLACE,250,N,N,A,-,N,NA,NA,NA,NA,NA,NA,NA,NA,NA,N,4,0,1,2,A,-,21,22106,NA,N,D,C,A,A,H,-,A,D,0,NA,NA,NA,NA,Y,NA,D,22,0,0,1,0,0,0,0,0,0,-,-,33.71979904174805,-117.86338806152344,ORANGE,SANTA ANA,-117.86345672607422,33.7203254699707
82096255,2023,2023-06-19,3024,2023-04-23,1703,498,P-14,7,5,5,3024,0,0,0,NA,0,WEST,TATTERSHALL AVENUE,IPSWICH STREET,30,E,N,A,-,N,NA,NA,NA,NA,NA,NA,NA,NA,NA,N,4,0,1,2,A,-,11,21954,A,N,G,B,E,A,H,-,A,D,0,Y,NA,NA,NA,Y,NA,N,60,0,0,1,0,1,0,0,0,0,-,-,33.75817108154297,-118.0368423461914,ORANGE,WESTMINSTER,-118.03672027587892,33.758209228515625
82096261,2023,2023-06-19,3024,2023-04-26,2110,303,P-37,3,5,5,3024,0,0,0,NA,0,EAST,MCFADDEN AVENUE,SANDUSKY LANE,131,W,N,A,-,N,NA,NA,NA,NA,NA,NA,NA,NA,NA,Y,3,0,1,1,A,-,03,22350,NA,N,E,I,A,A,H,-,C,D,0,NA,NA,NA,NA,Y,NA,A,01,0,1,0,0,0,0,0,0,0,-,-,33.73672103881836,-117.98506927490234,ORANGE,WESTMINSTER,-117.9824676513672,33.73752212524414
82097463,2023,2023-06-20,3010,2023-06-16,1306,1118,148,5,5,6,3010,0,0,0,NA,0,009,SPRINGDALE ST,EDINGER AVE,175,N,N,A,-,N,NA,NA,NA,NA,NA,NA,NA,NA,NA,N,3,0,1,2,A,-,05,21650,1,N,D,G,A,A,H,-,A,D,0,NA,Y,NA,NA,Y,NA,M,91,0,1,0,0,0,0,1,0,0,-,-,33.72996139526367,-118.02449035644533,ORANGE,HUNTINGTON BEACH,-118.02407836914063,33.73044967651367
82097484,2023,2023-06-20,3019,2023-06-16,21,3859,WE,5,5,7,3019,0,0,0,NA,0,001,HARBOR BOULEVARD,5TH STREET,0,NA,Y,A,-,N,NA,NA,NA,NA,NA,NA,NA,NA,NA,Y,3,0,1,2,A,-,12,21453,A,N,B,C,A,A,H,-,C,A,0,NA,NA,NA,NA,Y,NA,A,01,0,1,0,0,0,0,0,0,0,-,-,33.74876022338867,-117.92019653320313,ORANGE,SANTA ANA,-117.92021942138672,33.74885559082031
82098377,2023,2023-06-23,3001,2023-06-15,1439,A1555,D-1,4,5,7,3001,0,0,0,NA,0,D-1,BROADWAY,EUCLID STREET,0,NA,Y,B,-,N,NA,NA,NA,NA,NA,NA,NA,NA,NA,Y,3,0,2,2,A,-,09,21806,A,N,D,C,A,A,H,-,A,A,0,NA,NA,NA,NA,Y,NA,A,01,0,1,1,0,0,0,0,0,0,-,-,33.829071044921875,-117.94164276123048,ORANGE,ANAHEIM,-117.94149017333984,33.82887649536133
82098585,2023,2023-06-21,3026,2023-05-12,1843,674,NA,5,5,6,3026,0,0,0,NA,0,001,MACARTHUR,55 FREEWAY,0,NA,Y,A,-,N,NA,NA,NA,NA,NA,NA,NA,NA,NA,N,3,0,1,2,A,-,08,22107,NA,M,B,C,A,A,H,-,B,A,0,NA,NA,Y,NA,Y,NA,-,-,0,1,0,0,0,0,0,0,1,-,-,33.69855880737305,-117.8612823486328,ORANGE,IRVINE,NA,NA
82098790,2023,2023-06-21,3014,2023-06-08,1522,1516,RD51,4,5,5,3014,0,0,0,NA,0,A4,SAN JOAQUIN HILLS RD,SAN MIGUEL,0,NA,Y,A,-,N,NA,NA,NA,NA,NA,NA,NA,NA,NA,N,4,0,1,2,A,-,03,22350,NA,N,H,G,A,A,H,-,A,A,0,NA,NA,NA,NA,Y,NA,M,91,0,0,1,0,0,0,0,0,0,-,-,NA,NA,ORANGE,NEWPORT BEACH,-117.86544036865234,33.611976623535156
82100555,2023,2023-06-23,3024,2023-05-14,1208,502,P-18,7,5,5,3024,0,0,0,NA,0,WEST,PACIFIC AVENUE,WESTMINSTER BOULEVARD,5,S,N,A,-,Y,NA,NA,NA,NA,NA,NA,NA,NA,NA,N,4,0,1,2,A,-,09,21802,A,N,D,G,A,A,H,-,A,D,0,NA,Y,NA,NA,Y,NA,A,01,0,0,1,0,0,0,1,0,0,-,-,33.75857925415039,-117.99452972412108,ORANGE,WESTMINSTER,-117.99192810058594,33.75923538208008
82103710,2023,2023-06-28,3001,2023-06-20,2207,A1962,NA,2,5,7,3001,0,0,0,NA,0,NA,CERRITOS AVENUE,ALMOND ST,32,E,N,A,-,N,NA,NA,NA,NA,NA,NA,NA,NA,NA,Y,4,0,1,1,A,-,08,22107,NA,N,E,I,A,A,H,-,C,D,0,NA,NA,NA,NA,Y,NA,A,01,0,0,1,0,0,0,0,0,0,-,-,NA,NA,ORANGE,ANAHEIM,-118.0165786743164,33.809940338134766
82103711,2023,2023-06-29,3001,2023-06-21,2154,A1047,NA,3,5,7,3001,0,0,0,NA,0,D-4,MIRALOMA AVENUE,RED GUM STREET,334,E,N,A,-,N,NA,NA,NA,NA,NA,NA,NA,NA,NA,Y,4,0,2,2,A,-,09,21801,A,N,A,C,A,A,H,-,C,D,0,NA,NA,NA,NA,Y,NA,A,01,0,0,2,0,0,0,0,0,0,-,-,NA,NA,ORANGE,ANAHEIM,-117.86502838134766,33.85675048828125
82103722,2023,2023-06-28,3001,2023-06-26,804,A2382,NA,1,5,7,3001,0,0,0,NA,0,D-4,RIO VISTA STREET,DUTCH AVENUE (N),0,NA,Y,A,-,N,NA,NA,NA,NA,NA,NA,NA,NA,NA,Y,4,0,1,2,A,-,09,21802,A,N,D,C,A,A,H,-,A,A,0,NA,NA,NA,NA,Y,NA,A,01,0,0,1,0,0,0,0,0,0,-,-,NA,NA,ORANGE,ANAHEIM,-117.87161254882813,33.84145736694336
82104755,2023,2023-06-29,3019,2023-06-25,152,3230,SC,7,5,7,3019,0,0,0,NA,0,004,BRISTOL STREET,BISHOP STREET,0,NA,Y,-,-,N,NA,NA,NA,NA,NA,NA,NA,NA,NA,N,4,0,1,2,A,-,12,21453,A,M,D,C,A,A,H,-,C,D,0,NA,NA,NA,NA,Y,NA,A,01,0,0,1,0,0,0,0,0,0,-,-,33.74007034301758,-117.88501739501952,ORANGE,SANTA ANA,-117.88507843017578,33.73993682861328
82106691,2023,2023-06-30,3015,2023-06-26,630,1699,RD12,1,5,6,3015,0,0,0,NA,0,211,MAIN ST,TOWN AND COUNTRY RD,0,NA,Y,A,-,N,NA,NA,NA,NA,NA,NA,NA,NA,NA,Y,4,0,2,2,A,-,12,21453,A,N,D,C,A,A,H,-,A,A,0,NA,NA,NA,NA,Y,NA,A,01,0,0,2,0,0,0,0,0,0,-,-,33.77669906616211,-117.86730194091795,ORANGE,ORANGE,-117.86724090576172,33.77654266357422
82107622,2023,2023-07-07,3001,2023-06-28,2035,A1397,NA,3,5,7,3001,0,0,0,NA,0,D-2,LINCOLN AVENUE,LOARA STREET,9,E,N,A,-,N,NA,NA,NA,NA,NA,NA,NA,NA,NA,N,4,0,1,2,A,-,09,21453,B,N,D,C,A,A,H,-,B,A,0,NA,NA,NA,NA,Y,NA,A,01,0,0,1,0,0,0,0,0,0,-,-,33.831668853759766,-117.93701934814452,ORANGE,ANAHEIM,-117.93715667724608,33.83258056640625
82108949,2023,2023-07-04,3026,2023-06-27,1521,6352,NA,2,5,6,3026,0,0,0,NA,0,NA,WARNER AVENUE,CONSTRUCTION CIRCLE NORTH,0,NA,Y,A,-,N,NA,NA,NA,NA,NA,NA,NA,NA,NA,Y,4,0,2,2,A,-,09,21802,A,N,D,C,A,A,H,-,A,A,0,NA,NA,NA,NA,Y,NA,D,22,0,0,2,0,0,0,0,0,0,-,-,NA,NA,ORANGE,IRVINE,-117.81851196289063,33.69789123535156
82111892,2023,2023-07-07,3014,2023-07-04,1728,1572,RD13,2,5,5,3014,0,0,0,NA,0,A1,W. BALBOA BLVD,18TH ST,40,W,N,A,-,N,NA,NA,NA,NA,NA,NA,NA,NA,NA,N,3,0,1,2,A,-,03,22350,NA,N,H,C,A,A,H,-,A,D,0,NA,NA,NA,NA,Y,NA,M,91,0,1,0,0,0,0,0,0,0,-,-,33.60770034790039,-117.92510986328124,ORANGE,NEWPORT BEACH,-117.92514801025392,33.60767364501953
82113594,2023,2023-07-11,3008,2023-01-23,1148,1158,ZONE,1,5,6,3008,0,0,0,NA,0,NA,EUCLID ST,VALLEY VIEW DR,41,S,N,A,-,N,NA,NA,NA,NA,NA,NA,NA,NA,NA,Y,4,0,1,1,A,-,07,21658,A,N,E,I,A,A,H,-,A,D,0,NA,NA,NA,NA,Y,NA,A,01,0,0,1,0,0,0,0,0,0,-,-,NA,NA,ORANGE,FULLERTON,-117.94204711914063,33.88107681274414
82114216,2023,2023-07-11,3026,2023-07-03,1010,714,NA,1,5,6,3026,0,0,0,NA,0,004,HOLLY OAK,AVOCADO,35,N,N,A,-,N,NA,NA,NA,NA,NA,NA,NA,NA,NA,Y,4,0,1,2,A,-,08,22107,NA,N,C,E,A,A,H,-,A,D,0,NA,NA,NA,NA,Y,NA,A,07,0,0,1,0,0,0,0,0,0,-,-,NA,NA,ORANGE,IRVINE,-117.79094696044922,33.70415496826172
82117447,2023,2023-07-17,3001,2023-07-09,1745,A2804,D-1,7,5,7,3001,0,0,0,NA,0,D-1,BROOKHURST STREET,CERRITOS AVENUE,0,NA,Y,A,-,N,NA,NA,NA,NA,NA,NA,NA,NA,NA,Y,3,0,1,2,A,-,12,21453,A,N,D,C,A,A,H,-,A,A,0,NA,NA,NA,NA,Y,NA,A,01,0,1,0,0,0,0,0,0,0,-,-,33.81037139892578,-117.95906066894533,ORANGE,ANAHEIM,-117.9589385986328,33.810489654541016
82117459,2023,2023-07-17,3001,2023-07-07,1037,A1825,NA,5,5,7,3001,0,0,0,NA,0,D-1,WESTCHESTER DRIVE,LINCOLN AVENUE,10,S,N,A,-,N,NA,NA,NA,NA,NA,NA,NA,NA,NA,N,3,0,1,2,A,-,17,21228,NA,N,D,C,A,A,H,-,A,A,0,NA,NA,Y,NA,Y,NA,C,03,0,1,0,0,0,0,0,0,1,-,-,NA,NA,ORANGE,ANAHEIM,-118.0054168701172,33.831871032714844
82117702,2023,2023-07-17,3008,2023-04-06,1121,1484,NA,4,5,6,3008,0,0,0,NA,0,NA,ORANGETHORPE AVE,WOODS AVE,0,NA,Y,A,-,N,NA,NA,NA,NA,NA,NA,NA,NA,NA,Y,4,0,2,2,D,-,00,NA,NA,N,D,C,A,A,H,-,A,A,0,NA,NA,NA,NA,Y,NA,-,-,0,0,2,0,0,0,0,0,0,-,-,NA,NA,ORANGE,FULLERTON,-117.9369888305664,33.85918045043945
82120349,2023,2023-07-19,3015,2023-07-13,1307,1336,RD14,4,5,6,3015,0,0,0,NA,0,722M,LA VETA AVE,YORBA ST,0,NA,Y,A,-,N,NA,NA,NA,NA,NA,NA,NA,NA,NA,Y,3,0,3,2,A,-,12,21453,A,N,D,C,A,A,H,-,A,A,0,NA,NA,NA,NA,Y,NA,A,01,0,2,1,0,0,0,0,0,0,-,-,33.78055953979492,-117.82711791992188,ORANGE,ORANGE,-117.82707977294922,33.78048324584961
82121416,2023,2023-07-21,3001,2023-07-13,651,A1555,D-1,4,5,7,3001,0,0,0,NA,0,D-1,EUCLID STREET,GLENOAKS AVENUE,0,NA,Y,A,-,N,NA,NA,NA,NA,NA,NA,NA,NA,NA,N,3,0,1,2,A,-,10,21950,A,N,G,B,B,A,H,-,A,A,0,Y,NA,NA,NA,Y,NA,D,22,0,1,0,0,1,0,0,0,0,-,-,33.843238830566406,-117.941650390625,ORANGE,ANAHEIM,-117.94161224365234,33.842952728271484
82124885,2023,2023-07-26,3001,2023-07-21,907,A2461,D-2,5,5,7,3001,0,0,0,NA,0,D-2,EUCLID STREET,ROMNEYA DRIVE,15,S,N,A,-,N,NA,NA,NA,NA,NA,NA,NA,NA,NA,N,2,0,1,2,A,-,10,21950,A,N,G,B,B,A,H,-,A,A,0,Y,NA,NA,NA,Y,NA,A,07,1,0,0,0,1,0,0,0,0,-,-,NA,NA,ORANGE,ANAHEIM,-117.94178009033205,33.85062789916992
82127132,2023,2023-07-27,3010,2023-07-22,2058,2090,442,6,5,6,3010,0,0,0,NA,0,003,BEACH BL - SR39,ADAMS AVE,295,N,N,A,-,Y,ORA,NA,39,NA,NA,1.619,H,NA,L,N,4,0,1,3,A,-,03,22350,NA,F,C,C,A,A,H,-,C,A,0,NA,NA,NA,NA,Y,NA,-,99,0,0,1,0,0,0,0,0,0,-,-,33.67203140258789,-117.98877716064452,ORANGE,HUNTINGTON BEACH,-117.98867034912108,33.67203140258789
82130199,2023,2023-07-28,3019,2023-07-19,2111,3424,NE,3,5,7,3019,0,0,0,NA,0,002,FAIRHAVEN AVENUE,GRAND AVENUE,0,NA,Y,A,-,N,NA,NA,NA,NA,NA,NA,NA,NA,NA,N,3,0,3,2,A,-,09,21801,A,N,D,C,A,A,H,-,C,A,0,NA,NA,NA,NA,Y,NA,A,01,0,1,2,0,0,0,0,0,0,-,-,33.773338317871094,-117.85267639160156,ORANGE,SANTA ANA,-117.85292816162108,33.77330017089844
82131102,2023,2023-07-31,3001,2023-07-19,2317,A1278,NA,3,5,7,3001,0,0,0,NA,0,D-3,HARBOR BOULEVARD,MANCHESTER AVENUE,232,N,N,A,-,N,NA,NA,NA,NA,NA,NA,NA,NA,NA,Y,4,0,1,3,A,-,03,22350,NA,N,C,C,A,A,H,-,C,D,0,NA,NA,NA,NA,Y,NA,A,01,0,0,1,0,0,0,0,0,0,-,-,33.81142044067383,-117.91561889648438,ORANGE,ANAHEIM,-117.91541290283205,33.81321716308594
82134174,2023,2023-08-02,3014,2023-07-26,1601,1520,RD46,3,5,5,3014,0,0,0,NA,0,A4,SR-1 (E. COAST HWY),CAMEO HIGHLANDS,45,E,N,A,-,Y,NA,NA,NA,NA,NA,NA,NA,NA,NA,N,4,0,2,2,A,-,01,23152,A,N,C,C,A,A,H,-,A,A,0,NA,NA,NA,NA,Y,Y,A,01,0,0,2,0,0,0,0,0,0,-,-,33.58938980102539,-117.8583984375,ORANGE,NEWPORT BEACH,-117.85848236083984,33.5894660949707
82134819,2023,2023-08-03,3010,2023-07-31,1803,2055,442,1,5,6,3010,0,0,0,NA,0,003,HUNTINGTON ST,MEMPHIS AVE,150,S,N,A,-,N,NA,NA,NA,NA,NA,NA,NA,NA,NA,N,3,0,1,3,A,-,08,22107,NA,N,B,E,A,A,H,-,A,D,0,NA,Y,NA,NA,Y,NA,M,91,0,1,0,0,0,0,1,0,0,-,-,33.66830062866211,-117.99508666992188,ORANGE,HUNTINGTON BEACH,-117.99510192871094,33.668087005615234
82138160,2023,2023-08-08,3019,2023-05-30,1900,3700,NE,2,5,7,3019,0,0,0,NA,0,002,1ST STREET,GOLDEN CIRCLE DRIVE,150,W,N,A,-,N,NA,NA,NA,NA,NA,NA,NA,NA,NA,N,3,0,1,2,A,-,08,22100,A,N,B,C,A,A,H,-,B,D,0,NA,NA,NA,NA,Y,NA,A,01,0,1,0,0,0,0,0,0,0,-,-,33.74546813964844,-117.83846282958984,ORANGE,SANTA ANA,-117.83872222900392,33.74557113647461
82139215,2023,2023-08-09,3001,2023-07-15,2228,A2531,D-1,6,5,7,3001,0,0,0,NA,0,016,BROOKHURST STREET,KATELLA AVENUE,115,N,N,A,-,N,NA,NA,NA,NA,NA,NA,NA,NA,NA,N,4,0,2,2,A,-,08,22107,NA,F,C,C,A,A,H,-,C,A,0,NA,NA,NA,NA,Y,NA,A,07,0,0,2,0,0,0,0,0,0,-,-,33.8029899597168,-117.9591827392578,ORANGE,ANAHEIM,-117.95896911621094,33.80355453491211
82140161,2023,2023-09-12,3026,2023-08-04,623,602,NA,5,5,6,3026,0,0,0,NA,0,004,CULVER DR,WALNUT AVE,701,S,N,A,-,N,NA,NA,NA,NA,NA,NA,NA,NA,NA,Y,2,0,1,1,D,-,00,NA,NA,N,E,I,A,A,H,-,A,D,0,NA,NA,Y,NA,Y,Y,-,-,1,0,0,0,0,0,0,0,1,-,-,33.70466995239258,-117.78780364990234,ORANGE,IRVINE,-117.78923797607422,33.70328140258789
82141392,2023,2023-08-11,3019,2023-05-15,2107,3528,SE,1,5,7,3019,0,0,0,NA,0,003,CHESTNUT AVENUE,STANDARD AVENUE,0,NA,Y,A,-,N,NA,NA,NA,NA,NA,NA,NA,NA,NA,N,4,0,1,2,A,-,12,21453,A,F,D,C,A,A,H,-,C,A,0,NA,NA,NA,NA,Y,NA,D,22,0,0,1,0,0,0,0,0,0,-,-,33.742591857910156,-117.85726928710938,ORANGE,SANTA ANA,-117.8569793701172,33.74246597290039
82144752,2023,2023-08-16,3015,2023-07-24,2200,1704,RD117,1,5,6,3015,0,0,0,NA,0,121,MEATS AVE,DIAMOND ST,60,E,N,A,-,N,NA,NA,NA,NA,NA,NA,NA,NA,NA,N,4,0,1,2,A,-,03,22350,NA,N,C,G,A,A,H,-,C,D,0,NA,Y,NA,NA,Y,NA,A,07,0,0,1,0,0,0,1,0,0,-,-,33.822139739990234,-117.82840728759766,ORANGE,ORANGE,-117.82889556884766,33.82305908203125
82144964,2023,2023-08-16,3026,2023-07-16,1838,691,NA,7,5,6,3026,0,0,0,NA,0,008,IRVINE BOULEVARD,GROVELAND,300,E,N,A,-,N,NA,NA,NA,NA,NA,NA,NA,NA,NA,N,3,0,2,1,A,-,03,22350,NA,N,H,I,A,A,H,-,A,D,0,NA,NA,NA,NA,Y,NA,M,96,0,2,0,0,0,0,0,0,0,-,-,NA,NA,ORANGE,IRVINE,-117.74363708496094,33.70222473144531
82145822,2023,2023-08-17,3007,2023-07-29,2244,326,29,6,5,5,3007,0,0,0,NA,0,002,HARBOR BLVD,HEIL AVE,0,NA,Y,A,-,N,NA,NA,NA,NA,NA,NA,NA,NA,NA,Y,3,0,1,2,A,-,09,21801,A,N,D,C,A,A,H,-,C,A,0,NA,NA,NA,NA,Y,NA,A,01,0,1,0,0,0,0,0,0,0,-,-,NA,NA,ORANGE,FOUNTAIN VALLEY,-117.91981506347656,33.72377395629883
82145855,2023,2023-08-17,3015,2023-07-14,1707,1515,RD36,5,5,6,3015,0,0,0,NA,0,732M,TUSTIN AVE,KATELLA AVENUE,175,S,N,A,-,N,NA,NA,NA,NA,NA,NA,NA,NA,NA,N,4,0,1,2,A,-,03,22350,NA,N,C,C,A,A,H,-,A,D,0,NA,NA,NA,NA,Y,NA,A,07,0,0,1,0,0,0,0,0,0,-,-,NA,NA,ORANGE,ORANGE,-117.83573150634766,33.808719635009766
82145874,2023,2023-08-17,3001,2023-08-06,1430,A2537,D-1,7,5,7,3001,0,0,0,NA,0,014,MAGNOLIA AVENUE,GREENLEAF AVENUE,58,N,N,A,-,N,NA,NA,NA,NA,NA,NA,NA,NA,NA,Y,3,0,2,2,A,-,01,23152,A,M,C,C,A,A,H,-,A,A,0,NA,NA,NA,NA,Y,Y,D,22,0,1,1,0,0,0,0,0,0,-,-,33.8424186706543,-117.97618103027344,ORANGE,ANAHEIM,-117.97610473632813,33.84248733520508
82145878,2023,2023-08-21,3001,2023-08-07,2029,A1962,D-2,1,5,7,3001,0,0,0,NA,0,D-2,LA PALMA AVENUE,BROOKHURST STREET,0,NA,Y,A,-,N,NA,NA,NA,NA,NA,NA,NA,NA,NA,Y,3,0,2,2,A,-,12,21453,A,N,D,C,A,A,H,-,C,A,0,NA,NA,NA,NA,Y,NA,D,22,0,1,1,0,0,0,0,0,0,-,-,33.84674072265625,-117.95913696289063,ORANGE,ANAHEIM,-117.95913696289063,33.84695816040039
82145954,2023,2023-08-17,3019,2023-07-17,2500,3757,SC,1,5,7,3019,0,0,0,NA,0,004,MCFADDEN AVENUE,FLOWER STREET,0,NA,Y,A,-,N,NA,NA,NA,NA,NA,NA,NA,NA,NA,N,4,0,1,2,A,-,09,21801,A,N,D,C,A,A,H,-,A,A,0,NA,NA,NA,NA,Y,NA,A,01,0,0,1,0,0,0,0,0,0,-,-,33.73448944091797,-117.87647247314452,ORANGE,SANTA ANA,-117.87645721435548,33.734500885009766
82146120,2023,2023-08-17,3024,2023-06-15,741,520,NA,4,5,5,3024,0,0,0,NA,0,EAST,EDINGER AVENUE,NEWLAND STREET,0,NA,Y,A,B,N,NA,NA,NA,NA,NA,NA,NA,NA,NA,N,4,0,1,2,A,-,12,21453,A,N,D,C,A,A,H,-,B,A,0,NA,NA,NA,NA,Y,NA,E,22,0,0,1,0,0,0,0,0,0,-,-,33.730228424072266,-117.98065948486328,ORANGE,WESTMINSTER,-117.98072814941406,33.730255126953125