CASE_ID,ACCIDENT_YEAR,PROC_DATE,JURIS,COLLISION_DATE,COLLISION_TIME,OFFICER_ID,REPORTING_DISTRICT,DAY_OF_WEEK,CHP_SHIFT,POPULATION,CNTY_CITY_LOC,SPECIAL_COND,BEAT_TYPE,CHP_BEAT_TYPE,CITY_DIVISION_LAPD,CHP_BEAT_CLASS,BEAT_NUMBER,PRIMARY_RD,SECONDARY_RD,DISTANCE,DIRECTION,INTERSECTION,WEATHER_1,WEATHER_2,STATE_HWY_IND,CALTRANS_COUNTY,CALTRANS_DISTRICT,STATE_ROUTE,ROUTE_SUFFIX,POSTMILE_PREFIX,POSTMILE,LOCATION_TYPE,RAMP_INTERSECTION,SIDE_OF_HWY,TOW_AWAY,COLLISION_SEVERITY,NUMBER_KILLED,NUMBER_INJURED,PARTY_COUNT,PRIMARY_COLL_FACTOR,PCF_CODE_OF_VIOL,PCF_VIOL_CATEGORY,PCF_VIOLATION,PCF_VIOL_SUBSECTION,HIT_AND_RUN,TYPE_OF_COLLISION,MVIW,PED_ACTION,ROAD_SURFACE,ROAD_COND_1,ROAD_COND_2,LIGHTING,CONTROL_DEVICE,CHP_ROAD_TYPE,PEDESTRIAN_ACCIDENT,BICYCLE_ACCIDENT,MOTORCYCLE_ACCIDENT,TRUCK_ACCIDENT,NOT_PRIVATE_PROPERTY,ALCOHOL_INVOLVED,STWD_VEHTYPE_AT_FAULT,CHP_VEHTYPE_AT_FAULT,COUNT_SEVERE_INJ,COUNT_VISIBLE_INJ,COUNT_COMPLAINT_PAIN,COUNT_PED_KILLED,COUNT_PED_INJURED,COUNT_BICYCLIST_KILLED,COUNT_BICYCLIST_INJURED,COUNT_MC_KILLED,COUNT_MC_INJURED,PRIMARY_RAMP,SECONDARY_RAMP,LATITUDE,LONGITUDE,COUNTY,CITY,POINT_X,POINT_Y
8350323,2017,2018-03-21,3004,2017-04-10,2123,P555,11,1,5,6,3004,0,0,0,NA,0,002,NEWPORT BL,BAY ST,3,N,N,A,-,N,NA,NA,55,NA,NA,NA,NA,NA,NA,Y,3,0,2,2,A,-,12,21453,A,N,A,C,A,A,H,-,C,A,0,NA,NA,NA,NA,Y,NA,A,01,0,1,1,0,0,0,0,0,0,-,-,33.64809,-117.91283,ORANGE,COSTA MESA,-117.91260642,33.64781821
8350944,2017,2017-05-12,3002,2017-04-11,0846,1657,533Y,2,5,4,3002,0,0,0,NA,0,012,ROSE DR,VESUVIUS DR,839,N,N,A,-,N,NA,NA,NA,NA,NA,NA,NA,NA,NA,Y,3,0,1,1,A,-,03,22350,NA,N,E,I,A,A,H,-,A,D,0,NA,NA,NA,NA,Y,NA,D,22,0,1,0,0,0,0,0,0,0,-,-,NA,NA,ORANGE,BREA,-117.84487169,33.91314993
8353092,2017,2017-04-26,3019,2017-04-04,1511,3196,SE,2,5,7,3019,0,0,0,NA,0,003,STANDARD AV,WAKEHAM AV,10,S,N,A,-,N,NA,NA,NA,NA,NA,NA,NA,NA,NA,Y,3,0,2,2,A,-,09,21801,A,N,D,C,A,A,H,-,A,D,0,NA,NA,NA,NA,Y,NA,A,01,0,1,1,0,0,0,0,0,0,-,-,33.73703,-117.85638,ORANGE,SANTA ANA,-117.85647,33.73727259
8353452,2017,2018-04-18,3014,2017-04-17,0148,1468,RD17,1,5,5,3014,0,0,0,NA,0,0A2,RT 1,61ST ST,590,E,N,A,-,Y,ORA,12,1,-,-,20.87,H,-,S,Y,3,0,4,1,A,-,03,22350,NA,N,E,I,A,A,H,-,C,D,0,NA,NA,NA,NA,Y,NA,A,01,0,1,3,0,0,0,0,0,0,-,-,33.62529,-117.94657,ORANGE,NEWPORT BEACH,-117.94690559,33.62524929
8353880,2017,2017-05-01,3019,2017-03-30,0157,2877,SC,4,5,7,3019,0,0,0,NA,0,NA,BRISTEL ST,SEGERSTROM AV,32,S,N,A,-,N,NA,NA,NA,NA,NA,NA,NA,NA,NA,Y,4,0,1,2,A,-,03,22350,NA,F,C,C,A,A,H,-,C,A,0,NA,NA,NA,NA,Y,NA,A,01,0,0,1,0,0,0,0,0,0,-,-,NA,NA,ORANGE,SANTA ANA,-117.88547204,33.70734229
8354317,2017,2017-05-08,3002,2017-03-19,0606,9120,740F6,7,5,5,3025,0,0,0,NA,0,003,FAIRMONT BL,GLENHAVEN DR,192,S,N,A,-,N,NA,NA,NA,NA,NA,NA,NA,NA,NA,Y,3,0,1,1,A,-,08,22107,NA,N,E,I,A,A,H,-,C,D,0,NA,NA,NA,NA,Y,NA,A,01,0,1,0,0,0,0,0,0,0,-,-,NA,NA,ORANGE,YORBA LINDA,-117.78364202,33.87441507
8354564,2017,2017-05-08,3000,2017-04-03,1553,1104,800B1,1,5,2,3023,0,0,0,NA,0,014,VILLA PARK RD,KENWICK,0,NA,Y,A,-,N,NA,NA,NA,NA,NA,NA,NA,NA,NA,Y,2,0,1,2,A,-,09,21801,A,N,D,C,A,A,H,-,A,D,0,NA,NA,NA,NA,Y,NA,A,07,1,0,0,0,0,0,0,0,0,-,-,NA,NA,ORANGE,VILLA PARK,-117.8171101,33.81056012
8355285,2017,2017-05-10,3013,2017-04-12,1224,176,NA,3,5,3,3013,0,0,0,NA,0,NA,FARQUHAR AV,REAGAN ST,0,NA,Y,A,-,N,NA,NA,NA,NA,NA,NA,NA,NA,NA,N,4,0,1,2,A,-,09,21800,A,N,D,G,A,A,H,-,A,D,0,NA,Y,NA,NA,Y,NA,A,01,0,0,1,0,0,0,1,0,0,-,-,NA,NA,ORANGE,LOS ALAMITOS,-118.06929003,33.79946004
8356908,2017,2017-05-02,3009,2017-04-05,1739,3397,152,3,5,6,3009,0,0,0,NA,0,022,HASTER ST,SIRIUS AV,0,NA,Y,A,-,N,NA,NA,NA,NA,NA,NA,NA,NA,NA,N,3,0,1,2,A,-,09,21801,A,N,A,C,A,A,H,-,A,D,0,NA,NA,NA,NA,Y,NA,A,01,0,1,0,0,0,0,0,0,0,-,-,NA,NA,ORANGE,GARDEN GROVE,-117.90627003,33.79105003
8356994,2017,2017-05-04,3009,2017-04-16,1843,3712,93,7,5,6,3009,0,0,0,NA,0,1-2,LAMPSON AV,GILBERT ST,0,NA,Y,A,-,N,NA,NA,NA,NA,NA,NA,NA,NA,NA,N,4,0,1,3,A,-,12,22450,A,N,D,I,A,A,H,-,A,A,0,NA,NA,NA,NA,Y,NA,A,01,0,0,1,0,0,0,0,0,0,-,-,NA,NA,ORANGE,GARDEN GROVE,-117.96731007,33.78124002
8358061,2017,2017-05-02,3003,2017-04-12,1143,665,23,3,5,5,3003,0,0,0,NA,0,008,ORANGETHORPE AV,MCNEIL LN,0,NA,Y,A,-,N,NA,NA,NA,NA,NA,NA,NA,NA,NA,Y,4,0,2,2,A,-,08,22107,NA,N,D,C,A,A,H,-,A,D,0,NA,NA,NA,NA,Y,NA,A,01,0,0,2,0,0,0,0,0,0,-,-,33.8588,-118.007,ORANGE,BUENA PARK,-118.00689005,33.858940079999996
8359035,2017,2017-05-08,3003,2017-03-31,0812,1056,NA,5,5,5,3003,0,0,0,NA,0,NA,WESTERN AV,SANTA ELENA DR,541,N,N,A,-,N,NA,NA,NA,NA,NA,NA,NA,NA,NA,Y,4,0,2,2,A,-,03,22350,NA,N,C,C,A,A,H,-,A,A,0,NA,NA,NA,NA,Y,NA,A,01,0,0,2,0,0,0,0,0,0,-,-,33.5034,-118.0008,ORANGE,BUENA PARK,-118.0023814,33.84297263
8359503,2017,2017-05-10,3002,2017-04-25,1558,1650,3002,2,5,4,3002,0,0,0,NA,0,011,CENTRAL AV,TAMARACK AV,0,NA,Y,B,-,N,NA,NA,NA,NA,NA,NA,NA,NA,NA,N,4,0,1,2,A,-,09,21801,A,N,A,C,A,A,H,-,A,A,0,NA,NA,NA,NA,Y,NA,A,01,0,0,1,0,0,0,0,0,0,-,-,NA,NA,ORANGE,BREA,-117.89918004,33.93206002
8361515,2017,2017-05-18,3001,2017-04-08,2254,1397,NA,6,5,7,3001,0,0,0,NA,0,0P4,S SHERWOOD DR,SANTA ANA ST,251,S,N,A,-,N,NA,NA,NA,NA,NA,NA,NA,NA,NA,Y,4,0,1,1,A,-,08,22107,NA,N,E,I,A,A,H,-,C,D,0,NA,NA,NA,NA,Y,NA,A,01,0,0,1,0,0,0,0,0,0,-,-,NA,NA,ORANGE,ANAHEIM,-117.89772507,33.83379567
8362485,2017,2017-05-10,3010,2017-04-21,0807,1118,413,5,5,6,3010,0,0,0,NA,0,005,NEWLAND,GARFIELD,0,NA,Y,A,-,N,NA,NA,NA,NA,NA,NA,NA,NA,NA,Y,4,0,2,2,A,-,12,21453,A,N,D,C,A,A,H,-,A,A,0,NA,NA,NA,NA,Y,NA,A,01,0,0,2,0,0,0,0,0,0,-,-,NA,NA,ORANGE,HUNTINGTON BEACH,-117.98011013,33.68673004
8364464,2017,2017-05-23,3003,2017-03-31,1340,1056,NA,5,5,5,3003,0,0,0,NA,0,NA,ORANGETHORPE AV,AUTO CENTER DR,0,NA,Y,A,-,N,NA,NA,NA,NA,NA,NA,NA,NA,NA,N,3,0,1,2,D,-,00,NA,NA,N,D,C,A,A,H,-,A,A,0,NA,NA,NA,NA,Y,NA,-,-,0,1,0,0,0,0,0,0,0,-,-,33.5132,-117.5852,ORANGE,BUENA PARK,-117.98129007,33.85909011
8365599,2017,2017-05-15,3000,2017-03-10,1555,6532,971H6,5,5,4,3029,0,0,0,NA,0,737,LA PLAZA,GOLDEN LANTERN,0,NA,Y,A,-,N,NA,NA,NA,NA,NA,NA,NA,NA,NA,N,4,0,2,2,A,-,09,21802,A,N,D,C,A,A,H,-,A,A,0,NA,NA,NA,NA,Y,NA,A,01,0,0,2,0,0,0,0,0,0,-,-,NA,NA,ORANGE,DANA POINT,-117.69809007,33.4683801
8365808,2017,2017-05-19,3019,2017-04-14,2054,3325,SC,5,5,7,3019,0,0,0,NA,0,003,EDINGER AV,FLOWER ST,0,NA,Y,A,-,N,NA,NA,NA,NA,NA,NA,NA,NA,NA,Y,4,0,1,2,D,-,00,NA,NA,N,D,D,A,A,H,-,C,A,0,NA,NA,NA,Y,Y,NA,-,-,0,0,1,0,0,0,0,0,0,-,-,33.72726,-117.87669,ORANGE,SANTA ANA,-117.87657007,33.72721002
8367959,2017,2017-05-24,3008,2017-01-31,1421,1320,NA,2,5,6,3008,0,0,0,NA,0,001,BUCKINGHAM RD,MAGNOLIA AV,89,E,N,B,-,N,NA,NA,NA,NA,NA,NA,NA,NA,NA,Y,4,0,1,2,A,-,08,22107,NA,N,D,D,A,A,H,-,A,A,0,NA,NA,Y,NA,Y,NA,A,07,0,0,1,0,0,0,0,0,1,-,-,NA,NA,ORANGE,FULLERTON,-117.97597765,33.85656731
8368243,2017,2017-05-22,3014,2017-04-15,1828,1453,RD16,6,5,5,3014,0,0,0,NA,0,0A1,46TH ST,SEASHORE DR,15,S,N,A,-,N,NA,NA,NA,NA,NA,NA,NA,NA,NA,N,3,0,1,2,A,-,08,22107,NA,N,A,C,A,A,H,-,B,D,0,NA,Y,NA,NA,Y,NA,L,04,0,1,0,0,0,0,1,0,0,-,-,33.3715,-117.5524,ORANGE,NEWPORT BEACH,-117.94009702,33.62077295
8368478,2017,2017-05-23,3007,2017-05-12,1419,1134,56,5,5,5,3007,0,0,0,NA,0,002,TALBERT,WARD,0,NA,Y,A,-,N,NA,NA,NA,NA,NA,NA,NA,NA,NA,Y,4,0,1,2,A,-,09,21801,A,N,D,C,A,A,H,-,A,A,0,NA,NA,NA,NA,Y,NA,A,01,0,0,1,0,0,0,0,0,0,-,-,NA,NA,ORANGE,FOUNTAIN VALLEY,-117.94562012,33.7017901
8368910,2017,2017-06-14,3000,2017-04-01,1710,5455,971H6,6,5,4,3029,0,0,0,NA,0,903,PACIFIC COAST HWY,RUBY LANTERN,315,S,N,A,-,N,NA,NA,NA,NA,NA,NA,NA,NA,NA,Y,2,0,1,2,A,-,03,22350,NA,N,C,C,A,A,H,-,A,D,0,NA,NA,Y,NA,Y,NA,C,02,1,0,0,0,0,0,0,0,1,-,-,NA,NA,ORANGE,DANA POINT,-117.70576391,33.46577626
8369855,2017,2017-06-05,3012,2017-05-02,1424,288,31,2,5,5,3012,0,0,0,NA,0,0SW,BEACH BL,SAN JOSE AV,179,S,N,A,-,N,NA,NA,NA,NA,NA,NA,NA,NA,NA,Y,3,0,1,3,A,-,08,22107,NA,N,B,E,A,A,H,-,A,D,0,NA,NA,NA,NA,Y,NA,D,22,0,1,0,0,0,0,0,0,0,-,-,NA,NA,ORANGE,LA HABRA,-117.96793337,33.92963927
8369955,2017,2017-05-31,3014,2017-05-15,1118,1179,RD36,1,5,5,3014,0,0,0,NA,0,0A3,LA SALUD,MILANO,122,W,N,A,-,N,NA,NA,NA,NA,NA,NA,NA,NA,NA,Y,3,0,1,2,A,-,08,22107,NA,N,B,E,A,A,H,-,A,D,0,NA,NA,NA,NA,Y,NA,A,01,0,1,0,0,0,0,0,0,0,-,-,33.64567,-117.8627,ORANGE,NEWPORT BEACH,-117.86454222,33.644965
8370354,2017,2017-05-22,3019,2017-04-16,1812,3359,SC,7,5,7,3019,0,0,0,NA,0,004,FLOWER AV,MACARTHUR BL,0,NA,Y,A,-,N,NA,NA,NA,NA,NA,NA,NA,NA,NA,Y,4,0,1,3,A,-,12,21453,A,N,D,C,A,A,H,-,B,A,0,NA,NA,NA,NA,Y,NA,A,01,0,0,1,0,0,0,0,0,0,-,-,NA,NA,ORANGE,SANTA ANA,-117.87694002,33.69994012
8373772,2017,2017-06-07,3009,2017-05-20,0605,4558,144,6,5,6,3009,0,0,0,NA,0,022,HARBOR BL,BLUE SPRUCE AV,0,NA,Y,A,-,N,NA,NA,NA,NA,NA,NA,NA,NA,NA,N,4,0,3,2,A,-,09,21802,A,N,D,C,A,A,H,-,A,A,0,NA,NA,NA,NA,Y,NA,A,01,0,0,3,0,0,0,0,0,0,-,-,NA,NA,ORANGE,GARDEN GROVE,-117.9149301,33.7784301
8373801,2017,2017-06-21,3010,2017-05-02,1819,251,431,2,5,6,3010,0,0,0,NA,0,004,MAIN ST,ADAMS,0,NA,Y,A,-,N,NA,NA,NA,NA,NA,NA,NA,NA,NA,N,4,0,1,2,A,-,03,22350,NA,N,C,C,A,A,H,-,A,A,0,NA,NA,NA,NA,Y,NA,D,22,0,0,1,0,0,0,0,0,0,-,-,NA,NA,ORANGE,HUNTINGTON BEACH,-118.00167002,33.67207007
8374773,2017,2017-06-14,3012,2017-05-20,1939,620,43,6,5,5,3012,0,0,0,NA,0,004,LAMBERT RD,PALM ST,0,NA,Y,A,-,N,NA,NA,NA,NA,NA,NA,NA,NA,NA,Y,4,0,1,2,A,-,09,21801,A,M,D,C,A,A,H,-,B,A,0,NA,NA,NA,NA,Y,Y,D,22,0,0,1,0,0,0,0,0,0,-,-,NA,NA,ORANGE,LA HABRA,-117.92439001,33.92462004
8375381,2017,2017-06-07,3026,2017-05-12,1547,6352,NA,5,5,6,3026,0,0,0,NA,0,NA,IRVINE CENTER DR,CULVER DR,647,W,N,A,-,N,NA,NA,NA,NA,NA,NA,NA,NA,NA,Y,3,0,2,2,A,-,09,21804,A,N,D,C,A,A,H,-,A,A,0,NA,NA,NA,NA,Y,NA,A,01,0,2,0,0,0,0,0,0,0,-,-,NA,NA,ORANGE,IRVINE,-117.80044413,33.69488761
8375948,2017,2017-06-13,3024,2017-05-22,2216,382,EAST,1,5,5,3024,0,0,0,NA,0,P41,MCFADDEN AV,WARD ST,740,W,N,A,-,N,NA,NA,NA,NA,NA,NA,NA,NA,NA,N,4,0,1,1,A,-,08,22107,NA,N,E,I,A,A,H,-,C,A,0,NA,NA,NA,NA,Y,NA,A,01,0,0,1,0,0,0,0,0,0,-,-,33.73791,-117.94605,ORANGE,WESTMINSTER,-117.94846723,33.73785294
8376179,2017,2017-05-31,3024,2017-02-08,1657,329,P99,3,5,5,3024,0,0,0,NA,0,EAST,WARD ST,MCFADDEN AV,84,N,N,B,-,N,NA,NA,NA,NA,NA,NA,NA,NA,NA,N,3,0,1,2,A,-,05,21650,1,N,D,G,A,A,H,-,A,D,0,NA,Y,NA,NA,Y,NA,L,04,0,1,0,0,0,0,1,0,0,-,-,33.73791,-117.94605,ORANGE,WESTMINSTER,-117.94604631,33.73814024
83767561,2024,2024-08-07,3019,2024-07-26,2000,3927,NA,5,5,7,3019,0,0,0,NA,0,002,MACARTHUR BOULEVARD,BEAR STREET,0,NA,Y,A,-,N,NA,NA,NA,NA,NA,NA,NA,NA,NA,Y,4,0,1,2,A,-,12,21453,A,N,D,C,A,A,H,-,C,A,0,NA,NA,NA,NA,Y,NA,A,01,0,0,1,0,0,0,0,0,0,-,-,33.69955825805664,-117.89321136474608,ORANGE,SANTA ANA,-117.89226531982422,33.69997787475586
83768990,2024,2024-08-08,3019,2024-07-31,711,3449,NA,3,5,7,3019,0,0,0,NA,0,002,17TH STREET,SPURGEON STREET,0,NA,Y,-,-,N,NA,NA,NA,NA,NA,NA,NA,NA,NA,N,4,0,2,2,A,-,12,21453,A,N,D,C,A,A,H,-,A,A,0,NA,NA,NA,NA,Y,NA,-,-,0,0,2,0,0,0,0,0,0,-,-,33.76020050048828,-117.86518096923828,ORANGE,SANTA ANA,-117.86520385742188,33.75996398925781
8376930,2017,2017-06-01,3026,2017-04-23,1437,522,NA,7,5,6,3026,0,0,0,NA,0,00P,CULVER DR,IRVINE BL,25,S,N,A,-,N,NA,NA,NA,NA,NA,NA,NA,NA,NA,N,4,0,1,2,A,-,03,22350,NA,N,C,C,A,A,H,-,A,A,0,NA,NA,NA,NA,Y,NA,A,08,0,0,1,0,0,0,0,0,0,-,-,NA,NA,ORANGE,IRVINE,-117.77119209,33.72135707
8377016,2017,2017-06-01,3004,2017-03-10,1213,P429,15,5,5,6,3004,0,0,0,NA,0,011,ADAMS AV,ROYAL PALM DR,274,E,N,A,-,N,NA,NA,NA,NA,NA,NA,NA,NA,NA,N,4,0,1,2,A,-,09,21804,A,N,H,G,A,A,H,-,A,D,0,NA,Y,NA,NA,Y,NA,A,01,0,0,1,0,0,0,1,0,0,-,-,33.6731,-117.921,ORANGE,COSTA MESA,-117.92112168,33.67332
8377544,2017,2017-06-09,3024,2017-04-27,1506,420,P19,4,5,5,3024,0,0,0,NA,0,EAST,HAZARD AV,BEACH BL,0,NA,Y,A,-,N,NA,NA,NA,NA,NA,NA,NA,NA,NA,Y,4,0,2,2,A,-,03,22350,NA,N,C,C,A,A,H,-,A,A,0,NA,NA,NA,NA,Y,NA,A,01,0,0,2,0,0,0,0,0,0,-,-,NA,NA,ORANGE,WESTMINSTER,-117.98968008,33.75206005
8378012,2017,2017-06-15,3024,2017-05-22,0910,284,12,1,5,5,3024,0,0,0,NA,0,WEST,WESTMINSTER BL,PACIFIC AV,0,NA,Y,A,-,N,NA,NA,NA,NA,NA,NA,NA,NA,NA,Y,4,0,2,2,A,-,09,21802,A,N,D,C,A,A,H,-,A,D,0,NA,NA,NA,NA,Y,NA,A,01,0,0,2,0,0,0,0,0,0,-,-,NA,NA,ORANGE,WESTMINSTER,-117.99193005,33.75925002
8378088,2017,2017-06-19,3024,2017-05-24,2005,409,P36,3,5,5,3024,0,0,0,NA,0,EAST,BROOKHURST ST,BOLSA AV,0,NA,Y,A,-,N,NA,NA,NA,NA,NA,NA,NA,NA,NA,Y,4,0,2,2,A,-,08,22107,NA,N,D,C,A,A,H,-,C,A,0,NA,NA,NA,NA,Y,NA,A,01,0,0,2,0,0,0,0,0,0,-,-,33.74495,-117.95472,ORANGE,WESTMINSTER,-117.95497012,33.74486008
8379962,2017,2017-07-07,3004,2017-04-27,0639,P429,17,4,5,6,3004,0,0,0,NA,0,010,W BAKER ST,FAIRVIEW RD,80,E,N,A,-,N,NA,NA,NA,NA,NA,NA,NA,NA,NA,Y,4,0,1,2,A,-,01,23152,F,N,C,C,A,A,H,-,A,D,0,NA,NA,NA,NA,Y,NA,A,01,0,0,1,0,0,0,0,0,0,-,-,33.6801,-117.9071,ORANGE,COSTA MESA,-117.90758802,33.68014
8380734,2017,2017-06-05,3015,2017-04-21,1021,913,15,5,5,6,3015,0,0,0,NA,0,751,WEST ORANGEWOOD AV,N ECKHOFF ST,0,NA,Y,A,-,N,NA,NA,NA,NA,NA,NA,NA,NA,NA,Y,4,0,1,2,A,-,12,21453,A,N,D,C,A,A,H,-,A,A,0,NA,NA,NA,NA,Y,NA,-,NA,0,0,1,0,0,0,0,0,0,-,-,NA,NA,ORANGE,ORANGE,-117.87374,33.79579004
8380849,2017,2017-06-06,3010,2017-05-28,0544,2138,432,7,5,6,3010,0,0,0,NA,0,005,FLORIDA,YORKTOWN,66,S,N,A,-,N,NA,NA,NA,NA,NA,NA,NA,NA,NA,Y,4,0,1,2,A,-,08,22107,NA,F,B,E,A,A,H,-,A,A,0,NA,NA,NA,Y,Y,NA,F,26,0,0,1,0,0,0,0,0,0,-,-,NA,NA,ORANGE,HUNTINGTON BEACH,-117.99089841,33.67923905
8380922,2017,2017-06-06,3010,2017-05-23,1935,1016,271,2,5,6,3010,0,0,0,NA,0,006,CAIN,GOTHARD,30,E,N,A,-,N,NA,NA,NA,NA,NA,NA,NA,NA,NA,Y,3,0,1,1,A,-,08,22107,NA,N,E,I,A,A,H,-,A,D,0,NA,NA,NA,NA,Y,NA,A,01,0,1,0,0,0,0,0,0,0,-,-,NA,NA,ORANGE,HUNTINGTON BEACH,-117.99999157,33.71471
8381287,2017,2017-06-08,3012,2017-05-04,1427,586,33,4,5,5,3012,0,0,0,NA,0,003,LAMBERT RD,WALNUT ST,0,NA,Y,A,-,N,NA,NA,NA,NA,NA,NA,NA,NA,NA,N,3,0,1,2,A,-,09,21801,A,N,-,C,A,A,H,-,A,A,0,NA,NA,NA,NA,Y,NA,A,01,0,1,0,0,0,0,0,0,0,-,-,NA,NA,ORANGE,LA HABRA,-117.95048008,33.92466009
8381699,2017,2017-06-13,3014,2017-05-27,0033,1453,RD15,6,5,5,3014,0,0,0,NA,0,0A1,20TH ST,WEST BALBOA BL,45,S,N,A,-,N,NA,NA,NA,NA,NA,NA,NA,NA,NA,Y,2,0,1,2,A,-,00,23153,F,F,G,B,E,A,H,-,D,D,0,Y,NA,NA,NA,Y,Y,A,01,1,0,0,0,1,0,0,0,0,-,-,33.363,-117.5537,ORANGE,NEWPORT BEACH,-117.92729131,33.60831201
8381715,2017,2017-06-13,3014,2017-05-20,1837,1453,RD11,6,5,5,3014,0,0,0,NA,0,0A1,BALBOA BL E,D ST,0,NA,Y,A,-,N,NA,NA,NA,NA,NA,NA,NA,NA,NA,Y,4,0,2,2,A,-,09,21801,A,N,A,C,A,A,H,-,A,D,0,NA,NA,NA,NA,Y,NA,A,07,0,0,2,0,0,0,0,0,0,-,-,33.3559,-117.536,ORANGE,NEWPORT BEACH,-117.89445002,33.59988006
8382128,2017,2017-06-15,3000,2017-05-31,0955,05271,993B3,3,5,5,3017,0,0,0,NA,0,776,AVENUE VISTA MONTANA,SANTA CLARA,717,N,N,A,-,N,NA,NA,NA,NA,NA,NA,NA,NA,NA,Y,4,0,1,1,A,-,08,22107,NA,N,E,I,A,A,H,-,A,D,0,NA,NA,NA,NA,Y,NA,A,01,0,0,1,0,0,0,0,0,0,-,-,NA,NA,ORANGE,SAN CLEMENTE,-117.59362582,33.43808709
8382653,2017,2017-06-06,3000,2017-05-07,0200,5455,892J5,7,5,4,3048,0,0,0,NA,0,767,AVENIDA DE LAS BANDERAS,ARROYO VISTA RD,117,E,N,B,C,N,NA,NA,NA,NA,NA,NA,NA,NA,NA,Y,3,0,1,2,A,-,01,23152,A,N,C,E,A,B,H,-,C,D,0,NA,NA,NA,NA,Y,Y,A,01,0,1,0,0,0,0,0,0,0,-,-,NA,NA,ORANGE,RANCHO SANTA MARGARITA,-117.612999,33.623092
8382815,2017,2017-06-13,3020,2017-05-09,0811,246,NA,2,5,4,3020,0,0,0,NA,0,SOUTH,SEAL BEACH BL,HERON POINTE,150,N,N,A,-,N,NA,NA,NA,NA,NA,NA,NA,NA,NA,N,4,0,1,2,A,-,-,NA,NA,N,C,C,A,A,H,-,A,A,0,NA,NA,NA,NA,Y,NA,D,22,0,0,1,0,0,0,0,0,0,-,-,NA,NA,ORANGE,SEAL BEACH,-118.08892188,33.75031527
8382922,2017,2017-06-08,3003,2017-05-12,1838,1168,26,5,5,5,3003,0,0,0,NA,0,001,STANTON AV,ARTESIA BL,0,NA,Y,A,-,N,NA,NA,NA,NA,NA,NA,NA,NA,NA,N,4,0,1,2,A,-,08,22107,NA,N,D,G,A,A,H,-,A,A,0,NA,Y,NA,NA,Y,NA,A,01,0,0,1,0,0,0,1,0,0,-,-,33.8734,-117.9936,ORANGE,BUENA PARK,-117.99389006,33.87349001
8383557,2017,2017-06-08,3020,2017-05-19,0717,436,NA,5,5,4,3020,0,0,0,NA,0,NA,WESTMINSTER AV,SEAL BEACH BL,0,NA,Y,A,-,N,NA,NA,NA,NA,NA,NA,NA,NA,NA,Y,3,0,2,3,A,-,12,21453,A,N,D,C,A,A,H,-,A,A,0,NA,NA,NA,NA,Y,Y,A,NA,0,1,1,0,0,0,0,0,0,-,-,NA,NA,ORANGE,SEAL BEACH,-118.07778005,33.75948
8384724,2017,2017-06-30,3001,2017-05-11,1747,1851,NA,4,5,7,3001,0,0,0,NA,0,0D2,LA PALMA AV,ONONDAGA AV,7,E,N,A,-,N,NA,NA,NA,NA,NA,NA,NA,NA,NA,Y,4,0,3,2,A,-,09,21802,A,N,C,C,A,A,H,-,A,D,0,NA,NA,NA,NA,Y,NA,A,01,0,0,3,0,0,0,0,0,0,-,-,NA,NA,ORANGE,ANAHEIM,-117.946467,33.84706
8384763,2017,2017-09-16,3001,2017-05-04,0711,2267,NA,4,5,7,3001,0,0,0,NA,0,0D2,WEST BROADWAY,GILMAR ST,0,NA,N,A,-,N,NA,NA,NA,NA,NA,NA,NA,NA,NA,Y,4,0,1,2,A,-,03,22350,NA,N,C,C,A,A,A,-,A,D,0,NA,NA,NA,NA,Y,NA,A,01,0,0,1,0,0,0,0,0,0,-,-,NA,NA,ORANGE,ANAHEIM,-117.93445002,33.82897003
8385477,2017,2017-07-07,3026,2017-06-14,1904,481,NA,3,5,6,3026,0,0,0,NA,0,00C,YALE,DEERFIELD,0,NA,Y,A,-,N,NA,NA,NA,NA,NA,NA,NA,NA,NA,N,4,0,1,2,A,-,10,21950,A,N,G,B,B,A,H,-,A,A,0,Y,NA,NA,NA,Y,NA,A,07,0,0,1,0,1,0,0,0,0,-,-,NA,NA,ORANGE,IRVINE,-117.78540003,33.68908009
8385761,2017,2017-07-13,3007,2017-06-19,2211,244,44,1,5,5,3007,0,0,0,NA,0,001,BROOKHURST,LA ALAMEDA,20,N,N,A,-,N,NA,NA,NA,NA,NA,NA,NA,NA,NA,N,3,0,1,2,A,-,12,21453,A,N,-,B,B,A,H,-,C,A,0,Y,NA,NA,NA,Y,NA,D,22,0,1,0,0,1,0,0,0,0,-,-,NA,NA,ORANGE,FOUNTAIN VALLEY,-117.95454102,33.71267483
8386232,2017,2017-07-11,3000,2017-06-18,1108,5036,891J5,7,5,5,3028,0,0,0,NA,0,750,LOS ALISOS BL,JERONIMO RD,54,E,N,A,-,N,NA,NA,NA,NA,NA,NA,NA,NA,NA,Y,3,0,2,2,A,-,08,22100,A,N,D,C,A,A,H,-,A,A,0,NA,NA,NA,NA,Y,NA,A,01,0,1,1,0,0,0,0,0,0,-,-,NA,NA,ORANGE,MISSION VIEJO,-117.68509938,33.62309828
8387175,2017,2018-04-04,3026,2017-05-16,1227,4991,NA,2,5,6,3026,0,0,0,NA,0,NA,SAND CANYON AV,RT 5,0,NA,Y,A,-,Y,ORA,12,5,-,R,24.127,R,4,N,Y,3,0,2,2,A,-,12,21453,A,N,D,C,A,A,H,-,A,A,0,NA,NA,NA,NA,Y,NA,A,01,0,1,1,0,0,0,0,0,0,-,SO,NA,NA,ORANGE,IRVINE,-117.75996108,33.67956693
8387215,2017,2018-03-24,3014,2017-06-11,1705,1483,RD25,7,5,5,3014,0,0,0,NA,0,0A2,RT 1,RIVERSIDE,450,W,N,A,-,Y,ORA,12,1,-,-,19.55,H,-,S,N,4,0,1,2,A,-,09,21801,NA,N,H,G,A,A,H,-,A,D,0,NA,Y,NA,NA,Y,Y,A,01,0,0,1,0,0,0,1,0,0,-,-,33.6209,-117.9257,ORANGE,NEWPORT BEACH,-117.92503857,33.62061532
8387537,2017,2017-06-12,3024,2017-05-06,1810,420,P-15,6,5,5,3024,0,0,0,NA,0,WEST,SPRINGDALE ST,MAHOGANY AV,0,NA,Y,B,-,N,NA,NA,NA,NA,NA,NA,NA,NA,NA,Y,4,0,2,2,A,-,09,21802,A,N,D,C,A,A,H,-,A,A,0,NA,NA,NA,NA,Y,NA,A,01,0,0,2,0,0,0,0,0,0,-,-,33.7566,-118.02468,ORANGE,WESTMINSTER,-118.02455007,33.75658001