CASE_ID,ACCIDENT_YEAR,PROC_DATE,JURIS,COLLISION_DATE,COLLISION_TIME,OFFICER_ID,REPORTING_DISTRICT,DAY_OF_WEEK,CHP_SHIFT,POPULATION,CNTY_CITY_LOC,SPECIAL_COND,BEAT_TYPE,CHP_BEAT_TYPE,CITY_DIVISION_LAPD,CHP_BEAT_CLASS,BEAT_NUMBER,PRIMARY_RD,SECONDARY_RD,DISTANCE,DIRECTION,INTERSECTION,WEATHER_1,WEATHER_2,STATE_HWY_IND,CALTRANS_COUNTY,CALTRANS_DISTRICT,STATE_ROUTE,ROUTE_SUFFIX,POSTMILE_PREFIX,POSTMILE,LOCATION_TYPE,RAMP_INTERSECTION,SIDE_OF_HWY,TOW_AWAY,COLLISION_SEVERITY,NUMBER_KILLED,NUMBER_INJURED,PARTY_COUNT,PRIMARY_COLL_FACTOR,PCF_CODE_OF_VIOL,PCF_VIOL_CATEGORY,PCF_VIOLATION,PCF_VIOL_SUBSECTION,HIT_AND_RUN,TYPE_OF_COLLISION,MVIW,PED_ACTION,ROAD_SURFACE,ROAD_COND_1,ROAD_COND_2,LIGHTING,CONTROL_DEVICE,CHP_ROAD_TYPE,PEDESTRIAN_ACCIDENT,BICYCLE_ACCIDENT,MOTORCYCLE_ACCIDENT,TRUCK_ACCIDENT,NOT_PRIVATE_PROPERTY,ALCOHOL_INVOLVED,STWD_VEHTYPE_AT_FAULT,CHP_VEHTYPE_AT_FAULT,COUNT_SEVERE_INJ,COUNT_VISIBLE_INJ,COUNT_COMPLAINT_PAIN,COUNT_PED_KILLED,COUNT_PED_INJURED,COUNT_BICYCLIST_KILLED,COUNT_BICYCLIST_INJURED,COUNT_MC_KILLED,COUNT_MC_INJURED,PRIMARY_RAMP,SECONDARY_RAMP,LATITUDE,LONGITUDE,COUNTY,CITY,POINT_X,POINT_Y
90046057,2015,2015-11-06,9675,2015-11-05,2010,018539,NA,4,2,6,3008,0,1,3,NA,2,571,SR-57 S/B FROM CHAPMAN AVENUE,CHAPMAN AVE,75,S,N,A,-,Y,NA,NA,57,NA,NA,NA,R,NA,S,Y,4,0,1,3,A,-,03,22350,NA,N,C,C,A,A,H,-,C,D,0,NA,NA,NA,NA,Y,NA,A,01,0,0,1,0,0,0,0,0,0,-,-,33.87033,-117.88023,ORANGE,FULLERTON,-117.88023,33.87033
90046617,2015,2015-11-09,9670,2015-10-23,2158,019925,NA,5,2,5,3007,0,1,1,NA,2,041,I-405 S/B FROM WARNER AVE E/B,WARNER AVE.,12,S,N,A,-,Y,NA,NA,405,NA,NA,NA,R,NA,S,N,3,0,1,2,A,-,03,22350,NA,N,H,G,A,A,H,-,C,D,0,NA,Y,NA,NA,Y,NA,A,01,0,1,0,0,0,0,1,0,0,-,-,33.71563,-117.96894,ORANGE,FOUNTAIN VALLEY,-117.96894,33.71563
90046757,2015,2015-11-09,9690,2015-10-30,0245,018840,NA,5,3,4,3018,0,1,1,NA,2,057,I-5 S/B (SAN DIEGO FRWY),SAN JUAN CREEK RD,300,N,N,A,-,Y,NA,NA,5,NA,NA,NA,NA,NA,S,Y,4,0,3,1,A,-,08,22107,NA,N,E,I,A,A,H,-,D,D,0,NA,NA,NA,NA,Y,NA,A,01,0,0,3,0,0,0,0,0,0,-,-,33.49226,-117.66157,ORANGE,SAN JUAN CAPISTRANO,-117.66156773,33.49225827
90050561,2015,2015-11-13,9670,2015-11-12,1500,013953,NA,4,2,6,3009,0,1,3,NA,2,024,SR-22 E/B (GARDEN GROVE FWY),HARBOR BLVD,528,E,N,A,-,Y,NA,NA,22,NA,NA,NA,NA,NA,E,Y,4,0,1,2,A,-,03,22350,NA,N,C,C,A,A,H,-,A,D,0,NA,NA,NA,NA,Y,NA,A,01,0,0,1,0,0,0,0,0,0,-,-,33.76834,-117.91864,ORANGE,GARDEN GROVE,-117.91864858,33.76836482
90052372,2015,2015-11-17,9670,2015-11-13,1634,019707,NA,5,2,6,3009,0,1,3,NA,2,024,SR-22 E/B,HASTER ST.,1056,E,N,A,-,Y,NA,NA,22,NA,NA,NA,NA,NA,E,Y,4,0,1,2,A,-,03,22350,NA,N,C,C,A,A,H,-,B,D,0,NA,NA,NA,NA,Y,NA,A,01,0,0,1,0,0,0,0,0,0,-,-,33.77724,-117.89884,ORANGE,GARDEN GROVE,-117.89895005,33.7774601
90052384,2015,2015-11-17,9670,2015-11-12,1310,017858,NA,4,1,5,3007,0,1,1,NA,2,040,I-405 N/B,WARD ST,250,N,N,A,-,Y,NA,NA,405,NA,NA,NA,NA,NA,N,Y,4,0,1,3,A,-,04,21703,NA,N,C,C,A,A,H,-,A,D,0,NA,NA,NA,NA,Y,NA,A,01,0,0,1,0,0,0,0,0,0,-,-,33.70105,-117.94737,ORANGE,FOUNTAIN VALLEY,-117.94741599,33.70094033
90052485,2015,2015-11-17,9675,2015-11-13,1425,020766,NA,5,2,6,3004,0,1,3,NA,2,053,SR-55 N/B,I-405 NORTHBOUND,50,N,N,A,-,Y,NA,NA,55,NA,NA,NA,NA,NA,N,Y,3,0,1,1,A,-,03,22350,NA,N,F,A,A,A,H,-,A,D,0,NA,NA,Y,NA,Y,NA,C,02,0,1,0,0,0,0,0,0,1,-,-,33.68786,-117.87172,ORANGE,COSTA MESA,-117.87174941,33.68788789
90055926,2015,2015-11-20,9675,2015-11-15,1155,019171,NA,7,1,7,3019,0,1,1,NA,2,520,I-5 NB (SANTA ANA FWY),LINCOLN AVE,800,S,N,A,-,Y,NA,NA,5,NA,NA,NA,NA,NA,N,N,2,0,1,2,A,-,03,22350,NA,N,C,C,A,A,H,-,A,D,0,NA,NA,Y,NA,Y,NA,C,02,1,0,0,0,0,0,0,0,1,-,-,33.75661,-117.85583,ORANGE,SANTA ANA,-117.85574636,33.75679848
90057911,2015,2015-11-23,9675,2015-11-18,0830,013308,NA,3,1,7,3001,0,1,3,NA,2,093,SR-91 EASTBOUND,TUSTIN AVE,200,W,N,A,-,Y,NA,NA,91,NA,NA,NA,NA,NA,E,Y,3,0,3,3,A,-,08,22107,NA,N,B,C,A,A,H,-,A,D,0,NA,NA,NA,Y,Y,NA,F,26,0,1,2,0,0,0,0,0,0,-,-,33.85146,-117.8383,ORANGE,ANAHEIM,-117.83837971,33.85116924
9006170,2019,2020-02-10,3012,2019-12-06,1634,623,26,5,5,5,3012,0,0,0,NA,0,002,HARBOR BL,STEARNS AV,0,NA,N,A,-,N,NA,NA,NA,NA,NA,NA,NA,NA,NA,Y,4,0,1,2,A,-,12,21453,A,N,D,C,A,B,H,-,B,A,0,NA,NA,NA,NA,Y,NA,D,22,0,0,1,0,0,0,0,0,0,-,-,NA,NA,ORANGE,LA HABRA,-117.93305206298828,33.93370056152344
90063394,2015,2015-12-02,9675,2015-11-25,0130,018272,NA,3,3,7,3001,0,1,3,NA,2,093,SR-91 E/B (RIVERSIDE FREEWAY),MIRA LOMA ST.,320,E,N,C,-,Y,NA,NA,91,NA,NA,NA,NA,NA,E,Y,4,0,1,2,A,-,01,23152,A,N,E,C,A,B,H,-,C,D,0,NA,NA,NA,NA,Y,Y,A,01,0,0,1,0,0,0,0,0,0,-,-,33.85206,-117.88162,ORANGE,ANAHEIM,-117.88158707,33.85213468
90064041,2015,2015-12-02,9670,2015-11-20,1905,019707,NA,5,2,4,3020,0,1,1,NA,2,044,I-405 NB,SR-22,528,S,N,A,-,Y,NA,NA,405,NA,NA,NA,NA,NA,N,Y,4,0,1,3,A,-,03,22350,NA,N,C,C,A,A,H,-,C,D,0,NA,NA,NA,NA,Y,NA,A,01,0,0,1,0,0,0,0,0,0,-,-,33.77449,-118.08284,ORANGE,SEAL BEACH,-118.08283919,33.77454011
90066448,2015,2015-12-07,9675,2015-11-27,1230,016748,NA,5,1,4,3002,0,1,3,NA,2,570,SR-57 S/B FROM E/B IMPERIAL HWY,IMPERIAL HIGHWAY,250,S,N,A,-,Y,NA,NA,57,NA,NA,NA,R,NA,S,Y,4,0,2,2,A,-,03,22350,NA,N,C,C,A,A,H,-,A,A,0,NA,NA,NA,NA,Y,NA,A,01,0,0,2,0,0,0,0,0,0,-,-,33.90943,-117.8837,ORANGE,BREA,-117.8837,33.90943
90067784,2015,2015-12-08,9675,2015-12-01,1743,018834,NA,2,2,6,3015,0,1,1,NA,2,520,I-5 SOUTHBOUND,SR-22 EASTBOUND,300,S,N,A,-,Y,NA,NA,5,NA,NA,NA,NA,NA,S,Y,4,0,1,2,A,-,03,22350,NA,N,C,C,A,A,H,-,C,D,0,NA,NA,NA,NA,Y,NA,A,01,0,0,1,0,0,0,0,0,0,-,-,33.77768,-117.87526,ORANGE,ORANGE,-117.87537818,33.77757377
9006897,2019,2020-02-15,3007,2019-12-25,0921,312,28,3,5,5,3007,0,0,0,NA,0,002,HEIL,NEWHOPE,0,NA,Y,A,-,N,NA,NA,NA,NA,NA,NA,NA,NA,NA,Y,4,0,2,2,A,-,09,21801,A,N,A,C,A,A,H,-,A,A,0,NA,NA,NA,NA,Y,NA,A,01,0,0,2,0,0,0,0,0,0,-,-,NA,NA,ORANGE,FOUNTAIN VALLEY,-117.92855072021484,33.72370910644531
90071802,2015,2015-12-14,9670,2015-12-02,1345,012927,NA,3,1,7,3001,0,1,3,NA,2,094,SR-91 E/B (RIVERSIDE FWY),BROOKHURST ST,1584,W,N,A,-,Y,NA,NA,91,NA,NA,NA,NA,NA,E,N,4,0,1,2,A,-,03,22350,NA,F,C,C,A,A,H,-,A,D,0,NA,NA,NA,NA,Y,NA,A,01,0,0,1,0,0,0,0,0,0,-,-,33.85377,-117.9653,ORANGE,ANAHEIM,-117.96529532,33.85380841
9007228,2019,2019-12-17,3001,2019-10-29,0112,2440,NA,2,5,7,3001,0,0,0,NA,0,003,W MASON LN,KATELLA AV,7,N,N,A,-,N,NA,NA,NA,NA,NA,NA,NA,NA,NA,N,3,0,1,2,A,-,14,21201,D,N,-,G,A,A,H,-,C,A,0,NA,Y,NA,NA,Y,NA,L,04,0,1,0,0,0,0,1,0,0,-,-,NA,NA,ORANGE,ANAHEIM,NA,NA
90072705,2015,2015-12-14,9670,2015-12-01,0810,015927,670,2,1,6,3009,0,1,3,NA,2,023,SR-22 W/B TO BEACH BLVD.,BEACH BLVD.,818,E,N,A,-,Y,NA,NA,22,NA,NA,NA,R,NA,W,Y,3,0,1,1,A,-,08,22107,NA,N,E,I,A,A,H,-,A,D,0,NA,NA,NA,NA,Y,NA,D,22,0,1,0,0,0,0,0,0,0,-,-,33.77127,-117.98902,ORANGE,GARDEN GROVE,-117.98902,33.77127
90073235,2015,2015-12-15,9675,2015-12-08,1817,016199,NA,2,2,6,3026,0,1,1,NA,2,405,I-405 N/B (SAN DIEGO FWY),VON KARMAN AVE,1056,S,N,A,-,Y,NA,NA,405,NA,NA,NA,NA,NA,N,Y,3,0,1,2,A,-,03,22350,NA,N,C,C,A,A,H,-,D,D,0,NA,NA,NA,NA,Y,NA,A,01,0,1,0,0,0,0,0,0,0,-,-,33.67949,-117.84889,ORANGE,IRVINE,-117.8489608,33.67933025
90074469,2015,2015-12-15,9675,2015-12-07,0606,016984,NA,1,1,9,3000,0,2,4,NA,2,020,NEWPORT AVE,COWAN HEIGHTS DRIVE,0,NA,Y,A,-,N,NA,NA,NA,NA,NA,NA,NA,NA,NA,Y,4,0,1,1,A,-,08,22107,NA,N,E,I,A,A,H,-,B,A,0,NA,NA,NA,NA,Y,NA,A,01,0,0,1,0,0,0,0,0,0,-,-,33.77396,-117.78201,ORANGE,UNINCORPORATED,-117.78234008,33.77394006
9007529,2019,2020-02-06,3005,2019-12-02,1525,8141,C13,1,5,4,3005,0,0,0,NA,0,001,BLOOMFIELD AV,LINCOLN AV,404,S,N,A,-,N,NA,NA,NA,NA,NA,NA,NA,NA,NA,Y,3,0,1,5,A,-,07,21658,A,M,C,C,A,A,H,-,A,D,0,NA,NA,NA,NA,Y,NA,A,01,0,1,0,0,0,0,0,0,0,-,-,NA,NA,ORANGE,CYPRESS,-118.061279296875,33.83057403564453
90076517,2015,2015-12-17,9675,2015-12-07,1550,017192,NA,1,2,6,3026,0,1,1,NA,2,406,I-405 N/B (SDF) TO JAMBOREE ROAD,JAMBOREE RD,5,S,N,A,-,Y,NA,NA,405,NA,NA,NA,R,NA,N,N,4,0,1,2,A,-,03,22350,NA,F,C,C,A,A,H,-,A,A,0,NA,NA,NA,NA,Y,NA,D,22,0,0,1,0,0,0,0,0,0,-,-,33.67791,-117.8422,ORANGE,IRVINE,-117.8422,33.67791
9007717,2019,2020-02-07,3010,2019-12-06,1025,4094,1206,5,5,6,3010,0,0,0,NA,0,002,SURGE,ATLANTA,6,N,N,A,-,N,NA,NA,NA,NA,NA,NA,NA,NA,NA,N,4,0,1,2,A,-,09,21802,A,N,D,G,A,A,H,-,A,A,0,NA,Y,NA,NA,Y,NA,A,01,0,0,1,0,0,0,1,0,0,-,-,NA,NA,ORANGE,HUNTINGTON BEACH,-117.95214080810548,33.657867431640625
90078213,2015,2015-12-18,9675,2015-12-15,1600,018539,NA,2,2,7,3001,0,1,3,NA,2,571,SR-57 S/B,LINCOLN AVE,500,N,N,A,-,Y,NA,NA,57,NA,NA,NA,NA,NA,S,Y,4,0,1,2,A,-,03,22350,NA,N,C,C,A,A,H,-,A,D,0,NA,NA,NA,NA,Y,NA,A,01,0,0,1,0,0,0,0,0,0,-,-,33.84311,-117.87639,ORANGE,ANAHEIM,-117.87621259,33.84311045
90080223,2015,2015-12-22,9675,2015-12-17,0805,015670,NA,4,1,6,3026,0,1,1,NA,2,406,I-405 S/B,JAMBOREE RD,2000,S,N,A,-,Y,NA,NA,405,NA,NA,NA,NA,NA,S,Y,4,0,1,2,A,-,07,21658,A,N,C,C,A,A,H,-,A,D,0,NA,NA,NA,NA,Y,NA,A,01,0,0,1,0,0,0,0,0,0,-,-,33.67405,-117.83726,ORANGE,IRVINE,-117.83721659,33.67417874
90080876,2015,2015-12-23,9675,2015-12-20,1325,020746,NA,7,1,7,3001,0,1,3,NA,2,550,SR-55 NORTHBOUND,SR-91,400,S,N,A,-,Y,NA,NA,NA,NA,NA,NA,NA,NA,NA,Y,4,0,1,1,A,-,08,22107,NA,N,E,I,A,A,H,-,A,D,0,NA,NA,NA,NA,Y,NA,A,08,0,0,1,0,0,0,0,0,0,-,-,33.97824,-117.87324,ORANGE,ANAHEIM,-117.82617364,33.84396404
9008358,2019,2020-02-13,3026,2019-12-09,2131,528,CROSS,1,5,6,3026,0,0,0,NA,0,00C,IRVINE CENTER DR,BARRANCA,49,W,N,A,-,N,NA,NA,NA,NA,NA,NA,NA,NA,NA,Y,4,0,1,2,A,-,12,21453,A,N,D,C,A,A,H,-,C,A,0,NA,NA,Y,NA,Y,NA,A,07,0,0,1,0,0,0,0,0,0,-,-,NA,NA,ORANGE,IRVINE,-117.75039672851563,33.65938949584961
9008515,2019,2019-12-26,3000,2019-11-04,0900,9220,972C2,1,5,4,3018,0,0,0,NA,0,730,CAMINO CAPISTRANO,AVE PADRE,419,N,N,A,-,N,NA,NA,NA,NA,NA,NA,NA,NA,NA,N,4,0,1,2,A,-,09,21804,A,N,D,G,A,A,H,-,A,D,0,NA,Y,NA,NA,Y,NA,L,04,0,0,1,0,0,0,1,0,0,-,-,NA,NA,ORANGE,SAN JUAN CAPISTRANO,-117.6626205444336,33.49443817138672
90085883,2015,2015-12-31,9675,2015-12-30,1558,017773,NA,3,2,6,3004,0,1,1,NA,2,045,I-405 N/B,HARBOR BLVD,1056,S,N,A,-,Y,NA,NA,405,NA,NA,NA,NA,NA,N,N,4,0,1,2,A,-,07,21658,A,N,B,C,A,A,H,-,A,D,0,NA,NA,Y,NA,Y,NA,A,08,0,0,1,0,0,0,0,0,1,-,-,33.68837,-117.91493,ORANGE,COSTA MESA,-117.91494691,33.688215
90087669,2015,2016-01-04,9670,2015-12-18,1340,017951,NA,5,1,6,3009,0,1,3,NA,2,024,SR-22 EASTBOUND (GARDEN GROVE FREEWAY),NEWHOPE STREET,231,W,N,A,-,Y,NA,NA,22,NA,NA,NA,NA,NA,E,Y,4,0,1,3,A,-,03,22350,NA,N,C,C,A,A,H,-,A,D,0,NA,NA,NA,NA,Y,NA,A,01,0,0,1,0,0,0,0,0,0,-,-,33.76589,-117.92991,ORANGE,GARDEN GROVE,-117.92991147,33.76608746
90087920,2015,2016-01-05,9675,2015-12-17,0650,019693,NA,4,1,6,3015,0,1,1,NA,2,502,I-5 SOUTHBOUND,CHAPMAN AVE,375,S,N,A,-,Y,NA,NA,NA,NA,NA,NA,NA,NA,NA,Y,3,0,1,2,A,-,03,22350,NA,N,C,C,A,A,H,-,A,D,0,NA,NA,NA,NA,Y,NA,D,22,0,1,0,0,0,0,0,0,0,-,-,33.45017,-117.50354,ORANGE,ORANGE,-117.88729,33.78895
90088877,2015,2016-01-05,9690,2015-11-14,0305,020463,NA,6,3,9,3000,0,3,5,NA,2,003,TRABUCO CREEK ROAD,TRABUCO CANYON ROAD,13200,E,N,A,-,N,NA,NA,NA,NA,NA,NA,NA,NA,NA,Y,1,1,0,1,A,-,01,23152,A,N,F,A,A,A,A,E,D,D,0,NA,NA,NA,NA,Y,Y,D,22,0,0,0,0,0,0,0,0,0,-,-,33.67353,-117.55891,ORANGE,UNINCORPORATED,-117.54880696,33.6736604
9008894,2019,2019-12-27,3000,2019-10-02,1026,9573,891H5,3,5,5,3050,0,0,0,NA,0,760,EL TORO RD,JERONIMO RD,518,W,N,A,-,N,NA,NA,NA,NA,NA,NA,NA,NA,NA,Y,4,0,1,2,A,-,03,22350,NA,N,B,C,A,A,H,-,A,D,0,NA,NA,NA,NA,Y,NA,A,01,0,0,1,0,0,0,0,0,0,-,-,NA,NA,ORANGE,LAKE FOREST,-117.6919174194336,33.62757873535156
90090972,2016,2016-01-08,9675,2016-01-05,1050,016356,NA,2,1,7,3001,0,1,3,NA,2,093,SR-91 E/B,SR-55 NORTHBOUND,200,E,N,C,-,Y,NA,NA,91,NA,NA,NA,NA,NA,E,Y,4,0,1,2,A,-,03,22350,NA,N,B,C,A,B,H,-,A,D,0,NA,NA,NA,Y,Y,NA,G,25,0,0,1,0,0,0,0,0,0,-,-,33.84961,-117.83559,ORANGE,ANAHEIM,-117.83553822,33.84967165
90092378,2015,2016-01-11,9675,2015-12-31,1610,019348,NA,4,2,6,3004,0,1,1,NA,2,405,I-405 S/B FROM BRISTOL,BRISTOL ST,20,N,N,A,-,Y,NA,NA,405,NA,NA,NA,R,NA,S,Y,4,0,5,2,A,-,03,22350,NA,N,C,C,A,A,H,-,A,A,0,NA,NA,NA,NA,Y,NA,D,22,0,0,5,0,0,0,0,0,0,-,-,33.68706,-117.88596,ORANGE,COSTA MESA,-117.88596,33.68706
90093068,2016,2016-01-12,9690,2016-01-04,1820,016986,NA,1,2,4,3018,0,1,1,NA,2,057,I-5 S/B (SAN DIEGO FRWY),SR 73 N/B (SAN JOAQUIN HILLS TRANS COR),545,S,N,A,-,Y,NA,NA,5,NA,NA,NA,NA,NA,S,Y,4,0,3,2,A,-,21,22106,NA,N,C,C,A,A,H,-,C,D,0,NA,NA,NA,NA,Y,NA,D,22,0,0,3,0,0,0,0,0,0,-,-,33.54174,-117.67427,ORANGE,SAN JUAN CAPISTRANO,-117.6741578,33.54171509
90098944,2016,2016-01-20,9675,2016-01-14,1905,020712,NA,4,2,7,3019,0,1,1,NA,2,530,I-5 NORTHBOUND,1ST ST,900,S,N,A,-,Y,NA,NA,NA,NA,NA,NA,NA,NA,NA,N,4,0,1,2,A,-,03,22350,NA,N,C,C,A,A,H,-,C,D,0,NA,NA,NA,NA,Y,NA,A,07,0,0,1,0,0,0,0,0,0,-,-,33.74748,-117.84073,ORANGE,SANTA ANA,-117.84059272,33.74362735
9009941,2019,2020-02-07,3009,2019-12-04,1845,3927,134,3,5,6,3009,0,0,0,NA,0,021,WEST ST,MORGAN LN,45,S,N,A,-,N,NA,NA,NA,NA,NA,NA,NA,NA,NA,Y,4,0,2,3,A,-,03,22350,NA,N,C,C,A,A,H,-,C,A,0,NA,NA,NA,NA,Y,NA,A,07,0,0,2,0,0,0,0,0,0,-,-,NA,NA,ORANGE,GARDEN GROVE,-117.92362213134766,33.78003692626953
90099567,2016,2016-01-21,9670,2016-01-13,1505,015587,NA,3,2,7,3001,0,1,3,NA,2,093,SR-91 W/B (RIVERSIDE FREEWAY),HARBOR BLVD.,1584,W,N,A,-,Y,NA,NA,91,NA,NA,NA,NA,NA,W,Y,4,0,1,2,A,-,03,22350,NA,N,C,C,A,A,D,-,A,D,0,NA,NA,NA,NA,Y,NA,A,01,0,0,1,0,0,0,0,0,0,-,-,33.85382,-117.92897,ORANGE,ANAHEIM,-117.92894633,33.8540625
90099735,2015,2016-01-21,9675,2015-12-13,0907,18087,NA,7,1,6,3008,0,1,3,NA,2,570,SR-57 S/B,YORBA LINDA BLVD,120,N,N,A,-,Y,NA,NA,57,NA,NA,NA,NA,NA,S,N,4,0,1,1,A,-,08,22107,NA,N,E,I,A,A,H,-,A,D,0,NA,NA,NA,NA,Y,NA,D,22,0,0,1,0,0,0,0,0,0,-,-,33.88976,-117.88086,ORANGE,FULLERTON,-117.88076484,33.88976215
90101561,2015,2016-01-25,9670,2015-11-26,2335,019808,NA,4,3,5,3024,0,1,1,NA,2,043,I-405 S/B,SPRINGDALE ST,1584,N,N,A,-,Y,NA,NA,405,NA,NA,NA,NA,NA,S,N,4,0,1,2,A,-,07,21658,A,F,B,C,A,A,H,-,C,D,0,NA,NA,NA,NA,Y,NA,-,99,0,0,1,0,0,0,0,0,0,-,-,33.7655,-118.02998,ORANGE,WESTMINSTER,-118.02994385,33.76554327
9010226,2019,2020-01-07,3001,2019-10-24,1247,2523,NA,4,5,7,3001,0,0,0,NA,0,0D4,NORTH STATE COLLEGE BL,E BALSAM AV,377,S,N,A,-,N,NA,NA,NA,NA,NA,NA,NA,NA,NA,N,3,0,1,2,A,-,10,21950,A,F,G,B,C,A,H,-,A,A,0,Y,NA,NA,NA,Y,NA,A,01,0,1,0,0,1,0,0,0,0,-,-,NA,NA,ORANGE,ANAHEIM,-117.88916015625,33.849308013916016
90103140,2016,2016-01-26,9690,2016-01-12,0810,014329,NA,2,1,5,3028,0,1,1,NA,2,055,I-5 N/B (SAN DIEGO FRWY),LA PAZ RD,800,N,N,A,-,Y,NA,NA,5,NA,NA,NA,NA,NA,N,Y,4,0,1,2,A,-,03,22350,NA,N,C,C,A,A,H,-,A,D,0,NA,NA,NA,NA,Y,NA,A,01,0,0,1,0,0,0,0,0,0,-,-,33.60052,-117.68083,ORANGE,MISSION VIEJO,-117.68097058,33.60014848
90104514,2016,2016-01-28,9675,2016-01-23,1540,020594,NA,6,2,7,3019,0,1,1,NA,2,502,I-5 N/B,MAIN ST,300,S,N,B,-,Y,NA,NA,NA,NA,NA,NA,NA,NA,NA,Y,4,0,1,2,A,-,03,22350,NA,N,C,C,A,A,H,-,A,D,0,NA,NA,NA,NA,Y,NA,A,01,0,0,1,0,0,0,0,0,0,-,-,33.7634,-117.86149,ORANGE,SANTA ANA,-117.86731,33.76809
9010760,2019,2020-02-13,3001,2019-12-05,1012,A2382,NA,4,5,7,3001,0,0,0,NA,0,0D1,BEACH BL,ORANGE AV,46,S,N,A,-,N,NA,NA,39,NA,NA,NA,NA,NA,NA,Y,4,0,2,2,A,-,03,22350,NA,N,C,C,A,A,H,-,A,A,0,NA,NA,NA,NA,Y,NA,A,08,0,0,2,0,0,0,0,0,0,-,-,33.82463073730469,-117.9934310913086,ORANGE,ANAHEIM,-117.99342346191406,33.82463073730469
9010865,2019,2020-02-15,3010,2019-12-17,1648,1165,466,2,5,6,3010,0,0,0,NA,0,002,BUSHARD,HAMILTON,0,NA,Y,A,-,N,NA,NA,NA,NA,NA,NA,NA,NA,NA,Y,3,0,1,2,A,-,09,21801,A,N,D,C,A,A,H,-,A,A,0,NA,NA,NA,NA,Y,NA,A,07,0,1,0,0,0,0,0,0,0,-,-,NA,NA,ORANGE,HUNTINGTON BEACH,-117.96225738525392,33.65053939819336
90110842,2016,2016-02-08,9690,2016-01-31,1515,018479,NA,7,2,9,3000,0,1,3,NA,1,074,SR 74 W/B (ORTEGA HWY),74 ORA 13.5,1100,E,N,C,-,Y,NA,NA,74,NA,NA,NA,NA,NA,W,Y,4,0,1,1,A,-,03,22350,NA,N,E,I,A,B,H,-,A,D,0,NA,NA,NA,NA,Y,NA,A,07,0,0,1,0,0,0,0,0,0,-,-,33.59171,-117.51359,ORANGE,UNINCORPORATED,-117.51348733,33.59157333
9011121,2019,2020-02-14,3000,2019-12-22,1720,9704,891J7,7,5,5,3028,0,0,0,NA,0,754,ALTHEA AV,ALICIA PKWY,0,NA,Y,A,-,N,NA,NA,NA,NA,NA,NA,NA,NA,NA,N,4,0,1,2,A,-,09,21800,B,N,D,C,A,A,H,-,C,A,0,NA,NA,NA,NA,Y,NA,A,01,0,0,1,0,0,0,0,0,0,-,-,NA,NA,ORANGE,MISSION VIEJO,-117.68399047851563,33.61185073852539
9011149,2019,2020-02-14,3000,2019-12-11,1105,9940,DANAP,3,5,4,3029,0,0,0,NA,0,NA,DOHENY PARK RD,PACIFIC COAST HWY,76,E,N,A,-,N,NA,NA,NA,NA,NA,NA,NA,NA,NA,Y,4,0,1,2,A,-,08,22107,NA,N,D,C,A,A,H,-,A,D,0,NA,NA,NA,NA,Y,NA,A,07,0,0,1,0,0,0,0,0,0,-,-,NA,NA,ORANGE,DANA POINT,-117.6791763305664,33.462799072265625
9011256,2019,2020-02-01,3001,2019-10-03,1331,A1012,NA,4,5,7,3001,0,0,0,NA,0,0D3,HARBOR BL,KATELLA AV,44,N,N,A,-,N,NA,NA,NA,NA,NA,NA,NA,NA,NA,N,4,0,1,2,A,-,21,22106,NA,N,C,C,A,A,H,-,A,A,0,NA,NA,NA,NA,Y,NA,I,11,0,0,1,0,0,0,0,0,0,-,-,33.8031005859375,-117.91532135009766,ORANGE,ANAHEIM,-117.91541290283205,33.80353927612305
90113779,2016,2016-02-11,9675,2016-01-31,1236,016748,NA,7,1,4,3002,0,1,3,NA,2,570,SR-57 NORTHBOUND,BIRCH ST,200,S,N,B,C,Y,NA,NA,57,NA,NA,NA,NA,NA,N,Y,4,0,1,2,A,-,08,22107,NA,N,B,C,A,B,H,-,A,D,0,NA,NA,NA,NA,Y,NA,A,07,0,0,1,0,0,0,0,0,0,-,-,33.91725,-117.88107,ORANGE,BREA,-117.88108914,33.91725867
90115349,2016,2016-02-16,9675,2016-02-11,1911,020582,NA,4,2,6,3026,0,1,1,NA,2,406,I-405 N/B,MACARTHUR BLVD,300,S,N,A,-,Y,NA,NA,405,NA,NA,NA,NA,NA,N,Y,3,0,2,2,A,-,01,23152,E,F,D,C,A,A,H,-,C,D,0,NA,NA,NA,NA,Y,NA,A,01,0,1,1,0,0,0,0,0,0,-,-,33.68207,-117.85529,ORANGE,IRVINE,-117.85526536,33.68212553
90115842,2016,2016-02-16,9675,2016-02-09,0903,021224,NA,2,1,7,3019,0,1,1,NA,2,502,I-5 SOUTHBOUND,SR-22 EASTBOUND,50,N,N,A,-,Y,NA,NA,5,NA,NA,NA,NA,NA,S,Y,4,0,2,3,A,-,03,22350,NA,N,C,C,A,A,H,-,A,D,0,NA,NA,NA,NA,Y,NA,A,07,0,0,2,0,0,0,0,0,0,-,-,33.77945,-117.87719,ORANGE,SANTA ANA,-117.87723055,33.77940503
90116519,2016,2016-02-17,9675,2016-02-15,1600,021225,NA,1,2,7,3019,0,1,1,NA,2,502,I-5 NORTHBOUND,17TH ST,1056,N,N,A,-,Y,NA,NA,5,NA,NA,NA,NA,NA,N,N,4,0,1,2,A,-,07,21658,A,N,B,C,A,A,H,-,A,D,0,NA,NA,NA,NA,Y,NA,-,-,0,0,1,0,0,0,0,0,0,-,-,33.76227,-117.86404,ORANGE,SANTA ANA,-117.86401937,33.76228196
90118164,2016,2016-02-18,9675,2016-01-28,0635,015914,NA,4,1,6,3004,0,1,3,NA,2,553,SR-55 NORTHBOUND TO I-405 SOUTHBOUND,PAULARINO AVE,2600,N,N,A,-,Y,NA,NA,55,NA,NA,NA,R,NA,N,Y,4,0,1,1,A,-,01,23152,E,N,E,I,A,A,H,-,A,D,0,NA,NA,NA,NA,Y,NA,D,22,0,0,1,0,0,0,0,0,0,-,-,33.68634,-117.87122,ORANGE,COSTA MESA,-117.87122,33.68634