CASE_ID,ACCIDENT_YEAR,PROC_DATE,JURIS,COLLISION_DATE,COLLISION_TIME,OFFICER_ID,REPORTING_DISTRICT,DAY_OF_WEEK,CHP_SHIFT,POPULATION,CNTY_CITY_LOC,SPECIAL_COND,BEAT_TYPE,CHP_BEAT_TYPE,CITY_DIVISION_LAPD,CHP_BEAT_CLASS,BEAT_NUMBER,PRIMARY_RD,SECONDARY_RD,DISTANCE,DIRECTION,INTERSECTION,WEATHER_1,WEATHER_2,STATE_HWY_IND,CALTRANS_COUNTY,CALTRANS_DISTRICT,STATE_ROUTE,ROUTE_SUFFIX,POSTMILE_PREFIX,POSTMILE,LOCATION_TYPE,RAMP_INTERSECTION,SIDE_OF_HWY,TOW_AWAY,COLLISION_SEVERITY,NUMBER_KILLED,NUMBER_INJURED,PARTY_COUNT,PRIMARY_COLL_FACTOR,PCF_CODE_OF_VIOL,PCF_VIOL_CATEGORY,PCF_VIOLATION,PCF_VIOL_SUBSECTION,HIT_AND_RUN,TYPE_OF_COLLISION,MVIW,PED_ACTION,ROAD_SURFACE,ROAD_COND_1,ROAD_COND_2,LIGHTING,CONTROL_DEVICE,CHP_ROAD_TYPE,PEDESTRIAN_ACCIDENT,BICYCLE_ACCIDENT,MOTORCYCLE_ACCIDENT,TRUCK_ACCIDENT,NOT_PRIVATE_PROPERTY,ALCOHOL_INVOLVED,STWD_VEHTYPE_AT_FAULT,CHP_VEHTYPE_AT_FAULT,COUNT_SEVERE_INJ,COUNT_VISIBLE_INJ,COUNT_COMPLAINT_PAIN,COUNT_PED_KILLED,COUNT_PED_INJURED,COUNT_BICYCLIST_KILLED,COUNT_BICYCLIST_INJURED,COUNT_MC_KILLED,COUNT_MC_INJURED,PRIMARY_RAMP,SECONDARY_RAMP,LATITUDE,LONGITUDE,COUNTY,CITY,POINT_X,POINT_Y
90741942,2018,2018-06-06,9670,2018-05-31,0930,019502,NA,4,1,6,3010,0,1,1,NA,2,042,I-405 N/B,BEACH BLVD,600,N,N,A,-,Y,NA,NA,405,NA,NA,NA,NA,NA,N,Y,4,0,1,3,A,-,03,22350,NA,N,C,C,A,A,H,-,A,D,0,NA,NA,Y,NA,Y,NA,A,01,0,0,1,0,0,0,0,0,1,-,-,33.734458923339844,-117.99175262451172,ORANGE,HUNTINGTON BEACH,-117.9917221069336,33.734500885009766
9074253,2020,2020-07-24,3008,2020-03-23,2001,1582,ZONE2,1,5,6,3008,0,0,0,NA,0,NA,COMMONWEALTH AV,POMONA AV,0,NA,Y,B,-,N,NA,NA,NA,NA,NA,NA,NA,NA,NA,N,2,0,1,2,A,-,11,21954,A,N,G,B,D,A,H,-,C,A,0,Y,NA,NA,NA,Y,NA,N,60,1,0,0,0,1,0,0,0,0,-,-,NA,NA,ORANGE,FULLERTON,-117.92208099365234,33.87036895751953
9074266,2020,2020-10-09,3001,2020-03-19,0723,A1252,NA,4,5,7,3001,0,0,0,NA,0,D-1,BALL RD,NUTWOOD ST,0,NA,Y,B,-,N,NA,NA,NA,NA,NA,NA,NA,NA,NA,Y,3,0,2,5,D,-,00,NA,NA,N,D,C,A,A,H,-,A,A,0,NA,NA,NA,NA,Y,NA,-,-,0,1,1,0,0,0,0,0,0,-,-,33.81761169433594,-117.95014190673828,ORANGE,ANAHEIM,-117.95011138916016,33.81787872314453
90744806,2018,2018-06-11,9675,2018-06-03,1835,021983,NA,7,2,7,3019,0,1,1,NA,2,502,I-5 NORTHBOUND,MAIN ST,1000,S,N,A,-,Y,NA,NA,5,NA,NA,NA,NA,NA,N,Y,4,0,1,2,A,-,03,22350,NA,N,C,C,A,A,H,-,A,D,0,NA,NA,NA,NA,Y,NA,A,01,0,0,1,0,0,0,0,0,0,-,-,33.76428985595703,-117.86512756347656,ORANGE,SANTA ANA,-117.8651885986328,33.76425552368164
90745885,2018,2018-06-12,9675,2018-05-31,1040,022058,NA,4,1,6,3015,0,1,3,NA,2,222,SR-22 EASTBOUND,BRISTOL ST,100,E,N,A,-,Y,NA,NA,NA,NA,NA,NA,NA,NA,NA,Y,4,0,3,2,A,-,07,21658,A,N,B,C,A,A,H,-,A,D,0,NA,NA,NA,NA,Y,NA,A,01,0,0,3,0,0,0,0,0,0,-,-,33.77886962890625,-117.8811492919922,ORANGE,ORANGE,-117.88462829589844,33.7645263671875
9074630,2020,2020-08-18,3001,2020-04-04,1619,A2382,NA,6,5,7,3001,0,0,0,NA,0,0D2,EAST ST,FLOWER ST,0,NA,Y,A,-,N,NA,NA,NA,NA,NA,NA,NA,NA,NA,Y,3,0,1,1,A,-,01,23152,F,N,E,I,A,-,H,-,A,D,0,NA,NA,NA,NA,Y,NA,A,01,0,1,0,0,0,0,0,0,0,-,-,33.84151077270508,-117.90390777587892,ORANGE,ANAHEIM,-117.90383911132813,33.84172058105469
90748510,2018,2018-06-14,9670,2018-06-02,0257,021585,NA,6,3,5,3003,0,1,3,NA,2,091,SR-91 W/B,VALLEY VIEW ST,1320,E,N,A,-,Y,NA,NA,91,NA,NA,NA,NA,NA,W,Y,4,0,1,2,C,-,18,NA,NA,N,C,C,A,A,H,-,C,D,0,NA,NA,NA,NA,Y,NA,-,-,0,0,1,0,0,0,0,0,0,-,-,33.85614013671875,-118.02284240722656,ORANGE,BUENA PARK,-118.02284240722656,33.8560676574707
90748629,2018,2018-06-14,9675,2018-06-09,1145,019171,NA,6,1,7,3001,0,1,3,NA,2,095,SR-91 W/B (RIVERSIDE FWY),WEIR CYN RD,2000,E,N,A,-,Y,NA,NA,91,NA,NA,NA,NA,NA,W,N,4,0,1,3,A,-,03,22350,NA,N,C,C,A,A,H,-,A,D,0,NA,NA,NA,NA,Y,NA,A,01,0,0,1,0,0,0,0,0,0,-,-,33.87049102783203,-117.7333984375,ORANGE,ANAHEIM,-117.73343658447266,33.87038040161133
90751130,2018,2018-06-19,9675,2018-06-12,1305,018733,NA,2,1,5,3016,0,1,3,NA,2,571,SR-57 SOUTHBOUND,MIRA LOMA AVE.,200,N,N,A,-,Y,NA,NA,57,NA,NA,NA,NA,NA,S,Y,4,0,1,3,A,-,03,22350,NA,N,C,C,A,A,H,-,A,D,0,NA,NA,NA,NA,Y,NA,A,01,0,0,1,0,0,0,0,0,0,-,-,33.85567092895508,-117.87605285644533,ORANGE,PLACENTIA,-117.8758544921875,33.855690002441406
90753507,2018,2018-06-22,9670,2018-06-12,1600,022065,NA,2,2,6,3010,0,1,1,NA,2,041,I-405 N/B,MCFADDEN AVE,500,S,N,A,-,Y,NA,NA,405,NA,NA,NA,NA,NA,N,Y,4,0,1,3,A,-,03,22350,NA,N,C,C,A,A,H,-,A,D,0,NA,NA,NA,NA,Y,NA,A,01,0,0,1,0,0,0,0,0,0,-,-,33.73653030395508,-117.99468994140624,ORANGE,HUNTINGTON BEACH,-117.99468231201172,33.736541748046875
90753869,2018,2018-06-22,9670,2018-06-15,1135,022075,NA,5,1,4,3020,0,1,1,NA,2,045,I-405 S/B,SEAL BEACH BLVD,10,S,N,A,-,Y,NA,NA,405,NA,NA,NA,NA,NA,S,Y,4,0,1,2,A,-,03,22350,NA,N,C,C,A,A,H,-,A,D,0,NA,NA,NA,NA,Y,NA,A,01,0,0,1,0,0,0,0,0,0,-,-,33.774078369140625,-118.072998046875,ORANGE,SEAL BEACH,-118.072998046875,33.77427291870117
90756991,2018,2018-06-27,9690,2018-06-25,0835,014329,NA,1,1,4,3045,0,1,1,NA,2,055,I-5 FWY S/B (S.D.FWY) TO LA PAZ RD,LA PAZ RD,20,N,N,A,-,Y,NA,NA,5,NA,NA,NA,R,NA,S,N,4,0,1,2,A,-,03,22350,NA,N,C,C,A,A,H,-,A,A,0,NA,NA,NA,NA,Y,NA,A,07,0,0,1,0,0,0,0,0,0,-,-,33.59711837768555,-117.67748260498048,ORANGE,LAGUNA HILLS,-117.67748260498048,33.59711837768555
90760223,2018,2018-07-02,9670,2018-06-22,1513,021910,NA,5,2,4,3020,0,1,1,NA,2,450,I-405 S/B,SEAL BEACH BLVD,7920,S,N,A,-,Y,NA,NA,405,NA,NA,NA,NA,NA,S,Y,4,0,2,5,A,-,03,22350,NA,N,C,C,A,A,H,-,A,D,0,NA,NA,NA,NA,Y,NA,A,01,0,0,2,0,0,0,0,0,0,-,-,33.774200439453125,-118.05079650878906,ORANGE,SEAL BEACH,-118.05079650878906,33.77423858642578
90760881,2018,2018-07-02,9690,2018-06-23,1730,020472,NA,6,2,4,3018,0,1,1,NA,2,057,I-5 S/B (SAN DIEGO FRWY),SR 73 S/B (SAN JOAQUIN HILLS TRANS COR),3960,S,N,A,-,Y,NA,NA,5,NA,NA,NA,NA,NA,S,Y,2,0,2,2,A,-,07,21658,A,F,C,C,A,A,H,-,A,D,0,NA,NA,Y,NA,Y,Y,A,01,1,1,0,0,0,0,0,0,2,-,-,33.53232955932617,-117.67481994628906,ORANGE,SAN JUAN CAPISTRANO,-117.67488098144533,33.532310485839844
90762121,2018,2018-07-03,9675,2018-06-23,1125,022073,NA,6,1,7,3019,0,1,1,NA,2,502,I-5 SOUTHBOUND,SR-22 EASTBOUND,860,S,N,B,-,Y,NA,NA,5,NA,NA,NA,NA,NA,S,Y,4,0,1,4,A,-,03,22350,NA,N,C,C,A,A,H,-,A,D,0,NA,NA,NA,NA,Y,NA,A,07,0,0,1,0,0,0,0,0,0,-,-,33.776248931884766,-117.87439727783205,ORANGE,SANTA ANA,-117.87430572509766,33.77632522583008
90763938,2018,2018-07-06,9675,2018-06-29,1555,021322,NA,5,2,6,3026,0,1,1,NA,2,504,I-5 SOUTHBOUND,LAKE FOREST DR,500,N,N,A,-,Y,NA,NA,5,NA,NA,NA,NA,NA,S,Y,4,0,1,4,A,-,03,22350,NA,N,C,C,A,A,H,-,A,D,0,NA,NA,NA,NA,Y,NA,D,22,0,0,1,0,0,0,0,0,0,-,-,33.62873077392578,-117.72115325927734,ORANGE,IRVINE,-117.72118377685548,33.62869644165039
90767135,2018,2018-07-11,9675,2018-07-09,1425,020240,NA,1,2,6,3026,0,1,1,NA,2,503,I-5 NORTHBOUND,JAMBOREE RD,185,S,N,B,-,Y,NA,NA,5,NA,NA,NA,NA,NA,N,N,3,0,1,3,A,-,03,22350,NA,N,C,C,A,A,H,-,A,D,0,NA,NA,NA,NA,Y,NA,A,01,0,1,0,0,0,0,0,0,0,-,-,33.71913146972656,-117.79444122314452,ORANGE,IRVINE,-117.79435729980467,33.7192497253418
90767491,2018,2018-07-12,9675,2018-07-04,0924,018005,NA,3,1,6,3004,0,1,1,NA,2,405,I-405 S/B TO SR-73 S/B,FAIRVIEW AVE,2400,S,N,A,-,Y,NA,NA,405,NA,NA,NA,R,NA,S,Y,3,0,2,1,A,-,03,22350,NA,N,E,I,A,A,H,-,A,D,0,NA,NA,NA,NA,Y,NA,A,01,0,2,0,0,0,0,0,0,0,-,-,33.686500549316406,-117.89832305908205,ORANGE,COSTA MESA,-117.89832305908205,33.686500549316406
90768548,2018,2018-07-13,9675,2018-07-09,1635,022052,NA,1,2,7,3019,0,1,3,NA,2,552,SR-55 NORTHBOUND,DYER RD,240,S,N,B,-,Y,NA,NA,55,NA,NA,NA,NA,NA,N,N,4,0,1,3,A,-,03,22350,NA,N,C,C,A,A,H,-,A,D,0,NA,NA,NA,NA,Y,NA,D,22,0,0,1,0,0,0,0,0,0,-,-,33.70793151855469,-117.8523178100586,ORANGE,SANTA ANA,-117.85238647460938,33.70799255371094
90769473,2018,2018-07-16,9675,2018-07-14,1810,021983,NA,6,2,6,3015,0,1,1,NA,2,502,I-5 NORTHBOUND,MAIN ST,500,S,N,A,-,Y,NA,NA,NA,NA,NA,NA,NA,NA,NA,Y,4,0,4,3,A,-,03,22350,NA,N,C,C,A,A,H,-,A,D,0,NA,NA,NA,NA,Y,Y,A,08,0,0,4,0,0,0,0,0,0,-,-,33.76485824584961,-117.86557769775392,ORANGE,ORANGE,-117.8673095703125,33.768089294433594
90770492,2018,2018-07-17,9670,2018-07-05,1524,021517,NA,4,2,5,3003,0,1,3,NA,2,092,SR-91 E/B,VALLEY VIEW ST,1000,W,N,A,-,Y,NA,NA,91,NA,NA,NA,NA,NA,E,Y,4,0,1,4,A,-,03,22350,NA,N,C,C,A,A,H,-,A,D,0,NA,NA,NA,NA,Y,NA,D,22,0,0,1,0,0,0,0,0,0,-,-,33.857398986816406,-118.03079986572266,ORANGE,BUENA PARK,-118.03079986572266,33.85740661621094
90772944,2018,2018-07-19,9675,2018-07-11,1545,020694,NA,3,2,9,3000,0,1,1,NA,2,405,I-405 NORTHBOUND,RED HILL AVE,1584,S,N,A,-,Y,NA,NA,405,NA,NA,NA,NA,NA,N,N,4,0,1,2,A,-,03,22350,NA,N,C,C,A,A,H,-,A,D,0,NA,NA,NA,NA,Y,NA,A,07,0,0,1,0,0,0,0,0,0,-,-,33.68545150756836,-117.86258697509766,ORANGE,UNINCORPORATED,-117.86262512207033,33.68536376953125
90773186,2018,2018-07-20,9675,2018-07-11,2020,021613,NA,3,2,4,3002,0,1,3,NA,2,570,SR-57 SOUTHBOUND FROM IMPERIAL HIGHWAY,IMPERIAL HIGHWAY,100,S,N,A,-,Y,NA,NA,57,NA,NA,NA,R,NA,S,N,3,0,1,2,A,-,11,21954,A,N,D,G,A,A,H,-,B,D,0,NA,Y,NA,NA,Y,NA,L,04,0,1,0,0,0,0,1,0,0,-,-,33.91080093383789,-117.88542938232422,ORANGE,BREA,-117.88542938232422,33.91080093383789
90775085,2018,2018-07-24,9670,2018-07-19,1652,020175,NA,4,2,9,3000,0,3,5,NA,2,004,"CERRITOS AVE., 9900 BLOCK",BROOKHURST ST,100,W,N,A,-,Y,NA,NA,NA,NA,NA,NA,NA,NA,NA,N,4,0,1,2,A,-,09,21804,A,N,D,C,A,A,H,-,A,D,0,NA,NA,NA,NA,Y,NA,A,07,0,0,1,0,0,0,0,0,0,-,-,33.810489654541016,-117.9593505859375,ORANGE,UNINCORPORATED,-117.959228515625,33.810482025146484
90776366,2018,2018-07-25,9675,2018-07-13,1928,020650,NA,5,2,4,3002,0,1,3,NA,2,570,SR-57 NORTHBOUND,IMPERIAL HIGHWAY,1700,S,N,A,-,Y,NA,NA,NA,NA,NA,NA,NA,NA,NA,N,4,0,1,2,A,-,07,21658,A,N,B,C,A,A,H,-,A,D,0,NA,NA,NA,NA,Y,NA,A,07,0,0,1,0,0,0,0,0,0,-,-,33.905818939208984,-117.88115692138672,ORANGE,BREA,-117.88148498535156,33.906490325927734
9077873,2020,2020-11-16,3010,2020-04-10,1602,4094,462,5,5,6,3010,0,0,0,NA,0,002,BEACH BL,ATLANTA,626,S,N,B,-,Y,ORA,12,39,-,-,0.51,H,-,N,N,4,0,1,2,A,-,07,21658,A,N,B,C,A,A,H,-,A,D,0,NA,NA,NA,NA,Y,NA,A,07,0,0,1,0,0,0,0,0,0,-,-,NA,NA,ORANGE,HUNTINGTON BEACH,-117.9882354736328,33.65594482421875
90781868,2018,2018-08-01,9675,2018-07-27,0418,021633,NA,5,3,5,3022,0,1,3,NA,2,552,SR-55 S/B TO MCFADDEN AVE.,MCFADDEN AVE,500,S,N,A,-,Y,NA,NA,55,NA,NA,NA,R,NA,S,Y,2,0,1,1,A,-,03,22350,NA,N,F,I,A,A,H,-,C,D,0,NA,NA,Y,NA,Y,Y,C,02,1,0,0,0,0,0,0,0,1,-,-,33.7318000793457,-117.83419799804688,ORANGE,TUSTIN,-117.83419799804688,33.7318000793457
90782331,2018,2018-08-01,9675,2018-07-21,1451,021809,NA,6,2,7,3001,0,1,3,NA,2,572,SR-57 S/B,BALL RD,400,S,N,A,-,Y,NA,NA,57,NA,NA,NA,NA,NA,S,Y,4,0,1,3,A,-,03,22350,NA,N,C,C,A,A,H,-,A,D,0,NA,NA,NA,NA,Y,NA,A,07,0,0,1,0,0,0,0,0,0,-,-,33.816680908203125,-117.87677001953124,ORANGE,ANAHEIM,-117.876708984375,33.81666564941406
90784771,2018,2018-08-06,9675,2018-08-02,1145,018834,NA,4,1,7,3019,0,1,3,NA,2,551,SR-55 SOUTHBOUND,4TH ST,2000,N,N,A,-,Y,NA,NA,55,NA,NA,NA,NA,NA,S,Y,4,0,1,2,A,-,03,22350,NA,N,C,C,A,A,H,-,A,D,0,NA,NA,NA,NA,Y,NA,A,01,0,0,1,0,0,0,0,0,0,-,-,33.75114059448242,-117.83210754394533,ORANGE,SANTA ANA,-117.83197021484376,33.751129150390625
9078607,2020,2020-08-04,3003,2020-03-27,1439,750,NA,5,5,5,3003,0,0,0,NA,0,NA,RT 39,LA PALMA,1150,W,N,A,-,N,NA,NA,NA,NA,NA,NA,NA,NA,NA,Y,4,0,1,4,A,-,03,22350,NA,N,C,C,A,A,H,-,A,D,0,NA,NA,NA,NA,Y,NA,A,01,0,0,1,0,0,0,0,0,0,-,-,33.850101470947266,-117.99790191650392,ORANGE,BUENA PARK,-118.00183868408205,33.84661865234375
9078659,2020,2020-06-30,3004,2020-03-20,1020,P633,33,5,5,6,3004,0,0,0,NA,0,005,BRISTOL ST,ANTON BL,0,NA,Y,B,-,N,NA,NA,NA,NA,NA,NA,NA,NA,NA,Y,3,0,1,2,A,-,12,21453,A,N,D,C,A,A,H,-,A,A,0,NA,NA,NA,NA,Y,NA,A,07,0,1,0,0,0,0,0,0,0,-,-,33.690399169921875,-117.88580322265624,ORANGE,COSTA MESA,-117.88562774658205,33.69021987915039
90786633,2018,2018-08-08,9670,2018-07-29,1640,021579,NA,7,2,7,3001,0,1,3,NA,2,094,SR-91 E/B,EAST ST,1690,W,N,A,-,Y,NA,NA,NA,NA,NA,NA,NA,NA,NA,N,3,0,2,1,A,-,08,22107,NA,N,F,A,A,A,H,-,A,D,0,NA,NA,Y,NA,Y,NA,C,02,0,2,0,0,0,0,0,0,2,-,-,33.51131057739258,-117.54451751708984,ORANGE,ANAHEIM,-117.91226959228516,33.853721618652344
90787194,2018,2018-08-09,9670,2018-08-03,2308,021894,NA,5,3,7,3001,0,1,3,NA,2,094,STATE ROUTE 91 EASTBOUND,BROOKHURST STREET,1320,W,N,A,-,Y,NA,NA,91,NA,NA,NA,NA,NA,E,Y,4,0,2,2,A,-,03,22350,NA,N,C,A,A,A,H,-,C,D,0,NA,NA,NA,Y,Y,NA,G,27,0,0,2,0,0,0,0,0,0,-,-,33.85377883911133,-117.91383361816406,ORANGE,ANAHEIM,-117.91383361816406,33.85364532470703
90788344,2018,2018-08-10,9675,2018-08-08,1810,019407,NA,3,2,6,3026,0,1,1,NA,2,503,I-5 NORTHBOUND,CULVER DR.,300,N,N,A,-,Y,NA,NA,NA,NA,NA,NA,NA,NA,NA,Y,4,0,1,2,A,-,07,21658,A,N,B,C,A,A,H,-,A,D,0,NA,NA,Y,NA,Y,NA,A,01,0,0,1,0,0,0,0,0,1,-,-,33.425498962402344,-117.46916198730467,ORANGE,IRVINE,-117.78288269042967,33.71086120605469
90789299,2018,2018-08-13,9675,2018-08-03,1520,021386,NA,5,2,7,3019,0,1,1,NA,2,502,INTERSTATE 5 NORTHBOUND,MAIN STREET,2000,S,N,A,-,Y,NA,NA,5,NA,NA,NA,NA,NA,N,N,4,0,1,3,A,-,03,22350,NA,F,C,C,A,A,H,-,A,D,0,NA,NA,NA,NA,Y,NA,-,99,0,0,1,0,0,0,0,0,0,-,-,33.76335906982422,-117.86463165283205,ORANGE,SANTA ANA,-117.86464691162108,33.76334762573242
9078957,2020,2020-07-24,3022,2020-02-08,1754,1340,NA,6,5,5,3022,0,0,0,NA,0,NA,HERITAGE WY,MYFORD RD,0,NA,Y,A,-,N,NA,NA,NA,NA,NA,NA,NA,NA,NA,N,3,0,2,2,A,-,09,21801,A,N,D,C,A,A,H,-,B,A,0,NA,NA,NA,NA,Y,NA,A,01,0,1,1,0,0,0,0,0,0,-,-,33.73075866699219,-117.79251861572266,ORANGE,TUSTIN,-117.7925033569336,33.7305908203125
90790177,2018,2018-08-14,9690,2018-08-08,1523,018349,NA,3,2,4,3029,0,1,1,NA,2,058,I-5 N/B (SAN DIEGO FRWY),VIA CALIFORNIA,50,N,N,A,-,Y,NA,NA,5,NA,NA,NA,NA,NA,N,Y,4,0,1,2,A,-,03,22350,NA,N,C,C,A,A,H,-,A,D,0,NA,NA,NA,NA,Y,NA,A,01,0,0,1,0,0,0,0,0,0,-,-,33.46622848510742,-117.66793060302734,ORANGE,DANA POINT,-117.6679916381836,33.46614456176758
90791473,2018,2018-08-15,9675,2018-08-10,1644,020091,NA,5,2,6,3004,0,1,3,NA,2,073,SR-73 SOUTHBOUND,BEAR ST,1200,N,N,A,-,Y,NA,NA,73,NA,NA,NA,NA,NA,S,Y,4,0,1,2,A,-,07,21658,A,N,B,C,A,A,H,-,A,D,0,NA,NA,NA,NA,Y,NA,A,01,0,0,1,0,0,0,0,0,0,-,-,33.683231353759766,-117.89514923095705,ORANGE,COSTA MESA,-117.89509582519533,33.68327713012695
90792643,2018,2018-08-17,9675,2018-08-14,0740,019394,NA,2,1,6,3015,0,1,1,NA,2,502,I-5 SOUTHBOUND,STATE COLLEGE BLVD,180,S,N,A,-,Y,NA,NA,5,NA,NA,NA,NA,NA,S,Y,4,0,2,2,A,-,03,22350,NA,N,C,C,A,A,H,-,A,D,0,NA,NA,NA,NA,Y,NA,A,01,0,0,2,0,0,0,0,0,0,-,-,33.78670883178711,-117.88501739501952,ORANGE,ORANGE,-117.88520050048828,33.78656005859375
90792753,2018,2018-08-17,9675,2018-08-16,1440,019938,NA,4,2,6,3026,0,1,1,NA,2,406,I-405 SOUTHBOUND,CULVER DR,2200,S,N,A,-,Y,NA,NA,405,NA,NA,NA,NA,NA,S,Y,4,0,1,2,A,-,03,22350,NA,N,C,C,A,A,H,-,A,D,0,NA,NA,NA,NA,Y,NA,A,01,0,0,1,0,0,0,0,0,0,-,-,33.666500091552734,-117.81466674804688,ORANGE,IRVINE,-117.81462860107422,33.666629791259766
90796927,2018,2018-08-23,9690,2018-08-12,1615,019199,NA,7,2,5,3017,0,1,1,NA,2,059,I-5 N/B (SAN DIEGO FRWY),VISTA HERMOSA OVERCROSS,1056,S,N,A,-,Y,NA,NA,5,NA,NA,NA,NA,NA,N,Y,4,0,1,4,A,-,07,21658,A,N,B,C,A,A,H,-,A,D,0,NA,NA,NA,Y,Y,NA,A,01,0,0,1,0,0,0,0,0,0,-,-,33.44218826293945,-117.62747955322266,ORANGE,SAN CLEMENTE,-117.62747192382813,33.44219970703125
90797590,2018,2018-08-24,9670,2018-08-23,1800,021900,NA,4,2,6,3009,0,1,3,NA,2,024,SR-22 E/B,HARBOR BLVD,200,W,N,A,-,Y,NA,NA,22,NA,NA,NA,NA,NA,E,Y,4,0,1,2,A,-,03,22350,NA,N,C,C,A,A,H,-,A,D,0,NA,NA,NA,NA,Y,NA,A,01,0,0,1,0,0,0,0,0,0,-,-,33.76723861694336,-117.92144012451172,ORANGE,GARDEN GROVE,-117.92148590087892,33.76738357543945
90798207,2018,2018-08-27,9675,2018-08-17,1759,021983,NA,5,2,6,3015,0,1,1,NA,2,502,I-5 NORTHBOUND,MAIN ST,20,S,N,A,-,Y,NA,NA,NA,NA,NA,NA,NA,NA,NA,N,3,0,1,2,A,-,07,21658,A,N,B,C,A,A,H,-,A,D,0,NA,NA,Y,NA,Y,NA,A,01,0,1,0,0,0,0,0,0,1,-,-,33.7676887512207,-117.86717987060548,ORANGE,ORANGE,-117.86746978759766,33.76837158203125
90798957,2018,2018-08-27,9670,2018-08-20,0010,021715,NA,1,3,5,3007,0,1,1,NA,2,040,I-405 N/B,BROOKHURST ST,800,S,N,A,-,Y,NA,NA,405,NA,NA,NA,NA,NA,N,Y,4,0,1,2,A,-,03,22350,NA,N,C,C,A,A,H,-,D,D,0,NA,NA,NA,NA,Y,NA,A,01,0,0,1,0,0,0,0,0,0,-,-,33.70206832885742,-117.94979095458984,ORANGE,FOUNTAIN VALLEY,-117.94979095458984,33.702064514160156
90799192,2018,2018-08-27,9675,2018-08-18,1312,021962,NA,6,1,9,3000,0,1,S,NA,2,901,CAMPUS DR,DOVE ST.,520,N,N,A,-,Y,NA,NA,NA,NA,NA,NA,NA,NA,NA,Y,3,0,1,1,A,-,01,23152,A,N,E,I,A,A,H,-,A,D,0,NA,NA,NA,NA,Y,Y,A,07,0,1,0,0,0,0,0,0,0,-,-,33.6686897277832,-117.86876678466795,ORANGE,UNINCORPORATED,-117.8688735961914,33.66868209838867
90799237,2018,2018-08-27,9675,2018-08-20,1450,021397,NA,1,2,9,3000,0,3,5,NA,2,002,SANTA CLARA AVE,ESPLANADE AVE,0,NA,Y,A,-,N,NA,NA,NA,NA,NA,NA,NA,NA,NA,N,4,0,1,2,A,-,09,21802,A,N,D,C,A,B,H,-,A,A,0,NA,NA,NA,NA,Y,NA,-,-,0,0,1,0,0,0,0,0,0,-,-,33.76641082763672,-117.81140899658205,ORANGE,UNINCORPORATED,-117.81140899658205,33.76641845703125
90799656,2018,2018-08-28,9675,2018-08-21,0901,022052,NA,2,1,5,3022,0,1,1,NA,2,503,I-5 SOUTHBOUND TO SR-55 SOUTHBOUND,MAIN ST,775,S,N,A,-,Y,NA,NA,5,NA,NA,NA,R,NA,S,N,4,0,1,2,A,-,03,22350,NA,N,C,C,A,A,H,-,A,D,0,NA,NA,NA,NA,Y,NA,A,01,0,0,1,0,0,0,0,0,0,-,-,33.73963165283203,-117.83422088623048,ORANGE,TUSTIN,-117.83422088623048,33.73963165283203
90800212,2018,2018-08-28,9690,2018-07-13,1655,019174,NA,5,2,5,3028,0,1,1,NA,2,056,I-5 S/B (SAN DIEGO FRWY),CROWN VALLEY PKWY,500,N,N,A,-,Y,NA,NA,NA,NA,NA,NA,NA,NA,NA,Y,4,0,1,3,A,-,03,22350,NA,N,C,C,A,A,H,-,A,D,0,NA,NA,NA,NA,Y,NA,A,01,0,0,1,0,0,0,0,0,0,-,-,33.334999084472656,-117.402099609375,ORANGE,MISSION VIEJO,-117.6730728149414,33.560638427734375
90803506,2018,2018-08-31,9690,2018-08-24,2345,020472,NA,5,3,9,3000,0,1,3,NA,1,074,SR 74 E/B (ORTEGA HWY),74 ORA 12.34,528,W,N,A,-,Y,NA,NA,74,NA,NA,NA,NA,NA,E,Y,3,0,1,1,A,-,01,23152,A,N,E,I,A,A,H,-,D,D,0,NA,NA,NA,NA,Y,Y,A,01,0,1,0,0,0,0,0,0,0,-,-,33.58647918701172,-117.52169799804688,ORANGE,UNINCORPORATED,-117.52162933349608,33.58641052246094
90805191,2018,2018-09-04,9675,2018-08-26,1655,021983,NA,7,2,7,3019,0,1,1,NA,2,502,I-5 NORTHBOUND,17TH,500,N,N,A,-,Y,NA,NA,5,NA,NA,NA,NA,NA,N,N,4,0,2,2,A,-,08,22107,NA,N,B,C,A,A,H,-,A,D,0,NA,NA,NA,NA,Y,NA,D,22,0,0,2,0,0,0,0,0,0,-,-,33.76018142700195,-117.86231994628906,ORANGE,SANTA ANA,-117.86226654052734,33.76023864746094