CASE_ID,ACCIDENT_YEAR,PROC_DATE,JURIS,COLLISION_DATE,COLLISION_TIME,OFFICER_ID,REPORTING_DISTRICT,DAY_OF_WEEK,CHP_SHIFT,POPULATION,CNTY_CITY_LOC,SPECIAL_COND,BEAT_TYPE,CHP_BEAT_TYPE,CITY_DIVISION_LAPD,CHP_BEAT_CLASS,BEAT_NUMBER,PRIMARY_RD,SECONDARY_RD,DISTANCE,DIRECTION,INTERSECTION,WEATHER_1,WEATHER_2,STATE_HWY_IND,CALTRANS_COUNTY,CALTRANS_DISTRICT,STATE_ROUTE,ROUTE_SUFFIX,POSTMILE_PREFIX,POSTMILE,LOCATION_TYPE,RAMP_INTERSECTION,SIDE_OF_HWY,TOW_AWAY,COLLISION_SEVERITY,NUMBER_KILLED,NUMBER_INJURED,PARTY_COUNT,PRIMARY_COLL_FACTOR,PCF_CODE_OF_VIOL,PCF_VIOL_CATEGORY,PCF_VIOLATION,PCF_VIOL_SUBSECTION,HIT_AND_RUN,TYPE_OF_COLLISION,MVIW,PED_ACTION,ROAD_SURFACE,ROAD_COND_1,ROAD_COND_2,LIGHTING,CONTROL_DEVICE,CHP_ROAD_TYPE,PEDESTRIAN_ACCIDENT,BICYCLE_ACCIDENT,MOTORCYCLE_ACCIDENT,TRUCK_ACCIDENT,NOT_PRIVATE_PROPERTY,ALCOHOL_INVOLVED,STWD_VEHTYPE_AT_FAULT,CHP_VEHTYPE_AT_FAULT,COUNT_SEVERE_INJ,COUNT_VISIBLE_INJ,COUNT_COMPLAINT_PAIN,COUNT_PED_KILLED,COUNT_PED_INJURED,COUNT_BICYCLIST_KILLED,COUNT_BICYCLIST_INJURED,COUNT_MC_KILLED,COUNT_MC_INJURED,PRIMARY_RAMP,SECONDARY_RAMP,LATITUDE,LONGITUDE,COUNTY,CITY,POINT_X,POINT_Y
9098454,2020,2020-11-13,3015,2020-05-11,1606,1386,RD27,1,5,6,3015,0,0,0,NA,0,711M,GLASSELL ST,GROVE AV,0,NA,Y,A,-,N,NA,NA,NA,NA,NA,NA,NA,NA,NA,Y,3,0,2,2,A,-,09,21801,A,N,A,C,A,A,H,-,A,A,0,NA,NA,NA,NA,Y,NA,A,01,0,1,1,0,0,0,0,0,0,-,-,33.821041107177734,-117.85320281982422,ORANGE,ORANGE,-117.85315704345705,33.82101058959961
90984929,2019,2019-05-09,9675,2019-05-01,1325,015914,NA,3,1,6,3004,0,1,3,NA,2,553,SR-55 NORTHBOUND,I-405 NORTHBOUND,300,N,N,A,-,Y,NA,NA,55,NA,NA,NA,NA,NA,N,Y,4,0,1,2,A,-,07,21658,A,N,C,C,A,A,H,-,A,D,0,NA,NA,NA,NA,Y,NA,A,01,0,0,1,0,0,0,0,0,0,-,-,33.69049835205078,-117.86910247802734,ORANGE,COSTA MESA,-117.86917877197266,33.69057083129883
90985078,2019,2019-05-09,9675,2019-05-01,1615,021809,NA,3,2,7,3019,0,1,3,NA,2,222,SR-22 W/B,THE CITY DRIVE,1000,E,N,A,-,Y,NA,NA,22,NA,NA,NA,NA,NA,W,Y,4,0,2,3,A,-,03,22350,NA,N,C,C,A,A,H,-,A,D,0,NA,NA,NA,NA,Y,NA,A,01,0,0,2,0,0,0,0,0,0,-,-,33.77870178222656,-117.87383270263672,ORANGE,SANTA ANA,-117.87379455566406,33.77882766723633
90989398,2019,2019-05-15,9670,2019-05-03,1427,021210,NA,5,2,6,3008,0,1,3,NA,2,093,SR-91 W/B,MAGNOLIA AVE,1584,E,N,A,-,Y,NA,NA,91,NA,NA,NA,NA,NA,W,Y,4,0,1,2,A,-,08,22107,NA,N,B,C,A,A,H,-,A,D,0,NA,NA,NA,NA,Y,NA,-,-,0,0,1,0,0,0,0,0,0,-,-,33.85403823852539,-117.96521759033205,ORANGE,FULLERTON,-117.96521759033205,33.85403823852539
9099028,2020,2020-07-09,3002,2020-02-24,0950,9120,739J3,1,5,5,3025,0,0,0,NA,0,101,IMPERIAL HWY,BASTANCHURY RD,0,NA,Y,A,-,N,NA,NA,NA,NA,NA,NA,NA,NA,NA,Y,4,0,1,3,A,-,03,22350,NA,N,C,C,A,A,H,-,A,A,0,NA,NA,NA,NA,Y,NA,A,07,0,0,1,0,0,0,0,0,0,-,-,NA,NA,ORANGE,YORBA LINDA,-117.83157,33.89933
90990523,2019,2019-05-17,9675,2019-05-10,1505,021633,NA,5,2,7,3001,0,1,3,NA,2,572,SR-57 S/B,CERRITOS AVE,100,N,N,A,-,Y,NA,NA,57,NA,NA,NA,NA,NA,S,Y,4,0,3,3,A,-,03,22350,NA,N,C,C,A,A,H,-,A,D,0,NA,NA,NA,NA,Y,NA,A,01,0,0,3,0,0,0,0,0,0,-,-,33.81275939941406,-117.87802886962892,ORANGE,ANAHEIM,-117.87807464599608,33.81277847290039
90991524,2019,2019-05-20,9675,2019-05-08,1600,021690,NA,3,2,7,3001,0,1,3,NA,2,094,SR-91 E/B,YORBA LINDA BLVD,2500,W,N,B,-,Y,NA,NA,91,NA,NA,NA,NA,NA,E,N,4,0,1,2,A,-,03,22350,NA,N,C,C,A,A,H,-,A,D,0,NA,NA,NA,NA,Y,NA,A,07,0,0,1,0,0,0,0,0,0,-,-,33.86912155151367,-117.75289916992188,ORANGE,ANAHEIM,-117.75289916992188,33.86912536621094
90992806,2019,2019-05-21,9675,2019-05-11,1107,021691,NA,6,1,7,3019,0,1,3,NA,2,552,SR-55 SOUTHBOUND,MACARTHUR BLVD,1700,N,N,A,-,Y,NA,NA,55,NA,NA,NA,NA,NA,S,N,3,0,1,2,A,-,03,22350,NA,N,C,C,A,A,H,-,A,D,0,NA,NA,Y,NA,Y,NA,A,01,0,1,0,0,0,0,0,0,1,-,-,33.70246887207031,-117.85800170898438,ORANGE,SANTA ANA,-117.85791015625,33.7023811340332
90992962,2019,2019-05-21,9675,2019-05-14,2037,019938,NA,2,2,6,3004,0,1,1,NA,2,405,I-405 NORTHBOUND TO FAIRVIEW ROAD,FAIRVIEW RD,1677,S,N,A,-,Y,NA,NA,405,NA,NA,NA,R,NA,N,Y,4,0,2,2,A,-,08,22107,NA,N,B,C,A,A,H,-,C,D,0,NA,NA,NA,NA,Y,NA,A,07,0,0,2,0,0,0,0,0,0,-,-,33.68827819824219,-117.90251159667967,ORANGE,COSTA MESA,-117.90251159667967,33.68827819824219
9099307,2020,2021-01-20,3015,2020-05-13,1319,1098,147,3,5,6,3015,0,0,0,NA,0,731M,CANNON ST,SERRANO AV,0,NA,Y,A,-,N,NA,NA,NA,NA,NA,NA,NA,NA,NA,Y,2,0,2,2,A,-,12,21453,A,N,D,C,A,A,H,-,A,A,0,NA,NA,NA,NA,Y,NA,D,22,1,0,1,0,0,0,0,0,0,-,-,33.82038116455078,-117.79611206054688,ORANGE,ORANGE,-117.79605865478516,33.820350646972656
90994674,2019,2019-05-23,9690,2019-05-16,2300,020629,NA,4,3,5,3028,0,1,1,NA,2,057,I-5 S/B (SAN DIEGO FRWY),JUNIPERO SERRA RD,1350,N,N,B,-,Y,NA,NA,NA,NA,NA,NA,NA,NA,NA,Y,4,0,1,2,A,-,03,22350,NA,N,C,C,A,A,D,-,D,D,0,NA,NA,NA,NA,Y,NA,A,01,0,0,1,0,0,0,0,0,0,-,-,33.528499603271484,-117.67140197753906,ORANGE,MISSION VIEJO,NA,NA
90996512,2019,2019-05-28,9675,2019-05-17,1825,021834,NA,5,2,7,3001,0,1,3,NA,2,094,SR-91 EASTBOUND,WEIR CYN RD,500,W,N,A,-,Y,NA,NA,91,NA,NA,NA,NA,NA,E,Y,2,0,1,2,A,-,03,22350,NA,N,C,C,A,A,H,-,A,D,0,NA,NA,Y,NA,Y,NA,C,02,1,0,0,0,0,0,0,0,1,-,-,33.86996078491211,-117.7461395263672,ORANGE,ANAHEIM,-117.74615478515624,33.87003707885742
90998720,2019,2019-05-30,9675,2019-05-20,1124,015784,NA,1,1,7,3001,0,1,3,NA,2,240,SR-241 SOUTHBOUND,WINDY RIDGE WILDLIFE U/C,1300,N,N,A,-,Y,NA,NA,241,NA,NA,NA,NA,NA,S,Y,4,0,1,3,A,-,03,22350,NA,N,C,C,A,A,H,-,A,D,0,NA,NA,NA,Y,Y,NA,A,01,0,0,1,0,0,0,0,0,0,-,-,33.8315315246582,-117.71743774414063,ORANGE,ANAHEIM,-117.71736907958984,33.831539154052734
90998771,2019,2019-05-30,9675,2019-05-21,2205,021874,NA,2,3,7,3019,0,1,3,NA,2,551,SR-55 NORTHBOUND,MCFADDEN AVE,200,S,N,A,-,Y,NA,NA,55,NA,NA,NA,NA,NA,N,Y,4,0,3,3,A,-,03,22350,NA,N,C,C,A,A,H,-,D,D,0,NA,NA,NA,NA,Y,NA,A,07,0,0,3,0,0,0,0,0,0,-,-,33.73358154296875,-117.83350372314452,ORANGE,SANTA ANA,-117.83354949951172,33.73358154296875
90999558,2019,2019-05-30,9675,2019-05-28,1850,019938,NA,2,2,6,3004,0,1,1,NA,2,405,I-405 NORTHBOUND,HARBOR BLVD,155,N,N,A,-,Y,NA,NA,405,NA,NA,NA,NA,NA,N,Y,4,0,5,2,A,-,07,21658,A,N,C,C,A,A,H,-,A,D,0,NA,NA,NA,NA,Y,NA,A,07,0,0,5,0,0,0,0,0,0,-,-,33.68954086303711,-117.92009735107422,ORANGE,COSTA MESA,-117.92007446289063,33.68960952758789
91001451,2019,2019-05-31,9675,2019-05-24,1410,019407,NA,5,2,7,3001,0,1,3,NA,2,095,SR-91 EASTBOUND,WEIR CYN RD,1200,W,N,A,-,Y,NA,NA,NA,NA,NA,NA,NA,NA,NA,Y,4,0,1,3,A,-,03,22350,NA,N,C,C,A,A,H,-,A,D,0,NA,NA,NA,NA,Y,NA,A,01,0,0,1,0,0,0,0,0,0,-,-,33.5212287902832,-117.45298004150392,ORANGE,ANAHEIM,-117.74850463867188,33.86979675292969
91001984,2019,2019-06-03,9670,2019-05-22,0744,018516,NA,3,1,5,3003,0,1,3,NA,2,091,SR-91 W/B,VALLEY VIEW ST,1584,E,N,B,-,Y,NA,NA,91,NA,NA,NA,NA,NA,W,N,4,0,1,3,A,-,07,21658,A,N,D,C,A,A,H,-,A,D,0,NA,NA,Y,NA,Y,NA,D,22,0,0,1,0,0,0,0,0,1,-,-,33.85588836669922,-118.02327728271484,ORANGE,BUENA PARK,-118.02327728271484,33.856075286865234
9100252,2020,2020-11-10,3008,2020-05-17,0252,1582,ZONE,7,5,6,3008,0,0,0,NA,0,NA,ORANGETHORPE AV,MAGNOLIA AV,0,NA,Y,A,-,N,NA,NA,NA,NA,NA,NA,NA,NA,NA,Y,3,0,2,2,A,-,12,21453,A,N,D,C,A,A,H,-,C,A,0,NA,NA,NA,NA,Y,NA,-,-,0,2,0,0,0,0,0,0,0,-,-,NA,NA,ORANGE,FULLERTON,-117.97628021240234,33.85911178588867
91002656,2019,2019-06-04,9675,2019-05-25,1520,021694,NA,6,2,6,3008,0,1,3,NA,2,570,SR-57 SOUTHBOUND,BASTANCHURY RD,450,S,N,A,-,Y,NA,NA,57,NA,NA,NA,NA,NA,S,N,4,0,2,2,A,-,03,22350,NA,N,C,C,A,A,H,-,A,D,0,NA,NA,NA,NA,Y,NA,A,01,0,0,2,0,0,0,0,0,0,-,-,33.89501190185547,-117.88108825683594,ORANGE,FULLERTON,-117.88095855712892,33.89501953125
91006950,2019,2019-06-10,9670,2019-05-30,1716,019748,NA,4,2,9,3000,0,3,5,NA,2,004,KATELLA AVENUE,JEAN STREET,0,NA,Y,A,-,N,NA,NA,NA,NA,NA,NA,NA,NA,NA,Y,3,0,3,2,A,-,09,21802,A,N,D,C,A,A,H,-,A,A,0,NA,NA,NA,NA,Y,NA,A,01,0,1,2,0,0,0,0,0,0,-,-,33.803138732910156,-117.96370697021484,ORANGE,UNINCORPORATED,-117.96372222900392,33.80310821533203
91009411,2019,2019-06-13,9690,2019-06-06,2050,015035,NA,4,2,5,3017,0,1,1,NA,2,059,I-5 S/B FROM AVENIDA PRESDIO,AVENIDA PRESIDIO,200,S,N,A,-,Y,NA,NA,NA,NA,NA,NA,NA,NA,NA,Y,3,0,1,1,A,-,08,22107,NA,N,F,A,A,A,H,-,D,D,0,NA,NA,NA,NA,Y,NA,A,07,0,1,0,0,0,0,0,0,0,-,-,33.452980041503906,-117.6103973388672,ORANGE,SAN CLEMENTE,-117.61021423339844,33.426387786865234
91011755,2019,2019-06-17,9675,2019-06-09,1815,021694,NA,7,2,9,3000,0,3,5,NA,2,002,VANDERLIP AVE (E/B),CAMERON LN,190,W,N,A,-,N,NA,NA,NA,NA,NA,NA,NA,NA,NA,Y,4,0,1,2,A,-,08,22103,NA,N,D,C,A,A,H,-,A,D,0,NA,NA,NA,NA,Y,NA,A,01,0,0,1,0,0,0,0,0,0,-,-,33.75653076171875,-117.80713653564452,ORANGE,UNINCORPORATED,-117.80698394775392,33.75653076171875
91014327,2019,2019-06-20,9675,2019-06-13,1320,019979,NA,4,1,7,3019,0,1,1,NA,2,503,I-5 SOUTHBOUND,1ST ST,1200,S,N,A,-,Y,NA,NA,5,NA,NA,NA,NA,NA,S,Y,4,0,1,2,A,-,03,22350,NA,N,C,C,A,A,H,-,A,D,0,NA,NA,NA,NA,Y,NA,A,01,0,0,1,0,0,0,0,0,0,-,-,33.74169158935547,-117.83709716796876,ORANGE,SANTA ANA,-117.83709716796876,33.74169158935547
91016957,2019,2019-06-25,9675,2019-06-17,0915,022052,NA,1,1,7,3019,0,1,1,NA,2,502,I-5 SOUTHBOUND,BROADWAY,1100,N,N,B,-,Y,NA,NA,5,NA,NA,NA,NA,NA,S,Y,4,0,1,3,A,-,03,22350,NA,N,C,C,A,A,H,-,A,D,0,NA,NA,NA,NA,Y,NA,A,07,0,0,1,0,0,0,0,0,0,-,-,33.772701263427734,-117.87162017822266,ORANGE,SANTA ANA,-117.87145233154295,33.77283477783203
91017652,2019,2019-06-26,9675,2019-06-15,1825,021982,NA,6,2,7,3019,0,1,1,NA,2,502,I-5 N/B,17TH ST,100,N,N,A,-,Y,NA,NA,5,NA,NA,NA,NA,NA,N,Y,4,0,2,2,A,-,03,22350,NA,N,C,C,A,A,H,-,A,D,0,NA,NA,NA,NA,Y,NA,A,01,0,0,2,0,0,0,0,0,0,-,-,33.76213073730469,-117.86383819580078,ORANGE,SANTA ANA,-117.86390686035156,33.762088775634766
91021532,2019,2019-07-01,9670,2019-06-26,2330,021733,NA,3,3,4,3020,0,1,1,NA,2,045,I-405 S/B,BOLSA CHICA RD,3960,N,N,A,-,Y,NA,NA,405,NA,NA,NA,NA,NA,S,Y,3,0,1,2,A,-,03,22350,NA,N,C,C,A,A,E,-,C,D,0,NA,NA,NA,NA,Y,Y,A,01,0,1,0,0,0,0,0,0,0,-,-,33.774131774902344,-118.05387115478516,ORANGE,SEAL BEACH,-118.05387115478516,33.77422332763672
91021779,2019,2019-07-01,9670,2019-06-26,1105,022081,NA,3,1,4,3020,0,1,1,NA,2,045,I-405 S/B,SEAL BEACH BOULEVARD,100,S,N,A,-,Y,NA,NA,405,NA,NA,NA,NA,NA,S,Y,4,0,2,4,A,-,03,22350,NA,F,C,C,A,A,D,E,A,D,0,NA,NA,NA,NA,Y,NA,A,01,0,0,2,0,0,0,0,0,0,-,-,33.77402114868164,-118.073486328125,ORANGE,SEAL BEACH,-118.073486328125,33.7742805480957
91022091,2019,2019-07-01,9690,2019-06-24,1740,014953,NA,1,2,5,3017,0,1,1,NA,2,059,I-5 N/B (SAN DIEGO FRWY),EL CAMINO REAL,639,S,N,B,-,Y,NA,NA,5,NA,NA,NA,NA,NA,N,Y,3,0,4,1,A,-,08,22107,NA,N,E,I,A,A,H,-,A,D,0,NA,NA,NA,NA,Y,NA,A,01,0,1,3,0,0,0,0,0,0,-,-,33.41645812988281,-117.60360717773438,ORANGE,SAN CLEMENTE,-117.60369873046876,33.41641616821289
91024666,2019,2019-07-05,9675,2019-06-28,0715,021397,NA,5,1,7,3001,0,1,3,NA,2,572,SR-57 NORTHBOUND,BALL RD,235,S,N,B,-,Y,NA,NA,57,NA,NA,NA,NA,NA,N,Y,4,0,2,1,A,-,08,22107,NA,N,E,I,A,A,H,-,A,D,0,NA,NA,NA,NA,Y,NA,A,01,0,0,2,0,0,0,0,0,0,-,-,33.81769943237305,-117.87596130371094,ORANGE,ANAHEIM,-117.87625885009766,33.81775665283203
91025311,2019,2019-07-05,9670,2019-06-26,2111,021900,NA,3,2,5,3007,0,1,1,NA,2,041,I-405 S/B,TALBERT AVE. O/C,200,S,N,A,-,Y,NA,NA,405,NA,NA,NA,NA,NA,S,Y,3,0,1,2,A,-,08,22107,NA,N,B,C,A,A,D,E,C,D,0,NA,NA,NA,NA,Y,NA,-,-,0,1,0,0,0,0,0,0,0,-,-,33.701011657714844,-117.94833374023438,ORANGE,FOUNTAIN VALLEY,-117.94832611083984,33.70102310180664
91025676,2019,2019-07-08,9675,2019-06-29,1511,021694,NA,6,2,6,3004,0,1,3,NA,2,553,SR-55 SOUTHBOUND,WILSON ST,200,N,N,A,-,Y,NA,NA,55,NA,NA,NA,NA,NA,S,Y,4,0,2,3,A,-,03,22350,NA,N,C,C,A,A,H,-,A,D,0,NA,NA,NA,NA,Y,NA,A,07,0,0,2,0,0,0,0,0,0,-,-,33.65705108642578,-117.90377807617188,ORANGE,COSTA MESA,-117.90372467041016,33.65699768066406
91026098,2019,2019-07-08,9675,2019-06-28,1321,016923,NA,5,1,7,3001,0,1,3,NA,2,094,SR-91 W/B (RIVERSIDE FWY),IMPERIAL HIGHWAY,1500,W,N,A,-,Y,NA,NA,91,NA,NA,NA,NA,NA,W,Y,3,0,2,4,A,-,03,22350,NA,N,C,C,A,A,H,-,A,D,0,NA,NA,NA,NA,Y,NA,A,07,0,1,1,0,0,0,0,0,0,-,-,33.85432052612305,-117.80120849609376,ORANGE,ANAHEIM,-117.80120086669922,33.85454559326172
91028205,2019,2019-07-10,9675,2019-07-03,1210,015041,NA,3,1,7,3001,0,1,3,NA,2,093,SR-91 EASTBOUND,SUNKIST ST,130,E,N,A,-,Y,NA,NA,91,NA,NA,NA,NA,NA,E,Y,3,0,1,2,A,-,07,21658,A,N,D,C,A,A,H,-,A,D,0,NA,NA,NA,NA,Y,NA,A,01,0,1,0,0,0,0,0,0,0,-,-,33.850730895996094,-117.87899780273438,ORANGE,ANAHEIM,-117.87890625,33.8509521484375
91031358,2019,2019-07-16,9675,2019-06-14,1720,021694,NA,5,2,7,3001,0,1,3,NA,2,572,SR-57 NORTHBOUND,LA PALMA AVE,630,S,N,A,-,Y,NA,NA,57,NA,NA,NA,NA,NA,N,Y,4,0,1,2,A,-,03,22350,NA,F,C,C,A,A,H,-,A,D,0,NA,NA,NA,NA,Y,NA,A,01,0,0,1,0,0,0,0,0,0,-,-,33.84539031982422,-117.87581634521484,ORANGE,ANAHEIM,-117.87593841552734,33.84539031982422
91032514,2019,2019-07-17,9690,2019-06-22,1810,019174,NA,6,2,9,3000,0,1,3,NA,1,074,SR 74 W/B (ORTEGA HWY),SAN JUAN CREEK BRIDGE,1000,E,N,A,-,Y,NA,NA,NA,NA,NA,NA,NA,NA,NA,Y,3,0,1,1,A,-,03,22350,NA,N,E,I,A,A,H,-,A,D,0,NA,NA,Y,NA,Y,NA,C,02,0,1,0,0,0,0,0,0,1,-,-,33.35390090942383,-117.2802963256836,ORANGE,UNINCORPORATED,NA,NA
91033249,2019,2019-07-18,9675,2019-07-13,1243,019942,NA,6,1,6,3008,0,1,3,NA,2,570,SR-57 NORTHBOUND TO YORBA LINDA BLVD.,YORBA LINDA BLVD,125,S,N,A,-,Y,NA,NA,57,NA,NA,NA,R,NA,N,Y,4,0,1,2,A,-,03,22350,NA,N,C,C,A,A,H,-,A,D,0,NA,NA,NA,NA,Y,NA,A,01,0,0,1,0,0,0,0,0,0,-,-,33.8838005065918,-117.88033294677734,ORANGE,FULLERTON,-117.88033294677734,33.8838005065918
91033323,2019,2019-07-18,9675,2019-07-11,0526,015784,NA,4,3,7,3001,0,1,3,NA,2,195,SR-91 WESTBOUND,COAL CYN RD,3000,E,N,A,-,Y,NA,NA,91,NA,NA,NA,NA,NA,W,Y,4,0,1,3,A,-,03,22350,NA,N,C,C,A,A,H,-,B,D,0,NA,NA,NA,NA,Y,NA,A,01,0,0,1,0,0,0,0,0,0,-,-,33.86941146850586,-117.67900848388672,ORANGE,ANAHEIM,-117.67905426025392,33.869197845458984
9103337,2020,2020-12-07,3004,2020-05-12,1931,P648,33,2,5,6,3004,0,0,0,NA,0,005,BRISTOL CIR,ANTON BL,0,NA,Y,A,-,N,NA,NA,NA,NA,NA,NA,NA,NA,NA,Y,4,0,1,2,A,-,12,21453,A,N,D,C,A,A,H,-,C,A,0,NA,NA,NA,NA,Y,NA,-,-,0,0,1,0,0,0,0,0,0,-,-,33.690101623535156,-118.88520050048828,ORANGE,COSTA MESA,-117.88562774658205,33.69021987915039
91033667,2019,2019-07-18,9675,2019-07-08,1410,020091,NA,1,2,5,3022,0,1,3,NA,2,552,SR-55 NORTHBOUND,DYER RD,1584,S,N,A,-,Y,NA,NA,NA,NA,NA,NA,NA,NA,NA,N,4,0,3,2,A,-,03,22350,NA,N,C,C,A,A,H,-,A,D,0,NA,NA,NA,NA,Y,NA,A,01,0,0,3,0,0,0,0,0,0,-,-,33.693359375,-117.693359375,ORANGE,TUSTIN,-117.85503387451172,33.705142974853516
91033895,2019,2019-07-19,9675,2019-07-11,1850,020923,NA,4,2,7,3001,0,1,3,NA,2,571,SR-57 N/B,LINCOLN AVE,10,N,N,A,-,Y,NA,NA,57,NA,NA,NA,NA,NA,N,Y,4,0,2,3,A,-,03,22350,NA,N,C,C,A,A,H,-,A,D,0,NA,NA,NA,NA,Y,NA,A,08,0,0,2,0,0,0,0,0,0,-,-,33.838539123535156,-117.875732421875,ORANGE,ANAHEIM,-117.87590026855467,33.838531494140625
91034048,2019,2019-07-19,9675,2019-07-14,1025,019979,NA,7,1,7,3019,0,1,3,NA,2,552,SR-55 SOUTHBOUND,MCFADDEN AVE,850,S,N,A,-,Y,NA,NA,55,NA,NA,NA,NA,NA,S,Y,4,0,1,2,A,-,06,21750,A,N,B,C,A,A,H,-,A,D,0,NA,NA,NA,NA,Y,NA,A,01,0,0,1,0,0,0,0,0,0,-,-,33.73080062866211,-117.83392333984376,ORANGE,SANTA ANA,-117.83381652832033,33.73078536987305
91034121,2019,2019-07-19,9675,2019-07-15,0005,020694,NA,1,3,4,3002,0,1,3,NA,2,570,SR-57 SOUTHBOUND,IMPERIAL HIGHWAY,100,N,N,A,-,Y,NA,NA,57,NA,NA,NA,NA,NA,S,Y,4,0,2,2,A,-,03,22350,NA,N,C,C,A,A,H,-,C,D,0,NA,NA,NA,NA,Y,NA,A,01,0,0,2,0,0,0,0,0,0,-,-,33.912899017333984,-117.88330841064452,ORANGE,BREA,-117.88338470458984,33.912933349609375
91035140,2019,2019-07-22,9670,2019-07-19,0755,021719,NA,5,1,5,3024,0,1,1,NA,2,430,I-405 S/B,WESTMINSTER BLVD,500,N,N,A,-,Y,NA,NA,405,NA,NA,NA,NA,NA,S,N,3,0,1,2,A,-,08,22107,NA,N,E,C,A,A,H,-,A,D,0,NA,NA,NA,NA,Y,NA,A,01,0,1,0,0,0,0,0,0,0,-,-,33.760250091552734,-118.02382659912108,ORANGE,WESTMINSTER,-118.02373504638672,33.76036834716797
91036536,2019,2019-07-24,9675,2019-07-15,0655,015784,NA,1,1,7,3001,0,1,3,NA,2,240,SR-241 N/B TO SR-91 W/B,WINDY RIDGE WILDLIFE U/C,10507,N,N,A,-,Y,NA,NA,241,NA,NA,NA,R,NA,N,Y,3,0,1,1,A,-,01,23152,F,N,E,I,A,A,H,-,A,D,0,NA,NA,NA,NA,Y,NA,A,07,0,1,0,0,0,0,0,0,0,-,-,33.86109161376953,-117.71643829345705,ORANGE,ANAHEIM,-117.71643829345705,33.86109161376953
91036984,2019,2019-07-24,9675,2019-07-13,1831,021386,NA,6,2,4,3002,0,1,3,NA,2,570,STATE ROUTE 57 SOUTHBOUND,LAMBERT ROAD,2000,S,N,A,-,Y,NA,NA,57,NA,NA,NA,NA,NA,S,N,4,0,2,3,A,-,03,22350,NA,N,C,C,A,A,H,-,A,D,0,NA,NA,NA,NA,Y,NA,A,07,0,0,2,0,0,0,0,0,0,-,-,33.919620513916016,-117.88053131103516,ORANGE,BREA,-117.88058471679688,33.91963195800781
91037282,2019,2019-07-24,9675,2019-07-14,1812,021386,NA,7,2,9,3000,0,1,3,NA,2,570,STATE ROUTE 57 SOUTHBOUND,TONNER CANYON ROAD,100,S,N,A,-,Y,NA,NA,57,NA,NA,NA,NA,NA,S,Y,4,0,1,5,A,-,03,22350,NA,N,C,C,A,A,H,-,A,D,0,NA,NA,NA,NA,Y,NA,A,01,0,0,1,0,0,0,0,0,0,-,-,33.93830108642578,-117.87734985351563,ORANGE,UNINCORPORATED,-117.87738800048828,33.93832015991211
9103821,2020,2020-08-06,3004,2020-04-29,2036,P652,15,3,5,6,3004,0,0,0,NA,0,015,FAIR DR,HARBOR BL,160,W,N,A,-,N,NA,NA,NA,NA,NA,NA,NA,NA,NA,Y,2,0,2,1,A,-,01,23152,A,N,E,I,A,A,H,-,C,A,0,NA,NA,NA,NA,Y,Y,A,01,1,1,0,0,0,0,0,0,0,-,-,33.66339874267578,-117.91899871826172,ORANGE,COSTA MESA,-117.91977691650392,33.66337203979492
91039397,2019,2019-07-26,9675,2019-07-17,1950,021716,NA,3,2,6,3015,0,1,3,NA,2,222,SR-22 E/B TO GRAND AVE.,GRAND AVE,50,W,N,A,-,Y,NA,NA,22,NA,NA,NA,R,NA,E,Y,4,0,1,1,A,-,08,22107,NA,N,E,I,A,A,H,-,C,D,0,NA,NA,NA,NA,Y,NA,D,22,0,0,1,0,0,0,0,0,0,-,-,33.77519989013672,-117.853759765625,ORANGE,ORANGE,-117.853759765625,33.77519989013672
91039412,2019,2019-07-26,9675,2019-07-18,0940,020027,NA,4,1,7,3019,0,1,3,NA,2,551,SR-55 SOUTHBOUND,17TH ST,250,S,N,A,-,Y,NA,NA,55,NA,NA,NA,NA,NA,S,N,4,0,1,2,A,-,03,22350,NA,N,C,C,A,A,H,-,A,D,0,NA,NA,NA,NA,Y,NA,A,01,0,0,1,0,0,0,0,0,0,-,-,33.75925827026367,-117.83116912841795,ORANGE,SANTA ANA,-117.83124542236328,33.7592658996582
91039759,2019,2019-07-26,9690,2019-07-24,1740,014953,NA,3,2,5,3017,0,1,1,NA,2,059,I-5 N/B (SAN DIEGO FRWY),CAMINO DE ESTRELLA,1977,S,N,A,-,Y,NA,NA,5,NA,NA,NA,NA,NA,N,Y,3,0,3,4,A,-,08,22107,NA,N,B,C,A,A,H,-,A,D,0,NA,NA,NA,NA,Y,NA,A,01,0,1,2,0,0,0,0,0,0,-,-,33.45587921142578,-117.65033721923828,ORANGE,SAN CLEMENTE,-117.65036010742188,33.455841064453125