CASE_ID,ACCIDENT_YEAR,PROC_DATE,JURIS,COLLISION_DATE,COLLISION_TIME,OFFICER_ID,REPORTING_DISTRICT,DAY_OF_WEEK,CHP_SHIFT,POPULATION,CNTY_CITY_LOC,SPECIAL_COND,BEAT_TYPE,CHP_BEAT_TYPE,CITY_DIVISION_LAPD,CHP_BEAT_CLASS,BEAT_NUMBER,PRIMARY_RD,SECONDARY_RD,DISTANCE,DIRECTION,INTERSECTION,WEATHER_1,WEATHER_2,STATE_HWY_IND,CALTRANS_COUNTY,CALTRANS_DISTRICT,STATE_ROUTE,ROUTE_SUFFIX,POSTMILE_PREFIX,POSTMILE,LOCATION_TYPE,RAMP_INTERSECTION,SIDE_OF_HWY,TOW_AWAY,COLLISION_SEVERITY,NUMBER_KILLED,NUMBER_INJURED,PARTY_COUNT,PRIMARY_COLL_FACTOR,PCF_CODE_OF_VIOL,PCF_VIOL_CATEGORY,PCF_VIOLATION,PCF_VIOL_SUBSECTION,HIT_AND_RUN,TYPE_OF_COLLISION,MVIW,PED_ACTION,ROAD_SURFACE,ROAD_COND_1,ROAD_COND_2,LIGHTING,CONTROL_DEVICE,CHP_ROAD_TYPE,PEDESTRIAN_ACCIDENT,BICYCLE_ACCIDENT,MOTORCYCLE_ACCIDENT,TRUCK_ACCIDENT,NOT_PRIVATE_PROPERTY,ALCOHOL_INVOLVED,STWD_VEHTYPE_AT_FAULT,CHP_VEHTYPE_AT_FAULT,COUNT_SEVERE_INJ,COUNT_VISIBLE_INJ,COUNT_COMPLAINT_PAIN,COUNT_PED_KILLED,COUNT_PED_INJURED,COUNT_BICYCLIST_KILLED,COUNT_BICYCLIST_INJURED,COUNT_MC_KILLED,COUNT_MC_INJURED,PRIMARY_RAMP,SECONDARY_RAMP,LATITUDE,LONGITUDE,COUNTY,CITY,POINT_X,POINT_Y
91772674,2022,2022-05-16,9675,2022-05-06,2218,022222,NA,5,3,7,3019,0,1,1,NA,2,503,I-5 SOUTHBOUND,SR-55 SOUTHBOUND,2000,N,N,B,-,Y,ORA,NA,5,NA,NA,30.47,H,NA,L,N,4,0,1,2,A,-,03,22350,NA,F,C,C,A,A,H,-,D,D,0,NA,NA,NA,NA,Y,NA,-,99,0,0,1,0,0,0,0,0,0,-,-,33.741729736328125,-117.837158203125,ORANGE,SANTA ANA,-117.83716583251952,33.74171829223633
9177304,2020,2021-01-02,3026,2020-10-25,1914,628,NA,7,5,6,3026,0,0,0,NA,0,00U,CULVER,CAMPUS,298,N,N,A,-,N,NA,NA,NA,NA,NA,NA,NA,NA,NA,Y,4,0,1,2,A,-,03,22350,NA,N,C,C,A,A,H,-,C,A,0,NA,NA,NA,NA,Y,NA,A,01,0,0,1,0,0,0,0,0,0,-,-,NA,NA,ORANGE,IRVINE,-117.82509613037108,33.65083694458008
91773684,2022,2022-05-17,9675,2022-05-09,0825,018087,NA,1,1,7,3001,0,1,3,NA,2,240,SR-241 SOUTHBOUND,WINDY RIDGE RD.,1010,N,N,A,-,Y,ORA,NA,241,NA,NA,36.977,H,NA,L,Y,4,0,1,2,A,-,08,22107,NA,N,C,E,A,A,H,-,A,D,0,NA,NA,NA,Y,Y,NA,F,26,0,0,1,0,0,0,0,0,0,-,-,33.83726119995117,-117.71833801269533,ORANGE,ANAHEIM,-117.71851348876952,33.83724594116211
91775331,2022,2022-05-18,9670,2022-05-05,1733,022493,NA,4,2,6,3009,0,1,3,NA,2,021,SR-22 W/B (GARDEN GROVE FREEWAY) TO I-405 N/B (SAN,VALLEY VIEW ST,680,W,N,A,-,Y,ORA,NA,22,NA,R,0.759,H,NA,L,N,3,0,2,2,A,-,01,23152,F,N,C,C,A,A,H,-,A,D,0,NA,NA,NA,NA,Y,NA,D,22,0,1,1,0,0,0,0,0,0,-,-,33.77497863769531,-118.04019927978516,ORANGE,GARDEN GROVE,-118.04020690917967,33.774959564208984
91777450,2022,2022-05-23,9675,2022-05-13,1617,021076,NA,5,2,7,3001,0,1,3,NA,2,072,SR-57 SOUTHBOUND,LINCOLN AVE,150,S,N,A,-,Y,ORA,NA,57,NA,NA,14.728,H,NA,L,N,3,0,1,3,A,-,03,22350,NA,N,C,C,A,A,H,-,A,D,0,NA,NA,NA,NA,Y,NA,A,07,0,1,0,0,0,0,0,0,0,-,-,33.83715057373047,-117.87612915039063,ORANGE,ANAHEIM,-117.8762435913086,33.83715057373047
9177793,2020,2021-01-11,3026,2020-10-13,0752,4779,C,2,5,6,3026,0,0,0,NA,0,00C,BARRANCA PKWY,IRVINE CENTER DR,0,NA,Y,A,-,N,NA,NA,NA,NA,NA,NA,NA,NA,NA,Y,3,0,3,3,A,-,12,21453,A,N,D,C,A,A,H,-,A,A,0,NA,NA,NA,NA,Y,NA,A,01,0,2,1,0,0,0,0,0,0,-,-,NA,NA,ORANGE,IRVINE,-117.75032043457033,33.659271240234375
9177913,2020,2021-01-20,3011,2020-10-30,1350,31241,44,5,5,4,3011,0,0,0,NA,0,003,GLENNEYRE ST,PEARL ST,0,NA,Y,A,-,N,NA,NA,NA,NA,NA,NA,NA,NA,NA,Y,3,0,1,2,A,-,03,22350,NA,N,D,A,A,A,H,-,A,A,0,NA,NA,NA,NA,Y,NA,A,07,0,1,0,0,0,0,0,0,0,-,-,NA,NA,ORANGE,LAGUNA BEACH,-117.77039337158205,33.52946853637695
91779977,2022,2022-05-25,9690,2022-05-13,1520,014765,NA,5,2,4,3018,0,1,1,NA,2,057,I-5 S/B (SAN DIEGO FRWY),SR-74 (ORTEGA HIGHWAY),2640,N,N,A,-,Y,ORA,NA,5,NA,NA,10.07,H,NA,L,Y,3,0,1,4,A,-,03,22350,NA,N,C,C,A,A,H,-,A,D,0,NA,NA,NA,NA,Y,NA,A,01,0,1,0,0,0,0,0,0,0,-,-,33.508819580078125,-117.66094970703124,ORANGE,SAN JUAN CAPISTRANO,-117.6609115600586,33.50883102416992
91781456,2022,2022-05-26,9675,2022-05-17,0115,022283,NA,2,3,7,3001,0,1,3,NA,2,093,SR-91 WESTBOUND,LA PALMA AVE,100,E,N,B,-,Y,ORA,NA,91,NA,NA,6.454,H,NA,L,Y,3,0,1,1,A,-,08,22107,NA,N,E,I,A,A,H,-,C,D,0,NA,NA,NA,Y,Y,NA,F,55,0,1,0,0,0,0,0,0,0,-,-,33.847599029541016,-117.87042236328124,ORANGE,ANAHEIM,-117.87044525146484,33.84754180908203
91783800,2022,2022-05-30,9675,2022-05-19,1456,021633,NA,4,2,6,3008,0,1,3,NA,2,570,SR-57 SOUTHBOUND,YORBA LINDA BLVD.,190,N,N,B,-,Y,ORA,NA,57,NA,NA,18.392,H,NA,L,N,3,0,1,2,A,-,08,22107,NA,N,F,0,A,A,H,-,A,D,0,NA,NA,Y,NA,Y,NA,C,02,0,1,0,0,0,0,0,0,1,-,-,33.88972091674805,-117.88070678710938,ORANGE,FULLERTON,-117.88076782226563,33.88972091674805
91785249,2022,2022-05-31,9675,2022-05-22,2047,021633,NA,7,2,5,3022,0,1,1,NA,2,503,I-5 NORTHBOUND,TUSTIN RANCH RD,30,S,N,A,-,Y,ORA,NA,5,NA,NA,28.231,H,NA,R,N,4,0,2,3,A,-,08,22107,NA,N,D,C,A,A,H,-,C,D,0,NA,NA,NA,NA,Y,NA,D,22,0,0,2,0,0,0,0,0,0,-,-,33.72557830810547,-117.80355072021484,ORANGE,TUSTIN,-117.80355834960938,33.7255744934082
91785580,2022,2022-06-01,9690,2022-05-23,0810,020066,NA,1,1,5,3028,0,1,1,NA,2,056,I-5 N/B,CROWN VALLEY PARKWAY O/C,967,N,N,B,-,Y,ORA,NA,5,NA,NA,13.964,H,NA,R,Y,3,0,1,2,A,-,03,22350,NA,N,C,C,A,A,D,-,A,D,0,NA,NA,NA,NA,Y,NA,A,01,0,1,0,0,0,0,0,0,0,-,-,33.56195831298828,-117.67269134521484,ORANGE,MISSION VIEJO,-117.6726531982422,33.561954498291016
9178755,2019,2020-11-13,3008,2019-08-06,0542,1158,ZONE3,2,5,6,3008,0,0,0,NA,0,NA,RAYMOND AV,BURTON ST,0,NA,Y,A,-,N,NA,NA,NA,NA,NA,NA,NA,NA,NA,N,4,0,1,2,D,-,00,NA,NA,N,C,C,A,A,H,-,C,D,0,NA,NA,Y,NA,Y,NA,-,-,0,0,1,0,0,0,0,0,1,-,-,NA,NA,ORANGE,FULLERTON,-117.90675354003906,33.855140686035156
91787638,2022,2022-06-03,9675,2022-05-25,1535,017998,NA,3,2,6,3026,0,1,1,NA,2,407,I-405 NORTHBOUND,LAGUNA CANYON RD,750,N,N,A,-,Y,ORA,NA,405,NA,NA,2.353,H,NA,R,N,4,0,1,2,A,-,03,22350,NA,N,C,C,A,A,H,-,A,D,0,NA,NA,NA,NA,Y,NA,A,07,0,0,1,0,0,0,0,0,0,-,-,33.6538200378418,-117.77037048339844,ORANGE,IRVINE,-117.77043151855467,33.65373611450195
91787734,2022,2022-06-03,9670,2022-06-01,1630,019304,NA,3,2,6,3009,0,1,3,NA,2,024,SR-22 E/B,HARBOR BLVD,900,W,N,A,-,Y,ORA,NA,22,NA,R,7.772,H,NA,R,Y,4,0,1,3,A,-,03,22350,NA,N,C,C,A,A,H,-,A,D,0,NA,NA,NA,NA,Y,NA,A,08,0,0,1,0,0,0,0,0,0,-,-,33.76728057861328,-117.92121124267578,ORANGE,GARDEN GROVE,-117.9212646484375,33.76738739013672
91787814,2022,2022-06-03,9675,2022-05-26,1620,019135,NA,4,2,7,3001,0,1,3,NA,2,571,SR-57 SOUTHBOUND,LA JOLLA ST,400,S,N,A,-,Y,ORA,NA,57,NA,NA,16.013,H,NA,L,Y,4,0,3,4,A,-,03,22350,NA,N,C,C,A,A,H,-,A,D,0,NA,NA,NA,NA,Y,NA,D,22,0,0,3,0,0,0,0,0,0,-,-,33.85572814941406,-117.87576293945313,ORANGE,ANAHEIM,-117.87586212158205,33.8557243347168
9178814,2020,2020-12-28,3008,2020-10-07,1144,1295,ZONE2,3,5,6,3008,0,0,0,NA,0,NA,WILSHIRE AV,HIGHLAND AV,0,NA,Y,A,-,N,NA,NA,NA,NA,NA,NA,NA,NA,NA,N,3,0,1,2,A,-,05,21650,1,N,D,G,A,A,H,-,A,A,0,NA,Y,NA,NA,Y,NA,L,04,0,1,0,0,0,0,1,0,0,-,-,NA,NA,ORANGE,FULLERTON,-117.9287109375,33.87234878540039
9178818,2020,2020-12-28,3008,2020-10-12,1530,1407,NA,1,5,6,3008,0,0,0,NA,0,NA,EADINGTON AV,WOODCREST AV,0,NA,Y,A,-,N,NA,NA,NA,NA,NA,NA,NA,NA,NA,N,4,0,2,2,A,-,09,21800,B,N,D,C,A,A,H,-,A,D,0,NA,NA,NA,NA,Y,NA,A,01,0,0,2,0,0,0,0,0,0,-,-,NA,NA,ORANGE,FULLERTON,-117.95321655273438,33.85831832885742
91789110,2022,2022-06-06,9675,2022-05-26,1615,021076,NA,4,2,6,3008,0,1,3,NA,2,570,SR-57 NORTHBOUND,BASTANCHURY ROAD,450,N,N,A,-,Y,ORA,NA,57,NA,NA,18.955,H,NA,R,N,3,0,1,2,A,-,07,21658,A,N,B,C,A,A,H,-,A,A,0,NA,NA,Y,NA,Y,NA,D,22,0,1,0,0,0,0,0,0,1,-,-,33.89794921875,-117.88102722167967,ORANGE,FULLERTON,-117.8809051513672,33.8979606628418
91789662,2022,2022-06-07,9675,2022-05-27,1055,020027,NA,5,1,7,3001,0,1,3,NA,2,094,SR-91 WESTBOUND,LAKEVIEW AVE,1000,E,N,A,-,Y,ORA,NA,91,NA,R,10.766,H,NA,L,Y,4,0,2,2,A,-,03,22350,NA,N,C,C,A,A,H,-,A,D,0,NA,NA,NA,NA,Y,NA,A,01,0,0,2,0,0,0,0,0,0,-,-,33.854698181152344,-117.80451965332033,ORANGE,ANAHEIM,-117.80451965332033,33.8546257019043
91790881,2022,2022-06-08,9690,2022-06-02,1243,016128,NA,4,1,9,3000,0,3,5,NA,2,004,O'NEILL DRIVE,MCGWIRE ROAD,0,NA,Y,A,-,N,NA,NA,NA,NA,NA,NA,NA,NA,NA,Y,3,0,1,2,A,-,09,21801,A,N,A,C,A,A,H,-,A,D,0,NA,NA,NA,NA,Y,NA,A,01,0,1,0,0,0,0,0,0,0,-,-,33.56686019897461,-117.64401245117188,ORANGE,UNINCORPORATED,-117.64396667480467,33.56684875488281
9179159,2019,2020-11-23,3008,2019-08-21,2322,1522,ZONE2,3,5,6,3008,0,0,0,NA,0,NA,COMMONWEALTH AV,LEMON ST,0,NA,Y,A,-,N,NA,NA,NA,NA,NA,NA,NA,NA,NA,Y,4,0,7,2,A,-,12,21453,A,N,D,C,A,A,H,-,C,A,0,NA,NA,NA,NA,Y,NA,A,07,0,0,7,0,0,0,0,0,0,-,-,NA,NA,ORANGE,FULLERTON,-117.91982269287108,33.870391845703125
91791743,2022,2022-06-09,9670,2022-06-08,0045,021210,NA,3,3,7,3001,0,1,1,NA,2,503,I-5 S/B,WEST BROADWAY,297,N,N,A,-,Y,ORA,NA,5,NA,NA,38.732,H,NA,L,Y,4,0,1,1,A,-,03,22350,NA,N,E,I,A,A,H,-,C,D,0,NA,NA,NA,NA,Y,NA,A,01,0,0,1,0,0,0,0,0,0,-,-,33.83026123046875,-117.93032836914063,ORANGE,ANAHEIM,-117.9302215576172,33.83033752441406
91792518,2022,2022-06-10,9675,2022-06-05,0115,022222,NA,7,3,7,3001,0,1,3,NA,2,240,SR-241 NORTHBOUND,SR-91 EASTBOUND,5280,S,N,B,-,Y,ORA,NA,241,NA,NA,38.267,H,NA,R,Y,4,0,2,1,A,-,08,22107,NA,N,E,8,A,A,H,-,D,D,0,NA,NA,NA,NA,Y,NA,A,01,0,0,2,0,0,0,0,0,0,-,-,33.85612869262695,-117.71676635742188,ORANGE,ANAHEIM,-117.71691131591795,33.85612869262695
91792768,2022,2022-06-10,9675,2022-06-05,1240,020027,NA,7,1,7,3001,0,1,3,NA,2,094,SR-91 WESTBOUND,IMPERIAL HWY,2000,E,N,A,-,Y,ORA,NA,91,NA,R,12.42,H,NA,L,Y,4,0,4,3,A,-,03,22350,NA,N,C,C,A,A,H,-,A,D,0,NA,NA,NA,NA,Y,NA,A,01,0,0,4,0,0,0,0,0,0,-,-,33.860801696777344,-117.77710723876952,ORANGE,ANAHEIM,-117.77700805664063,33.860660552978516
9179318,2019,2020-11-10,3008,2019-08-10,2314,1567,ZONE1,6,5,6,3008,0,0,0,NA,0,NA,GILBERT ST,MALVERN AV,0,NA,Y,A,-,NA,NA,NA,NA,NA,NA,NA,NA,NA,NA,Y,4,0,3,2,A,-,09,21453,C,N,B,C,A,A,H,-,C,A,0,NA,NA,NA,NA,Y,NA,A,01,0,0,3,0,0,0,0,0,0,-,-,NA,NA,ORANGE,FULLERTON,-117.9673080444336,33.8779182434082
91795882,2022,2022-06-15,9675,2022-06-08,1650,019018,NA,3,2,6,3026,0,1,3,NA,2,053,SR-55 SOUTHBOUND,MAIN STREET,200,N,N,A,-,Y,ORA,NA,55,NA,R,6.598,H,NA,L,Y,2,0,1,2,A,-,07,21658,A,N,B,C,A,A,H,-,A,D,0,NA,NA,Y,NA,Y,NA,A,07,1,0,0,0,0,0,0,0,1,-,-,33.694271087646484,-117.86578369140624,ORANGE,IRVINE,-117.86579132080078,33.694278717041016
91796404,2022,2022-06-16,9675,2022-06-10,1030,016748,NA,5,1,6,3008,0,1,3,NA,2,571,SR-57 SOUTHBOUND,NUTWOOD AVENUE,400,S,N,A,-,Y,NA,NA,NA,NA,NA,NA,NA,NA,NA,Y,4,0,1,3,A,-,03,22350,NA,N,C,C,A,A,H,-,A,D,0,NA,NA,NA,NA,Y,NA,D,22,0,0,1,0,0,0,0,0,0,-,-,33.523658752441406,-117.52500152587892,ORANGE,FULLERTON,-117.88047027587892,33.877044677734375
91796590,2022,2022-06-16,9675,2022-06-13,1513,018929,NA,1,2,6,3015,0,1,3,NA,2,222,SR-22 EASTBOUND,THE CITY DRIVE,500,E,N,A,-,Y,ORA,NA,22,NA,R,9.721,H,NA,R,N,3,0,1,1,A,-,08,22107,NA,N,F,A,A,A,H,-,A,D,0,NA,NA,NA,NA,Y,NA,A,07,0,1,0,0,0,0,0,0,0,-,-,33.77901077270508,-117.88937377929688,ORANGE,ORANGE,-117.88937377929688,33.778926849365234
91797391,2022,2022-06-17,9675,2022-06-10,1919,018102,NA,5,2,7,3001,0,1,3,NA,2,095,SR-91 EASTBOUND,WEIR CANYON ROAD,1500,E,N,A,-,Y,ORA,NA,91,NA,R,14.741,H,NA,R,N,4,0,1,2,A,-,03,22350,NA,N,C,C,A,A,H,-,A,D,0,NA,NA,NA,NA,Y,NA,D,22,0,0,1,0,0,0,0,0,0,-,-,33.8709716796875,-117.73944854736328,ORANGE,ANAHEIM,-117.73944854736328,33.870826721191406
91799534,2022,2022-06-21,9670,2022-06-14,1340,017951,NA,2,1,9,3000,0,3,5,NA,2,005,BOLSA AVENUE,MONROE STREET,0,NA,Y,A,-,N,NA,NA,NA,NA,NA,NA,NA,NA,NA,N,4,0,2,2,A,-,09,21801,A,N,D,C,A,A,H,-,A,D,0,NA,NA,NA,NA,Y,NA,A,01,0,0,2,0,0,0,0,0,0,-,-,33.74468994140625,-117.98529052734376,ORANGE,UNINCORPORATED,-117.98526000976563,33.74469757080078
91799661,2022,2022-06-21,9675,2022-06-13,1858,021274,NA,1,2,7,3019,0,1,1,NA,2,502,INTERSTATE 5 N/B,LINCOLN AVENUE,265,S,N,A,-,Y,ORA,NA,5,NA,NA,32.014,H,NA,R,N,4,0,1,3,A,-,03,22350,NA,N,C,C,A,A,H,-,A,D,0,NA,NA,NA,NA,Y,NA,A,07,0,0,1,0,0,0,0,0,0,-,-,33.75659942626953,-117.85536193847656,ORANGE,SANTA ANA,-117.8553466796875,33.756622314453125
91804418,2022,2022-06-27,9675,2022-06-15,0815,019320,NA,3,1,6,3015,0,1,3,NA,2,222,SR-22 EASTBOUND,BRISTOL ST.,500,W,N,A,-,Y,ORA,NA,22,NA,R,9.906,H,NA,R,N,4,0,1,3,A,-,08,22107,NA,N,B,C,A,A,H,-,A,D,0,NA,NA,Y,NA,Y,NA,C,02,0,0,1,0,0,0,0,0,1,-,-,33.77888870239258,-117.88622283935548,ORANGE,ORANGE,-117.88622283935548,33.77891540527344
91805040,2022,2022-06-28,9690,2022-06-20,0904,014351,NA,1,1,9,3000,0,2,4,NA,2,034,ANTONIO PARKWAY,WINDMILL AVENUE,0,NA,Y,A,-,N,NA,NA,NA,NA,NA,NA,NA,NA,NA,Y,4,0,1,2,A,-,12,21453,A,N,D,C,A,A,H,-,A,A,0,NA,NA,NA,NA,Y,NA,A,07,0,0,1,0,0,0,0,0,0,-,-,33.559959411621094,-117.63040161132813,ORANGE,UNINCORPORATED,-117.63062286376952,33.55995559692383
9180754,2020,2020-11-30,3001,2020-08-15,1200,A2537,D 4,6,5,7,3001,0,0,0,NA,0,NA,SERRANO AV,SUNSET RIDGE RD,0,NA,Y,A,-,N,NA,NA,NA,NA,NA,NA,NA,NA,NA,Y,4,0,2,2,A,-,09,21801,A,N,D,C,A,A,H,-,A,A,0,NA,NA,NA,NA,Y,NA,D,22,0,0,2,0,0,0,0,0,0,-,-,33.84584045410156,-117.73761749267578,ORANGE,ANAHEIM,-117.73806762695313,33.84931182861328
91809151,2022,2022-07-01,9675,2022-06-23,1705,019135,NA,4,2,6,3015,0,1,3,NA,2,572,SR-57 SOUTHBOUND,CHAPMAN AVE,50,S,N,A,-,Y,ORA,NA,57,NA,NA,11.212,H,NA,L,Y,3,0,2,4,A,-,03,22350,NA,N,C,C,A,A,H,-,A,D,0,NA,NA,NA,NA,Y,NA,B,07,0,2,0,0,0,0,0,0,0,-,-,33.787498474121094,-117.87998962402344,ORANGE,ORANGE,-117.88009643554688,33.787498474121094
9180958,2020,2021-01-05,3004,2020-10-15,1013,P459,27,4,5,6,3004,0,0,0,NA,0,004,HARBOR BL,MACARTHUR BL,0,NA,Y,A,-,N,NA,NA,NA,NA,NA,NA,NA,NA,NA,Y,3,0,2,3,A,-,12,21453,A,N,D,C,A,A,H,-,A,A,0,NA,NA,NA,NA,Y,NA,A,01,0,2,0,0,0,0,0,0,0,-,-,33.702049255371094,-117.91959381103516,ORANGE,COSTA MESA,-117.91964721679688,33.70201873779297
91812219,2022,2022-07-07,9670,2022-06-29,2230,020325,NA,3,3,5,3024,0,1,1,NA,2,040,I-405 N/B,MAGNOLIA ST.,528,N,N,A,-,Y,ORA,NA,405,NA,NA,15.383,H,NA,R,N,3,0,1,3,A,-,03,22350,NA,N,C,C,A,A,D,-,D,D,0,NA,NA,NA,NA,Y,NA,A,08,0,1,0,0,0,0,0,0,0,-,-,33.72195816040039,-117.9739227294922,ORANGE,WESTMINSTER,-117.97402954101563,33.721866607666016
91812699,2022,2022-07-08,9670,2022-07-07,0836,016271,NA,4,1,6,3009,0,1,3,NA,2,021,SR-22 W/B,SPRINGDALE STREET,1700,W,N,A,-,Y,ORA,NA,22,NA,R,1.582,H,NA,L,Y,4,0,1,7,A,-,03,22350,NA,F,C,C,A,A,H,-,A,D,0,NA,NA,NA,NA,Y,NA,A,01,0,0,1,0,0,0,0,0,0,-,-,33.77442169189453,-118.02622222900392,ORANGE,GARDEN GROVE,-118.02622222900392,33.77439880371094
91814210,2022,2022-07-11,9670,2022-07-06,0900,020523,NA,3,1,6,3008,0,1,3,NA,2,093,SR-91 W/B,MAGNOLIA AVE,528,E,N,B,-,Y,ORA,NA,91,NA,NA,0.494,H,NA,L,N,4,0,1,2,C,-,18,NA,NA,N,B,C,A,A,H,-,A,D,0,NA,NA,NA,Y,Y,NA,-,-,0,0,1,0,0,0,0,0,0,-,-,33.856021881103516,-117.97180938720705,ORANGE,FULLERTON,-117.97180938720705,33.856021881103516
91817342,2022,2022-07-14,9675,2022-07-05,0730,020027,NA,2,1,6,3008,0,1,3,NA,2,570,SR-57 SOUTHBOUND,NUTWOOD AVE,1000,N,N,A,-,Y,ORA,NA,57,NA,NA,17.715,H,NA,L,N,4,0,2,3,A,-,03,22350,NA,N,C,C,A,A,H,-,A,D,0,NA,NA,NA,NA,Y,NA,D,22,0,0,2,0,0,0,0,0,0,-,-,33.87995910644531,-117.88063049316406,ORANGE,FULLERTON,-117.88055419921876,33.87995910644531
91818130,2022,2022-07-15,9675,2022-07-06,1615,019779,NA,3,2,6,3026,0,1,1,NA,2,504,I-5 NORTHBOUND FROM BAKE PARKWAY EASTBOUND,BAKE PKWY,75,S,N,A,-,Y,NA,NA,NA,NA,NA,NA,NA,NA,NA,N,2,0,1,2,A,-,10,21950,A,N,G,B,C,A,H,-,A,A,0,Y,NA,NA,NA,Y,NA,D,22,1,0,0,0,1,0,0,0,0,-,-,33.638641357421875,-117.7282485961914,ORANGE,IRVINE,-117.7282485961914,33.638641357421875
91818428,2022,2022-07-15,9675,2022-07-08,0800,016748,NA,5,1,5,3016,0,1,3,NA,2,571,SR-57 SOUTHBOUND,ORANGETHORPE AVE,2000,N,N,B,-,Y,NA,NA,NA,NA,NA,NA,NA,NA,NA,N,4,0,1,2,A,-,03,22350,NA,F,C,C,A,A,H,-,A,D,0,NA,NA,NA,NA,Y,NA,-,99,0,0,1,0,0,0,0,0,0,-,-,33.52006149291992,-117.5244369506836,ORANGE,PLACENTIA,-117.87741088867188,33.8614387512207
91821319,2022,2022-07-20,9690,2022-07-09,2113,019925,NA,6,2,5,3017,0,1,1,NA,2,059,I-5 S/B (SAN DIEGO FREEWAY),AVENIDA VISTA HERMOSA,90,N,N,A,-,Y,ORA,NA,5,NA,NA,4.114,H,NA,L,N,4,0,1,2,A,-,03,22350,NA,N,D,C,A,A,H,-,C,D,0,NA,NA,NA,NA,Y,NA,A,01,0,0,1,0,0,0,0,0,0,-,-,33.445369720458984,-117.6318130493164,ORANGE,SAN CLEMENTE,-117.63175964355467,33.4454231262207
91821479,2022,2022-07-20,9690,2022-07-18,0025,020375,NA,1,3,4,3018,0,1,1,NA,2,057,I-5 S/B (SAN DIEGO FRWY),CAMINO LAS RAMBLAS,150,N,N,A,-,Y,ORA,NA,5,NA,NA,6.815,H,NA,L,N,3,0,1,1,A,-,08,22107,NA,N,E,I,A,A,H,-,C,D,0,NA,NA,NA,NA,Y,Y,A,01,0,1,0,0,0,0,0,0,0,-,-,33.46696853637695,-117.67066192626952,ORANGE,SAN JUAN CAPISTRANO,-117.67051696777344,33.46720504760742
9182281,2020,2020-11-20,3001,2020-09-12,1526,A1466,D4,6,5,7,3001,0,0,0,NA,0,0D4,NOHL RANCH RD,HILLCREST ST,59,W,N,A,-,N,NA,NA,NA,NA,NA,NA,NA,NA,NA,N,3,0,1,1,C,-,18,NA,NA,N,F,A,A,A,G,-,A,D,0,NA,NA,Y,NA,Y,NA,-,-,0,1,0,0,0,0,0,0,1,-,-,33.84238052368164,-117.7797393798828,ORANGE,ANAHEIM,-117.78032684326172,33.84529113769531
91825966,2022,2022-07-27,9670,2022-07-27,0025,020618,NA,3,3,6,3008,0,1,3,NA,2,091,SR-91 W/B,HARBOR BOULEVARD,2025,W,N,A,-,Y,ORA,NA,91,NA,NA,2.859,H,NA,L,Y,4,0,1,2,A,-,03,22350,NA,N,C,C,A,A,H,-,C,D,0,NA,NA,NA,NA,Y,NA,A,01,0,0,1,0,0,0,0,0,0,-,-,33.85422134399414,-117.9311065673828,ORANGE,FULLERTON,-117.9311065673828,33.85424041748047
91826096,2022,2022-07-27,9675,2022-07-19,1740,021694,NA,2,2,7,3001,0,1,3,NA,2,095,SR-91 EASTBOUND,SR-241,5500,W,N,A,-,Y,ORA,NA,91,NA,R,15.007,H,NA,R,N,4,0,1,2,A,-,07,21658,A,N,B,C,A,A,H,-,A,D,0,NA,NA,NA,Y,Y,NA,G,27,0,0,1,0,0,0,0,0,0,-,-,33.87030029296875,-117.73489379882813,ORANGE,ANAHEIM,-117.73486328125,33.87036895751953
9182625,2020,2020-11-23,3001,2020-07-13,1912,A2187,NA,1,5,7,3001,0,0,0,NA,0,0D2,LINCOLN AV,SUNKIST ST,119,W,N,A,-,N,NA,NA,NA,NA,NA,NA,NA,NA,NA,NA,4,0,1,2,A,-,03,22350,NA,M,C,C,A,A,H,-,A,A,0,NA,NA,NA,NA,Y,NA,A,01,0,0,1,0,0,0,0,0,0,-,-,33.836891174316406,-117.88025665283205,ORANGE,ANAHEIM,-117.88087463378906,33.83861541748047
91829532,2022,2022-08-01,9675,2022-07-20,2055,022046,NA,3,2,7,3001,0,1,3,NA,2,093,SR-91 WESTBOUND,SR-55 NORTHBOUND,2112,E,N,A,-,Y,ORA,NA,91,NA,R,9.373,H,NA,R,N,4,0,1,2,A,-,07,21658,A,N,B,C,A,A,H,-,C,D,0,NA,NA,NA,NA,Y,NA,A,01,0,0,1,0,0,0,0,0,0,-,-,33.84471130371094,-117.8240966796875,ORANGE,ANAHEIM,-117.82416534423828,33.84482192993164