CASE_ID,ACCIDENT_YEAR,PROC_DATE,JURIS,COLLISION_DATE,COLLISION_TIME,OFFICER_ID,REPORTING_DISTRICT,DAY_OF_WEEK,CHP_SHIFT,POPULATION,CNTY_CITY_LOC,SPECIAL_COND,BEAT_TYPE,CHP_BEAT_TYPE,CITY_DIVISION_LAPD,CHP_BEAT_CLASS,BEAT_NUMBER,PRIMARY_RD,SECONDARY_RD,DISTANCE,DIRECTION,INTERSECTION,WEATHER_1,WEATHER_2,STATE_HWY_IND,CALTRANS_COUNTY,CALTRANS_DISTRICT,STATE_ROUTE,ROUTE_SUFFIX,POSTMILE_PREFIX,POSTMILE,LOCATION_TYPE,RAMP_INTERSECTION,SIDE_OF_HWY,TOW_AWAY,COLLISION_SEVERITY,NUMBER_KILLED,NUMBER_INJURED,PARTY_COUNT,PRIMARY_COLL_FACTOR,PCF_CODE_OF_VIOL,PCF_VIOL_CATEGORY,PCF_VIOLATION,PCF_VIOL_SUBSECTION,HIT_AND_RUN,TYPE_OF_COLLISION,MVIW,PED_ACTION,ROAD_SURFACE,ROAD_COND_1,ROAD_COND_2,LIGHTING,CONTROL_DEVICE,CHP_ROAD_TYPE,PEDESTRIAN_ACCIDENT,BICYCLE_ACCIDENT,MOTORCYCLE_ACCIDENT,TRUCK_ACCIDENT,NOT_PRIVATE_PROPERTY,ALCOHOL_INVOLVED,STWD_VEHTYPE_AT_FAULT,CHP_VEHTYPE_AT_FAULT,COUNT_SEVERE_INJ,COUNT_VISIBLE_INJ,COUNT_COMPLAINT_PAIN,COUNT_PED_KILLED,COUNT_PED_INJURED,COUNT_BICYCLIST_KILLED,COUNT_BICYCLIST_INJURED,COUNT_MC_KILLED,COUNT_MC_INJURED,PRIMARY_RAMP,SECONDARY_RAMP,LATITUDE,LONGITUDE,COUNTY,CITY,POINT_X,POINT_Y
92321502,2024,2024-02-23,9670,2024-02-20,2340,021900,NA,2,3,5,3003,0,1,3,NA,2,092,SR-91 E/B,VALLEY VIEW ST. O/C,100,E,N,B,C,Y,ORA,NA,91,NA,R,0.869,H,NA,R,Y,4,0,1,1,A,-,03,22350,NA,N,E,I,A,B,H,-,C,D,0,NA,NA,NA,NA,Y,NA,A,07,0,0,1,0,0,0,0,0,0,-,-,33.856590270996094,-118.02825927734376,ORANGE,BUENA PARK,-118.02828979492188,33.85652160644531
92325514,2024,2024-02-28,9690,2024-02-20,1739,019925,NA,2,2,4,3011,0,1,3,NA,2,073,SR-73 S/B TO SR-133,SR-133,108,N,N,B,C,Y,NA,NA,NA,NA,NA,NA,NA,NA,NA,Y,4,0,2,2,A,-,03,22350,NA,N,C,C,A,B,H,-,B,A,0,NA,NA,NA,NA,Y,NA,A,01,0,0,2,0,0,0,0,0,0,-,-,33.59115982055664,-117.76004028320313,ORANGE,LAGUNA BEACH,-117.76004028320313,33.59115982055664
92325530,2024,2024-02-28,9690,2024-02-21,435,023571,NA,3,3,5,3028,0,1,1,NA,2,055,I-5 N/B (SAN DIEGO FRWY),ALICIA PKWY,50,N,N,C,-,Y,ORA,NA,5,NA,NA,17.498,H,NA,R,Y,3,0,1,1,A,-,08,22107,NA,N,E,I,A,B,H,-,D,D,0,NA,NA,NA,NA,Y,NA,A,07,0,1,0,0,0,0,0,0,0,-,-,33.604801177978516,-117.69085693359376,ORANGE,MISSION VIEJO,-117.69077301025392,33.60488510131836
92327424,2024,2024-03-01,9670,2024-02-24,1530,022455,NA,6,2,5,3024,0,1,1,NA,2,042,I-405,WESTMINSTER BLVD,500,N,N,A,-,Y,ORA,NA,405,NA,NA,19.251,H,NA,R,N,4,0,2,3,A,-,03,22350,NA,N,C,C,A,A,H,-,A,D,0,NA,NA,NA,NA,Y,NA,A,01,0,0,2,0,0,0,0,0,0,-,-,33.76005935668945,-118.02304840087892,ORANGE,WESTMINSTER,-118.02304077148438,33.76007080078125
92328890,2024,2024-03-04,9675,2024-03-03,600,022159,NA,7,1,7,3001,0,1,3,NA,2,093,SR-91 W/B (RIVERSIDE FREEWAY),RIVERDALE AVE.,950,E,N,C,-,Y,ORA,NA,91,NA,R,9.011,H,NA,L,Y,3,0,1,1,A,-,03,22350,NA,N,E,8,A,B,H,-,A,D,0,NA,NA,NA,NA,Y,NA,A,01,0,1,0,0,0,0,0,0,0,-,-,33.84563064575195,-117.82974243164063,ORANGE,ANAHEIM,-117.8298110961914,33.84556579589844
92329028,2024,2024-03-04,9675,2024-02-24,430,023523,NA,6,3,6,3015,0,1,1,NA,2,502,I-5 NORTHBOUND,SR-57 NORTHBOUND,2957,S,N,A,-,Y,ORA,NA,5,NA,NA,33.887,H,NA,R,Y,4,0,1,1,A,-,08,22107,NA,N,E,I,A,A,H,-,C,D,0,NA,NA,NA,NA,Y,NA,A,01,0,0,1,0,0,0,0,0,0,-,-,33.77743148803711,-117.87476348876952,ORANGE,ORANGE,-117.87474060058594,33.77743911743164
92331004,2024,2024-03-06,9675,2024-01-28,1200,021633,NA,7,1,7,3001,0,1,3,NA,2,093,SR-91 WESTBOUND,LAKEVIEW AVE,2735,W,N,A,-,Y,ORA,NA,91,NA,R,9.545,H,NA,L,N,4,0,1,2,A,-,08,22107,NA,F,B,C,A,A,H,-,A,D,0,NA,NA,NA,NA,Y,NA,-,99,0,0,1,0,0,0,0,0,0,-,-,33.84619903564453,-117.82154846191406,ORANGE,ANAHEIM,-117.82157135009766,33.84624099731445
92331080,2024,2024-03-06,9675,2024-03-05,826,016923,NA,2,1,7,3001,0,1,3,NA,2,093,SR-91 W/B TO SR-57 N/B,SR-57 NORTHBOUND,200,E,N,A,-,Y,NA,NA,NA,NA,NA,NA,NA,NA,NA,Y,4,0,1,2,A,-,03,22350,NA,N,C,C,A,A,H,-,A,D,0,NA,NA,NA,NA,Y,NA,-,-,0,0,1,0,0,0,0,0,0,-,-,33.84981155395508,-117.87352752685548,ORANGE,ANAHEIM,-117.87352752685548,33.84981155395508
92336592,2024,2024-03-12,9675,2024-03-05,2323,023208,NA,2,3,7,3001,0,1,3,NA,2,571,SR-57 SOUTHBOUND TO SR-91 EASTBOUND,LA PALMA AVE,800,N,N,A,-,Y,NA,NA,NA,NA,NA,NA,NA,NA,NA,N,3,0,2,2,A,-,03,22350,NA,N,F,C,A,A,H,-,C,D,0,NA,NA,NA,NA,Y,NA,A,01,0,1,1,0,0,0,0,0,0,-,-,33.84904098510742,-117.8766632080078,ORANGE,ANAHEIM,-117.8766632080078,33.84904098510742
9233700,2021,2021-04-12,3026,2021-02-20,0817,8929,PORTO,6,5,6,3026,0,0,0,NA,0,NA,PARKWOOD,IRVINE BL,481,N,N,A,-,N,NA,NA,NA,NA,NA,NA,NA,NA,NA,Y,3,0,1,1,A,-,08,22107,NA,N,E,I,A,A,H,-,A,D,0,NA,NA,NA,NA,Y,NA,A,01,0,1,0,0,0,0,0,0,0,-,-,33.70983123779297,-117.76325988769533,ORANGE,IRVINE,-117.75328826904295,33.710845947265625
92339159,2024,2024-03-15,9690,2024-02-12,844,021894,NA,1,1,9,3000,0,1,3,NA,1,013,SR-133 N/B,LAKE FOREST DR.,5280,S,N,A,-,Y,ORA,NA,133,NA,R,6.473,H,NA,R,N,2,0,5,1,A,-,08,22107,NA,M,E,I,A,A,H,-,A,D,0,NA,NA,NA,NA,Y,NA,A,01,3,2,0,0,0,0,0,0,0,-,-,33.624881744384766,-117.75653076171876,ORANGE,UNINCORPORATED,-117.7566146850586,33.624847412109375
9234047,2019,2021-05-03,3008,2019-10-30,1901,1531,ZONE2,3,5,6,3008,0,0,0,NA,0,NA,E VALLEY VIEW DR,EUGENE DR,365,E,N,A,-,N,NA,NA,NA,NA,NA,NA,NA,NA,NA,Y,4,0,1,2,A,-,09,21804,A,N,D,C,A,A,H,-,C,D,0,NA,NA,NA,NA,Y,NA,A,08,0,0,1,0,0,0,0,0,0,-,-,NA,NA,ORANGE,FULLERTON,-117.92253112792967,33.88121032714844
92341149,2024,2024-03-18,9675,2024-03-08,1430,022922,NA,5,2,6,3015,0,1,1,NA,2,502,I-5 SOUTHBOUND TO THE CITY DRIVE,THE CITY DRIVE,0,NA,Y,A,-,Y,NA,NA,NA,NA,NA,NA,NA,NA,NA,N,4,0,1,2,A,-,11,21453,D,N,B,C,A,A,H,-,A,A,0,NA,NA,NA,NA,Y,NA,M,94,0,0,1,0,0,0,0,0,0,-,-,33.79100036621094,-117.8906707763672,ORANGE,ORANGE,-117.89006042480467,33.79142761230469
92342280,2024,2024-03-19,9670,2024-03-17,1941,022761,NA,7,2,7,3001,0,1,3,NA,2,093,SR-91 WESTBOUND,EUCLID ST,2000,W,N,A,-,Y,ORA,NA,91,NA,NA,2.856,H,NA,L,N,3,0,1,3,A,-,03,22350,NA,F,C,C,A,A,H,-,D,A,0,NA,NA,NA,NA,Y,NA,-,99,0,1,0,0,0,0,0,0,0,-,-,33.85430145263672,-117.93115997314452,ORANGE,ANAHEIM,-117.93115997314452,33.854244232177734
92343658,2024,2024-03-21,9675,2024-03-20,2020,022052,NA,3,2,7,3001,0,1,3,NA,2,094,SR-91 WESTBOUND,IMPERIAL HWY,3220,W,N,A,-,Y,ORA,NA,91,NA,R,10.957,H,NA,L,Y,4,0,1,2,A,-,08,22107,NA,N,B,C,A,A,H,-,D,D,0,NA,NA,NA,NA,Y,NA,A,01,0,0,1,0,0,0,0,0,0,-,-,33.85451889038086,-117.80130767822266,ORANGE,ANAHEIM,-117.80130767822266,33.854549407958984
92348506,2024,2024-03-27,9675,2024-03-21,1710,023128,NA,4,2,6,3015,0,1,3,NA,2,222,SR-22 EASTBOUND,GRAND AVE,570,E,N,A,-,Y,ORA,NA,22,NA,R,11.957,H,NA,R,N,3,0,2,2,A,-,03,22350,NA,N,E,8,A,A,H,-,A,D,0,NA,NA,NA,NA,Y,NA,A,07,0,1,1,0,0,0,0,0,0,-,-,33.77526092529297,-117.85124969482422,ORANGE,ORANGE,-117.85126495361328,33.77518081665039
92350516,2024,2024-03-29,9675,2024-03-27,1703,021274,NA,3,2,6,3015,0,1,3,NA,2,572,STATE ROUTE 57 S/B,ORANGEWOOD AVE,1000,S,N,A,-,Y,ORA,NA,57,NA,NA,11.96,H,NA,L,N,3,0,1,2,A,-,08,22107,NA,N,C,C,A,A,H,-,A,D,0,NA,NA,Y,NA,Y,NA,C,02,0,1,0,0,0,0,0,0,1,-,-,33.79774856567383,-117.8776626586914,ORANGE,ORANGE,-117.87771606445313,33.79774856567383
92353220,2024,2024-07-18,9670,2024-03-28,1430,019304,NA,4,2,9,3000,0,3,5,NA,2,005,HARBOR BLVD,EDINGER AVE,0,NA,Y,A,-,N,NA,NA,NA,NA,NA,NA,NA,NA,NA,Y,4,0,2,3,A,-,12,21453,A,N,D,C,A,A,H,-,A,A,0,NA,NA,NA,NA,Y,NA,A,01,0,0,2,0,0,0,0,0,0,-,-,33.72734069824219,-117.91999816894533,ORANGE,UNINCORPORATED,-117.91986846923828,33.72739028930664
92357471,2024,2024-04-05,9675,2024-03-29,1357,023521,NA,5,1,7,3001,0,1,3,NA,2,095,SR-91 EASTBOUND,GYPSUM CANYON ROAD,384,W,N,A,-,Y,ORA,NA,91,NA,R,16.332,H,NA,R,N,3,0,1,2,A,-,03,22350,NA,N,C,C,A,A,H,-,A,D,0,NA,NA,Y,NA,Y,NA,C,02,0,1,0,0,0,0,0,0,1,-,-,33.86640930175781,-117.712890625,ORANGE,ANAHEIM,-117.712890625,33.86641311645508
92358508,2024,2024-04-08,9675,2024-01-19,1225,020851,NA,5,1,6,3026,0,1,1,NA,2,406,I-405 NORTHBOUND,JAMBOREE ROAD,985,N,N,B,-,Y,ORA,NA,405,NA,NA,7.117,H,NA,R,Y,4,0,1,3,A,-,07,21658,A,F,B,C,A,A,H,-,A,D,0,NA,NA,Y,NA,Y,NA,A,01,0,0,1,0,0,0,0,0,1,-,-,33.678321838378906,-117.84651184082033,ORANGE,IRVINE,-117.84654998779295,33.678260803222656
92358626,2024,2024-04-08,9675,2024-04-06,1255,021633,NA,6,1,7,3001,0,1,3,NA,2,093,SR-91 WESTBOUND,STATE COLLEGE BLVD,850,E,N,A,-,Y,ORA,NA,91,NA,NA,5.443,H,NA,L,Y,4,0,1,2,A,-,03,22350,NA,N,C,C,A,A,H,-,A,D,0,NA,NA,NA,NA,Y,NA,D,22,0,0,1,0,0,0,0,0,0,-,-,33.85422897338867,-117.88633728027344,ORANGE,ANAHEIM,-117.88636016845705,33.85414123535156
92364912,2024,2024-04-16,9675,2024-04-06,1830,023128,NA,6,2,7,3001,0,1,3,NA,2,094,SR-91 EASTBOUND,YORBA LINDA BLVD,4200,W,N,A,-,Y,ORA,NA,91,NA,R,13.614,H,NA,R,N,4,0,2,2,A,-,08,22107,NA,N,B,C,A,A,H,-,A,D,0,NA,NA,NA,NA,Y,NA,A,07,0,0,2,0,0,0,0,0,0,-,-,33.86865997314453,-117.75859832763672,ORANGE,ANAHEIM,-117.75858306884766,33.86860656738281
92365822,2024,2024-04-16,9690,2024-04-06,2350,022377,NA,6,3,9,3000,0,2,4,NA,2,037,LIVE OAK CANYON ROAD,MONASTERY ROAD,450,S,N,A,-,N,NA,NA,NA,NA,NA,NA,NA,NA,NA,Y,4,0,1,1,A,-,08,22107,NA,N,E,8,A,A,H,-,D,D,0,NA,NA,NA,NA,Y,NA,A,01,0,0,1,0,0,0,0,0,0,-,-,33.66939926147461,-117.6019287109375,ORANGE,UNINCORPORATED,NA,NA
92367460,2024,2024-04-18,9690,2024-04-11,842,016610,NA,4,1,5,3017,0,1,1,NA,2,059,I-5 S/B TO AVENIDA PICO,AVENIDA PICO,120,N,N,A,-,Y,NA,NA,NA,NA,NA,NA,NA,NA,NA,N,3,0,1,2,A,-,03,22350,NA,F,C,C,A,A,H,-,A,A,0,NA,NA,NA,NA,Y,NA,-,99,0,1,0,0,0,0,0,0,0,-,-,33.43891143798828,-117.62339019775392,ORANGE,SAN CLEMENTE,-117.62300872802734,33.43894958496094
92367624,2024,2024-04-18,9690,2024-04-13,1922,022377,NA,6,2,5,3028,0,1,1,NA,2,056,I-5 N/B (SAN DIEGO FRWY),AVERY PARKWAY,100,S,N,C,-,Y,ORA,NA,5,NA,NA,12.861,H,NA,R,Y,4,0,1,2,A,-,08,22107,NA,N,B,C,A,B,H,-,D,D,0,NA,NA,NA,NA,Y,NA,D,22,0,0,1,0,0,0,0,0,0,-,-,33.54595184326172,-117.67291259765624,ORANGE,MISSION VIEJO,-117.6729736328125,33.545955657958984
92368311,2024,2024-04-19,9675,2024-04-10,820,023634,NA,3,1,7,3019,0,1,1,NA,2,502,I-5 SOUTHBOUND,BROADWAY,2640,N,N,A,-,Y,ORA,NA,5,NA,NA,33.711,H,NA,L,N,4,0,1,3,A,-,03,22350,NA,N,C,C,A,A,H,-,A,D,0,NA,NA,NA,NA,Y,NA,A,07,0,0,1,0,0,0,0,0,0,-,-,33.7752685546875,-117.8735580444336,ORANGE,SANTA ANA,-117.87348175048828,33.77531814575195
9236946,2021,2021-04-20,3009,2021-03-02,1506,3927,134,2,5,6,3009,0,0,0,NA,0,2-1,ROCKINGHORSE RD,GARDEN GROVE BL,0,NA,Y,A,-,N,NA,NA,NA,NA,NA,NA,NA,NA,NA,Y,3,0,2,2,A,-,09,21801,A,N,D,C,A,A,H,-,A,A,0,NA,NA,NA,NA,Y,NA,A,01,0,2,0,0,0,0,0,0,0,-,-,NA,NA,ORANGE,GARDEN GROVE,-117.9248046875,33.7742805480957
9236947,2021,2021-04-20,3009,2021-03-03,1830,3739,064,3,5,6,3009,0,0,0,NA,0,1-1,DALE ST,STANFORD AV,46,N,N,A,-,N,NA,NA,NA,NA,NA,NA,NA,NA,NA,Y,4,0,1,2,A,-,03,22350,NA,N,C,C,A,A,H,-,C,A,0,NA,NA,NA,NA,Y,NA,A,07,0,0,1,0,0,0,0,0,0,-,-,NA,NA,ORANGE,GARDEN GROVE,-117.98405456542967,33.77761459350586
92372987,2024,2024-04-23,9675,2024-04-15,1745,023337,NA,1,2,7,3001,0,1,3,NA,2,094,SR-91 EASTBOUND,WEIR CANYON ROAD,2218,E,N,A,-,Y,ORA,NA,91,NA,R,14.96,H,NA,R,N,3,0,1,2,A,-,03,22350,NA,N,C,C,A,A,H,-,A,D,0,NA,NA,NA,NA,Y,NA,A,07,0,1,0,0,0,0,0,0,0,-,-,33.87055969238281,-117.73564910888672,ORANGE,ANAHEIM,-117.73565673828124,33.87051773071289
92374859,2024,2024-04-25,9675,2024-03-30,515,023521,NA,6,3,7,3001,0,1,3,NA,2,240,SR-241 NORTHBOUND,WINDY RIDGE TOLL PLAZA,2006,S,N,C,-,Y,ORA,NA,241,NA,NA,35.696,H,NA,R,Y,3,0,2,1,A,-,03,22350,NA,N,F,0,A,B,H,-,C,D,0,NA,NA,NA,NA,Y,NA,A,07,0,2,0,0,0,0,0,0,0,-,-,33.81880187988281,-117.71730041503906,ORANGE,ANAHEIM,-117.71737670898438,33.818817138671875
9237572,2020,2021-03-15,3008,2020-12-30,2209,1337,ZONE2,3,5,6,3008,0,0,0,NA,0,NA,GILBERT ST,HUGHES DR,155,N,N,A,-,N,NA,NA,NA,NA,NA,NA,NA,NA,NA,Y,4,0,2,2,A,-,01,23152,F,N,A,C,A,A,H,-,C,A,0,NA,NA,NA,NA,Y,NA,A,01,0,0,2,0,0,0,0,0,0,-,-,NA,NA,ORANGE,FULLERTON,-117.96568298339844,33.883384704589844
92377045,2024,2024-06-11,9675,2024-04-27,1425,021691,NA,6,2,6,3004,0,1,1,NA,2,405,I-405 NORTHBOUND,FAIRVIEW RD,400,N,N,A,-,Y,ORA,NA,405,NA,NA,10.873,H,NA,R,Y,4,0,3,3,A,-,03,22350,NA,N,C,C,A,A,H,-,A,D,0,NA,NA,NA,NA,Y,NA,-,-,0,0,3,0,0,0,0,0,0,-,-,33.68798065185547,-117.90928649902344,ORANGE,COSTA MESA,-117.90928649902344,33.68807601928711
92379206,2024,2024-05-01,9675,2024-04-03,2018,021914,NA,3,2,6,3026,0,1,1,NA,2,504,I-5 NORTHBOUND,TECHNOLOGY DRIVE,100,S,N,A,-,Y,ORA,NA,5,NA,R,23.574,H,NA,R,N,4,0,1,2,A,-,03,22350,NA,F,C,C,A,A,H,-,D,D,0,NA,NA,NA,NA,Y,NA,A,01,0,0,1,0,0,0,0,0,0,-,-,33.672428131103516,-117.75550842285156,ORANGE,IRVINE,-117.75548553466795,33.67243576049805
92380833,2024,2024-05-03,9675,2024-04-23,158,023136,NA,2,3,7,3019,0,1,3,NA,2,552,SR-55 SOUTHBOUND,WARNER AVE,110,N,N,A,-,Y,ORA,NA,55,NA,R,8.539,H,NA,L,Y,3,0,1,1,A,-,01,23152,A,M,E,I,A,A,H,-,C,D,0,NA,NA,NA,NA,Y,Y,A,01,0,1,0,0,0,0,0,0,0,-,-,33.71595001220703,-117.84446716308594,ORANGE,SANTA ANA,-117.84457397460938,33.71602249145508
92383163,2024,2024-05-07,9675,2024-04-26,838,021834,NA,5,1,6,3004,0,1,1,NA,2,405,I-405 SOUTHBOUND,HARBOR BOULEVARD,1000,N,N,B,-,Y,ORA,NA,405,NA,NA,11.658,H,NA,L,N,3,0,1,1,A,-,08,22107,NA,N,E,I,A,A,H,-,A,D,0,NA,NA,NA,NA,Y,NA,A,07,0,1,0,0,0,0,0,0,0,-,-,33.690101623535156,-117.92244720458984,ORANGE,COSTA MESA,-117.92237854003906,33.69021224975586
9238518,2021,2021-04-02,3026,2021-02-15,1321,308,CROSS,1,5,6,3026,0,0,0,NA,0,006,ALTON PKWY,LAGUNA CANYON RD,0,NA,Y,B,-,N,NA,NA,NA,NA,NA,NA,NA,NA,NA,Y,3,0,1,2,A,-,09,21453,C,N,A,G,A,A,H,-,A,A,0,NA,Y,NA,NA,Y,NA,L,04,0,1,0,0,0,0,1,0,0,-,-,33.65681838989258,-117.76847839355467,ORANGE,IRVINE,-117.76856231689452,33.656734466552734
92386499,2024,2024-05-10,9670,2024-05-06,220,022519,NA,1,3,5,3003,0,1,1,NA,2,050,I-5 N/B,BEACH BLVD,100,N,N,A,-,Y,ORA,NA,5,NA,NA,43.47,H,NA,R,Y,3,0,1,1,A,-,08,22107,NA,N,E,I,A,A,H,-,C,D,0,NA,NA,NA,NA,Y,NA,A,01,0,1,0,0,0,0,0,0,0,-,-,33.866939544677734,-117.99871063232422,ORANGE,BUENA PARK,-117.99876403808594,33.86687469482422
92386695,2024,2024-05-10,9675,2024-05-09,1440,020131,NA,4,2,7,3001,0,1,3,NA,2,095,SR-91 EASTBOUND,YORBA LINDA BLVD.,100,E,N,A,-,Y,ORA,NA,91,NA,R,14.511,H,NA,R,N,4,0,1,2,A,-,03,22350,NA,N,C,D,A,A,H,-,A,D,0,NA,NA,NA,NA,Y,NA,D,22,0,0,1,0,0,0,0,0,0,-,-,33.87044906616211,-117.74342346191406,ORANGE,ANAHEIM,-117.74341583251952,33.87042999267578
92389243,2024,2024-05-14,9690,2024-05-02,2230,022518,NA,4,3,4,3029,0,1,1,NA,2,057,I-5 N/B (SAN DIEGO FRWY),CAMINO LAS RAMBLAS,634,S,N,A,-,Y,ORA,NA,5,NA,NA,6.644,H,NA,R,N,4,0,1,2,A,-,08,22107,NA,M,B,C,A,A,H,-,C,D,0,NA,NA,NA,NA,Y,NA,-,99,0,0,1,0,0,0,0,0,0,-,-,33.46604919433594,-117.66780853271484,ORANGE,DANA POINT,-117.66782379150392,33.466033935546875
92389923,2024,2024-08-14,9675,2024-01-28,43,021874,NA,7,3,6,3026,0,1,1,NA,2,407,INTERSTATE 405 NORTHBOUND,SAND CANYON AVENUE,2020,N,N,A,-,Y,ORA,NA,405,NA,NA,3.266,H,NA,R,Y,1,1,0,1,A,-,08,22107,NA,N,E,8,A,A,H,-,D,D,0,NA,NA,NA,NA,Y,NA,A,01,0,0,0,0,0,0,0,0,0,-,-,33.66115188598633,-117.78336334228516,ORANGE,IRVINE,-117.783447265625,33.661006927490234
92391361,2024,2024-05-16,9675,2024-05-09,1720,022521,NA,4,2,6,3015,0,1,3,NA,2,222,SR-22 WESTBOUND,GLASSELL ST,1056,W,N,A,-,Y,ORA,NA,22,NA,R,11.644,H,NA,L,Y,4,0,1,2,A,-,03,22350,NA,N,C,C,A,A,H,-,A,D,0,NA,NA,NA,NA,Y,NA,A,01,0,0,1,0,0,0,0,0,0,-,-,33.77703857421875,-117.85629272460938,ORANGE,ORANGE,-117.85633087158205,33.7769775390625
92391815,2024,2024-05-16,9675,2024-05-08,1705,023634,NA,3,2,6,3026,0,1,3,NA,2,074,SR-73 NORTHBOUND FROM MACARTHUR BOULEVARD,MACARTHUR BOULEVARD,130,S,N,A,-,Y,NA,NA,NA,NA,NA,NA,NA,NA,NA,Y,3,0,3,3,A,-,03,22350,NA,N,C,C,A,A,H,-,A,D,0,NA,NA,NA,NA,Y,NA,A,07,0,1,2,0,0,0,0,0,0,-,-,33.64297103881836,-117.85894775390624,ORANGE,IRVINE,-117.85942840576172,33.642269134521484
92392878,2024,2024-05-17,9670,2024-05-16,1420,022493,NA,4,2,6,3008,0,1,3,NA,2,093,SR-91 W/B (RIVERSIDE FREEWAY) TO EUCLID ST,EUCLID ST.,50,E,N,B,-,Y,NA,NA,NA,NA,NA,NA,NA,NA,NA,N,4,0,1,2,A,-,03,22350,NA,M,C,C,A,A,H,-,A,D,0,NA,NA,NA,NA,Y,NA,-,99,0,0,1,0,0,0,0,0,0,-,-,33.854740142822266,-117.94148254394533,ORANGE,FULLERTON,-117.94185638427734,33.85424041748047
92395865,2024,2024-05-22,9670,2024-05-17,2245,022046,NA,5,3,4,3020,0,1,1,NA,2,043,I-405 S/B,BOLSA CHICA RD,2640,N,N,B,-,Y,NA,NA,NA,NA,NA,NA,NA,NA,NA,Y,4,0,1,2,A,-,08,22107,NA,N,D,C,A,A,H,-,C,D,0,NA,NA,NA,NA,Y,NA,A,07,0,0,1,0,0,0,0,0,0,-,-,33.774200439453125,-118.04683685302734,ORANGE,SEAL BEACH,-118.04762268066406,33.774200439453125
92396567,2024,2024-05-23,9675,2024-05-14,920,017773,NA,2,1,6,3004,0,1,3,NA,2,553,SR-55 S/B,PAULARINO AVE,1000,N,N,B,-,Y,ORA,NA,55,NA,R,5.804,H,NA,L,Y,4,0,1,2,A,-,03,22350,NA,N,C,C,A,A,H,-,A,D,0,NA,NA,NA,NA,Y,NA,A,01,0,0,1,0,0,0,0,0,0,-,-,33.68526077270508,-117.87436676025392,ORANGE,COSTA MESA,-117.8743896484375,33.685272216796875
92403540,2024,2024-06-03,9675,2024-05-23,642,019599,NA,4,1,7,3001,0,1,3,NA,2,240,SR-241 NORTHBOUND,SR-91 EASTBOUND,7392,S,N,B,-,Y,ORA,NA,241,NA,NA,37.687,H,NA,R,Y,4,0,1,1,A,-,08,22107,NA,N,E,I,A,A,H,-,A,D,0,NA,NA,NA,NA,Y,NA,-,-,0,0,1,0,0,0,0,0,0,-,-,33.84764862060547,-117.71694946289063,ORANGE,ANAHEIM,-117.71678924560548,33.847652435302734
9240800,2021,2021-03-30,3008,2021-02-04,0113,1337,ZONE1,4,5,6,3008,0,0,0,NA,0,NA,BAKER AVE,EADINGTON AVE,243,E,N,A,-,N,NA,NA,NA,NA,NA,NA,NA,NA,NA,Y,3,0,1,2,A,-,01,23152,A,N,C,E,A,A,H,-,C,D,0,NA,NA,NA,NA,Y,Y,A,01,0,1,0,0,0,0,0,0,0,-,-,NA,NA,ORANGE,FULLERTON,-117.95240783691406,33.856842041015625
92410258,2024,2024-06-10,9675,2024-06-03,1410,021305,NA,1,2,7,3019,0,1,3,NA,2,551,SR-55 SOUTHBOUND FROM 17TH STREET,17TH STREET,686,S,N,A,-,Y,ORA,NA,55,NA,NA,10.838,H,NA,L,N,4,0,1,1,A,-,08,22107,NA,N,E,I,A,A,H,-,A,D,0,NA,NA,NA,NA,Y,NA,A,01,0,0,1,0,0,0,0,0,0,-,-,33.74631118774414,-117.833251953125,ORANGE,SANTA ANA,-117.83301544189452,33.74625778198242
92412114,2024,2024-06-12,9670,2024-06-08,2140,022343,NA,6,2,7,3001,0,1,1,NA,2,502,I-5 N/B,BROOKHURST ST,2530,S,N,A,-,Y,ORA,NA,5,NA,NA,40.219,H,NA,R,N,4,0,1,2,A,-,07,21658,A,N,C,C,A,A,H,-,C,D,0,NA,NA,NA,NA,Y,NA,A,01,0,0,1,0,0,0,0,0,0,-,-,33.84156036376953,-117.95191955566406,ORANGE,ANAHEIM,-117.95191955566406,33.84156036376953