CASE_ID,ACCIDENT_YEAR,PROC_DATE,JURIS,COLLISION_DATE,COLLISION_TIME,OFFICER_ID,REPORTING_DISTRICT,DAY_OF_WEEK,CHP_SHIFT,POPULATION,CNTY_CITY_LOC,SPECIAL_COND,BEAT_TYPE,CHP_BEAT_TYPE,CITY_DIVISION_LAPD,CHP_BEAT_CLASS,BEAT_NUMBER,PRIMARY_RD,SECONDARY_RD,DISTANCE,DIRECTION,INTERSECTION,WEATHER_1,WEATHER_2,STATE_HWY_IND,CALTRANS_COUNTY,CALTRANS_DISTRICT,STATE_ROUTE,ROUTE_SUFFIX,POSTMILE_PREFIX,POSTMILE,LOCATION_TYPE,RAMP_INTERSECTION,SIDE_OF_HWY,TOW_AWAY,COLLISION_SEVERITY,NUMBER_KILLED,NUMBER_INJURED,PARTY_COUNT,PRIMARY_COLL_FACTOR,PCF_CODE_OF_VIOL,PCF_VIOL_CATEGORY,PCF_VIOLATION,PCF_VIOL_SUBSECTION,HIT_AND_RUN,TYPE_OF_COLLISION,MVIW,PED_ACTION,ROAD_SURFACE,ROAD_COND_1,ROAD_COND_2,LIGHTING,CONTROL_DEVICE,CHP_ROAD_TYPE,PEDESTRIAN_ACCIDENT,BICYCLE_ACCIDENT,MOTORCYCLE_ACCIDENT,TRUCK_ACCIDENT,NOT_PRIVATE_PROPERTY,ALCOHOL_INVOLVED,STWD_VEHTYPE_AT_FAULT,CHP_VEHTYPE_AT_FAULT,COUNT_SEVERE_INJ,COUNT_VISIBLE_INJ,COUNT_COMPLAINT_PAIN,COUNT_PED_KILLED,COUNT_PED_INJURED,COUNT_BICYCLIST_KILLED,COUNT_BICYCLIST_INJURED,COUNT_MC_KILLED,COUNT_MC_INJURED,PRIMARY_RAMP,SECONDARY_RAMP,LATITUDE,LONGITUDE,COUNTY,CITY,POINT_X,POINT_Y
9289475,2021,2021-07-15,3000,2021-05-17,1610,4246,992J5,1,5,5,3017,0,0,0,NA,0,776,AVENIDA ALGODON,SOUTH EL CAMINO REAL,6,W,N,A,-,N,NA,NA,NA,NA,NA,NA,NA,NA,NA,N,4,0,1,2,D,-,00,NA,NA,N,G,B,B,A,H,-,A,A,0,Y,NA,NA,NA,Y,NA,-,-,0,0,1,0,1,0,0,0,0,-,-,NA,NA,ORANGE,SAN CLEMENTE,-117.61016082763672,33.424705505371094
9290674,2021,2021-08-24,3009,2021-07-13,1611,4454,092,2,5,6,3009,0,0,0,NA,0,012,BROOKHURST ST,HUMMINGBIRD LN,0,NA,Y,A,-,N,NA,NA,NA,NA,NA,NA,NA,NA,NA,Y,4,0,2,3,A,-,09,21801,A,N,D,C,A,A,H,-,A,D,0,NA,NA,NA,NA,Y,NA,A,01,0,0,2,0,0,0,0,0,0,-,-,NA,NA,ORANGE,GARDEN GROVE,-117.9587631225586,33.791481018066406
9291104,2021,2021-07-19,3012,2021-06-11,1012,611,41,5,5,5,3012,0,0,0,NA,0,004,LAMBERT RD,EUCLID ST,180,E,N,A,-,N,NA,NA,NA,NA,NA,NA,NA,NA,NA,Y,3,0,2,2,A,-,03,22350,NA,N,C,C,A,A,H,-,A,A,0,NA,NA,NA,NA,Y,NA,A,01,0,1,1,0,0,0,0,0,0,-,-,NA,NA,ORANGE,LA HABRA,-117.94551849365234,33.92461013793945
9291234,2021,2021-07-19,3009,2021-06-09,1243,3427,083,3,5,6,3009,0,0,0,NA,0,1 2,LAMPSON AV,GILBERT ST,0,NA,Y,A,-,N,NA,NA,NA,NA,NA,NA,NA,NA,NA,Y,3,0,1,2,A,-,12,22450,A,M,D,C,A,A,H,-,A,D,0,NA,NA,NA,NA,Y,NA,A,07,0,1,0,0,0,0,0,0,0,-,-,NA,NA,ORANGE,GARDEN GROVE,-117.9673080444336,33.7812385559082
9291712,2021,2021-09-11,3000,2021-07-04,1515,9680,971H6,7,5,4,3029,0,0,0,NA,0,736,LA SERENA DR,SAN MARINO PL,171,N,N,A,-,N,NA,NA,NA,NA,NA,NA,NA,NA,NA,N,3,0,1,2,A,-,05,21202,A,N,A,E,A,A,H,-,A,D,0,NA,Y,NA,NA,Y,NA,L,04,0,1,0,0,0,0,1,0,0,-,-,NA,NA,ORANGE,DANA POINT,-117.7030792236328,33.46720886230469
9291879,2020,2021-07-12,3000,2020-12-14,1718,4246,992J4,1,5,5,3017,0,0,0,NA,0,776,SOUTH OLA VISTA,AVENIDA GRANADA,0,NA,Y,A,-,N,NA,NA,NA,NA,NA,NA,NA,NA,NA,N,4,0,1,2,A,-,09,21801,A,N,H,G,A,A,H,-,C,D,0,NA,Y,NA,NA,Y,NA,A,01,0,0,1,0,0,0,1,0,0,-,-,NA,NA,ORANGE,SAN CLEMENTE,-117.61431121826172,33.42557144165039
9292216,2021,2021-08-30,3003,2021-07-06,1536,1268,NA,2,5,5,3003,0,0,0,NA,0,NA,WESTERN AV,EL CAPITAN WY,0,NA,Y,A,-,N,NA,NA,NA,NA,NA,NA,NA,NA,NA,N,2,0,1,2,A,-,09,21802,NA,N,D,C,A,A,H,-,A,A,0,NA,NA,NA,NA,Y,NA,A,01,1,0,0,0,0,0,0,0,0,-,-,33.85459899902344,-118.00238037109376,ORANGE,BUENA PARK,-118.0024185180664,33.85457992553711
9292434,2021,2021-07-22,3026,2021-07-03,2009,546,NA,6,5,6,3026,0,0,0,NA,0,00P,IRVINE BL,ALTON PKWY,1301,E,N,A,-,N,NA,NA,NA,NA,NA,NA,NA,NA,NA,Y,3,0,2,1,A,-,03,22350,NA,N,E,J,A,A,H,-,B,A,0,NA,NA,NA,NA,Y,NA,A,01,0,2,0,0,0,0,0,0,0,-,-,NA,NA,ORANGE,IRVINE,-117.70577239990234,33.6600341796875
9293429,2021,2021-08-17,3026,2021-07-25,1720,546,NA,7,5,6,3026,0,0,0,NA,0,00P,GREAT PARK BL,GREAT PARK PKLT 4,13,E,N,A,-,N,NA,NA,NA,NA,NA,NA,NA,NA,NA,Y,4,0,1,2,A,-,09,21804,A,N,D,C,A,A,H,-,A,D,0,NA,NA,NA,NA,Y,NA,A,07,0,0,1,0,0,0,0,0,0,-,-,NA,NA,ORANGE,IRVINE,NA,NA
9293948,2021,2021-07-27,3004,2021-05-16,1304,P655,22,7,5,6,3004,0,0,0,NA,0,005,BRISTOL ST,HOTEL WY,0,NA,Y,A,-,N,NA,NA,NA,NA,NA,NA,NA,NA,NA,N,3,0,1,2,A,-,12,21453,A,N,D,C,A,A,H,-,A,A,0,NA,NA,NA,NA,Y,NA,A,01,0,1,0,0,0,0,0,0,0,-,-,33.68413162231445,-117.8855209350586,ORANGE,COSTA MESA,-117.88572692871094,33.6840934753418
9295352,2021,2021-09-01,3004,2021-07-13,1243,P459,33,2,5,6,3004,0,0,0,NA,0,015,SUNFLOWER AV,PLAZA DR,0,NA,Y,A,-,N,NA,NA,NA,NA,NA,NA,NA,NA,NA,Y,3,0,1,2,A,-,12,21453,A,N,D,C,A,A,H,-,A,A,0,NA,NA,NA,NA,Y,NA,-,-,0,1,0,0,0,0,0,0,0,-,-,33.69422149658203,-117.89031219482422,ORANGE,COSTA MESA,-117.88992309570313,33.69429016113281
9297481,2021,2021-08-26,3004,2021-07-03,1645,P695,18,6,5,6,3004,0,0,0,NA,0,011,ADAMS AV,ALBATROSS DR,0,NA,N,A,-,N,NA,NA,NA,NA,NA,NA,NA,NA,NA,Y,3,0,2,2,A,-,12,21453,A,N,D,C,A,A,H,-,A,A,0,NA,NA,NA,NA,Y,NA,A,01,0,2,0,0,0,0,0,0,0,-,-,33.67247009277344,-117.94068908691406,ORANGE,COSTA MESA,-117.94058227539063,33.672481536865234
9298065,2021,2021-08-18,3000,2021-07-19,2320,9704,922B4,1,5,5,3028,0,0,0,NA,0,754,MONTANOSO DR,MORALES,426,S,N,A,-,N,NA,NA,NA,NA,NA,NA,NA,NA,NA,Y,3,0,3,2,A,-,08,22107,NA,N,A,C,A,A,H,-,C,D,0,NA,NA,NA,NA,Y,NA,A,01,0,1,2,0,0,0,0,0,0,-,-,NA,NA,ORANGE,MISSION VIEJO,-117.66356658935548,33.58750915527344
9310444,2021,2021-10-08,3010,2021-08-03,0122,1140,241,2,5,6,3010,0,0,0,NA,0,002,GOLDENWEST,MCFADDEN,0,NA,Y,A,-,N,NA,NA,NA,NA,NA,NA,NA,NA,NA,Y,3,0,2,2,A,-,12,21453,A,N,D,C,A,A,H,-,C,A,0,NA,NA,NA,NA,Y,NA,A,01,0,1,1,0,0,0,0,0,0,-,-,NA,NA,ORANGE,HUNTINGTON BEACH,-118.00691223144533,33.73737335205078
9312079,2021,2021-08-27,3004,2021-08-07,0735,P677,18,6,5,6,3004,0,0,0,NA,0,001,NEWPORT BL,ROCHESTER ST,145,N,N,A,-,Y,ORA,12,5,-,-,1.87,H,-,N,Y,2,0,1,1,A,-,01,23152,F,N,E,I,A,A,H,-,A,D,0,NA,NA,NA,NA,Y,Y,A,01,1,0,0,0,0,0,0,0,0,-,-,33.638999938964844,-117.92060089111328,ORANGE,COSTA MESA,-117.60681915283205,33.421016693115234
9312157,2021,2021-09-03,3000,2021-08-02,1530,1920,797J4,1,5,4,3021,0,0,0,NA,0,721,BEACH BL,CHAPMAN AV,218,S,N,A,-,Y,ORA,12,39,-,-,9.63,H,-,N,Y,4,0,3,3,A,-,07,21658,A,N,B,C,A,A,H,-,A,A,0,NA,NA,NA,NA,Y,NA,A,01,0,0,3,0,0,0,0,0,0,-,-,NA,NA,ORANGE,STANTON,-117.99285888671876,33.787689208984375
9312182,2021,2021-09-03,3000,2021-07-25,2145,7414,971H6,7,5,4,3029,0,0,0,NA,0,3A38,PACIFIC COAST HWY,GOLDEN LANTERN,34,W,N,C,-,N,NA,NA,NA,NA,NA,NA,NA,NA,NA,N,2,0,1,2,A,-,11,21453,D,N,G,B,D,B,H,-,C,D,0,Y,NA,NA,NA,Y,NA,N,60,1,0,0,0,1,0,0,0,0,-,-,NA,NA,ORANGE,DANA POINT,-117.69825744628906,33.46720886230469
9312203,2021,2021-09-07,3004,2021-07-29,1919,P702,88,4,5,6,3004,0,0,0,NA,0,002,NEWPORT BL,MESA DR,0,NA,Y,A,-,N,NA,NA,55,NA,NA,NA,NA,NA,NA,Y,3,0,1,2,A,-,12,21453,A,N,D,C,A,A,H,-,A,A,0,NA,NA,NA,NA,Y,NA,A,01,0,1,0,0,0,0,0,0,0,-,-,33.66569900512695,-117.89430236816406,ORANGE,COSTA MESA,-117.89466857910156,33.666080474853516
9312861,2021,2021-08-31,3009,2021-07-10,0926,4738,152,6,5,6,3009,0,0,0,NA,0,022,CHAPMAN AV,HASTER ST,0,NA,N,A,-,N,NA,NA,NA,NA,NA,NA,NA,NA,NA,N,4,0,1,2,A,-,03,22350,NA,N,C,C,A,A,H,-,A,A,0,NA,NA,NA,NA,Y,NA,A,08,0,0,1,0,0,0,0,0,0,-,-,NA,NA,ORANGE,GARDEN GROVE,-117.9062042236328,33.78882598876953
9314067,2021,2021-09-16,3009,2021-08-24,0755,3965,082,2,5,6,3009,0,0,0,NA,0,012,MAGNOLIA ST,CHAPMAN AV,37,N,N,A,-,N,NA,NA,NA,NA,NA,NA,NA,NA,NA,Y,4,0,2,2,A,-,09,21804,A,N,D,C,A,A,H,-,A,A,0,NA,NA,NA,NA,Y,NA,A,01,0,0,2,0,0,0,0,0,0,-,-,NA,NA,ORANGE,GARDEN GROVE,-117.97539520263672,33.788570404052734
9314214,2021,2021-10-13,3000,2021-08-03,2002,5163,971G3,2,5,5,3040,0,0,0,NA,0,743,NIGUEL RD,CAMINO DEL AVION,224,N,N,A,-,N,NA,NA,NA,NA,NA,NA,NA,NA,NA,Y,4,0,1,2,D,-,00,NA,NA,N,C,C,A,A,H,-,C,D,0,NA,NA,NA,NA,Y,NA,-,-,0,0,1,0,0,0,0,0,0,-,-,NA,NA,ORANGE,LAGUNA NIGUEL,-117.71088409423828,33.490291595458984
9314464,2021,2021-09-02,3000,2021-07-01,0015,5377,951H3,4,5,5,3040,0,0,0,NA,0,743,CASTLE HILL,CROWN ROYALE,14,N,N,B,-,N,NA,NA,NA,NA,NA,NA,NA,NA,NA,Y,4,0,1,1,A,-,01,23152,A,N,E,I,A,A,H,-,C,D,0,NA,NA,NA,NA,Y,Y,A,07,0,0,1,0,0,0,0,0,0,-,-,NA,NA,ORANGE,LAGUNA NIGUEL,-117.69779205322266,33.538780212402344
93156506,2024,2024-08-01,9675,2024-07-23,1803,023136,NA,2,2,9,3000,0,2,4,NA,2,035,SILVERADO CANYON RD,BLACK STAR CANYON RD,390,E,N,A,-,N,NA,NA,NA,NA,NA,NA,NA,NA,NA,Y,3,0,1,1,A,-,03,22350,NA,N,F,I,A,A,H,-,A,D,0,NA,NA,NA,NA,Y,NA,A,01,0,1,0,0,0,0,0,0,0,-,-,33.74900817871094,-117.67063903808594,ORANGE,UNINCORPORATED,-117.67069244384766,33.74901580810547
9316085,2021,2021-09-18,3012,2021-08-05,1404,611,33,4,5,5,3012,0,0,0,NA,0,003,LA HABRA BL,MARIAN ST,43,E,N,A,-,N,NA,NA,NA,NA,NA,NA,NA,NA,NA,N,3,0,3,2,A,-,03,22350,NA,N,C,C,A,A,H,-,A,A,0,NA,NA,NA,NA,Y,NA,A,01,0,1,2,0,0,0,0,0,0,-,-,NA,NA,ORANGE,LA HABRA,-117.95730590820313,33.93185043334961
9316338,2021,2021-09-22,3005,2021-08-19,0922,8236,C28,4,5,4,3005,0,0,0,NA,0,003,VALLEY VIEW ST,CERRITOS AV,0,NA,Y,A,-,N,NA,NA,NA,NA,NA,NA,NA,NA,NA,N,4,0,2,3,A,-,12,21453,A,N,D,C,A,A,H,-,A,A,0,NA,NA,NA,NA,Y,NA,A,07,0,0,2,0,0,0,0,0,0,-,-,NA,NA,ORANGE,CYPRESS,-118.02825164794922,33.80986785888672
9316710,2021,2021-09-16,3000,2021-07-30,1618,5377,951J3,5,5,5,3040,0,0,0,NA,0,743,GOLDEN LANTERN,ALOMA,0,NA,Y,A,-,N,NA,NA,NA,NA,NA,NA,NA,NA,NA,Y,3,0,2,2,A,-,09,21801,A,N,D,C,A,A,H,-,A,A,0,NA,NA,NA,NA,Y,NA,A,01,0,1,1,0,0,0,0,0,0,-,-,NA,NA,ORANGE,LAGUNA NIGUEL,-117.69113159179688,33.54220962524414
9317024,2021,2021-09-15,3026,2021-07-11,1500,546,NA,7,5,6,3026,0,0,0,NA,0,00P,IRVINE BL,PUSAN WY,20,E,N,A,-,N,NA,NA,NA,NA,NA,NA,NA,NA,NA,N,3,0,1,2,A,-,01,23152,A,M,B,C,A,A,H,-,A,A,0,NA,NA,NA,NA,Y,Y,A,01,0,1,0,0,0,0,0,0,0,-,-,NA,NA,ORANGE,IRVINE,-117.7156982421875,33.680213928222656
9318569,2021,2021-09-14,3004,2021-07-10,1521,P654,16,6,5,6,3004,0,0,0,NA,0,015,FAIRVIEW RD,FAIRVIEW RD  2701,0,NA,Y,A,-,N,NA,NA,NA,NA,NA,NA,NA,NA,NA,N,3,0,1,2,A,-,03,22350,NA,N,A,B,-,A,H,-,A,D,0,Y,NA,NA,NA,Y,NA,A,07,0,1,0,0,1,0,0,0,0,-,-,33.674461364746094,-117.906982421875,ORANGE,COSTA MESA,-117.907822,33.670972
9319746,2021,2021-09-07,3003,2021-03-08,1828,1240,NA,1,5,5,3003,0,0,0,NA,0,NA,AUTO CENTER DR,BEACH BL,220,E,N,A,-,N,NA,NA,NA,NA,NA,NA,NA,NA,NA,Y,3,0,1,2,A,-,03,22350,NA,N,F,E,A,A,H,-,C,D,0,NA,NA,NA,NA,Y,NA,A,01,0,1,0,0,0,0,0,0,0,-,-,33.520111083984375,-117.5950164794922,ORANGE,BUENA PARK,-117.99744415283205,33.86722183227539
9319983,2021,2021-10-09,3006,2021-08-15,1130,329,15,7,5,3,3006,0,0,0,NA,0,002,VALLEY VIEW ST,LA PALMA AV,0,NA,Y,A,-,N,NA,NA,NA,NA,NA,NA,NA,NA,NA,N,4,0,2,2,A,-,03,22350,NA,F,-,C,A,A,H,-,A,A,0,NA,NA,NA,NA,Y,NA,D,22,0,0,2,0,0,0,0,0,0,-,-,NA,NA,ORANGE,LA PALMA,-118.0286102294922,33.84635543823242
9320886,2021,2023-06-17,3022,2021-04-18,0857,373,NA,7,5,5,3022,0,0,0,NA,0,00O,JAMBOREE RD,WARNER,800,N,N,A,-,N,NA,NA,NA,NA,NA,NA,NA,NA,NA,Y,1,1,2,2,A,-,01,23152,F,N,A,C,A,A,H,-,A,D,0,NA,NA,NA,NA,Y,NA,A,07,2,0,0,0,0,0,0,0,0,TO,SF,NA,NA,ORANGE,TUSTIN,-117.81906127929688,33.69839096069336
9321570,2021,2021-10-05,3012,2021-08-12,0825,611,41,4,5,5,3012,0,0,0,NA,0,004,LAMBERT RD,EUCLID ST,0,NA,Y,A,-,N,NA,NA,NA,NA,NA,NA,NA,NA,NA,N,2,0,2,2,A,-,09,21802,A,N,A,C,A,A,H,-,A,A,0,NA,NA,Y,NA,Y,NA,A,01,1,1,0,0,0,0,0,0,1,-,-,NA,NA,ORANGE,LA HABRA,-117.94611358642578,33.92461013793945
9323426,2021,2021-10-20,3009,2021-09-04,2117,4767,132,6,5,6,3009,0,0,0,NA,0,021,CHAPMAN AV,WEST ST,0,NA,Y,A,-,N,NA,NA,NA,NA,NA,NA,NA,NA,NA,Y,4,0,1,2,A,-,08,22107,NA,N,A,C,A,A,H,-,C,A,0,NA,NA,NA,NA,Y,NA,A,01,0,0,1,0,0,0,0,0,0,-,-,NA,NA,ORANGE,GARDEN GROVE,-117.92374420166016,33.78879928588867
9323514,2021,2021-10-27,3000,2021-09-01,0830,9680,971J6,3,5,4,3029,0,0,0,NA,0,736,DANA POINT HARBOR DR,PUERTO PL,13,E,N,A,-,N,NA,NA,NA,NA,NA,NA,NA,NA,NA,Y,4,0,1,2,A,-,03,22350,NA,N,C,C,A,A,H,-,A,D,0,NA,NA,NA,NA,Y,NA,A,01,0,0,1,0,0,0,0,0,0,-,-,NA,NA,ORANGE,DANA POINT,-117.69009399414063,33.463016510009766
9325235,2021,2021-09-28,3000,2021-05-21,0310,8693,797J3,5,5,4,3021,0,0,0,NA,0,423,CENTRAL AV,FLOWER ST,41,W,N,A,-,N,NA,NA,NA,NA,NA,NA,NA,NA,NA,N,3,0,1,2,D,-,00,NA,NA,F,G,B,D,A,H,-,C,D,0,Y,NA,NA,NA,Y,NA,-,-,0,1,0,0,1,0,0,0,0,-,-,NA,NA,ORANGE,STANTON,-117.99445343017578,33.80469512939453
9325604,2021,2021-10-22,3009,2021-09-15,1327,4352,076,3,5,6,3009,0,0,0,NA,0,1-3,NEWLAND ST,MAYS AV,0,NA,Y,A,-,N,NA,NA,NA,NA,NA,NA,NA,NA,NA,Y,4,0,1,2,A,-,09,21801,A,N,D,C,A,A,H,-,A,A,0,NA,NA,NA,NA,Y,NA,A,01,0,0,1,0,0,0,0,0,0,-,-,NA,NA,ORANGE,GARDEN GROVE,-117.9810791015625,33.76340866088867
9326063,2021,2021-10-22,3026,2021-01-30,1629,468,CROSS,6,5,6,3026,0,0,0,NA,0,NA,CULVER DR,RT 405,201,N,N,A,-,N,NA,NA,NA,NA,NA,NA,NA,NA,NA,N,3,0,1,3,A,-,08,22107,NA,N,C,E,A,A,H,-,A,D,0,NA,NA,NA,NA,Y,NA,A,01,0,1,0,0,0,0,0,0,0,-,-,33.6705207824707,-117.82167053222656,ORANGE,IRVINE,-117.82242584228516,33.66981887817383
9326064,2021,2021-11-22,3026,2021-09-16,0818,358,PORTO,4,5,6,3026,0,0,0,NA,0,007,PALO LADO,IRVINE BL,10,N,N,A,-,N,NA,NA,NA,NA,NA,NA,NA,NA,NA,N,3,0,1,2,A,I,-,NA,NA,N,D,G,A,A,H,-,A,A,0,NA,Y,NA,NA,Y,NA,L,04,0,1,0,0,0,0,1,0,0,-,-,33.71879959106445,-117.7673568725586,ORANGE,IRVINE,-117.76724243164063,33.71895980834961
9337244,2021,2021-10-06,3000,2021-08-17,1406,4246,992H3,2,5,5,3017,0,0,0,NA,0,076,AVENIDA PICO,RT 5,0,NA,Y,A,-,Y,ORA,12,5,-,-,3.556,R,4,N,Y,3,0,1,2,D,-,00,NA,NA,N,D,C,A,A,H,-,A,A,0,NA,NA,NA,NA,Y,NA,-,-,0,1,0,0,0,0,0,0,0,-,NO,NA,NA,ORANGE,SAN CLEMENTE,-117.6243896484375,33.44013977050781
9337558,2021,2021-10-19,3010,2021-09-11,0858,2084,261,6,5,6,3010,0,0,0,NA,0,007,WARNER,GOLDENWEST,390,E,N,A,-,N,NA,NA,NA,NA,NA,NA,NA,NA,NA,N,4,0,1,2,A,-,10,21952,NA,N,G,B,F,A,H,-,A,A,0,Y,NA,NA,NA,Y,NA,A,01,0,0,1,0,1,0,0,0,0,-,-,NA,NA,ORANGE,HUNTINGTON BEACH,-118.0053939819336,33.71550750732422
9338470,2021,2021-10-19,3012,2021-09-02,1706,644,26,4,5,5,3012,0,0,0,NA,0,002,LA HABRA BL,VALENCIA ST,0,NA,Y,A,-,N,NA,NA,NA,NA,NA,NA,NA,NA,NA,N,3,0,1,2,A,-,05,21650,1,N,D,G,A,A,H,-,A,A,0,NA,Y,NA,NA,Y,NA,L,04,0,1,0,0,0,0,1,0,0,-,-,NA,NA,ORANGE,LA HABRA,-117.93630981445313,33.93190002441406
9341903,2021,2021-10-21,3004,2021-08-04,1709,P655,08,3,5,6,3004,0,0,0,NA,0,009,PLACENTIA AV,HAMILTON ST,725,S,N,A,-,N,NA,NA,NA,NA,NA,NA,NA,NA,NA,N,3,0,1,2,A,-,08,22107,NA,N,B,G,A,A,H,-,A,D,0,NA,Y,NA,NA,Y,NA,L,04,0,1,0,0,0,0,1,0,0,-,-,33.64860153198242,-117.93203735351563,ORANGE,COSTA MESA,-117.93205261230467,33.648624420166016
9342021,2021,2021-10-21,3004,2021-09-28,1317,P648,18,2,5,6,3004,0,0,0,NA,0,011,ADAMS AV,SHANTAR DR,0,NA,Y,A,-,N,NA,NA,NA,NA,NA,NA,NA,NA,NA,N,3,0,1,2,A,-,08,22107,NA,N,B,C,A,A,H,-,A,A,0,NA,NA,NA,NA,Y,NA,A,01,0,1,0,0,0,0,0,0,0,-,-,33.67250061035156,-117.94049835205078,ORANGE,COSTA MESA,-117.94058227539063,33.672481536865234
9344896,2021,2021-10-19,3012,2021-08-27,0650,611,15,5,5,5,3012,0,0,0,NA,0,001,LA HABRA BL,VIRGINIA ST,10,W,N,A,-,N,NA,NA,NA,NA,NA,NA,NA,NA,NA,N,4,0,2,2,A,-,09,21801,A,N,D,C,A,A,H,-,A,D,0,NA,NA,NA,NA,Y,NA,A,01,0,0,2,0,0,0,0,0,0,-,-,NA,NA,ORANGE,LA HABRA,-117.95835113525392,33.93185806274414
9345221,2021,2021-10-26,3009,2021-09-19,1934,4731,125,7,5,6,3009,0,0,0,NA,0,2-1,NEWHOPE ST,BANNER DR,0,NA,Y,A,-,N,NA,NA,NA,NA,NA,NA,NA,NA,NA,Y,3,0,1,2,A,-,12,22450,A,M,D,C,A,A,H,-,C,A,0,NA,NA,NA,NA,Y,NA,-,99,0,1,0,0,0,0,0,0,0,-,-,NA,NA,ORANGE,GARDEN GROVE,-117.92906951904295,33.76926803588867
9345670,2021,2021-11-16,3012,2021-09-04,1728,680,27,6,5,5,3012,0,0,0,NA,0,002,LA HABRA BL,PALM ST,0,NA,Y,A,-,N,NA,NA,NA,NA,NA,NA,NA,NA,NA,Y,4,0,1,2,A,-,01,23152,A,N,D,C,A,A,H,-,A,A,0,NA,NA,NA,NA,Y,Y,A,01,0,0,1,0,0,0,0,0,0,-,-,NA,NA,ORANGE,LA HABRA,-117.92440795898438,33.9318733215332
9345671,2021,2022-07-15,3012,2021-09-05,0558,624,11,7,5,5,3012,0,0,0,NA,0,001,RT 39,RT 72,216,N,N,A,-,Y,ORA,12,39,-,-,20.719,I,6,S,Y,1,1,0,1,A,-,01,23152,G,N,E,I,A,A,H,-,B,D,0,NA,NA,NA,NA,Y,Y,A,07,0,0,0,0,0,0,0,0,0,-,-,NA,NA,ORANGE,LA HABRA,-117.96702575683594,33.939823150634766
9345723,2021,2021-10-29,3026,2021-09-24,1805,641,UNIVE,5,5,6,3026,0,0,0,NA,0,00U,UNIVERSITY DR,CAMPUS DR,0,NA,Y,A,-,N,NA,NA,NA,NA,NA,NA,NA,NA,NA,Y,4,0,2,1,A,-,08,22107,A,N,E,I,A,B,H,-,A,A,0,NA,NA,NA,NA,Y,NA,A,01,0,0,2,0,0,0,0,0,0,-,-,NA,NA,ORANGE,IRVINE,-117.84481048583984,33.6550407409668
9347498,2021,2021-11-18,3004,2021-10-04,2207,P659,01,1,5,6,3004,0,0,0,NA,0,007,WEST 19TH ST,PLACENTIA AV,0,NA,Y,-,-,N,NA,NA,NA,NA,NA,NA,NA,NA,NA,N,3,0,1,2,A,-,12,21453,NA,N,A,C,A,B,H,-,C,A,0,NA,NA,NA,NA,Y,NA,-,-,0,1,0,0,0,0,0,0,0,-,-,33.643348693847656,-117.93196868896484,ORANGE,COSTA MESA,-117.93199157714844,33.643375396728516
9348634,2020,2022-06-22,3016,2020-01-31,1327,1241,02,5,5,5,3016,0,0,0,NA,0,001,PLACENTIA AV,BASTANCHURY RD,0,NA,Y,A,-,N,NA,NA,NA,NA,NA,NA,NA,NA,NA,Y,4,0,2,2,A,-,09,21801,A,N,D,C,A,A,H,-,A,A,0,NA,NA,NA,NA,Y,NA,A,01,0,0,2,0,0,0,0,0,0,-,-,33.896358489990234,-117.87242126464844,ORANGE,PLACENTIA,-117.87232971191406,33.89645004272461
9348667,2020,2022-06-22,3016,2020-02-26,1625,2177,NA,3,5,5,3016,0,0,0,NA,0,NA,YORBA LINDA BL,ROSE DR,480,W,N,A,-,N,NA,NA,NA,NA,NA,NA,NA,NA,NA,N,3,0,3,2,A,-,09,21801,A,N,D,C,A,A,H,-,A,D,0,NA,NA,NA,NA,Y,NA,A,01,0,1,2,0,0,0,0,0,0,-,-,33.88846969604492,-117.84158325195313,ORANGE,PLACENTIA,-117.84336853027344,33.888267517089844
9348730,2020,2022-06-22,3016,2020-05-27,1215,2182,23,3,5,5,3016,0,0,0,NA,0,002,CHAPMAN AV,BRADFORD AV,133,W,N,A,-,N,NA,NA,NA,NA,NA,NA,NA,NA,NA,N,4,0,3,2,A,-,09,21804,A,N,D,C,A,A,H,-,A,A,0,NA,NA,NA,NA,Y,NA,A,01,0,0,3,0,0,0,0,0,0,-,-,33.872249603271484,-117.86908721923828,ORANGE,PLACENTIA,-117.8704833984375,33.872169494628906
9350073,2021,2021-11-08,3009,2021-09-13,1725,4747,065,1,5,6,3009,0,0,0,NA,0,1-1,LARSON AV,WILSON ST,0,NA,Y,A,-,N,NA,NA,NA,NA,NA,NA,NA,NA,NA,N,4,0,1,2,A,-,09,21802,A,N,D,C,A,A,H,-,A,D,0,NA,NA,Y,NA,Y,Y,A,01,0,0,1,0,0,0,0,0,1,-,-,NA,NA,ORANGE,GARDEN GROVE,-117.98338317871094,33.77202224731445
9355861,2021,2021-11-12,3000,2021-09-08,1010,10400,922A2,3,5,4,3045,0,0,0,NA,0,146,LA PAZ RD,CABOT RD,0,NA,Y,A,-,Y,ORA,12,5,-,-,16.717,R,4,S,Y,4,0,1,2,A,-,12,21453,A,N,D,C,A,A,H,-,A,A,0,NA,NA,NA,NA,Y,NA,-,-,0,0,1,0,0,0,0,0,0,-,-,NA,NA,ORANGE,LAGUNA HILLS,-117.67912292480467,33.59919357299805