CASE_ID,ACCIDENT_YEAR,PROC_DATE,JURIS,COLLISION_DATE,COLLISION_TIME,OFFICER_ID,REPORTING_DISTRICT,DAY_OF_WEEK,CHP_SHIFT,POPULATION,CNTY_CITY_LOC,SPECIAL_COND,BEAT_TYPE,CHP_BEAT_TYPE,CITY_DIVISION_LAPD,CHP_BEAT_CLASS,BEAT_NUMBER,PRIMARY_RD,SECONDARY_RD,DISTANCE,DIRECTION,INTERSECTION,WEATHER_1,WEATHER_2,STATE_HWY_IND,CALTRANS_COUNTY,CALTRANS_DISTRICT,STATE_ROUTE,ROUTE_SUFFIX,POSTMILE_PREFIX,POSTMILE,LOCATION_TYPE,RAMP_INTERSECTION,SIDE_OF_HWY,TOW_AWAY,COLLISION_SEVERITY,NUMBER_KILLED,NUMBER_INJURED,PARTY_COUNT,PRIMARY_COLL_FACTOR,PCF_CODE_OF_VIOL,PCF_VIOL_CATEGORY,PCF_VIOLATION,PCF_VIOL_SUBSECTION,HIT_AND_RUN,TYPE_OF_COLLISION,MVIW,PED_ACTION,ROAD_SURFACE,ROAD_COND_1,ROAD_COND_2,LIGHTING,CONTROL_DEVICE,CHP_ROAD_TYPE,PEDESTRIAN_ACCIDENT,BICYCLE_ACCIDENT,MOTORCYCLE_ACCIDENT,TRUCK_ACCIDENT,NOT_PRIVATE_PROPERTY,ALCOHOL_INVOLVED,STWD_VEHTYPE_AT_FAULT,CHP_VEHTYPE_AT_FAULT,COUNT_SEVERE_INJ,COUNT_VISIBLE_INJ,COUNT_COMPLAINT_PAIN,COUNT_PED_KILLED,COUNT_PED_INJURED,COUNT_BICYCLIST_KILLED,COUNT_BICYCLIST_INJURED,COUNT_MC_KILLED,COUNT_MC_INJURED,PRIMARY_RAMP,SECONDARY_RAMP,LATITUDE,LONGITUDE,COUNTY,CITY,POINT_X,POINT_Y
9356826,2021,2021-11-10,3000,2021-01-21,1239,6887,971H6,4,5,4,3029,0,0,0,NA,0,035,PACIFIC COAST HWY,STREET OF THE VIOLET LANTERN,473,S,N,A,-,N,NA,NA,NA,NA,NA,NA,NA,NA,NA,Y,3,0,1,1,C,-,18,NA,NA,N,E,I,A,A,H,-,A,D,0,NA,NA,NA,NA,Y,NA,-,-,0,1,0,0,0,0,0,0,0,-,-,33.46723175048828,-117.69863891601563,ORANGE,DANA POINT,-117.700253,33.465499
9361823,2021,2021-12-14,3003,2021-10-27,1439,1184,NA,3,5,5,3003,0,0,0,NA,0,001,MALVERN AV,LINKS RD,0,NA,Y,A,-,N,NA,NA,NA,NA,NA,NA,NA,NA,NA,Y,4,0,1,2,A,-,09,21802,A,N,D,C,A,A,H,-,A,D,0,NA,NA,NA,NA,Y,NA,A,01,0,0,1,0,0,0,0,0,0,-,-,33.52389907836914,-117.58570098876952,ORANGE,BUENA PARK,-117.98306274414063,33.8779182434082
9361980,2021,2022-01-04,3011,2021-11-08,1152,31556,63,1,5,4,3011,0,0,0,NA,0,003,HIDDEN VALLEY CANYON RD,PARK AV,20,E,N,A,-,N,NA,NA,NA,NA,NA,NA,NA,NA,NA,Y,3,0,1,1,C,-,18,NA,NA,N,E,I,A,A,H,-,A,D,0,NA,NA,NA,NA,Y,NA,-,-,0,1,0,0,0,0,0,0,0,-,-,NA,NA,ORANGE,LAGUNA BEACH,-117.7636489868164,33.547271728515625
9363363,2021,2021-12-06,3013,2021-10-12,1407,205,L05,2,5,3,3013,0,0,0,NA,0,003,CERRITOS AV,LOS ALAMITOS BL,90,E,N,A,-,N,NA,NA,NA,NA,NA,NA,NA,NA,NA,N,3,0,1,2,A,-,09,21804,A,N,D,C,A,A,H,-,A,D,0,NA,NA,Y,NA,Y,NA,A,01,0,1,0,0,0,0,0,0,1,-,-,NA,NA,ORANGE,LOS ALAMITOS,-118.07156372070313,33.81037521362305
9363364,2021,2021-12-06,3013,2021-10-01,1018,224,L05,5,5,3,3013,0,0,0,NA,0,004,LOS ALAMITOS BL,CERRITOS AV,538,N,N,A,-,N,NA,NA,NA,NA,NA,NA,NA,NA,NA,Y,3,0,2,2,A,-,09,21801,A,N,D,C,A,A,H,-,A,D,0,NA,NA,NA,NA,Y,NA,A,07,0,1,1,0,0,0,0,0,0,-,-,NA,NA,ORANGE,LOS ALAMITOS,-118.07186126708984,33.81185531616211
9363910,2021,2021-12-13,3000,2021-10-22,2155,4280,HJC,5,5,3,3051,0,0,0,NA,0,480,EL TORO RD,LUTHERAN CHURCH,419,W,N,A,-,N,NA,NA,NA,NA,NA,NA,NA,NA,NA,Y,3,0,1,1,A,-,01,23152,A,N,E,I,A,A,H,-,C,A,0,NA,NA,NA,NA,Y,Y,D,22,0,1,0,0,0,0,0,0,0,-,-,NA,NA,ORANGE,LAGUNA WOODS,NA,NA
9369195,2021,2021-12-15,3004,2021-11-12,1243,P634,04,5,5,6,3004,0,0,0,NA,0,015,IRVINE AV,EAST 17TH ST,0,NA,Y,A,-,N,NA,NA,NA,NA,NA,NA,NA,NA,NA,N,3,0,1,2,A,-,03,22350,NA,N,C,C,A,A,H,-,A,A,0,NA,NA,NA,NA,Y,NA,A,01,0,1,0,0,0,0,0,0,0,-,-,33.62815856933594,-117.90883636474608,ORANGE,COSTA MESA,-117.9086456298828,33.62841796875
9370629,2021,2021-12-28,3000,2021-11-12,2231,11256,HJC,5,5,5,3028,0,0,0,NA,0,755,MARGUERITE PKWY,MISSION VIEJO TOWN CENTER,96,N,N,A,-,N,NA,NA,NA,NA,NA,NA,NA,NA,NA,Y,2,0,2,2,A,-,12,21453,A,N,C,C,A,A,H,-,C,A,0,NA,NA,NA,NA,Y,NA,A,01,2,0,0,0,0,0,0,0,0,-,-,NA,NA,ORANGE,MISSION VIEJO,NA,NA
9370779,2021,2022-01-11,3004,2021-12-13,1737,P651,22,1,5,6,3004,0,0,0,NA,0,015,BEAR ST,YUKON AV,1662,N,N,A,-,N,NA,NA,NA,NA,NA,NA,NA,NA,NA,N,4,0,1,2,A,-,03,22350,NA,N,C,C,A,B,H,-,C,D,0,NA,NA,NA,NA,Y,NA,A,01,0,0,1,0,0,0,0,0,0,-,-,33.68748092651367,-117.89215087890624,ORANGE,COSTA MESA,-117.89215087890624,33.687374114990234
9374250,2021,2021-12-17,3009,2021-11-17,1703,4863,135,3,5,6,3009,0,0,0,NA,0,2 3,GARDEN GROVE BL,ROCKINGHORSE RD,15,E,N,A,-,N,NA,NA,NA,NA,NA,NA,NA,NA,NA,Y,4,0,1,2,A,-,09,21801,A,N,D,C,A,A,H,-,C,A,0,NA,NA,NA,NA,Y,NA,A,07,0,0,1,0,0,0,0,0,0,-,-,NA,NA,ORANGE,GARDEN GROVE,-117.9247589111328,33.7742805480957
9374280,2021,2021-12-21,3004,2021-11-23,2343,P644,13,2,5,6,3004,0,0,0,NA,0,015,NEWPORT BL,VICTORIA ST,0,NA,Y,A,-,N,NA,NA,55,NA,NA,NA,NA,NA,NA,N,3,0,2,2,A,-,12,21453,A,N,D,C,A,A,H,-,C,A,0,NA,NA,NA,NA,Y,NA,A,01,0,1,1,0,0,0,0,0,0,-,-,33.652099609375,-117.90885162353516,ORANGE,COSTA MESA,-117.90859985351563,33.651851654052734
9374367,2021,2022-01-07,3009,2021-12-01,1904,4156,113,3,5,6,3009,0,0,0,NA,0,2-1,NELSON ST,LAMPSON AV,0,NA,Y,A,-,N,NA,NA,NA,NA,NA,NA,NA,NA,NA,Y,3,0,2,2,A,-,12,22450,A,N,D,C,A,A,H,-,C,A,0,NA,NA,NA,NA,Y,NA,A,01,0,1,1,0,0,0,0,0,0,-,-,NA,NA,ORANGE,GARDEN GROVE,-117.94545745849608,33.781429290771484
9375046,2021,2021-12-10,3000,2021-10-22,2122,5163,921G4,5,5,4,3045,0,0,0,NA,0,18-745,ALICIA PKWY,MOULTON PKWY,0,NA,Y,A,-,N,NA,NA,NA,NA,NA,NA,NA,NA,NA,Y,2,0,5,2,A,-,09,21453,C,N,A,C,A,A,H,-,C,A,0,NA,NA,NA,NA,Y,NA,A,01,1,3,1,0,0,0,0,0,0,-,-,NA,NA,ORANGE,LAGUNA HILLS,-117.70689392089844,33.58359146118164
9376604,2021,2022-01-05,3004,2021-11-22,1256,P462,09,1,5,6,3004,0,0,0,NA,0,015,HAMILTON ST,RALEIGH AV,0,NA,Y,A,-,N,NA,NA,NA,NA,NA,NA,NA,NA,NA,Y,3,0,1,2,A,-,09,21802,A,N,D,C,A,A,H,-,A,D,0,NA,NA,NA,NA,Y,NA,A,01,0,1,0,0,0,0,0,0,0,-,-,33.65066909790039,-117.92954254150392,ORANGE,COSTA MESA,-117.92950439453124,33.65065002441406
93767448,2024,2024-08-07,9675,2024-07-27,932,023116,NA,6,1,6,3015,0,1,3,NA,2,222,SR-22 WESTBOUND,GLASSELL STREET,1200,W,N,A,-,Y,ORA,NA,22,NA,R,11.604,H,NA,L,Y,3,0,1,1,A,-,08,22107,NA,N,E,I,A,A,H,-,A,D,0,NA,NA,NA,NA,Y,NA,A,07,0,1,0,0,0,0,0,0,0,-,-,33.7772102355957,-117.8569793701172,ORANGE,ORANGE,-117.8569564819336,33.777244567871094
93768397,2024,2024-08-07,9670,2024-07-27,2240,021900,NA,6,3,4,3020,0,1,1,NA,2,044,I-405 N/B,BOLSA CHICA RD,1500,N,N,A,-,Y,ORA,NA,405,NA,NA,20.882,H,NA,R,Y,4,0,3,2,A,-,03,22350,NA,N,C,C,A,A,H,-,C,D,0,NA,NA,NA,NA,Y,NA,A,01,0,0,3,0,0,0,0,0,0,-,-,33.77486038208008,-118.0444107055664,ORANGE,SEAL BEACH,-118.0444107055664,33.7748908996582
93768668,2024,2024-08-07,9670,2024-08-02,545,014558,NA,5,3,3,3013,0,1,1,NA,2,061,I-605 S/B (SAN GABRIEL FREEWAY),I-405,2112,N,N,A,-,Y,ORA,NA,605,NA,R,0.452,H,NA,L,N,3,0,1,1,A,-,03,22350,NA,N,E,I,A,A,H,-,B,D,0,NA,NA,NA,NA,Y,NA,A,01,0,1,0,0,0,0,0,0,0,-,-,33.790260314941406,-118.08878326416016,ORANGE,LOS ALAMITOS,-118.08892822265624,33.79030227661133
93768890,2024,2024-08-08,9670,2024-08-03,1835,022194,NA,6,2,4,3020,0,1,3,NA,2,020,SR-22 W/B,7TH ST,1500,E,N,A,-,Y,ORA,NA,22,NA,T,0.254,H,NA,L,N,3,0,2,1,A,-,08,22107,NA,N,E,I,A,A,H,-,B,D,0,NA,NA,NA,NA,Y,NA,A,07,0,1,1,0,0,0,0,0,0,-,-,33.77450180053711,-118.09300994873048,ORANGE,SEAL BEACH,-118.093017578125,33.7745361328125
9378405,2021,2021-12-09,3012,2021-10-19,1116,702,31,2,5,5,3012,0,0,0,NA,0,003,SOUTH BEACH BL,W MERCED AV,0,NA,Y,A,-,Y,ORA,12,39,-,-,19.831,I,5,S,Y,3,0,2,2,A,-,09,21801,A,N,D,C,A,A,H,-,A,D,0,NA,NA,NA,NA,Y,NA,A,07,0,2,0,0,0,0,0,0,0,-,-,NA,NA,ORANGE,LA HABRA,-117.96793365478516,33.926944732666016
9378421,2021,2021-12-09,3012,2021-10-21,2022,678,47,4,5,5,3012,0,0,0,NA,0,004,W IMPERIAL HWY,IDAHO ST,780,E,N,A,-,Y,ORA,12,90,-,-,1.16,H,-,W,N,4,0,2,2,A,-,08,22107,NA,N,D,C,A,A,H,-,C,D,0,NA,NA,NA,NA,Y,NA,-,NA,0,0,2,0,0,0,0,0,0,-,-,NA,NA,ORANGE,LA HABRA,-117.95633697509766,33.91738510131836
9378560,2021,2021-12-16,3000,2021-11-09,0855,1920,797J6,2,5,4,3021,0,0,0,NA,0,721,BEACH BL,GARDEN GROVE BL,0,NA,Y,A,-,Y,ORA,12,39,-,-,8.665,I,5,S,Y,4,0,1,2,A,-,12,21453,A,N,D,C,A,A,H,-,A,A,0,NA,NA,NA,NA,Y,NA,A,01,0,0,1,0,0,0,0,0,0,-,-,NA,NA,ORANGE,STANTON,-117.99292755126952,33.77363586425781
9379043,2021,2022-01-04,3012,2021-10-04,2020,695,34,1,5,5,3012,0,0,0,NA,0,003,IMPERIAL HWY,CAJON DR,140,E,N,B,C,N,NA,NA,NA,NA,NA,NA,NA,NA,NA,Y,4,0,1,2,A,-,03,22350,NA,M,C,C,A,B,H,-,C,D,0,NA,NA,NA,NA,Y,NA,-,99,0,0,1,0,0,0,0,0,0,-,-,33.917301177978516,-117.97080230712892,ORANGE,LA HABRA,-117.97117614746094,33.91741943359375
9379063,2021,2022-01-04,3004,2021-12-16,2153,P481,05,4,5,6,3004,0,0,0,NA,0,001,NEWPORT BL,HARBOR BL,0,NA,Y,C,-,Y,ORA,12,55,-,-,1.82,I,5,S,Y,3,0,1,2,A,-,12,21453,A,F,A,C,A,B,H,-,D,A,0,NA,NA,NA,NA,Y,NA,A,01,0,1,0,0,0,0,0,0,0,-,-,33.641258239746094,-117.91880798339844,ORANGE,COSTA MESA,-117.91880798339844,33.64107894897461
9379569,2021,2022-01-31,3004,2021-12-24,1704,P648,35,5,5,6,3004,0,0,0,NA,0,002,NEWPORT BL,SANTA ISABEL AV,30,S,N,A,-,N,NA,NA,55,NA,NA,NA,NA,NA,NA,N,3,0,1,2,A,-,03,22350,NA,N,C,C,A,A,H,-,C,A,0,NA,NA,NA,NA,Y,NA,A,01,0,1,0,0,0,0,0,0,0,-,-,33.657100677490234,-117.90270233154295,ORANGE,COSTA MESA,-117.90316772460938,33.657562255859375
9379575,2022,2022-01-31,3011,2022-01-12,1554,31543,71,3,5,4,3011,0,0,0,NA,0,001,RT 133,CANYON ACRES,4858,N,N,B,-,Y,ORA,12,133,-,-,1.88,H,-,N,Y,2,0,1,2,A,-,03,22350,NA,N,D,C,A,A,H,-,A,D,0,NA,NA,Y,NA,Y,NA,C,02,1,0,0,0,0,0,0,0,1,-,-,NA,NA,ORANGE,LAGUNA BEACH,-117.76721954345705,33.56327438354492
9379748,2021,2022-02-11,3012,2021-12-18,1315,702,38,6,5,5,3012,0,0,0,NA,0,003,W IMPERIAL HWY,SOUTH LA HABRA HILLS DR,475,E,N,A,-,Y,ORA,12,90,-,-,0.75,H,-,E,Y,3,0,1,2,A,-,03,22350,NA,N,C,C,A,A,H,-,A,D,0,NA,NA,NA,NA,Y,NA,A,07,0,1,0,0,0,0,0,0,0,-,-,NA,NA,ORANGE,LA HABRA,-117.96340942382813,33.91726303100586
9379765,2021,2022-02-07,3012,2021-12-27,1126,644,11,1,5,5,3012,0,0,0,NA,0,001,WHITTIER BL,BEACH BL,32,W,N,B,-,Y,ORA,12,72,-,-,11.44,H,-,N,N,4,0,1,2,A,-,08,22107,NA,N,B,C,A,A,H,-,B,D,0,NA,NA,NA,NA,Y,NA,A,01,0,0,1,0,0,0,0,0,0,-,-,NA,NA,ORANGE,LA HABRA,-117.96826934814452,33.939857482910156
9379891,2022,2022-02-28,3003,2022-01-21,1457,1268,NA,5,5,5,3003,0,0,0,NA,0,NA,BEACH BL,LA PALMA AV,1130,N,N,A,-,N,NA,NA,NA,NA,NA,NA,NA,NA,NA,N,3,0,1,2,A,-,11,21954,A,N,G,G,A,A,H,-,A,D,0,NA,Y,NA,NA,Y,NA,L,04,0,1,0,0,0,0,1,0,0,-,-,33.849910736083984,-117.99784088134766,ORANGE,BUENA PARK,-117.99784088134766,33.84969711303711
9380441,2021,2022-01-18,3005,2021-08-05,1155,8236,C27,4,5,4,3005,0,0,0,NA,0,003,WALKER ST,MYRA AV,0,NA,Y,A,-,N,NA,NA,NA,NA,NA,NA,NA,NA,NA,N,3,0,2,2,A,-,09,21801,A,N,D,C,A,A,H,-,A,A,0,NA,NA,NA,NA,Y,NA,A,01,0,2,0,0,0,0,0,0,0,-,-,NA,NA,ORANGE,CYPRESS,-118.03678894042967,33.814979553222656
9382250,2021,2021-12-27,3009,2021-11-25,1824,4911,103,4,5,6,3009,0,0,0,NA,0,012,LAMPSON AV,NUTWOOD,163,W,N,A,-,N,NA,NA,NA,NA,NA,NA,NA,NA,NA,N,4,0,1,2,A,-,11,21954,A,N,G,B,D,A,H,-,C,A,0,Y,NA,NA,NA,Y,Y,N,60,0,0,1,0,1,0,0,0,0,-,-,NA,NA,ORANGE,GARDEN GROVE,-117.95034790039063,33.7813835144043
9382669,2021,2021-12-24,3026,2021-11-13,1758,503,NA,6,5,6,3026,0,0,0,NA,0,00P,SAND CANYON AV,NIGHTMIST,4,W,N,A,-,N,NA,NA,NA,NA,NA,NA,NA,NA,NA,N,3,0,1,2,A,-,10,21950,A,N,-,B,B,A,H,-,C,A,0,Y,NA,NA,NA,Y,NA,A,01,0,1,0,0,1,0,0,0,0,-,-,NA,NA,ORANGE,IRVINE,-117.75447845458984,33.681541442871094
9383152,2021,2022-01-03,3003,2021-11-03,1050,1268,NA,3,5,5,3003,0,0,0,NA,0,NA,WESTERN AV,AUTO CENTER DR,0,NA,Y,A,-,N,NA,NA,NA,NA,NA,NA,NA,NA,NA,Y,3,0,2,2,A,-,12,21453,A,N,D,C,A,A,H,-,A,A,0,NA,NA,NA,NA,Y,NA,A,01,0,1,1,0,0,0,0,0,0,-,-,33.84389877319336,-117.9884033203125,ORANGE,BUENA PARK,-118.00260925292967,33.86985397338867
9384313,2021,2022-01-14,3005,2021-12-18,1552,8293,C08,6,5,4,3005,0,0,0,NA,0,001,LINCOLN AV,MOODY AV,14,W,N,A,-,N,NA,NA,NA,NA,NA,NA,NA,NA,NA,N,3,0,1,2,A,-,10,21950,A,N,G,B,B,A,H,-,A,A,0,Y,NA,NA,NA,Y,NA,A,01,0,1,0,0,1,0,0,0,0,-,-,NA,NA,ORANGE,CYPRESS,-118.0458526611328,33.831661224365234
9386818,2021,2022-01-13,3026,2021-12-10,1026,8929,PORTO,5,5,6,3026,0,0,0,NA,0,NA,CULVER DR,FLORENCE,480,S,N,A,-,N,NA,NA,NA,NA,NA,NA,NA,NA,NA,NA,3,0,1,2,A,-,03,22350,NA,N,C,C,A,A,H,-,A,D,0,NA,NA,NA,NA,Y,NA,A,01,0,1,0,0,0,0,0,0,0,-,-,33.717830657958984,-117.77249908447266,ORANGE,IRVINE,-117.77477264404295,33.71776580810547
9388541,2021,2022-01-28,3006,2021-11-01,1712,312,213,1,5,3,3006,0,0,0,NA,0,002,VALLEY VIEW ST,PALMA AV,655,N,N,A,-,N,NA,NA,NA,NA,NA,NA,NA,NA,NA,N,3,0,1,2,D,-,00,NA,NA,N,D,G,A,A,H,-,A,D,0,NA,Y,NA,NA,Y,NA,-,-,0,1,0,0,0,0,1,0,0,-,-,NA,NA,ORANGE,LA PALMA,-118.02863311767578,33.84814453125
9389007,2021,2022-02-04,3009,2021-12-17,1757,0126,013,5,5,6,3009,0,0,0,NA,0,1-1,VALLEY VIEW ST,BELGRAVE AV,510,N,N,A,-,N,NA,NA,NA,NA,NA,NA,NA,NA,NA,Y,3,0,1,4,A,-,03,22350,NA,N,C,C,A,A,H,-,C,A,0,NA,NA,NA,NA,Y,NA,A,01,0,1,0,0,0,0,0,0,0,-,-,33.78839111328125,-118.02857971191406,ORANGE,GARDEN GROVE,-118.02857971191406,33.78671646118164
9389011,2021,2022-02-04,3009,2021-12-23,2019,3972,105,4,5,6,3009,0,0,0,NA,0,1-2,GARDEN GROVE BL,NUTWOOD ST,0,NA,Y,C,-,N,NA,NA,NA,NA,NA,NA,NA,NA,NA,Y,4,0,1,2,A,-,12,21453,A,N,D,C,A,B,H,-,C,A,0,NA,NA,NA,NA,Y,NA,-,-,0,0,1,0,0,0,0,0,0,-,-,NA,NA,ORANGE,GARDEN GROVE,-117.9497299194336,33.77402877807617
9392722,2022,2022-01-28,3004,2022-01-14,0732,P676,19,5,5,6,3004,0,0,0,NA,0,004,HARBOR BL,NUTMEG PL,0,NA,Y,A,-,N,NA,NA,NA,NA,NA,NA,NA,NA,NA,Y,3,0,1,2,A,-,12,21453,A,N,D,C,A,A,H,-,A,A,0,NA,NA,NA,NA,Y,NA,A,01,0,1,0,0,0,0,0,0,0,-,-,33.680999755859375,-117.91899871826172,ORANGE,COSTA MESA,-117.91944885253906,33.681941986083984
9396569,2022,2022-02-10,3009,2022-01-23,0930,3831,083,7,5,6,3009,0,0,0,NA,0,1-2,LAMPSON AV,GILBERT ST,0,NA,Y,A,-,N,NA,NA,NA,NA,NA,NA,NA,NA,NA,Y,4,0,1,2,A,-,12,22450,A,N,D,C,A,A,H,-,A,D,0,NA,NA,NA,NA,Y,NA,A,07,0,0,1,0,0,0,0,0,0,-,-,NA,NA,ORANGE,GARDEN GROVE,-117.9673080444336,33.7812385559082
9401556,2022,2022-03-03,3004,2022-02-01,1502,P542,18,2,5,6,3004,0,0,0,NA,0,004,HARBOR BL,BAKER ST,179,S,N,A,-,N,NA,NA,NA,NA,NA,NA,NA,NA,NA,N,4,0,2,2,A,-,03,22350,NA,M,C,C,A,A,H,-,A,D,0,NA,NA,NA,NA,Y,NA,A,01,0,0,2,0,0,0,0,0,0,-,-,33.67940139770508,-117.9188995361328,ORANGE,COSTA MESA,-117.91942596435548,33.67951965332031
9401787,2021,2022-03-09,3000,2021-12-30,0603,10091,892H3,4,5,4,3048,0,0,0,NA,0,186,SANTA MARGARITA PKWY,ALICIA PKWY,498,E,N,B,C,N,NA,NA,NA,NA,NA,NA,NA,NA,NA,NA,3,0,1,1,A,-,03,22350,NA,N,E,I,A,B,H,-,C,D,0,NA,NA,NA,NA,Y,NA,D,22,0,1,0,0,0,0,0,0,0,-,-,NA,NA,ORANGE,RANCHO SANTA MARGARITA,-117.61749267578124,33.63808059692383
94024432,2024,2024-08-12,9670,2024-08-09,1935,023139,NA,5,2,7,3001,0,1,1,NA,2,502,I-5 N/B,HARBOR BLVD,720,N,N,A,-,Y,ORA,NA,5,NA,NA,37.564,H,NA,R,Y,4,0,1,3,A,-,03,22350,NA,M,C,C,A,A,H,-,A,D,0,NA,NA,NA,NA,Y,NA,-,99,0,0,1,0,0,0,0,0,0,-,-,33.81731033325195,-117.91696166992188,ORANGE,ANAHEIM,-117.91699981689452,33.81727981567383
9404845,2021,2022-12-06,3000,2021-07-22,2044,11256,922D7,4,5,5,3028,0,0,0,NA,0,755,CROWN VALLEY PKWY,JARDINES,0,NA,Y,A,-,N,NA,NA,NA,NA,NA,NA,NA,NA,NA,N,2,0,1,2,A,-,12,21453,A,N,D,G,A,A,H,-,C,A,0,NA,Y,NA,NA,Y,NA,L,04,1,0,0,0,0,0,1,0,0,-,-,NA,NA,ORANGE,MISSION VIEJO,-117.65496063232422,33.562828063964844
9404848,2021,2022-12-06,3000,2021-08-01,1151,5036,892D4,7,5,5,3028,0,0,0,NA,0,750,MARGUERITE PKWY,ALERZAL,173,N,N,A,-,N,NA,NA,NA,NA,NA,NA,NA,NA,NA,Y,2,0,1,2,A,-,08,22107,NA,N,B,C,A,A,H,-,A,D,0,NA,NA,Y,NA,Y,NA,A,07,1,0,0,0,0,0,0,0,1,-,-,NA,NA,ORANGE,MISSION VIEJO,-117.65161895751952,33.62569046020508
9405775,2022,2022-03-02,3009,2022-02-01,1658,4352,132,2,5,6,3009,0,0,0,NA,0,021,CHAPMAN AV,WEST ST,0,NA,Y,A,-,N,NA,NA,NA,NA,NA,NA,NA,NA,NA,Y,4,0,1,2,A,-,09,21801,A,N,D,C,A,A,H,-,A,A,0,NA,NA,NA,NA,Y,NA,A,01,0,0,1,0,0,0,0,0,0,-,-,NA,NA,ORANGE,GARDEN GROVE,-117.92374420166016,33.78879928588867
9406710,2022,2022-03-02,3005,2022-02-05,0535,8182,C34,6,5,4,3005,0,0,0,NA,0,003,CERRITOS AV,VALLEY VIEW ST,0,NA,Y,A,-,N,NA,NA,NA,NA,NA,NA,NA,NA,NA,Y,3,0,1,2,A,-,12,21453,A,N,B,C,A,A,H,-,E,A,0,NA,NA,NA,NA,Y,NA,A,01,0,1,0,0,0,0,0,0,0,-,-,NA,NA,ORANGE,CYPRESS,-118.02825164794922,33.80986785888672
9408248,2022,2022-03-09,3004,2022-02-03,0803,P676,35,4,5,6,3004,0,0,0,NA,0,015,FAIR DR,NEWPORT BL,41,W,N,A,-,Y,ORA,12,55,-,R,3.589,R,4,S,N,4,0,1,2,A,-,03,22350,NA,N,C,C,A,A,H,-,A,A,0,NA,NA,NA,NA,Y,NA,A,07,0,0,1,0,0,0,0,0,0,-,-,33.66299819946289,-117.89800262451172,ORANGE,COSTA MESA,-117.89968872070313,33.66120529174805
9409082,2022,2022-03-10,3011,2022-02-13,2103,31273,0,7,5,4,3011,0,0,0,NA,0,NA,RT 133,CASTLE ROCK RD,610,S,N,A,-,Y,ORA,12,133,-,-,2.11,H,-,N,Y,3,0,2,3,A,-,03,22350,NA,N,E,I,A,A,H,-,C,D,0,NA,NA,NA,NA,Y,NA,A,01,0,1,1,0,0,0,0,0,0,-,-,NA,NA,ORANGE,LAGUNA BEACH,-117.76390838623048,33.5640869140625
9410719,2022,2022-02-15,3004,2022-01-19,1458,P633,13,3,5,6,3004,0,0,0,NA,0,002,NEWPORT BL,VICTORIA ST,0,NA,Y,A,-,N,NA,NA,NA,NA,NA,NA,NA,NA,NA,Y,4,0,2,2,A,-,12,21453,A,N,D,C,A,A,H,-,A,A,0,NA,NA,NA,NA,Y,NA,A,01,0,0,2,0,0,0,0,0,0,-,-,33.652099609375,-117.90879821777344,ORANGE,COSTA MESA,-117.9088134765625,33.65211486816406
9412076,2022,2022-02-28,3009,2022-02-14,1644,4731,155,1,5,6,3009,0,0,0,NA,0,2-3,GARDEN GROVE BL,SUNGROVE ST,242,E,N,A,-,N,NA,NA,NA,NA,NA,NA,NA,NA,NA,Y,4,0,2,2,-,-,-,NA,A,M,D,C,A,A,H,-,A,D,0,NA,NA,NA,NA,Y,NA,A,01,0,0,2,0,0,0,0,0,0,-,-,NA,NA,ORANGE,GARDEN GROVE,-117.9080047607422,33.77436065673828
9413003,2022,2022-03-08,3004,2022-02-17,0933,P676,02,4,5,6,3004,0,0,0,NA,0,007,WEST 19TH ST,POMONA AV,583,E,N,A,-,N,NA,NA,NA,NA,NA,NA,NA,NA,NA,N,3,0,1,2,A,-,11,21955,NA,N,G,B,D,A,H,-,A,D,0,Y,NA,NA,NA,Y,Y,N,60,0,1,0,0,1,0,0,0,0,-,-,33.643001556396484,-117.9250030517578,ORANGE,COSTA MESA,-117.9257583618164,33.6434211730957
9414166,2022,2022-03-16,3003,2022-02-23,2121,1187,58,3,5,5,3003,0,0,0,NA,0,002,BEACH BL,11TH ST,45,S,N,A,-,N,NA,NA,NA,NA,NA,NA,NA,NA,NA,N,3,0,1,2,A,-,11,21954,A,N,A,B,D,A,H,-,C,A,0,Y,NA,NA,NA,Y,Y,N,60,0,1,0,0,1,0,0,0,0,-,-,NA,NA,ORANGE,BUENA PARK,-117.998046875,33.86235809326172
9414225,2022,2022-03-14,3012,2022-02-06,1835,702,35,7,5,5,3012,0,0,0,NA,0,003,W IMPERIAL HWY,SOUTH BEACH BL,143,E,N,A,-,Y,ORA,12,90,-,-,0.53,H,-,W,N,4,0,2,2,A,-,01,23152,A,N,C,C,A,A,H,-,C,A,0,NA,NA,NA,NA,Y,Y,D,22,0,0,2,0,0,0,0,0,0,-,-,NA,NA,ORANGE,LA HABRA,-117.9675521850586,33.91741943359375
9416277,2022,2022-03-16,3004,2022-02-18,0513,P608,11,5,5,6,3004,0,0,0,NA,0,012,VICTORIA ST,HARBOR BL,30,E,N,A,-,N,NA,NA,NA,NA,NA,NA,NA,NA,NA,N,3,0,1,2,A,-,11,21954,A,N,A,B,D,A,H,-,C,A,0,Y,NA,NA,NA,Y,NA,N,60,0,1,0,0,1,0,0,0,0,-,-,33.652549743652344,-117.9189682006836,ORANGE,COSTA MESA,-117.91898345947266,33.65253448486328