CASE_ID,ACCIDENT_YEAR,PROC_DATE,JURIS,COLLISION_DATE,COLLISION_TIME,OFFICER_ID,REPORTING_DISTRICT,DAY_OF_WEEK,CHP_SHIFT,POPULATION,CNTY_CITY_LOC,SPECIAL_COND,BEAT_TYPE,CHP_BEAT_TYPE,CITY_DIVISION_LAPD,CHP_BEAT_CLASS,BEAT_NUMBER,PRIMARY_RD,SECONDARY_RD,DISTANCE,DIRECTION,INTERSECTION,WEATHER_1,WEATHER_2,STATE_HWY_IND,CALTRANS_COUNTY,CALTRANS_DISTRICT,STATE_ROUTE,ROUTE_SUFFIX,POSTMILE_PREFIX,POSTMILE,LOCATION_TYPE,RAMP_INTERSECTION,SIDE_OF_HWY,TOW_AWAY,COLLISION_SEVERITY,NUMBER_KILLED,NUMBER_INJURED,PARTY_COUNT,PRIMARY_COLL_FACTOR,PCF_CODE_OF_VIOL,PCF_VIOL_CATEGORY,PCF_VIOLATION,PCF_VIOL_SUBSECTION,HIT_AND_RUN,TYPE_OF_COLLISION,MVIW,PED_ACTION,ROAD_SURFACE,ROAD_COND_1,ROAD_COND_2,LIGHTING,CONTROL_DEVICE,CHP_ROAD_TYPE,PEDESTRIAN_ACCIDENT,BICYCLE_ACCIDENT,MOTORCYCLE_ACCIDENT,TRUCK_ACCIDENT,NOT_PRIVATE_PROPERTY,ALCOHOL_INVOLVED,STWD_VEHTYPE_AT_FAULT,CHP_VEHTYPE_AT_FAULT,COUNT_SEVERE_INJ,COUNT_VISIBLE_INJ,COUNT_COMPLAINT_PAIN,COUNT_PED_KILLED,COUNT_PED_INJURED,COUNT_BICYCLIST_KILLED,COUNT_BICYCLIST_INJURED,COUNT_MC_KILLED,COUNT_MC_INJURED,PRIMARY_RAMP,SECONDARY_RAMP,LATITUDE,LONGITUDE,COUNTY,CITY,POINT_X,POINT_Y
9753070,2024,2024-12-10,3012,2024-10-21,645,611,27,1,5,5,3012,0,0,0,NA,0,002,E LA HABRA BL,PALM ST,474,W,N,A,-,N,NA,NA,NA,NA,NA,NA,NA,NA,NA,N,4,0,2,2,A,-,09,21804,A,N,D,C,A,A,H,-,A,D,0,NA,NA,NA,NA,Y,NA,A,01,0,0,2,0,0,0,0,0,0,-,-,NA,NA,ORANGE,LA HABRA,-117.92597198486328,33.93186950683594
9753085,2024,2024-11-15,3012,2024-10-10,1331,456,45,4,5,5,3012,0,0,0,NA,0,004,LAMBERT RD,WALNUT ST,0,NA,Y,A,-,N,NA,NA,NA,NA,NA,NA,NA,NA,NA,Y,3,0,1,2,A,-,09,21801,A,N,D,C,A,A,H,-,A,A,0,NA,NA,NA,NA,Y,NA,A,01,0,1,0,0,0,0,0,0,0,-,-,NA,NA,ORANGE,LA HABRA,-117.95047760009766,33.924537658691406
9753519,2024,2024-12-26,3011,2024-11-17,1600,31407,NA,7,5,4,3011,0,0,0,NA,0,NA,LAGUNA CANYON RD,EL TORO RD,1005,S,N,A,-,Y,ORA,12,133,-,-,3.23,H,-,N,N,3,0,1,2,A,-,03,22350,NA,F,H,G,A,A,H,-,A,D,0,NA,Y,Y,NA,Y,NA,C,02,0,1,0,0,0,0,1,0,0,-,-,NA,NA,ORANGE,LAGUNA BEACH,-117.7618408203125,33.58024597167969
9753560,2024,2024-11-13,3000,2024-09-11,1615,10642,922C4,3,5,5,3028,0,0,0,NA,0,755,OSO PKWY,MARGUERITE PKWY,535,W,N,A,-,N,NA,NA,NA,NA,NA,NA,NA,NA,NA,N,3,0,1,2,A,-,-,NA,NA,N,D,G,A,A,H,-,A,A,0,NA,Y,NA,NA,Y,NA,A,07,0,1,0,0,0,0,1,0,0,-,-,33.58308029174805,-117.66104125976563,ORANGE,MISSION VIEJO,-117.66102600097656,33.583316802978516
9754165,2024,2024-12-04,3003,2024-10-25,1744,1289,NA,5,5,5,3003,0,0,0,NA,0,NA,WESTERN AV,9TH ST,0,NA,Y,A,-,N,NA,NA,NA,NA,NA,NA,NA,NA,NA,N,4,0,1,2,A,-,10,21950,A,N,G,B,B,A,H,-,A,D,0,Y,NA,NA,NA,Y,NA,A,01,0,0,1,0,1,0,0,0,0,-,-,33.86540985107422,-118.0026626586914,ORANGE,BUENA PARK,-118.00257110595705,33.865291595458984
9755755,2024,2024-11-21,3000,2024-10-26,1645,5013,862D6,6,5,5,3050,0,0,0,NA,0,765,PORTOLA PKWY,GLENN RANCH RD,0,NA,Y,A,-,N,NA,NA,NA,NA,NA,NA,NA,NA,NA,Y,3,0,2,2,A,-,09,21453,C,N,D,C,A,A,H,-,A,A,0,NA,NA,NA,NA,Y,NA,A,07,0,1,1,0,0,0,0,0,0,-,-,NA,NA,ORANGE,LAKE FOREST,-117.65233612060548,33.671348571777344
9756500,2024,2024-11-27,3000,2024-10-16,1415,1056,892C7,3,5,5,3028,0,0,0,NA,0,054,JERONIMO RD,MARGUERITE PKWY,37,W,N,B,-,N,NA,NA,NA,NA,NA,NA,NA,NA,NA,Y,4,0,1,2,A,-,21,22106,NA,N,C,C,A,A,H,-,A,A,0,NA,NA,NA,NA,Y,NA,A,07,0,0,1,0,0,0,0,0,0,-,-,33.60715866088867,-117.65560913085938,ORANGE,MISSION VIEJO,-117.65554809570313,33.60713195800781
9757257,2024,2024-12-11,3012,2024-11-15,1753,687,43,5,5,5,3012,0,0,0,NA,0,002,LA HABRA BL,VALLEJO ST,0,NA,Y,A,-,N,NA,NA,NA,NA,NA,NA,NA,NA,NA,N,4,0,1,2,A,-,03,22350,NA,M,C,C,A,A,H,-,C,D,0,NA,NA,NA,NA,Y,NA,A,01,0,0,1,0,0,0,0,0,0,-,-,NA,NA,ORANGE,LA HABRA,-117.92830657958984,33.931880950927734
9758652,2024,2024-12-17,3005,2024-11-26,1242,8272,C19,2,5,4,3005,0,0,0,NA,0,002,ORANGE AV,DENNI ST,0,NA,Y,A,-,N,NA,NA,NA,NA,NA,NA,NA,NA,NA,Y,4,0,1,2,A,-,12,21453,A,N,D,C,A,A,H,-,A,A,0,NA,NA,NA,NA,Y,NA,A,01,0,0,1,0,0,0,0,0,0,-,-,NA,NA,ORANGE,CYPRESS,-118.05454254150392,33.82416915893555
9760910,2024,2024-12-13,3000,2024-10-10,1014,3950,921G6,4,5,4,3049,0,0,0,NA,0,782,PACIFIC PARK DR,LA PAZ RD,52,W,N,A,-,N,NA,NA,NA,NA,NA,NA,NA,NA,NA,Y,3,0,1,2,A,-,08,22100,A,N,B,C,A,A,H,-,A,D,0,NA,NA,NA,NA,Y,NA,A,01,0,1,0,0,0,0,0,0,0,-,-,NA,NA,ORANGE,ALISO VIEJO,-117.70787811279295,33.569252014160156
9761028,2024,2024-12-17,3004,2024-11-26,1402,P736,RD29,2,5,6,3004,0,0,0,NA,0,014,RED HILL AV,PULLMAN ST,0,NA,Y,A,-,N,NA,NA,NA,NA,NA,NA,NA,NA,NA,Y,3,0,3,3,A,-,09,21802,A,N,D,C,A,A,H,-,A,D,0,NA,NA,NA,NA,Y,NA,A,01,0,3,0,0,0,0,0,0,0,-,-,33.68450927734375,-117.86927032470705,ORANGE,COSTA MESA,-117.86939239501952,33.68451690673828
9761124,2024,2025-02-28,3000,2024-11-18,1106,10576,952B2,1,5,5,3028,0,0,0,NA,0,750,AVERY PKWY,RT 5,0,NA,Y,A,-,Y,ORA,12,5,-,-,12.831,R,4,S,Y,3,0,2,3,A,-,09,21453,C,F,D,C,A,A,H,-,A,A,0,NA,NA,NA,NA,Y,NA,D,22,0,2,0,0,0,0,0,0,0,-,SO,NA,NA,ORANGE,MISSION VIEJO,-117.6733169555664,33.545509338378906
9762154,2024,2024-12-16,3009,2024-11-10,1330,0030,135,7,5,6,3009,0,0,0,NA,0,023,HARBOR BL,GARDEN GROVE BL,473,S,N,A,-,N,NA,NA,NA,NA,NA,NA,NA,NA,NA,Y,4,0,1,2,A,-,09,21801,A,N,D,C,A,A,H,-,A,A,0,NA,NA,NA,NA,Y,NA,A,01,0,0,1,0,0,0,0,0,0,-,-,NA,NA,ORANGE,GARDEN GROVE,-117.92050933837892,33.773040771484375
9762756,2024,2024-12-27,3009,2024-11-12,1744,4911,076,2,5,6,3009,0,0,0,NA,0,NA,MAGNOLIA ST,MAYS AV,4,W,N,A,-,N,NA,NA,NA,NA,NA,NA,NA,NA,NA,Y,2,0,1,1,A,-,08,22107,NA,N,E,I,A,A,H,-,C,A,0,NA,NA,NA,NA,Y,NA,A,01,1,0,0,0,0,0,0,0,0,-,-,NA,NA,ORANGE,GARDEN GROVE,-117.97251892089844,33.7636604309082
9762955,2024,2025-02-07,3000,2024-12-14,1408,12970,797J1,6,5,4,3021,0,0,0,NA,0,1408,RT 39,CERRITOS AV,262,S,N,B,-,Y,ORA,12,39,-,-,11.261,H,-,N,Y,3,0,1,2,A,-,08,22107,NA,N,B,C,A,A,H,-,A,A,0,NA,NA,Y,NA,Y,NA,C,02,0,1,0,0,0,0,0,0,1,-,-,33.483299255371094,-117.59349822998048,ORANGE,STANTON,-117.9931182861328,33.81144332885742
9764591,2024,2025-01-28,3000,2024-10-13,1343,11579,921H6,7,5,5,3040,0,0,0,NA,0,1A44,ALISO NIGUEL,MOULTON PKWY,398,E,N,A,-,N,NA,NA,NA,NA,NA,NA,NA,NA,NA,Y,4,0,1,1,A,-,03,22350,NA,N,E,I,A,B,H,-,A,D,0,NA,NA,NA,NA,Y,NA,A,01,0,0,1,0,0,0,0,0,0,-,-,NA,NA,ORANGE,LAGUNA NIGUEL,-117.70092010498048,33.564849853515625
9766725,2025,2025-04-03,3000,2025-03-13,2000,12795,891D5,4,5,4,3045,0,0,0,NA,0,747,LAKE FOREST DR,DEL LAGO DR,0,NA,Y,-,-,N,NA,NA,NA,NA,NA,NA,NA,NA,NA,Y,3,0,3,2,A,-,12,21453,A,N,D,C,A,A,H,-,C,A,0,NA,NA,NA,NA,Y,NA,A,07,0,1,2,0,0,0,0,0,0,-,-,NA,NA,ORANGE,LAGUNA HILLS,-117.72691345214844,33.62901306152344
9767578,2024,2024-12-23,3009,2024-11-20,1316,4917,145,3,5,6,3009,0,0,0,NA,0,023,HARBOR BL,TRASK AV,148,N,N,A,-,N,NA,NA,NA,NA,NA,NA,NA,NA,NA,Y,4,0,1,3,C,-,18,NA,NA,N,B,C,A,A,H,-,A,A,0,NA,NA,NA,NA,Y,NA,-,-,0,0,1,0,0,0,0,0,0,-,-,NA,NA,ORANGE,GARDEN GROVE,-117.92044830322266,33.76750564575195
9767811,2024,2024-12-18,3009,2024-11-18,939,3819,097,1,5,6,3009,0,0,0,NA,0,013,BUSHARD ST,OASIS AV,0,NA,Y,A,-,N,NA,NA,NA,NA,NA,NA,NA,NA,NA,Y,3,0,1,2,A,-,09,21804,A,N,D,C,A,A,H,-,A,A,0,NA,NA,NA,NA,Y,NA,A,01,0,1,0,0,0,0,0,0,0,-,-,NA,NA,ORANGE,GARDEN GROVE,-117.963623046875,33.756290435791016
9769945,2024,2025-01-29,3000,2024-12-23,1942,11707,797J3,1,5,4,3021,0,0,0,NA,0,023,BEACH BL,CHAPMAN AV,1140,N,N,A,-,Y,ORA,12,39,-,-,9.89,H,-,S,N,4,0,1,2,A,-,-,NA,NA,N,G,B,D,A,H,-,C,D,0,Y,NA,NA,NA,Y,NA,N,60,0,0,1,0,1,0,0,0,0,-,-,NA,NA,ORANGE,STANTON,-117.99309539794922,33.791561126708984
9770549,2024,2025-01-03,3004,2024-12-23,2211,P713,RD02,1,5,6,3004,0,0,0,NA,0,009,WILSON ST,PLACENTIA AV,0,NA,Y,A,-,N,NA,NA,NA,NA,NA,NA,NA,NA,NA,N,2,0,1,2,A,-,12,21453,A,N,E,I,A,A,H,-,C,A,0,NA,NA,NA,NA,Y,Y,M,95,1,0,0,0,0,0,0,0,0,-,-,33.65604019165039,-117.93213653564452,ORANGE,COSTA MESA,-117.93215942382813,33.65604782104492
9771756,2024,2025-01-17,3000,2024-12-13,1730,5455,892G4,5,5,4,3048,0,0,0,NA,0,767,SANTA CLARA,ALICIA PKWY,41,W,N,A,-,N,NA,NA,NA,NA,NA,NA,NA,NA,NA,Y,4,0,1,2,A,-,06,21750,NA,N,B,C,A,A,H,-,C,D,0,NA,NA,Y,NA,Y,NA,C,02,0,0,1,0,0,0,0,0,1,-,-,NA,NA,ORANGE,RANCHO SANTA MARGARITA,-117.6242904663086,33.63336944580078
9772535,2024,2025-01-21,3009,2024-12-31,1242,5257,124,2,5,6,3009,0,0,0,NA,0,021,GARDEN GROVE BL,NINA PL,18,E,N,B,-,N,NA,NA,NA,NA,NA,NA,NA,NA,NA,Y,3,0,1,1,A,-,03,22350,NA,N,E,I,A,A,H,-,A,A,0,NA,NA,NA,NA,Y,NA,D,22,0,1,0,0,0,0,0,0,0,-,-,NA,NA,ORANGE,GARDEN GROVE,-117.9318389892578,33.77421951293945
9774257,2024,2025-01-28,3000,2024-11-19,1222,11576,922B5,2,5,5,3028,0,0,0,NA,0,050,CABOT RD,MERIT CIR,41,E,N,A,-,N,NA,NA,NA,NA,NA,NA,NA,NA,NA,Y,3,0,2,2,A,-,09,21802,A,N,D,C,A,A,H,-,A,A,0,NA,NA,NA,NA,Y,NA,D,22,0,1,1,0,0,0,0,0,0,-,-,NA,NA,ORANGE,MISSION VIEJO,-117.67421722412108,33.574031829833984
9774392,2024,2025-01-23,3000,2024-12-09,1632,12744,892F5,1,5,5,3028,0,0,0,NA,0,754,ALICIA PKWY,LANZAROTE,0,NA,Y,A,-,N,NA,NA,NA,NA,NA,NA,NA,NA,NA,Y,3,0,1,2,A,-,09,21801,A,N,D,C,A,A,H,-,B,A,0,NA,NA,NA,NA,Y,NA,D,22,0,1,0,0,0,0,0,0,0,-,-,33.62799835205078,-117.6369400024414,ORANGE,MISSION VIEJO,-117.63778686523438,33.62751770019531
9774641,2024,2025-01-22,3012,2024-11-15,750,716,42,5,5,5,3012,0,0,0,NA,0,004,LAMBERT RD,HARBOR BL,125,W,N,A,-,N,NA,NA,NA,NA,NA,NA,NA,NA,NA,Y,4,0,1,2,A,-,08,22107,NA,N,C,C,A,A,H,-,A,D,0,NA,NA,Y,NA,Y,NA,A,01,0,0,1,0,0,0,0,0,1,-,-,NA,NA,ORANGE,LA HABRA,-117.9334716796875,33.92462158203125
9775227,2024,2025-01-29,3003,2024-12-13,1507,1289,NA,5,5,5,3003,0,0,0,NA,0,NA,HOLDER ST,CERRITOS AV,0,NA,Y,A,-,N,NA,NA,NA,NA,NA,NA,NA,NA,NA,N,4,0,2,3,A,-,09,21801,A,N,A,C,A,A,H,-,A,D,0,NA,NA,NA,NA,Y,NA,A,01,0,0,2,0,0,0,0,0,0,-,-,33.81000900268555,-118.01943969726563,ORANGE,BUENA PARK,-118.01943969726563,33.809913635253906
9777577,2025,2025-03-07,3005,2025-02-13,822,8393,C33,4,5,4,3005,0,0,0,NA,0,003,WALKER ST,CERRITOS AV,252,S,N,C,-,N,NA,NA,NA,NA,NA,NA,NA,NA,NA,N,3,0,1,2,A,-,07,21658,A,N,C,C,A,B,H,-,A,D,0,NA,NA,NA,NA,Y,NA,A,08,0,1,0,0,0,0,0,0,0,-,-,NA,NA,ORANGE,CYPRESS,-118.03694915771484,33.809547424316406
9779970,2025,2025-04-28,3000,2025-02-01,628,11894,3000,6,5,4,3021,0,0,0,NA,0,2A21,BEACH BL,ORANGEWOOD AV,150,NA,N,A,-,Y,ORA,12,39,-,-,10.2,H,-,N,N,3,0,1,2,A,-,08,22107,NA,N,B,C,A,A,H,-,B,A,0,NA,NA,NA,NA,Y,NA,D,22,0,1,0,0,0,0,0,0,0,-,-,NA,NA,ORANGE,STANTON,-117.99292755126952,33.79607391357422
9780206,2025,2025-03-14,3000,2025-02-28,1205,10321,992J4,5,5,5,3017,0,0,0,NA,0,6M75,AVENIDA PRESIDIO,AVENIDA DE LA ESTRELLA,0,NA,Y,B,-,N,NA,NA,NA,NA,NA,NA,NA,NA,NA,Y,3,0,2,2,A,-,09,21801,A,N,D,C,A,A,H,-,A,D,0,NA,NA,NA,NA,Y,NA,A,01,0,1,1,0,0,0,0,0,0,-,-,NA,NA,ORANGE,SAN CLEMENTE,-117.61090850830078,33.42654800415039
9782216,2025,2025-02-06,3000,2025-01-10,1523,12971,952B6,5,5,4,3018,0,0,0,NA,0,7A31,CAMINO CAPISTRANO,JUNIPERO SERRA RD,8,S,N,B,-,N,NA,NA,NA,NA,NA,NA,NA,NA,NA,N,2,0,1,2,A,-,12,21453,A,N,D,G,A,A,H,-,A,A,0,NA,Y,NA,NA,Y,NA,L,04,1,0,0,0,0,0,1,0,0,-,-,NA,NA,ORANGE,SAN JUAN CAPISTRANO,-117.669677734375,33.51987838745117
9782565,2025,2025-02-21,3012,2025-01-02,1129,686,13,4,5,5,3012,0,0,0,NA,0,001,LA HABRA BL,DEXFORD DR,5,W,N,A,-,N,NA,NA,NA,NA,NA,NA,NA,NA,NA,Y,3,0,2,3,A,-,08,22107,NA,N,B,C,A,A,H,-,A,A,0,NA,NA,NA,NA,Y,NA,A,01,0,1,1,0,0,0,0,0,0,-,-,NA,NA,ORANGE,LA HABRA,-117.97328948974608,33.931861877441406
9782606,2024,2025-02-24,3012,2024-12-20,1550,653,NA,5,5,5,3012,0,0,0,NA,0,003,IDAHO ST,LAS LOMAS DR,0,NA,Y,A,-,N,NA,NA,NA,NA,NA,NA,NA,NA,NA,N,4,0,1,2,A,-,08,22107,NA,M,D,B,B,A,H,-,A,A,0,Y,NA,NA,NA,Y,NA,A,08,0,0,1,0,1,0,0,0,0,-,-,NA,NA,ORANGE,LA HABRA,-117.95919036865234,33.921504974365234
9782912,2025,2025-03-14,3004,2025-01-08,1727,P683,RD02,3,5,6,3004,0,0,0,NA,0,001,NEWPORT BL,INDUSTRIAL WY,435,N,N,A,-,Y,ORA,12,55,-,-,1.1,H,-,N,Y,3,0,3,4,A,-,01,23152,A,N,C,C,A,A,H,-,C,D,0,NA,NA,NA,NA,Y,Y,A,01,0,1,2,0,0,0,0,0,0,-,-,33.630680084228516,-117.92548370361328,ORANGE,COSTA MESA,-117.923828125,33.631832122802734
9785592,2025,2025-02-26,3009,2025-02-12,237,4915,075,3,5,6,3009,0,0,0,NA,0,013,MAGNOLIA ST,INGRAM AV,95,N,N,A,-,N,NA,NA,NA,NA,NA,NA,NA,NA,NA,N,2,0,1,1,A,-,08,22107,NA,N,A,I,A,A,H,-,C,A,0,NA,NA,NA,NA,Y,NA,D,22,1,0,0,0,0,0,0,0,0,-,-,NA,NA,ORANGE,GARDEN GROVE,-117.97251129150392,33.76118087768555
9785614,2025,2025-02-25,3009,2025-02-07,1207,4719,154,5,5,6,3009,0,0,0,NA,0,2-2,LAMPSON AV,SUNGROVE CIR,29,E,N,C,-,N,NA,NA,NA,NA,NA,NA,NA,NA,NA,Y,4,0,2,2,A,-,08,22100,B,N,D,C,A,B,H,-,A,A,0,NA,NA,NA,NA,Y,NA,A,08,0,0,2,0,0,0,0,0,0,-,-,NA,NA,ORANGE,GARDEN GROVE,-117.90885162353516,33.78168869018555
9786095,2023,2025-04-15,3008,2023-03-26,607,1573,ZONE2,7,5,6,3008,0,0,0,NA,0,NA,HARBOR BL,ORANGEFAIR MALL,27,N,N,A,-,N,NA,NA,NA,NA,NA,NA,NA,NA,NA,N,1,1,0,2,A,-,11,21954,A,N,G,B,E,A,H,-,C,A,0,Y,NA,NA,NA,Y,NA,N,60,0,0,0,1,0,0,0,0,0,-,-,NA,NA,ORANGE,FULLERTON,-117.9243621826172,33.85638427734375
9786098,2023,2025-07-23,3008,2023-11-14,1711,1573,ZONE1,2,5,6,3008,0,0,0,NA,0,NA,BROOKHURST RD,OAK AV,10,S,N,A,-,N,NA,NA,NA,NA,NA,NA,NA,NA,NA,Y,1,1,0,3,A,-,11,21950,B,N,G,B,B,A,H,-,B,A,0,Y,NA,NA,NA,Y,Y,N,60,0,0,0,1,0,0,0,0,0,-,-,NA,NA,ORANGE,FULLERTON,-117.95937347412108,33.86416244506836
9786231,2024,2025-05-07,3012,2024-12-19,1219,611,13,4,5,5,3012,0,0,0,NA,0,001,BEACH BL,WHITTIER BL,0,NA,Y,A,-,Y,ORA,12,39,-,-,20.719,I,5,S,Y,1,1,0,2,A,-,10,21950,A,N,-,B,B,A,H,-,A,A,0,Y,NA,NA,NA,Y,NA,-,NA,0,0,0,1,0,0,0,0,0,-,-,NA,NA,ORANGE,LA HABRA,-117.96794128417967,33.939842224121094
9786246,2024,2025-05-03,3005,2024-11-07,915,8272,C28,4,5,4,3005,0,0,0,NA,0,003,CERRITOS AV,CAMDEN DR,342,W,N,A,-,N,NA,NA,NA,NA,NA,NA,NA,NA,NA,Y,1,1,0,1,A,-,08,22107,NA,N,E,I,A,A,H,-,A,D,0,NA,NA,NA,NA,Y,NA,A,01,0,0,0,0,0,0,0,0,0,-,-,NA,NA,ORANGE,CYPRESS,-118.03235626220705,33.81021499633789
9786252,2024,2025-05-03,3024,2024-08-25,2213,224,P-20,7,5,5,3024,0,0,0,NA,0,EAST,WESTMINSTER BL,SHIRLEY ST,0,NA,N,A,-,N,NA,NA,NA,NA,NA,NA,NA,NA,NA,N,1,1,0,2,A,-,03,22350,NA,F,G,B,D,A,H,-,C,D,0,Y,NA,NA,NA,Y,NA,A,01,0,0,0,1,0,0,0,0,0,-,-,33.75851058959961,-117.97881317138672,ORANGE,WESTMINSTER,-117.97624206542967,33.759376525878906
9787635,2025,2025-05-14,3000,2025-02-23,1516,11659,922B7,7,5,5,3028,0,0,0,NA,0,1A56,CROWN VALLEY,RT 5,0,NA,Y,A,-,Y,ORA,12,5,-,-,13.572,R,1,N,N,4,0,1,2,B,-,22,NA,NA,N,D,G,A,A,H,-,A,A,0,NA,Y,NA,NA,Y,NA,L,04,0,0,1,0,0,0,1,0,0,-,-,NA,NA,ORANGE,MISSION VIEJO,-117.6728057861328,33.556278228759766
9788552,2025,2025-05-08,3005,2025-04-17,1918,8337,C21,4,5,4,3005,0,0,0,NA,0,002,WALKER ST,ROME AV,23,N,N,A,-,N,NA,NA,NA,NA,NA,NA,NA,NA,NA,Y,3,0,2,2,A,-,09,21801,A,N,D,C,A,A,H,-,B,D,0,NA,NA,NA,NA,Y,NA,A,01,0,1,1,0,0,0,0,0,0,-,-,NA,NA,ORANGE,CYPRESS,-118.03684997558594,33.81977462768555
9789179,2025,2025-04-01,3005,2025-03-01,1247,8269,C13,6,5,4,3005,0,0,0,NA,0,001,BLOOMFIELD ST,LINCOLN AV,300,S,N,A,-,N,NA,NA,NA,NA,NA,NA,NA,NA,NA,Y,2,0,2,2,A,-,03,22350,NA,N,C,D,A,A,H,-,A,D,0,NA,NA,Y,NA,Y,NA,C,02,1,0,1,0,0,0,0,0,1,-,-,NA,NA,ORANGE,CYPRESS,-118.06127166748048,33.83074951171875
9790532,2025,2025-03-13,3000,2025-02-05,805,12971,972D1,3,5,4,3018,0,0,0,NA,0,7A30,ORTEGA HWY,RANCHO VIEJO RD,0,NA,Y,A,-,N,NA,NA,NA,NA,NA,NA,NA,NA,NA,N,4,0,1,2,A,-,05,21651,B,N,D,G,A,A,H,-,A,A,0,NA,Y,NA,NA,Y,NA,L,04,0,0,1,0,0,0,1,0,0,-,-,NA,NA,ORANGE,SAN JUAN CAPISTRANO,-117.65476989746094,33.50360870361328
9792332,2025,2025-03-14,3009,2025-01-30,2005,3976,WEST,4,5,6,3009,0,0,0,NA,0,011,GARDEN GROVE BL,JOSEPHINE ST,375,E,N,A,-,N,NA,NA,NA,NA,NA,NA,NA,NA,NA,Y,4,0,3,2,A,-,08,22107,NA,N,B,C,A,A,H,-,C,D,0,NA,NA,NA,NA,Y,NA,I,11,0,0,3,0,0,0,0,0,0,-,-,NA,NA,ORANGE,GARDEN GROVE,-117.97838592529295,33.77396011352539
9793871,2025,2025-03-19,3000,2025-02-06,804,5377,951F1,4,5,5,3040,0,0,0,NA,0,741,ALISO CREEK,ALICIA PKWY,0,NA,Y,C,-,N,NA,NA,NA,NA,NA,NA,NA,NA,NA,N,3,0,1,2,A,-,05,21650,1,N,H,G,A,B,H,-,A,A,0,NA,Y,NA,NA,Y,NA,M,91,0,1,0,0,0,0,1,0,0,-,-,NA,NA,ORANGE,LAGUNA NIGUEL,-117.71804809570313,33.55544662475586
9794460,2025,2025-03-25,3004,2025-02-26,1342,P633,RD18,3,5,6,3004,0,0,0,NA,0,015,PEMBA DR,SAMAR DR,40,N,N,A,-,N,NA,NA,NA,NA,NA,NA,NA,NA,NA,N,4,0,1,2,A,-,01,23152,A,M,B,E,A,A,H,-,A,D,0,NA,NA,NA,NA,Y,Y,K,45,0,0,1,0,0,0,0,0,0,-,-,33.675689697265625,-117.93186950683594,ORANGE,COSTA MESA,-117.93172454833984,33.67570114135742
9797566,2025,2025-04-16,3004,2025-03-27,1455,P462,RD11,4,5,6,3004,0,0,0,NA,0,012,VICTORIA ST,DOCTORS CIR,0,NA,Y,A,-,N,NA,NA,NA,NA,NA,NA,NA,NA,NA,N,3,0,1,2,A,-,09,21804,A,N,G,B,D,A,H,-,A,D,0,Y,NA,NA,NA,Y,NA,N,60,0,1,0,0,1,0,0,0,0,-,-,33.65256118774414,-117.91226959228516,ORANGE,COSTA MESA,-117.91290283203124,33.652618408203125
9798509,2025,2025-06-09,3005,2025-05-25,239,8332,C41,7,5,4,3005,0,0,0,NA,0,003,HOLDER ST,SAN ANDRES AV,595,N,N,A,-,N,NA,NA,NA,NA,NA,NA,NA,NA,NA,Y,3,0,1,1,A,-,01,23152,A,N,E,I,A,A,H,-,C,D,0,NA,NA,NA,NA,Y,Y,A,01,0,1,0,0,0,0,0,0,0,-,-,NA,NA,ORANGE,CYPRESS,-118.0197525024414,33.79920959472656
9800389,2025,2025-04-25,3009,2025-03-17,1420,4731,153,1,5,6,3009,0,0,0,NA,0,022,CHAPMAN AV,BAYPORT ST,312,W,N,A,-,N,NA,NA,NA,NA,NA,NA,NA,NA,NA,N,3,0,1,2,A,-,10,21954,B,N,G,B,D,A,H,-,A,D,0,Y,NA,NA,NA,Y,NA,A,01,0,1,0,0,1,0,0,0,0,-,-,NA,NA,ORANGE,GARDEN GROVE,-117.90438079833984,33.788841247558594
9800830,2025,2025-05-20,3003,2025-04-25,2334,1244,NA,5,5,5,3003,0,0,0,NA,0,001,LA MIRADA BL,ALONDRA BL,0,NA,Y,A,-,N,NA,NA,NA,NA,NA,NA,NA,NA,NA,Y,3,0,1,2,A,-,08,22107,NA,N,A,C,A,A,H,-,C,A,0,NA,NA,NA,NA,Y,NA,A,01,0,1,0,0,0,0,0,0,0,-,-,NA,NA,ORANGE,BUENA PARK,-117.9993896484375,33.88816833496094
9800872,2025,2025-05-22,3002,2025-04-29,1721,12602,740B4,2,5,5,3025,0,0,0,NA,0,001,IMPERIAL HWY,OLINDA ST,246,E,N,A,-,N,NA,NA,NA,NA,NA,NA,NA,NA,NA,Y,4,0,1,3,A,-,08,22107,NA,N,B,C,A,A,H,-,A,D,0,NA,NA,NA,NA,Y,NA,-,-,0,0,1,0,0,0,0,0,0,-,-,NA,NA,ORANGE,YORBA LINDA,-117.81438446044922,33.889739990234375
9802806,2025,2025-05-02,3000,2025-03-21,1017,12644,862B5,5,5,5,3050,0,0,0,NA,0,065,TOWNE CENTRE DR,ALTON PKWY,41,N,N,A,-,N,NA,NA,NA,NA,NA,NA,NA,NA,NA,N,4,0,2,2,A,-,21,22106,NA,F,C,C,A,A,H,-,A,A,0,NA,NA,NA,NA,Y,NA,D,22,0,0,2,0,0,0,0,0,0,-,-,NA,NA,ORANGE,LAKE FOREST,-117.67790985107422,33.678070068359375
9803088,2025,2025-04-23,3013,2025-04-01,2109,245,L09,2,5,3,3013,0,0,0,NA,0,005,KATELLA AV,LEXINGTON DR,0,NA,Y,A,-,N,NA,NA,NA,NA,NA,NA,NA,NA,NA,N,3,0,1,2,-,-,-,NA,A,N,D,C,A,A,H,-,C,A,0,NA,NA,NA,NA,Y,NA,-,-,0,1,0,0,0,0,0,0,0,-,-,NA,NA,ORANGE,LOS ALAMITOS,-118.0544204711914,33.803009033203125