CASE_ID,ACCIDENT_YEAR,PROC_DATE,JURIS,COLLISION_DATE,COLLISION_TIME,OFFICER_ID,REPORTING_DISTRICT,DAY_OF_WEEK,CHP_SHIFT,POPULATION,CNTY_CITY_LOC,SPECIAL_COND,BEAT_TYPE,CHP_BEAT_TYPE,CITY_DIVISION_LAPD,CHP_BEAT_CLASS,BEAT_NUMBER,PRIMARY_RD,SECONDARY_RD,DISTANCE,DIRECTION,INTERSECTION,WEATHER_1,WEATHER_2,STATE_HWY_IND,CALTRANS_COUNTY,CALTRANS_DISTRICT,STATE_ROUTE,ROUTE_SUFFIX,POSTMILE_PREFIX,POSTMILE,LOCATION_TYPE,RAMP_INTERSECTION,SIDE_OF_HWY,TOW_AWAY,COLLISION_SEVERITY,NUMBER_KILLED,NUMBER_INJURED,PARTY_COUNT,PRIMARY_COLL_FACTOR,PCF_CODE_OF_VIOL,PCF_VIOL_CATEGORY,PCF_VIOLATION,PCF_VIOL_SUBSECTION,HIT_AND_RUN,TYPE_OF_COLLISION,MVIW,PED_ACTION,ROAD_SURFACE,ROAD_COND_1,ROAD_COND_2,LIGHTING,CONTROL_DEVICE,CHP_ROAD_TYPE,PEDESTRIAN_ACCIDENT,BICYCLE_ACCIDENT,MOTORCYCLE_ACCIDENT,TRUCK_ACCIDENT,NOT_PRIVATE_PROPERTY,ALCOHOL_INVOLVED,STWD_VEHTYPE_AT_FAULT,CHP_VEHTYPE_AT_FAULT,COUNT_SEVERE_INJ,COUNT_VISIBLE_INJ,COUNT_COMPLAINT_PAIN,COUNT_PED_KILLED,COUNT_PED_INJURED,COUNT_BICYCLIST_KILLED,COUNT_BICYCLIST_INJURED,COUNT_MC_KILLED,COUNT_MC_INJURED,PRIMARY_RAMP,SECONDARY_RAMP,LATITUDE,LONGITUDE,COUNTY,CITY,POINT_X,POINT_Y
9873765,2025,2025-09-17,3009,2025-08-25,1704,3294,134,1,5,6,3009,0,0,0,NA,0,021,GARDEN GROVE BL,SAFFORD ST,118,N,N,B,-,N,NA,NA,NA,NA,NA,NA,NA,NA,NA,Y,4,0,1,2,A,-,07,21658,A,N,B,C,A,A,H,-,A,D,0,NA,NA,NA,NA,Y,NA,A,01,0,0,1,0,0,0,0,0,0,-,-,NA,NA,ORANGE,GARDEN GROVE,-117.93035125732422,33.77436447143555
9873978,2025,2025-10-10,3000,2025-06-21,1245,11730,NA,6,5,4,3045,0,0,0,NA,0,921G4,ALICIA PKWY,MOULTON PKY,105,E,N,A,-,N,NA,NA,NA,NA,NA,NA,NA,NA,NA,Y,3,0,2,2,A,-,03,22350,NA,N,C,C,A,A,H,-,A,A,0,NA,NA,NA,NA,Y,NA,A,01,0,1,1,0,0,0,0,0,0,-,-,NA,NA,ORANGE,LAGUNA HILLS,-117.70671081542967,33.58383560180664
9875307,2025,2025-10-27,3012,2025-09-29,712,686,22,1,5,5,3012,0,0,0,NA,0,002,HARBOR BL,EDISON POLE #4576139E,45,N,N,A,-,N,NA,NA,NA,NA,NA,NA,NA,NA,NA,Y,3,0,2,2,A,-,09,21801,A,N,D,C,A,A,H,-,A,A,0,NA,NA,NA,NA,Y,NA,A,07,0,1,1,0,0,0,0,0,0,-,-,NA,NA,ORANGE,LA HABRA,NA,NA
9875330,2025,2025-10-28,3012,2025-08-22,952,705,22,5,5,5,3012,0,0,0,NA,0,002,HARBOR BL,WHITTIER BL,325,N,N,A,-,N,NA,NA,NA,NA,NA,NA,NA,NA,NA,Y,4,0,1,3,A,-,03,22350,NA,N,C,C,A,A,H,-,A,A,0,NA,NA,NA,NA,Y,NA,A,08,0,0,1,0,0,0,0,0,0,-,-,NA,NA,ORANGE,LA HABRA,-117.93306732177734,33.94000244140625
9875331,2025,2025-11-04,3012,2025-08-01,1016,705,25,5,5,5,3012,0,0,0,NA,0,002,EUCLID ST,ROSE AV,35,N,N,A,-,N,NA,NA,NA,NA,NA,NA,NA,NA,NA,Y,4,0,1,1,A,-,01,23152,A,N,E,A,A,A,H,-,A,D,0,NA,NA,NA,NA,Y,Y,A,07,0,0,1,0,0,0,0,0,0,-,-,NA,NA,ORANGE,LA HABRA,-117.94614410400392,33.93602752685547
9876105,2025,2025-10-06,3000,2025-09-08,1719,10077,891J5,1,5,5,3050,0,0,0,NA,0,061,LOS ALISOS BL,2ND ST,0,NA,Y,A,-,N,NA,NA,NA,NA,NA,NA,NA,NA,NA,N,2,0,1,2,A,-,05,21650,1,F,D,G,A,A,H,-,A,A,0,NA,Y,NA,NA,Y,Y,L,04,1,0,0,0,0,0,1,0,0,-,-,NA,NA,ORANGE,LAKE FOREST,-117.68320465087892,33.62478256225586
9879189,2025,2025-11-12,3000,2025-07-07,1304,5163,992H3,1,5,5,3017,0,0,0,NA,0,777,AVENIDA PICO,RT 5,0,NA,Y,A,-,Y,ORA,12,5,-,-,3.271,R,4,N,N,4,0,1,2,A,-,12,21453,NA,N,D,C,A,A,H,-,A,A,0,NA,NA,NA,NA,Y,NA,D,22,0,0,1,0,0,0,0,0,0,-,NF,NA,NA,ORANGE,SAN CLEMENTE,-117.62032318115234,33.4378547668457
9882410,2025,2025-10-21,3000,2025-09-14,2009,5455,892H3,7,5,4,3048,0,0,0,NA,0,767,SANTA MARGARITA PKWY,ALICIA PKWY,134,E,N,A,-,N,NA,NA,NA,NA,NA,NA,NA,NA,NA,Y,3,0,1,2,A,-,01,23152,A,N,D,C,A,A,H,-,A,A,0,NA,NA,NA,NA,Y,Y,A,01,0,1,0,0,0,0,0,0,0,-,-,NA,NA,ORANGE,RANCHO SANTA MARGARITA,-117.6186065673828,33.63843536376953
9882432,2025,2025-10-21,3000,2025-09-10,1540,9696,921G6,3,5,5,3040,0,0,0,NA,0,743,ALISO NIGUEL,CAMINO BAGA,0,NA,Y,A,-,N,NA,NA,NA,NA,NA,NA,NA,NA,NA,N,2,0,1,2,A,-,09,21801,A,N,H,G,A,A,H,-,A,A,0,NA,Y,NA,NA,Y,NA,M,91,1,0,0,0,0,0,1,0,0,-,-,NA,NA,ORANGE,LAGUNA NIGUEL,-117.70507049560548,33.569278717041016
9882827,2025,2025-11-17,3004,2025-10-13,1440,P462,RD18,1,5,6,3004,0,0,0,NA,0,011,ADAMS AV,ALBATROSS DR,60,W,N,A,-,N,NA,NA,NA,NA,NA,NA,NA,NA,NA,Y,3,0,1,2,A,-,03,22350,NA,M,C,C,A,A,H,-,A,A,0,NA,NA,NA,NA,Y,Y,D,22,0,1,0,0,0,0,0,0,0,-,-,33.672489166259766,-117.94058990478516,ORANGE,COSTA MESA,-117.94077301025392,33.67244338989258
9883591,2025,2025-11-03,3009,2025-10-15,638,4731,156,3,5,6,3009,0,0,0,NA,0,023,WESTMINSTER AV,ROXEY DR,0,NA,Y,A,-,N,NA,NA,NA,NA,NA,NA,NA,NA,NA,N,3,0,1,2,A,-,08,22107,NA,N,D,G,A,A,H,-,A,D,0,NA,Y,Y,NA,Y,NA,C,03,0,1,0,0,0,0,1,0,0,-,-,NA,NA,ORANGE,GARDEN GROVE,-117.90930938720705,33.75978469848633
9883994,2025,2025-11-04,3000,2025-08-25,1336,10077,891H6,1,5,5,3050,0,0,0,NA,0,061,MUIRLANDS BL,ORANGE AV,195,N,N,A,-,N,NA,NA,NA,NA,NA,NA,NA,NA,NA,Y,3,0,2,2,A,-,09,21801,A,N,D,C,A,A,H,-,A,A,0,NA,NA,NA,NA,Y,NA,A,08,0,1,1,0,0,0,0,0,0,-,-,NA,NA,ORANGE,LAKE FOREST,-117.69618225097656,33.622135162353516
9884184,2025,2025-12-08,3004,2025-10-03,1154,P691,RD09,5,5,6,3004,0,0,0,NA,0,015,WALLACE AV,20TH ST,395,N,N,A,-,N,NA,NA,NA,NA,NA,NA,NA,NA,NA,N,4,0,1,1,A,-,03,22350,NA,N,E,I,A,A,H,-,A,D,0,NA,NA,NA,NA,Y,NA,M,94,0,0,1,0,0,0,0,0,0,-,-,33.64712905883789,-117.92991638183594,ORANGE,COSTA MESA,-117.92989349365234,33.648101806640625
9884873,2025,2025-11-24,3003,2025-09-19,500,1327,NA,5,5,5,3003,0,0,0,NA,0,001,BEACH BL,MALVERN AV,99,S,-,A,-,Y,ORA,12,39,-,-,16.36,H,-,S,Y,4,0,1,2,A,-,04,21703,NA,N,C,C,A,A,H,-,C,D,0,NA,NA,NA,Y,Y,NA,A,07,0,0,1,0,0,0,0,0,0,-,-,33.529998779296875,-117.58999633789063,ORANGE,BUENA PARK,-117.99570465087892,33.88434982299805
9885205,2025,2025-12-03,3004,2025-10-21,2029,P725,RD22,2,5,6,3004,0,0,0,NA,0,010,BAKER ST,JEFFREY DR,90,W,N,A,-,N,NA,NA,NA,NA,NA,NA,NA,NA,NA,N,3,0,1,2,A,-,08,22107,NA,N,H,G,A,A,H,-,C,D,0,NA,Y,NA,NA,Y,NA,A,01,0,1,0,0,0,0,1,0,0,-,-,33.68009948730469,-117.89089965820313,ORANGE,COSTA MESA,-117.89112854003906,33.68012237548828
9888498,2025,2025-11-06,3003,2025-09-20,1939,1308,NA,6,5,5,3003,0,0,0,NA,0,003,ORANGETHORPE AV,AUTO CENTER DR,342,E,N,A,-,N,NA,NA,NA,NA,NA,NA,NA,NA,NA,Y,4,0,1,2,A,-,01,23152,A,N,C,C,A,A,H,-,C,D,0,NA,NA,NA,NA,Y,Y,A,01,0,0,1,0,0,0,0,0,0,-,-,35.85900115966797,-117.9800033569336,ORANGE,BUENA PARK,-117.98016357421876,33.85909652709961
9888501,2025,2025-11-06,3000,2025-09-27,2250,12795,921G2,6,5,4,3045,0,0,0,NA,0,747,PASEO DE VALENCIA,LOS ALISOS BL,481,S,N,A,-,N,NA,NA,NA,NA,NA,NA,NA,NA,NA,Y,4,0,1,1,A,-,01,23152,A,N,E,I,A,A,H,-,C,D,0,NA,NA,NA,NA,Y,Y,A,01,0,0,1,0,0,0,0,0,0,-,-,NA,NA,ORANGE,LAGUNA HILLS,-117.70301818847656,33.603538513183594
9888804,2025,2025-11-13,3000,2025-10-04,1505,12844,921G1,6,5,4,3045,0,0,0,NA,0,746,PASEO DE VALENCIA,CALLE DE LOS CABALLEROS,0,NA,Y,A,-,N,NA,NA,NA,NA,NA,NA,NA,NA,NA,Y,3,0,1,2,A,-,09,21801,A,N,D,C,A,A,H,-,A,D,0,NA,NA,NA,NA,Y,NA,A,01,0,1,0,0,0,0,0,0,0,-,-,NA,NA,ORANGE,LAGUNA HILLS,-117.70654296875,33.606529235839844
9889843,2025,2025-12-31,3005,2025-12-02,506,8337,C16,2,5,4,3005,0,0,0,NA,0,001,WALKER ST,NELSON ST,17,S,N,A,-,N,NA,NA,NA,NA,NA,NA,NA,NA,NA,Y,3,0,1,2,A,-,09,21804,A,N,D,C,A,A,H,-,C,D,0,NA,NA,NA,NA,Y,NA,A,01,0,1,0,0,0,0,0,0,0,-,-,NA,NA,ORANGE,CYPRESS,-118.03697967529295,33.828914642333984
9891152,2025,2025-12-17,3004,2025-11-12,1851,P760,RD88,3,5,6,3004,0,0,0,NA,0,002,NEWPORT BL,MESA DR,0,NA,Y,A,-,N,NA,NA,NA,NA,NA,NA,NA,NA,NA,Y,3,0,1,2,A,-,09,21806,A,N,D,C,A,A,H,-,C,A,0,NA,NA,NA,NA,Y,NA,A,07,0,1,0,0,0,0,0,0,0,-,-,33.66566848754883,-117.894287109375,ORANGE,COSTA MESA,-117.895263671875,33.66632843017578
9892636,2025,2025-12-15,3009,2025-11-06,744,3976,42,4,5,6,3009,0,0,0,NA,0,011,CHAMPMAN AV,KNOTT ST,12,W,N,A,-,N,NA,NA,NA,NA,NA,NA,NA,NA,NA,N,3,0,1,2,A,-,08,22107,NA,N,H,G,A,A,H,-,A,A,0,NA,Y,NA,NA,Y,NA,A,07,0,1,0,0,0,0,1,0,0,-,-,NA,NA,ORANGE,GARDEN GROVE,-118.01116943359376,33.78830337524414
9892724,2025,2025-12-10,3009,2025-11-14,2140,4429,075,5,5,6,3009,0,0,0,NA,0,013,TRASK AV,PEPPERDINE LN,45,E,N,C,-,N,NA,NA,NA,NA,NA,NA,NA,NA,NA,Y,3,0,1,3,A,-,03,22350,NA,N,C,C,A,B,H,-,C,D,0,NA,NA,NA,NA,Y,Y,D,22,0,1,0,0,0,0,0,0,0,-,-,NA,NA,ORANGE,GARDEN GROVE,-117.97116088867188,33.76668167114258
9893031,2025,2025-12-16,3003,2025-11-22,1846,1308,NA,6,5,5,3003,0,0,0,NA,0,NA,BEACH BL,LA PALMA AV,653,N,N,A,-,N,NA,NA,NA,NA,NA,NA,NA,NA,NA,Y,2,0,1,2,A,-,08,22107,NA,N,D,C,A,A,H,-,C,D,0,NA,NA,Y,NA,Y,NA,A,01,1,0,0,0,0,0,0,0,1,-,-,33.84859848022461,-117.997802734375,ORANGE,BUENA PARK,-117.99783325195313,33.848388671875
9893460,2025,2025-12-19,3002,2025-10-31,1647,10165,740C4,5,5,5,3025,0,0,0,NA,0,001,YORBA LINDA BL,LAKEVIEW AV,340,E,N,A,-,N,NA,NA,NA,NA,NA,NA,NA,NA,NA,N,4,0,1,2,A,-,09,21801,NA,N,D,C,A,A,H,-,A,A,0,NA,NA,NA,NA,Y,NA,A,07,0,0,1,0,0,0,0,0,0,-,-,NA,NA,ORANGE,YORBA LINDA,-117.810302734375,33.888519287109375
9894046,2025,2026-01-16,3004,2025-12-07,233,P745,RD01,7,5,6,3004,0,0,0,NA,0,001,NEWPORT BL,19TH ST,33,S,N,A,-,Y,ORA,12,55,-,-,2.021,I,6,N,N,3,0,2,2,A,-,01,23152,A,N,C,C,A,A,H,-,C,A,0,NA,NA,NA,NA,Y,Y,A,07,0,1,1,0,0,0,0,0,0,-,-,33.643348693847656,-117.91635894775392,ORANGE,COSTA MESA,-117.91651153564452,33.64330291748047
9894958,2025,2025-12-30,3009,2025-12-09,1151,5050,115,2,5,6,3009,0,0,0,NA,0,023,EUCLID ST,TRASK AV,61,S,N,A,-,N,NA,NA,NA,NA,NA,NA,NA,NA,NA,N,3,0,1,3,A,-,10,21950,A,N,G,B,F,A,H,-,A,D,0,Y,NA,NA,NA,Y,NA,A,01,0,1,0,0,1,0,0,0,0,-,-,NA,NA,ORANGE,GARDEN GROVE,-117.9378662109375,33.76677322387695
9895202,2025,2025-12-31,3012,2025-11-03,1026,686,42,1,5,5,3012,0,0,0,NA,0,004,HARBOR BL,3RD AV,0,NA,Y,A,-,N,NA,NA,NA,NA,NA,NA,NA,NA,NA,Y,4,0,2,2,A,-,08,22100,A,N,D,C,A,A,H,-,A,A,0,NA,NA,NA,NA,Y,NA,A,01,0,0,2,0,0,0,0,0,0,-,-,NA,NA,ORANGE,LA HABRA,-117.93304443359376,33.9293327331543
9895363,2025,2026-01-02,3012,2025-08-24,1001,735,33,7,5,5,3012,0,0,0,NA,0,003,W LA HABRA,MARIAN,25,E,N,A,-,N,NA,NA,NA,NA,NA,NA,NA,NA,NA,N,3,0,1,2,A,-,09,21804,B,N,D,G,A,A,-,-,A,D,0,NA,Y,NA,NA,Y,NA,A,01,0,1,0,0,0,0,1,0,0,-,-,NA,NA,ORANGE,LA HABRA,-117.95736694335938,33.93185043334961
9895414,2025,2026-01-07,3000,2025-11-13,1330,9680,952A1,4,5,5,3040,0,0,0,NA,0,741,CROWN VALLEY PKWY,CABOT RD,22,W,N,A,-,N,NA,NA,NA,NA,NA,NA,NA,NA,NA,Y,4,0,2,2,A,-,12,21453,A,N,D,C,A,A,H,-,A,A,0,NA,NA,NA,NA,Y,NA,A,01,0,0,2,0,0,0,0,0,0,-,-,NA,NA,ORANGE,LAGUNA NIGUEL,-117.67913818359376,33.55706787109375
9895446,2025,2026-02-13,3000,2025-12-18,1705,11797,993A5,4,5,5,3017,0,0,0,NA,0,775,SOUTH EL CAMINO REAL,RT 5,0,NA,Y,A,-,Y,ORA,12,5,-,-,1.912,R,4,S,N,3,0,1,2,A,-,05,21650,1,N,A,G,A,A,H,-,B,A,0,NA,Y,NA,NA,Y,NA,M,91,0,1,0,0,0,0,1,0,0,-,SF,NA,NA,ORANGE,SAN CLEMENTE,-117.60749816894533,33.421669006347656
9900611,2025,2025-12-24,3013,2025-11-02,1230,260,L10,7,5,3,3013,0,0,0,NA,0,004,KATELLA AV,TICONDEROGA AV,415,E,N,A,-,N,NA,NA,NA,NA,NA,NA,NA,NA,NA,Y,2,0,2,3,A,-,03,22350,NA,N,C,C,A,A,H,-,A,D,0,NA,NA,NA,NA,Y,NA,A,01,1,0,1,0,0,0,0,0,0,-,-,NA,NA,ORANGE,LOS ALAMITOS,-118.0474090576172,33.802825927734375
9900644,2025,2025-12-24,3000,2025-09-28,235,11251,798B1,7,5,4,3021,0,0,0,NA,0,022,MAGNOLIA AV,CERRITOS AV,145,N,N,A,-,N,NA,NA,NA,NA,NA,NA,NA,NA,NA,Y,4,0,1,2,A,-,01,23152,A,N,B,E,A,A,H,-,C,D,0,NA,NA,NA,NA,Y,Y,A,01,0,0,1,0,0,0,0,0,0,-,-,NA,NA,ORANGE,STANTON,-117.97576904296876,33.810768127441406
9901187,2025,2025-12-30,3000,2025-12-13,1805,12177,972C5,6,5,4,3018,0,0,0,NA,0,730,VIA LA MIRADA,AVENIDA CALITA,122,N,N,A,-,N,NA,NA,NA,NA,NA,NA,NA,NA,NA,N,2,0,2,2,A,-,03,22350,NA,N,C,E,A,A,H,-,C,D,0,NA,Y,NA,NA,Y,NA,L,04,1,0,1,0,0,0,2,0,0,-,-,NA,NA,ORANGE,SAN JUAN CAPISTRANO,-117.66217041015624,33.47515869140625
9901697,2025,2026-01-02,3000,2025-10-12,1730,5013,862G4,7,5,5,3050,0,0,0,NA,0,765,EL TORO RD,RIDGELINE RD,11,S,N,A,-,N,NA,NA,NA,NA,NA,NA,NA,NA,NA,Y,4,0,2,2,A,-,17,21461,A,N,B,G,A,A,H,-,A,A,0,NA,Y,Y,NA,Y,NA,M,91,0,0,2,0,0,0,1,0,1,-,-,NA,NA,ORANGE,LAKE FOREST,-117.62113189697266,33.681732177734375
9901700,2025,2026-01-02,3000,2025-10-14,1810,6532,971F4,2,5,4,3029,0,0,0,NA,0,736,STONEHILL DR,MONARCH BEACH DR,0,NA,Y,A,-,N,NA,NA,NA,NA,NA,NA,NA,NA,NA,Y,4,0,3,2,A,-,09,21802,A,N,D,C,A,A,H,-,B,A,0,NA,NA,NA,NA,Y,NA,A,07,0,0,3,0,0,0,0,0,0,-,-,NA,NA,ORANGE,DANA POINT,-117.7092056274414,33.47801208496094
9902343,2025,2026-01-14,3000,2025-12-21,1200,10576,892E3,7,5,5,3028,0,0,0,NA,0,750,OLYMPIAD RD,OLYMPIAD RD 22056,11,S,N,A,-,N,NA,NA,NA,NA,NA,NA,NA,NA,NA,Y,4,0,3,2,A,-,09,21802,A,N,D,C,A,A,H,-,A,D,0,NA,NA,NA,NA,Y,NA,A,07,0,0,3,0,0,0,0,0,0,-,-,NA,NA,ORANGE,MISSION VIEJO,NA,NA
9902495,2025,2026-01-16,3000,2025-12-25,44,6717,891G7,4,5,5,3050,0,0,0,NA,0,762,LAKE FOREST DR,ROCKFIELD BL,23,W,N,C,-,N,NA,NA,NA,NA,NA,NA,NA,NA,NA,Y,3,0,4,2,A,-,09,21453,C,N,D,C,A,B,H,-,C,A,0,NA,NA,NA,NA,Y,NA,A,07,0,4,0,0,0,0,0,0,0,-,-,33.3745002746582,-117.4260025024414,ORANGE,LAKE FOREST,-117.71697235107422,33.629215240478516
9902982,2025,2026-01-21,3003,2025-12-22,632,1318,NA,1,5,5,3003,0,0,0,NA,0,NA,BEACH BL,DURANGO DR,220,S,N,A,-,Y,NA,NA,NA,NA,NA,NA,NA,NA,NA,Y,4,0,1,2,A,-,11,21954,A,N,G,B,D,A,H,-,A,D,0,Y,NA,NA,NA,Y,NA,N,60,0,0,1,0,1,0,0,0,0,-,-,33.532501220703125,-117.5927963256836,ORANGE,BUENA PARK,-117.99352264404295,33.88749694824219
9903433,2025,2026-01-22,3000,2025-12-15,1255,9438,921G1,1,5,4,3045,0,0,0,NA,0,6M46,PASEO DE VALENCIA,HEALTH CENTER DR,0,NA,Y,A,-,N,NA,NA,NA,NA,NA,NA,NA,NA,NA,Y,4,0,2,2,A,-,09,21453,C,N,D,C,A,A,H,-,A,A,0,NA,NA,NA,NA,Y,NA,A,07,0,0,2,0,0,0,0,0,0,-,-,33.60683822631836,-117.7073211669922,ORANGE,LAGUNA HILLS,-117.70839691162108,33.606990814208984
9903537,2025,2026-01-21,3003,2025-10-24,746,1316,NA,5,5,5,3003,0,0,0,NA,0,NA,BEACH BL,ARTESIA BL,0,W,N,A,-,N,NA,NA,NA,NA,NA,NA,NA,NA,NA,N,3,0,1,2,A,-,10,21950,A,N,G,G,A,A,H,-,A,A,0,NA,Y,NA,NA,Y,NA,A,01,0,1,0,0,0,0,1,0,0,-,-,33.873329162597656,-117.99838256835938,ORANGE,BUENA PARK,-117.9981689453125,33.873497009277344
9907999,2025,2026-02-23,3003,2025-12-28,1927,1308,NA,7,5,5,3003,0,0,0,NA,0,003,BEACH BL,EL CAPITAN WY,0,NA,N,A,-,N,NA,NA,NA,NA,NA,NA,NA,NA,NA,Y,4,0,1,1,A,-,03,22350,NA,N,H,A,A,A,H,-,C,D,0,NA,NA,Y,NA,Y,NA,C,02,0,0,1,0,0,0,0,0,1,-,-,33.85300064086914,-117.99790191650392,ORANGE,BUENA PARK,-117.99786376953124,33.85287094116211
9909383,2025,2026-03-04,3003,2025-12-20,1104,1213,NA,6,5,5,3003,0,0,0,NA,0,NA,BEACH BL,EL CAPITAN WY,428,S,N,A,-,Y,NA,NA,NA,NA,NA,NA,NA,NA,NA,Y,4,0,1,3,A,-,03,22350,A,N,C,C,A,A,H,-,A,A,0,NA,NA,NA,NA,Y,NA,D,22,0,0,1,0,0,0,0,0,0,-,-,33.85158920288086,-117.99781799316406,ORANGE,BUENA PARK,-117.9978485107422,33.8516960144043
5912131,2014,2014-02-18,3002,2014-01-05,1317,1347,525W,7,5,4,3002,0,0,0,NA,0,014,POINSETTIA AV,PEAR ST,0,NA,Y,A,-,N,NA,NA,NA,NA,NA,NA,NA,NA,NA,Y,1,1,0,2,A,-,17,21712,B,N,G,B,E,A,H,-,A,D,0,Y,NA,NA,NA,Y,NA,N,60,0,0,0,1,0,0,0,0,0,-,-,NA,NA,ORANGE,BREA,-117.91390008,33.91613002
6290538,2014,2014-09-30,3010,2014-04-16,1815,1096,437,3,5,6,3010,0,0,0,NA,0,003,ADAMS AV,RANGER,336,E,N,A,-,N,NA,NA,NA,NA,NA,NA,NA,NA,NA,Y,1,1,0,2,A,-,17,21209,A,N,H,G,A,A,H,-,A,D,0,NA,Y,NA,NA,Y,Y,D,22,0,0,0,0,0,1,0,0,0,-,-,33.40352,-117,ORANGE,HUNTINGTON BEACH,-117.94802865,33.67258585
6291464,2014,2015-05-04,3008,2014-06-21,0153,1344,NA,6,5,6,3008,0,0,0,NA,0,0Z2,LEMON ST,VALENCIA DR,182,N,N,A,-,N,NA,NA,NA,NA,NA,NA,NA,NA,NA,Y,1,1,3,2,A,-,01,23152,A,N,D,C,A,A,H,-,C,A,0,NA,NA,Y,NA,Y,Y,A,01,0,1,2,0,0,0,0,1,0,-,-,NA,NA,ORANGE,FULLERTON,-117.91987219,33.86670874
6291538,2014,2014-11-05,3001,2014-09-01,2146,A1158,NA,1,5,7,3001,0,0,0,NA,0,0D2,WEST BROADWAY,SOUTH MANCHESTER AV,0,NA,Y,A,-,N,NA,NA,NA,NA,NA,NA,NA,NA,NA,Y,1,1,5,2,A,-,12,21453,A,N,D,C,A,A,H,-,C,A,0,NA,NA,NA,NA,Y,Y,A,01,0,2,3,0,0,0,0,0,0,-,-,NA,NA,ORANGE,ANAHEIM,-117.93008011,33.82943003
6291867,2014,2015-01-23,3019,2014-09-18,0550,2859,SE,4,5,7,3019,0,0,0,NA,0,003,MAIN ST,CHESTNUT AV,60,N,N,A,-,N,NA,NA,NA,NA,NA,NA,NA,NA,NA,N,1,1,0,2,A,-,11,21954,A,N,G,B,D,A,H,-,C,A,0,Y,NA,NA,NA,Y,NA,N,60,0,0,0,1,0,0,0,0,0,-,-,NA,NA,ORANGE,SANTA ANA,-117.8676865,33.74258446
6292682,2015,2017-03-30,3014,2015-08-26,0300,1253,RD24,3,5,5,3014,0,0,0,NA,0,0A2,RT 55,INDUSTRIAL WY,400,S,N,A,-,Y,ORA,12,55,-,-,0.93,H,-,S,Y,1,1,0,2,A,-,11,21955,NA,N,G,B,D,A,H,-,D,D,0,Y,NA,NA,NA,Y,Y,N,60,0,0,0,1,0,0,0,0,0,-,-,33.63,-117.926,ORANGE,NEWPORT BEACH,-117.92580733,33.63017775
6328143,2014,2014-06-02,3014,2014-01-06,1757,1235,52,1,5,5,3014,0,0,0,NA,0,NA,SAN MIGUEL DR,PORT RAMSEY PL,0,NA,Y,A,-,N,NA,NA,NA,NA,NA,NA,NA,NA,NA,Y,4,0,2,2,A,-,09,21801,A,N,D,C,A,A,H,-,C,A,0,NA,NA,NA,NA,Y,NA,A,01,0,0,2,0,0,0,0,0,0,-,-,NA,NA,ORANGE,NEWPORT BEACH,-117.85009007,33.62542001
6333579,2014,2014-06-03,3000,2014-01-10,1235,6717,891H7,5,5,5,3050,0,0,0,NA,0,18762,LOS ALISOS BL,ROCKFIELD BL,78,E,N,A,-,N,NA,NA,NA,NA,NA,NA,NA,NA,NA,Y,4,0,2,3,A,-,03,22350,NA,N,C,C,A,A,H,-,A,A,0,NA,NA,NA,NA,Y,NA,A,01,0,0,2,0,0,0,0,0,0,-,-,33.36458,-117.41454,ORANGE,LAKE FOREST,-117.69612633,33.61272709
6336670,2014,2016-02-10,9675,2014-01-14,1015,14558,NA,2,1,7,3019,0,1,1,NA,2,502,RT 5,4TH ST,200,S,N,A,-,Y,ORA,12,5,-,-,31.05,H,-,S,N,4,0,1,2,A,-,04,21703,NA,N,C,C,A,A,H,-,A,D,1,NA,NA,NA,NA,Y,NA,A,01,0,0,1,0,0,0,0,0,0,-,-,33.74752,-117.84322,ORANGE,SANTA ANA,-117.84327856,33.74765322
6336677,2014,2016-03-08,9675,2014-01-12,0245,20582,NA,7,3,6,3015,0,1,3,NA,2,222,RT 22,TUSTIN AV,180,W,N,A,-,Y,ORA,12,22,-,R,12.687,R,2,E,Y,3,0,2,1,A,-,01,23152,A,N,F,A,A,A,H,-,C,D,6,NA,NA,NA,NA,Y,Y,A,07,0,1,1,0,0,0,0,0,0,TO,-,33.77575,-117.83627,ORANGE,ORANGE,-117.83873337,33.77663873
6336701,2014,2016-03-09,9675,2014-01-09,0712,18832,NA,4,1,7,3019,0,1,3,NA,2,551,RT 55,MCFADDEN AV,400,N,N,A,-,Y,ORA,12,55,-,R,10.04,H,-,S,Y,4,0,1,3,A,-,03,22350,NA,N,C,C,A,A,H,-,A,D,6,NA,NA,NA,NA,Y,NA,A,07,0,0,1,0,0,0,0,0,0,-,-,33.73484,-117.83414,ORANGE,SANTA ANA,-117.83403487,33.73497013
6337512,2014,2014-06-18,3001,2014-01-15,0822,1508,NA,3,5,7,3001,0,0,0,NA,0,0D1,WEST ORANGE AV,S BRONWYN DR,0,NA,Y,A,-,N,NA,NA,NA,NA,NA,NA,NA,NA,NA,Y,3,0,2,2,A,-,09,21801,A,N,D,C,A,A,H,-,A,D,0,NA,NA,NA,NA,Y,NA,A,01,0,1,1,0,0,0,0,0,0,-,-,NA,NA,ORANGE,ANAHEIM,-117.98854009,33.82479004
6338390,2014,2014-06-11,3019,2014-01-14,0606,2630,SE,2,5,7,3019,0,0,0,NA,0,003,WARNER AV,PULLMAN ST,115,E,N,A,-,N,NA,NA,NA,NA,NA,NA,NA,NA,NA,N,4,0,1,2,A,-,03,22350,NA,N,C,C,A,A,H,-,C,A,0,NA,NA,NA,Y,Y,NA,A,07,0,0,1,0,0,0,0,0,0,-,-,NA,NA,ORANGE,SANTA ANA,-117.84173635,33.7139721