CASE_ID,ACCIDENT_YEAR,PROC_DATE,JURIS,COLLISION_DATE,COLLISION_TIME,OFFICER_ID,REPORTING_DISTRICT,DAY_OF_WEEK,CHP_SHIFT,POPULATION,CNTY_CITY_LOC,SPECIAL_COND,BEAT_TYPE,CHP_BEAT_TYPE,CITY_DIVISION_LAPD,CHP_BEAT_CLASS,BEAT_NUMBER,PRIMARY_RD,SECONDARY_RD,DISTANCE,DIRECTION,INTERSECTION,WEATHER_1,WEATHER_2,STATE_HWY_IND,CALTRANS_COUNTY,CALTRANS_DISTRICT,STATE_ROUTE,ROUTE_SUFFIX,POSTMILE_PREFIX,POSTMILE,LOCATION_TYPE,RAMP_INTERSECTION,SIDE_OF_HWY,TOW_AWAY,COLLISION_SEVERITY,NUMBER_KILLED,NUMBER_INJURED,PARTY_COUNT,PRIMARY_COLL_FACTOR,PCF_CODE_OF_VIOL,PCF_VIOL_CATEGORY,PCF_VIOLATION,PCF_VIOL_SUBSECTION,HIT_AND_RUN,TYPE_OF_COLLISION,MVIW,PED_ACTION,ROAD_SURFACE,ROAD_COND_1,ROAD_COND_2,LIGHTING,CONTROL_DEVICE,CHP_ROAD_TYPE,PEDESTRIAN_ACCIDENT,BICYCLE_ACCIDENT,MOTORCYCLE_ACCIDENT,TRUCK_ACCIDENT,NOT_PRIVATE_PROPERTY,ALCOHOL_INVOLVED,STWD_VEHTYPE_AT_FAULT,CHP_VEHTYPE_AT_FAULT,COUNT_SEVERE_INJ,COUNT_VISIBLE_INJ,COUNT_COMPLAINT_PAIN,COUNT_PED_KILLED,COUNT_PED_INJURED,COUNT_BICYCLIST_KILLED,COUNT_BICYCLIST_INJURED,COUNT_MC_KILLED,COUNT_MC_INJURED,PRIMARY_RAMP,SECONDARY_RAMP,LATITUDE,LONGITUDE,COUNTY,CITY,POINT_X,POINT_Y
6340807,2014,2014-06-04,3004,2014-01-15,1144,462,10,3,5,6,3004,0,0,0,NA,0,003,HARBOR BL,WILSON ST,361,S,N,A,-,N,NA,NA,NA,NA,NA,NA,NA,NA,NA,N,3,0,1,2,A,-,08,22107,NA,N,D,G,A,A,H,-,A,D,0,NA,Y,NA,NA,Y,NA,A,07,0,1,0,0,0,0,1,0,0,-,-,33.65498,-117.91926,ORANGE,COSTA MESA,-117.9191054,33.65516039
6340898,2014,2014-06-05,3015,2014-01-07,2208,1352,55W,2,5,6,3015,0,0,0,NA,0,0W1,WEST KATELLA AV,N GLASSELL ST,420,W,N,A,-,N,NA,NA,NA,NA,NA,NA,NA,NA,NA,N,4,0,1,3,A,-,03,22350,NA,N,C,C,A,A,H,-,-,D,0,NA,NA,NA,NA,Y,NA,A,01,0,0,1,0,0,0,0,0,0,-,-,NA,NA,ORANGE,ORANGE,-117.85439918,33.80907743
6342393,2014,2014-06-10,3024,2014-01-21,1149,133,P23,2,5,5,3024,0,0,0,NA,0,WEST,GOLDENWEST ST,WESTMINSTER MALL ACCESS RD,35,S,N,B,-,N,NA,NA,NA,NA,NA,NA,NA,NA,NA,Y,3,0,1,2,A,-,03,22350,NA,N,C,C,A,A,H,-,A,A,0,NA,NA,NA,Y,Y,NA,A,01,0,1,0,0,0,0,0,0,0,-,-,NA,NA,ORANGE,WESTMINSTER,-118.007007,33.745387
6342497,2014,2016-02-10,9675,2014-01-13,2158,20070,NA,1,2,7,3019,0,1,1,NA,2,503,RT 5,1ST ST,100,S,N,A,-,Y,ORA,12,5,-,-,30.88,H,-,S,Y,4,0,1,2,A,-,03,22350,NA,N,B,C,A,A,H,-,D,D,1,NA,NA,NA,NA,Y,NA,A,01,0,0,1,0,0,0,0,0,0,-,-,33.47522,-117.84235,ORANGE,SANTA ANA,-117.84237111,33.74528733
6343232,2014,2015-11-17,9670,2014-01-14,0720,16194,NA,2,1,5,3007,0,1,1,NA,2,040,RT 405,MAGNOLIA ST,1056,N,N,A,-,Y,ORA,12,405,-,-,15.41,H,-,S,N,4,0,1,2,A,-,03,22350,NA,N,C,C,A,A,H,-,A,D,1,NA,NA,NA,Y,Y,NA,F,26,0,0,1,0,0,0,0,0,0,-,-,33.72305,-117.97571,ORANGE,FOUNTAIN VALLEY,-117.97451126,33.72199198
6343522,2016,2016-03-25,3019,2016-03-09,1810,3150,SE,3,5,7,3019,0,0,0,NA,0,003,MACARTHUR BL,MAIN ST,500,W,N,A,-,N,NA,NA,NA,NA,NA,NA,NA,NA,NA,Y,2,0,1,2,A,-,01,23152,A,F,D,C,A,A,H,-,C,D,0,NA,NA,NA,NA,Y,Y,D,22,1,0,0,0,0,0,0,0,0,-,-,33.69975,-117.86811,ORANGE,SANTA ANA,-117.86984988,33.70009
6344643,2014,2015-01-07,3002,2014-01-01,0057,1408,B138,3,5,4,3002,0,0,0,NA,0,B12,LAMBERT RD,ASSOCIATED RD,10,W,N,A,-,N,NA,NA,NA,NA,NA,NA,NA,NA,NA,Y,4,0,1,2,A,-,01,23152,A,N,C,C,A,A,H,-,D,A,0,NA,NA,NA,NA,Y,NA,A,01,0,0,1,0,0,0,0,0,0,-,-,NA,NA,ORANGE,BREA,-117.87529288,33.92549028
6344936,2014,2014-06-06,3024,2014-01-10,1530,312,P-17,5,5,5,3024,0,0,0,NA,0,WEST,GOLDENWEST ST,WESTMINSTER BL,126,S,N,A,-,N,NA,NA,NA,NA,NA,NA,NA,NA,NA,N,4,0,1,2,D,-,00,NA,NA,N,D,C,A,A,H,-,A,D,0,NA,NA,NA,NA,Y,NA,-,-,0,0,1,0,0,0,0,0,0,-,-,NA,NA,ORANGE,WESTMINSTER,-118.00716539,33.75879455
6346422,2014,2014-06-06,3016,2014-01-22,1837,1220,32,3,5,5,3016,0,0,0,NA,0,001,ROSE DR,POWELL DR,100,NA,N,A,-,N,NA,NA,NA,NA,NA,NA,NA,NA,NA,N,4,0,1,4,A,-,00,20002,A,M,C,C,A,A,H,-,C,D,0,NA,NA,NA,NA,Y,NA,-,NA,0,0,1,0,0,0,0,0,0,-,-,NA,NA,ORANGE,PLACENTIA,-117.84385012,33.88099008
6346450,2014,2014-06-06,3015,2014-01-20,1008,1019,15,1,5,6,3015,0,0,0,NA,0,213,ORANGEWOOD AV,ECKHOFF ST,0,NA,Y,A,-,N,NA,NA,NA,NA,NA,NA,NA,NA,NA,Y,4,0,2,2,A,-,12,21453,A,N,D,C,A,A,H,-,A,A,0,NA,NA,NA,NA,Y,NA,A,01,0,0,2,0,0,0,0,0,0,-,-,NA,NA,ORANGE,ORANGE,-117.87374,33.79579004
6347259,2016,2016-04-04,3014,2016-03-12,1943,1079,RD34,6,5,5,3014,0,0,0,NA,0,0A3,JAMBOREE RD,MACARTHUR BL,72,N,N,A,-,N,NA,NA,NA,NA,NA,NA,NA,NA,NA,N,4,0,3,2,A,-,03,22350,NA,M,C,C,A,A,H,-,C,A,0,NA,NA,NA,NA,Y,NA,-,99,0,0,3,0,0,0,0,0,0,-,-,33.658,-117.8624,ORANGE,NEWPORT BEACH,-117.86262353,33.65750778
6352014,2014,2014-06-18,3000,2014-01-12,0200,2742,993B6,7,5,5,3017,0,0,0,NA,0,777,SOUTH EL CAMINO REAL,E AVENIDA SAN PABLO,7,S,N,E,-,N,NA,NA,NA,NA,NA,NA,NA,NA,NA,Y,3,0,1,4,A,-,01,23152,A,N,C,E,A,A,H,-,C,D,0,NA,NA,NA,NA,Y,Y,A,01,0,1,0,0,0,0,0,0,0,-,-,NA,NA,ORANGE,SAN CLEMENTE,-117.60084813,33.4154536
6352042,2014,2015-10-06,3000,2014-01-08,1750,8418,972B6,3,5,4,3029,0,0,0,NA,0,737,RT 1,DOHENY PARK PLZ,0,NA,Y,A,-,N,NA,NA,NA,NA,NA,NA,NA,NA,NA,N,4,0,1,2,D,-,00,NA,NA,N,G,B,B,A,H,-,C,A,0,Y,NA,NA,NA,Y,NA,-,-,0,0,1,0,1,0,0,0,0,-,-,NA,NA,ORANGE,DANA POINT,-117.67921013,33.4641901
6352062,2014,2014-06-18,3000,2014-01-02,1839,7734,892-D,4,5,5,3028,0,0,0,NA,0,755,SANTA MARGARITA PKWY,LOS ALISOS BL,0,NA,Y,A,-,N,NA,NA,NA,NA,NA,NA,NA,NA,NA,Y,3,0,2,2,A,-,12,21453,A,N,D,C,A,A,H,-,C,A,0,NA,NA,NA,NA,Y,NA,A,01,0,2,0,0,0,0,0,0,0,-,-,NA,NA,ORANGE,MISSION VIEJO,-117.64796008,33.65386009
6352277,2014,2016-02-25,9670,2014-01-09,1755,019925,NA,4,2,6,3008,0,1,3,NA,2,093,RT 91,GILBERT ST,20,E,N,A,-,Y,ORA,12,91,-,R,0.72,H,-,W,N,4,0,1,2,A,-,03,22350,NA,N,C,C,A,A,D,H,C,C,1,NA,NA,NA,NA,Y,NA,A,08,0,0,1,0,0,0,0,0,0,-,-,33.85605,-117.97169,ORANGE,FULLERTON,-118.03054858,33.85753763
6352471,2014,2014-06-05,3001,2014-01-19,0947,A1555,D1,7,5,7,3001,0,0,0,NA,0,016,CERRITOS AV,BETTES PL,125,E,N,B,-,N,NA,NA,NA,NA,NA,NA,NA,NA,NA,Y,3,0,2,2,A,-,08,22107,NA,N,C,E,A,A,H,-,A,A,0,NA,NA,NA,NA,Y,NA,A,01,0,2,0,0,0,0,0,0,0,-,-,NA,NA,ORANGE,ANAHEIM,-117.95279945,33.81053188
6353373,2014,2014-06-06,3001,2014-01-17,1349,0368,NA,5,5,7,3001,0,0,0,NA,0,0D4,EAST LA PALMA AV,YORBA LINDA BL,978,E,N,A,-,N,NA,NA,NA,NA,NA,NA,NA,NA,NA,Y,3,0,1,2,A,-,03,22350,NA,N,B,E,A,A,H,-,A,D,0,NA,NA,NA,NA,Y,NA,A,01,0,1,0,0,0,0,0,0,0,-,-,NA,NA,ORANGE,ANAHEIM,-117.75017137,33.87586347
6356434,2014,2016-02-25,3003,2014-01-18,1852,1134,25,6,5,5,3003,0,0,0,NA,0,NA,BEACH BL,4TH ST,63,N,N,A,-,Y,ORA,12,39,-,-,15.47,H,-,S,N,3,0,1,1,A,-,03,22350,NA,N,H,I,A,A,H,-,C,D,0,NA,NA,Y,NA,Y,NA,C,03,0,1,0,0,0,0,0,0,1,-,-,NA,NA,ORANGE,BUENA PARK,-117.99830262,33.87199814
6356440,2014,2014-06-10,3014,2014-01-22,1626,1374,36,3,5,5,3014,0,0,0,NA,0,NA,FORD RD,SOUTHERN HILLS DR,0,NA,Y,A,-,N,NA,NA,NA,NA,NA,NA,NA,NA,NA,N,3,0,2,2,A,-,12,21453,A,N,D,C,A,A,H,-,A,A,0,NA,NA,NA,NA,Y,NA,A,07,0,1,1,0,0,0,0,0,0,-,-,NA,NA,ORANGE,NEWPORT BEACH,-117.86907001,33.62933003
6356452,2014,2014-06-10,3014,2014-01-24,1222,1346,29,5,5,5,3014,0,0,0,NA,0,NA,IRVINE AV,FRANCISCO DR,43,S,N,A,-,N,NA,NA,NA,NA,NA,NA,NA,NA,NA,N,3,0,1,1,A,-,03,22350,NA,N,H,I,A,A,H,-,A,D,0,NA,Y,NA,NA,Y,NA,L,04,0,1,0,0,0,0,1,0,0,-,-,NA,NA,ORANGE,NEWPORT BEACH,-117.89702369,33.64011515
6356471,2014,2014-06-10,3009,2014-01-18,1151,3769,115,6,5,6,3009,0,0,0,NA,0,021,CENTURY BL,GARDEN GROVE BL,52,S,N,A,-,N,NA,NA,NA,NA,NA,NA,NA,NA,NA,Y,4,0,2,2,A,-,12,21453,A,N,B,C,A,A,H,-,A,A,0,NA,NA,NA,NA,Y,NA,A,08,0,0,2,0,0,0,0,0,0,-,-,NA,NA,ORANGE,GARDEN GROVE,-117.94502385,33.77394692
6356546,2014,2014-06-06,3024,2014-01-27,1602,133,P35,1,5,5,3024,0,0,0,NA,0,EAST,BISHOP AV,BUSHARD ST,28,W,N,A,-,N,NA,NA,NA,NA,NA,NA,NA,NA,NA,N,3,0,2,2,D,-,00,NA,NA,N,H,G,A,A,H,-,A,A,0,NA,Y,NA,NA,Y,NA,-,-,0,2,0,0,0,0,1,0,0,-,-,NA,NA,ORANGE,WESTMINSTER,-117.96356189,33.74126944
6358119,2014,2014-06-06,3010,2014-01-27,1531,1140,291,1,5,6,3010,0,0,0,NA,0,005,GOTHARD,TALBERT,0,NA,Y,A,-,N,NA,NA,NA,NA,NA,NA,NA,NA,NA,N,3,0,1,2,A,-,10,21950,A,N,B,B,B,A,H,-,A,A,0,Y,NA,NA,NA,Y,NA,D,22,0,1,0,0,1,0,0,0,0,-,-,NA,NA,ORANGE,HUNTINGTON BEACH,-117.99988008,33.70111009
6362855,2014,2016-03-04,9670,2014-01-28,0855,13953,NA,2,1,5,3024,0,1,1,NA,2,043,RT 405,WESTMINSTER AV,50,N,N,B,-,Y,ORA,12,405,-,-,19.17,H,-,S,Y,4,0,1,3,A,-,03,22350,NA,N,E,I,A,A,H,-,A,D,1,NA,NA,NA,Y,Y,NA,D,22,0,0,1,0,0,0,0,0,0,-,-,33.75912,-118.0223,ORANGE,WESTMINSTER,-118.02233772,33.75918412
6363757,2014,2014-06-17,3019,2014-01-10,1300,2630,NE,5,5,7,3019,0,0,0,NA,0,002,SANTA ANA BL,BROADWAY,200,W,N,A,-,N,NA,NA,NA,NA,NA,NA,NA,NA,NA,N,3,0,1,2,A,-,09,21804,A,N,G,B,E,A,H,-,A,A,0,Y,NA,NA,NA,Y,NA,A,01,0,1,0,0,1,0,0,0,0,-,-,NA,NA,ORANGE,SANTA ANA,-117.87034633,33.74974501
6364382,2014,2014-06-04,3012,2014-01-29,2141,436,NA,3,5,5,3012,0,0,0,NA,0,004,EUCLID ST,LAMBERT RD,8,N,N,A,-,N,NA,NA,NA,NA,NA,NA,NA,NA,NA,Y,3,0,3,4,A,-,01,23152,A,N,C,C,A,A,H,-,C,A,0,NA,NA,NA,NA,Y,Y,A,01,0,1,2,0,0,0,0,0,0,-,-,NA,NA,ORANGE,LA HABRA,-117.94610937,33.92463193
6365970,2014,2014-06-25,3024,2014-02-01,1339,172,P37,6,5,5,3024,0,0,0,NA,0,EAST,NEWLAND ST,MCFADDEN AV,0,NA,Y,A,-,N,NA,NA,NA,NA,NA,NA,NA,NA,NA,N,4,0,1,2,A,-,12,21453,A,M,D,C,A,A,H,-,A,A,0,NA,NA,NA,NA,Y,NA,A,01,0,0,1,0,0,0,0,0,0,-,-,NA,NA,ORANGE,WESTMINSTER,-117.98094008,33.73753011
6366118,2014,2016-02-25,9675,2014-01-24,1435,20627,NA,5,2,4,3002,0,1,3,NA,2,570,RT 57,LAMBERT RD,600,S,N,A,-,Y,ORA,12,57,-,-,20.77,H,-,S,Y,4,0,1,2,A,-,03,22350,NA,N,C,C,A,A,H,-,A,D,6,NA,NA,NA,NA,Y,NA,D,22,0,0,1,0,0,0,0,0,0,-,-,33.92078,-117.88062,ORANGE,BREA,-117.88031505,33.92338753
6366127,2014,2016-02-25,9675,2014-01-25,1815,20650,NA,6,2,5,3022,0,1,1,NA,2,503,RT 5,RED HILL AV,300,N,N,A,-,Y,ORA,12,5,-,R,29.18,H,-,S,Y,2,0,3,3,A,-,07,21658,A,N,B,C,A,A,H,-,D,D,1,NA,NA,NA,Y,Y,NA,A,01,1,0,2,0,0,0,0,0,0,-,-,33.73327,-117.81547,ORANGE,TUSTIN,-117.81644923,33.73418237
6367352,2014,2016-03-09,9670,2014-01-31,1545,13123,NA,5,2,5,3003,0,1,3,NA,2,092,RT 91,BEACH BL,500,W,N,B,-,Y,ORA,12,91,-,R,2.29,H,-,E,N,4,0,1,3,A,-,03,22350,NA,N,C,C,A,A,H,-,A,D,1,NA,NA,NA,NA,Y,NA,A,08,0,0,1,0,0,0,0,0,0,-,-,33.8558,-118.0034,ORANGE,BUENA PARK,-118.00366549,33.85594635
6367402,2014,2014-06-10,3000,2014-01-22,1745,2194,952B4,3,5,4,3018,0,0,0,NA,0,6M31,RANCHO VIEJO RD,VILLAGE RD,0,NA,Y,A,-,N,NA,NA,NA,NA,NA,NA,NA,NA,NA,Y,4,0,2,2,A,-,09,21801,A,N,A,C,A,A,H,-,C,A,0,NA,NA,NA,NA,Y,NA,A,01,0,0,2,0,0,0,0,0,0,-,-,NA,NA,ORANGE,SAN JUAN CAPISTRANO,-117.67291006,33.53038008
6367406,2014,2014-06-10,3000,2014-01-15,1720,2329,922C6,3,5,5,3028,0,0,0,NA,0,356,MARGUERITE PKWY,CROWN VALLEY PKWY,0,NA,Y,A,-,N,NA,NA,NA,NA,NA,NA,NA,NA,NA,N,3,0,1,2,A,-,-,NA,NA,N,G,B,B,A,H,-,C,A,0,Y,NA,NA,NA,Y,NA,A,01,0,1,0,0,1,0,0,0,0,-,-,NA,NA,ORANGE,MISSION VIEJO,-117.65821004,33.56336
6370046,2014,2014-06-13,3004,2014-02-01,1558,REYES,15,6,5,6,3004,0,0,0,NA,0,011,ADAMS AV,PLACENTIA AV,1553,E,N,A,-,N,NA,NA,NA,NA,NA,NA,NA,NA,NA,Y,3,0,3,1,A,-,08,22107,NA,N,F,A,A,A,H,-,A,A,0,NA,NA,NA,NA,Y,NA,A,07,0,3,0,0,0,0,0,0,0,-,-,33.40207,-117.55512,ORANGE,COSTA MESA,-117.93032809,33.67257431
6370301,2014,2016-03-07,9690,2014-01-21,1730,014765,NA,2,2,5,3040,0,1,1,NA,2,056,RT 5,CROWN VALLEY PKWY,1056,S,N,A,-,Y,ORA,12,5,-,-,13.58,H,-,S,Y,4,0,3,3,A,-,03,22350,NA,N,D,C,A,A,H,-,C,D,1,NA,NA,NA,NA,Y,NA,A,01,0,0,3,0,0,0,0,0,0,-,-,33.55381,-117.67323,ORANGE,LAGUNA NIGUEL,-117.6731117,33.55633262
6371133,2014,2014-06-11,3000,2014-01-25,1504,9051,861J6,6,5,5,3050,0,0,0,NA,0,762,BAKE PKWY,COMMERCENTER DR,0,NA,Y,A,-,N,NA,NA,NA,NA,NA,NA,NA,NA,NA,Y,4,0,2,2,A,-,12,21453,A,N,D,C,A,A,H,-,A,A,0,NA,NA,NA,NA,Y,NA,A,01,0,0,2,0,0,0,0,0,0,-,-,NA,NA,ORANGE,LAKE FOREST,-117.68623004,33.66548004
6371583,2014,2014-06-04,3008,2014-01-04,1107,1347,NA,6,5,6,3008,0,0,0,NA,0,003,YORBA LINDA BL,DEERPARK DR,0,NA,Y,A,-,N,NA,NA,NA,NA,NA,NA,NA,NA,NA,Y,3,0,1,1,A,-,08,22107,NA,N,E,I,A,A,H,-,A,A,0,NA,NA,NA,NA,Y,NA,A,01,0,1,0,0,0,0,0,0,0,-,-,NA,NA,ORANGE,FULLERTON,-117.87689011,33.88911011
6371599,2014,2014-06-04,3008,2014-01-14,0912,1479,ZONE,2,5,6,3008,0,0,0,NA,0,NA,ORANGETHORPE AV,RAYMOND AV,0,NA,Y,A,-,N,NA,NA,NA,NA,NA,NA,NA,NA,NA,Y,4,0,2,2,A,-,12,21453,A,N,D,C,A,A,H,-,A,A,0,NA,NA,NA,NA,Y,NA,A,08,0,0,2,0,0,0,0,0,0,-,-,NA,NA,ORANGE,FULLERTON,-117.90677006,33.85958009
6375987,2014,2014-06-09,3000,2014-01-23,2000,738,891D7,4,5,3,3051,0,0,0,NA,0,380,EL TORO,CALLE SONORA,0,NA,Y,A,-,N,NA,NA,NA,NA,NA,NA,NA,NA,NA,Y,4,0,1,2,A,-,03,22350,NA,N,C,C,A,A,H,-,C,A,0,NA,NA,NA,NA,Y,NA,A,01,0,0,1,0,0,0,0,0,0,-,-,NA,NA,ORANGE,LAGUNA WOODS,-117.73237007,33.60916012
6376721,2014,2014-06-17,3010,2014-02-22,1459,1059,272,6,5,6,3010,0,0,0,NA,0,006,WARNER AV,NICHOLS LN,0,NA,Y,B,-,N,NA,NA,NA,NA,NA,NA,NA,NA,NA,Y,3,0,1,2,A,-,09,21801,A,N,D,C,A,A,H,-,A,A,0,NA,NA,NA,NA,Y,NA,D,22,0,1,0,0,0,0,0,0,0,-,-,NA,NA,ORANGE,HUNTINGTON BEACH,-117.99574007,33.71568003
6376774,2014,2014-06-26,3010,2014-02-24,1417,1155,422,1,5,6,3010,0,0,0,NA,0,005,YORKTOWN,DELAWARE,0,NA,Y,A,-,N,NA,NA,NA,NA,NA,NA,NA,NA,NA,Y,3,0,1,2,A,-,01,23152,A,N,D,C,A,A,H,-,A,A,0,NA,NA,NA,NA,Y,Y,D,22,0,1,0,0,0,0,0,0,0,-,-,NA,NA,ORANGE,HUNTINGTON BEACH,-117.99305004,33.67942012
6376831,2014,2014-06-19,3010,2014-02-19,1218,1145,465,3,5,6,3010,0,0,0,NA,0,002,MAGNOLIA,ATLANTA,60,S,N,A,-,N,NA,NA,NA,NA,NA,NA,NA,NA,NA,N,4,0,1,2,A,-,21,22106,NA,N,C,C,A,A,H,-,A,A,0,NA,NA,NA,NA,Y,NA,A,01,0,0,1,0,0,0,0,0,0,-,-,NA,NA,ORANGE,HUNTINGTON BEACH,-117.97104716,33.65756551
6376856,2014,2014-06-19,3010,2014-02-21,1816,2061,465,5,5,6,3010,0,0,0,NA,0,002,BUSHARD,MOKIHANA DR,173,S,N,A,-,N,NA,NA,NA,NA,NA,NA,NA,NA,NA,Y,4,0,1,2,A,-,08,22107,NA,N,A,C,A,A,H,-,C,D,0,NA,NA,NA,NA,Y,NA,A,01,0,0,1,0,0,0,0,0,0,-,-,NA,NA,ORANGE,HUNTINGTON BEACH,-117.96218958,33.64678576
6377761,2014,2015-12-23,3010,2014-01-29,0200,1186,252,3,5,6,3010,0,0,0,NA,0,007,HEIL AV,BEACH BL,16,W,N,A,-,Y,ORA,12,39,-,-,5.141,I,6,S,Y,3,0,1,1,A,-,08,22107,NA,M,E,I,A,A,H,-,C,A,0,NA,NA,NA,NA,Y,NA,A,01,0,1,0,0,0,0,0,0,0,-,-,NA,NA,ORANGE,HUNTINGTON BEACH,-117.98933231,33.72303245
6377768,2014,2014-07-28,3000,2014-01-12,0420,3874,971H6,7,5,4,3029,0,0,0,NA,0,435,DEL PRADO,GOLDEN LANTERN,180,S,N,C,-,N,NA,NA,NA,NA,NA,NA,NA,NA,NA,Y,3,0,1,1,A,-,01,23152,A,N,E,I,A,B,H,-,C,A,0,NA,NA,NA,NA,Y,Y,A,01,0,1,0,0,0,0,0,0,0,-,-,NA,NA,ORANGE,DANA POINT,-117.69809,33.46554
6379430,2014,2015-02-04,3026,2014-02-09,1306,420,NA,7,5,6,3026,0,0,0,NA,0,00P,IRVINE BL,MARKET PL,33,W,N,B,-,N,NA,NA,NA,NA,NA,NA,NA,NA,NA,Y,4,0,2,2,A,-,09,21801,B,N,A,C,A,A,H,-,A,A,0,NA,NA,NA,NA,Y,Y,A,01,0,0,2,0,0,0,0,0,0,-,-,NA,NA,ORANGE,IRVINE,-117.78338598,33.72809184
6380726,2014,2014-06-03,3007,2014-01-16,1439,270,64,4,5,5,3007,0,0,0,NA,0,56M,ELLIS,TAMARIND ST,0,NA,Y,A,-,N,NA,NA,NA,NA,NA,NA,NA,NA,NA,Y,4,0,1,2,A,-,09,21802,A,N,D,C,A,A,H,-,A,A,0,NA,NA,NA,NA,Y,NA,A,01,0,0,1,0,0,0,0,0,0,-,-,NA,NA,ORANGE,FOUNTAIN VALLEY,-117.96121007,33.69409001
6381985,2014,2014-06-14,3026,2014-02-12,0958,313,NA,3,5,6,3026,0,0,0,NA,0,00P,ALTON,TECHNOLOGY EAST,0,NA,Y,A,-,N,NA,NA,NA,NA,NA,NA,NA,NA,NA,Y,4,0,2,2,A,-,12,21453,A,N,D,C,A,A,H,-,A,A,0,NA,NA,NA,NA,Y,NA,A,01,0,0,2,0,0,0,0,0,0,-,-,NA,NA,ORANGE,IRVINE,-117.73956004,33.65537004
6385786,2014,2016-02-25,9690,2014-01-28,1830,020637,NA,2,2,4,3048,0,1,3,NA,2,031,RT 241,SANTA MARGARITA PKWY,50,S,N,A,-,Y,ORA,12,241,-,-,18.436,R,1,S,N,4,0,1,2,A,-,01,23152,A,N,C,C,A,A,H,-,D,A,1,NA,NA,NA,NA,Y,Y,A,01,0,0,1,0,0,0,0,0,0,-,-,33.63999,-117.60597,ORANGE,RANCHO SANTA MARGARITA,-117.60365978,33.6418903
6386383,2014,2014-06-17,3008,2014-02-02,2128,1155,NA,7,5,6,3008,0,0,0,NA,0,00I,ORANGETHORPE AV,CITRUS AV,240,W,N,C,-,N,NA,NA,NA,NA,NA,NA,NA,NA,NA,Y,4,0,1,2,A,-,08,22107,NA,N,C,C,A,B,H,-,C,D,0,NA,NA,NA,NA,Y,NA,-,NA,0,0,1,0,0,0,0,0,0,-,-,NA,NA,ORANGE,FULLERTON,-117.9452087,33.85933
6386654,2014,2014-06-04,3001,2014-01-25,1638,627,NA,6,5,7,3001,0,0,0,NA,0,0D4,RIVER VALLEY TRL,TRAPPER TRL,296,W,N,A,-,N,NA,NA,NA,NA,NA,NA,NA,NA,NA,Y,3,0,1,1,A,-,03,22350,NA,N,E,I,A,A,H,-,A,A,0,NA,NA,NA,NA,Y,NA,A,07,0,1,0,0,0,0,0,0,0,-,-,NA,NA,ORANGE,ANAHEIM,-117.78980323,33.84152044
6387076,2014,2014-06-17,3014,2014-02-06,1802,1235,51,4,5,5,3014,0,0,0,NA,0,NA,MACARTHUR BL,BONITA CANYON DR,392,S,N,C,-,N,NA,NA,NA,NA,NA,NA,NA,NA,NA,N,4,0,2,3,A,-,03,22350,NA,N,C,C,A,B,H,-,C,A,0,NA,NA,NA,NA,Y,NA,A,01,0,0,2,0,0,0,0,0,0,-,-,NA,NA,ORANGE,NEWPORT BEACH,-117.86218642,33.62837024
6389248,2014,2014-06-19,3019,2014-02-12,1914,2663,NA,3,5,7,3019,0,0,0,NA,0,NA,17TH,TUSTIN,150,W,N,A,-,N,NA,NA,NA,NA,NA,NA,NA,NA,NA,N,3,0,1,2,A,-,11,21955,NA,N,G,B,D,A,H,-,C,D,0,Y,NA,NA,NA,Y,NA,N,60,0,1,0,0,1,0,0,0,0,-,-,NA,NA,ORANGE,SANTA ANA,-117.83485231,33.75981
6389381,2014,2014-07-03,3000,2014-02-22,1357,9051,891H1,6,5,5,3028,0,0,0,NA,0,762,LOS ALISOS BL,JERONIMO RD,435,W,N,A,-,N,NA,NA,NA,NA,NA,NA,NA,NA,NA,Y,3,0,3,7,A,-,01,23152,A,N,A,C,A,A,H,-,A,D,0,NA,NA,NA,NA,Y,Y,A,07,0,2,1,0,0,0,0,0,0,-,-,NA,NA,ORANGE,MISSION VIEJO,-117.68620319,33.62212694
6390232,2014,2016-03-08,9675,2014-02-10,1419,19809,NA,1,2,7,3019,0,1,3,NA,2,552,RT 55,DYER RD,1275,S,N,A,-,Y,ORA,12,55,-,R,7.6,H,-,S,Y,3,0,2,2,A,-,03,22350,NA,N,A,C,A,A,H,-,A,D,6,NA,NA,NA,Y,Y,NA,A,01,0,1,1,0,0,0,0,0,0,-,-,33.70562,-117.8548,ORANGE,SANTA ANA,-117.85481385,33.70553892
6390883,2014,2014-06-24,3001,2014-02-18,2229,1373,NA,2,5,7,3001,0,0,0,NA,0,0D2,BROADWAY AV,HARBOR BL,0,NA,Y,A,-,N,NA,NA,NA,NA,NA,NA,NA,NA,NA,N,4,0,1,2,A,-,03,22350,NA,M,C,G,A,A,H,-,C,A,0,NA,Y,NA,NA,Y,NA,D,22,0,0,1,0,0,0,1,0,0,-,-,NA,NA,ORANGE,ANAHEIM,-117.91890003,33.83201001
6393149,2014,2014-06-10,3004,2014-01-16,1805,543,17,4,5,6,3004,0,0,0,NA,0,010,BAKER ST,FAIRVIEW RD,662,E,N,A,-,N,NA,NA,NA,NA,NA,NA,NA,NA,NA,Y,3,0,1,2,A,-,03,22350,NA,N,C,C,A,A,H,-,C,A,0,NA,NA,Y,NA,Y,NA,C,02,0,1,0,0,0,0,0,0,1,-,-,33.40482,-117.54197,ORANGE,COSTA MESA,-117.90567964,33.68013
6393499,2014,2014-06-19,3015,2014-02-20,1222,1240,134,4,5,6,3015,0,0,0,NA,0,723 M,EAST CHAPMAN AV,S NEWPORT AV,471,W,N,A,-,N,NA,NA,NA,NA,NA,NA,NA,NA,NA,Y,4,0,2,2,A,-,09,21801,A,N,D,C,A,A,H,-,A,A,0,NA,NA,NA,NA,Y,NA,A,01,0,0,2,0,0,0,0,0,0,-,-,NA,NA,ORANGE,ORANGE,-117.77066642,33.79494171
6393503,2014,2014-07-02,3015,2014-02-23,2341,1254,76,7,5,6,3015,0,0,0,NA,0,003,TUSTIN ST N,PALM AV E,159,S,N,A,-,N,NA,NA,NA,NA,NA,NA,NA,NA,NA,N,4,0,1,1,A,-,01,21200,5,N,H,I,A,A,H,-,C,D,0,NA,Y,NA,NA,Y,Y,L,04,0,0,1,0,0,0,1,0,0,-,-,NA,NA,ORANGE,ORANGE,-117.83572,33.79099413