CASE_ID,ACCIDENT_YEAR,PROC_DATE,JURIS,COLLISION_DATE,COLLISION_TIME,OFFICER_ID,REPORTING_DISTRICT,DAY_OF_WEEK,CHP_SHIFT,POPULATION,CNTY_CITY_LOC,SPECIAL_COND,BEAT_TYPE,CHP_BEAT_TYPE,CITY_DIVISION_LAPD,CHP_BEAT_CLASS,BEAT_NUMBER,PRIMARY_RD,SECONDARY_RD,DISTANCE,DIRECTION,INTERSECTION,WEATHER_1,WEATHER_2,STATE_HWY_IND,CALTRANS_COUNTY,CALTRANS_DISTRICT,STATE_ROUTE,ROUTE_SUFFIX,POSTMILE_PREFIX,POSTMILE,LOCATION_TYPE,RAMP_INTERSECTION,SIDE_OF_HWY,TOW_AWAY,COLLISION_SEVERITY,NUMBER_KILLED,NUMBER_INJURED,PARTY_COUNT,PRIMARY_COLL_FACTOR,PCF_CODE_OF_VIOL,PCF_VIOL_CATEGORY,PCF_VIOLATION,PCF_VIOL_SUBSECTION,HIT_AND_RUN,TYPE_OF_COLLISION,MVIW,PED_ACTION,ROAD_SURFACE,ROAD_COND_1,ROAD_COND_2,LIGHTING,CONTROL_DEVICE,CHP_ROAD_TYPE,PEDESTRIAN_ACCIDENT,BICYCLE_ACCIDENT,MOTORCYCLE_ACCIDENT,TRUCK_ACCIDENT,NOT_PRIVATE_PROPERTY,ALCOHOL_INVOLVED,STWD_VEHTYPE_AT_FAULT,CHP_VEHTYPE_AT_FAULT,COUNT_SEVERE_INJ,COUNT_VISIBLE_INJ,COUNT_COMPLAINT_PAIN,COUNT_PED_KILLED,COUNT_PED_INJURED,COUNT_BICYCLIST_KILLED,COUNT_BICYCLIST_INJURED,COUNT_MC_KILLED,COUNT_MC_INJURED,PRIMARY_RAMP,SECONDARY_RAMP,LATITUDE,LONGITUDE,COUNTY,CITY,POINT_X,POINT_Y
7153246,2015,2016-01-19,3012,2015-12-30,1259,288,41,3,5,5,3012,0,0,0,NA,0,S E,1ST AV,EUCLID ST,68,W,N,-,-,N,NA,NA,NA,NA,NA,NA,NA,NA,NA,N,4,0,1,2,A,-,08,22107,NA,N,D,C,A,A,H,-,A,D,0,NA,NA,NA,NA,Y,NA,A,08,0,0,1,0,0,0,0,0,0,-,-,NA,NA,ORANGE,LA HABRA,-117.94632361,33.93084367
7154466,2016,2016-01-14,3001,2016-01-03,2002,1252,NA,7,5,7,3001,0,0,0,NA,0,0D1,WESTERN AV,LINCOLN AV,263,S,N,B,-,N,NA,NA,NA,NA,NA,NA,NA,NA,NA,Y,4,0,1,2,A,-,09,21804,A,N,D,C,A,A,H,-,C,D,0,NA,NA,NA,NA,Y,NA,A,01,0,0,1,0,0,0,0,0,0,-,-,NA,NA,ORANGE,ANAHEIM,-118.00227,33.83192
7154470,2016,2016-01-15,3001,2016-01-04,1506,740,NA,1,5,7,3001,0,0,0,NA,0,0D4,NORTH KRAEMER BL,CORONADO ST,0,NA,Y,A,-,N,NA,NA,NA,NA,NA,NA,NA,NA,NA,Y,3,0,2,2,A,-,12,21453,A,N,-,C,A,A,H,-,A,A,0,NA,NA,NA,NA,Y,NA,D,22,0,1,1,0,0,0,0,0,0,-,-,NA,NA,ORANGE,ANAHEIM,-117.85855,33.85457009
7156184,2015,2016-01-19,3001,2015-12-24,0903,41555,NA,4,5,7,3001,0,0,0,NA,0,0D2,WEST ROMNEYA DR,N RAVENNA ST,21,E,N,A,-,N,NA,NA,NA,NA,NA,NA,NA,NA,NA,Y,4,0,3,2,A,-,03,22350,NA,N,C,C,A,A,H,-,A,D,0,NA,NA,NA,NA,Y,NA,A,01,0,0,3,0,0,0,0,0,0,-,-,NA,NA,ORANGE,ANAHEIM,-117.92606102,33.85077164
7156488,2015,2016-01-15,3000,2015-12-20,1045,4305,892J6,7,5,4,3048,0,0,0,NA,0,269,ANTONIO PKWY,AVENIDA DE LAS BANDERAS,0,NA,Y,A,-,N,NA,NA,NA,NA,NA,NA,NA,NA,NA,Y,4,0,1,2,A,-,12,21453,A,N,D,C,A,A,H,-,A,A,0,NA,NA,NA,NA,Y,NA,A,07,0,0,1,0,0,0,0,0,0,-,-,NA,NA,ORANGE,RANCHO SANTA MARGARITA,-117.61142011,33.62031003
7156714,2016,2016-01-15,3016,2016-01-04,1449,1153,14,1,5,5,3016,0,0,0,NA,0,001,YORBA LINDA BL,KILT AV,20,W,N,B,-,N,NA,NA,NA,NA,NA,NA,NA,NA,NA,Y,4,0,1,2,A,-,03,22350,NA,N,C,C,A,A,H,-,A,D,0,NA,NA,NA,NA,Y,NA,A,01,0,0,1,0,0,0,0,0,0,-,-,NA,NA,ORANGE,PLACENTIA,-117.85235574,33.8893792
7157171,2016,2016-02-08,3001,2016-01-05,1309,471,NA,2,5,7,3001,0,0,0,NA,0,0D2,NORTH HARBOR BL,WEST LA PALMA AV,75,N,N,A,-,N,NA,NA,NA,NA,NA,NA,NA,NA,NA,N,4,0,1,2,A,-,03,22350,NA,N,C,C,A,A,H,-,A,A,0,NA,NA,NA,NA,Y,NA,A,01,0,0,1,0,0,0,0,0,0,-,-,NA,NA,ORANGE,ANAHEIM,-117.92390715,33.84741001
7158546,2016,2016-01-28,3019,2016-01-01,0245,3369,WE,5,5,7,3019,0,0,0,NA,0,001,17TH ST,FAIRVIEW ST,300,E,N,A,-,N,NA,NA,NA,NA,NA,NA,NA,NA,NA,Y,3,0,1,2,A,-,09,21801,A,N,D,C,A,A,H,-,C,D,0,NA,NA,NA,NA,Y,NA,A,07,0,1,0,0,0,0,0,0,0,-,-,33.75988,-117.90256,ORANGE,SANTA ANA,-117.90187562,33.75987
7158761,2016,2016-02-04,3026,2016-01-15,1432,6352,NA,5,5,6,3026,0,0,0,NA,0,00P,JEFFREY RD,TRABUCO RD,194,S,N,A,-,N,NA,NA,NA,NA,NA,NA,NA,NA,NA,Y,3,0,3,3,A,-,03,22350,NA,N,C,C,A,A,H,-,A,A,0,NA,NA,NA,NA,Y,NA,A,01,0,1,2,0,0,0,0,0,0,-,-,NA,NA,ORANGE,IRVINE,-117.76254278,33.69593837
7158990,2016,2016-02-05,3008,2016-01-22,0852,1296,NA,5,5,6,3008,0,0,0,NA,0,0Z3,MAGNOLIA AV,BUCKINGHAM ST,0,NA,Y,A,-,N,NA,NA,NA,NA,NA,NA,NA,NA,NA,N,4,0,1,2,A,-,12,21453,A,N,D,C,A,A,H,-,A,A,0,NA,NA,NA,NA,Y,NA,A,01,0,0,1,0,0,0,0,0,0,-,-,NA,NA,ORANGE,FULLERTON,-117.97627001,33.85656005
7159012,2016,2016-02-08,3010,2016-01-15,1355,2057,157,5,5,6,3010,0,0,0,NA,0,008,SPRINGDALE,SOFTWIND,0,NA,Y,A,-,N,NA,NA,NA,NA,NA,NA,NA,NA,NA,Y,4,0,2,2,A,-,01,23152,E,N,D,C,A,A,H,-,A,D,0,NA,NA,NA,NA,Y,NA,A,01,0,0,2,0,0,0,0,0,0,-,-,NA,NA,ORANGE,HUNTINGTON BEACH,-118.02417002,33.72783002
7159016,2016,2016-02-25,3010,2016-01-19,1625,1096,164,2,5,6,3010,0,0,0,NA,0,008,SAYBROOK,HEIL,0,NA,Y,B,-,N,NA,NA,NA,NA,NA,NA,NA,NA,NA,Y,4,0,2,2,A,-,09,21802,A,N,D,C,A,A,H,-,B,A,0,NA,NA,NA,NA,Y,NA,-,-,0,0,2,0,0,0,0,0,0,-,-,NA,NA,ORANGE,HUNTINGTON BEACH,-118.05453013,33.72252001
7159381,2015,2016-02-10,3024,2015-12-20,1228,409,P34,7,5,5,3024,0,0,0,NA,0,EAST,BUSHARD ST,BOLSA AV,15,S,N,A,-,N,NA,NA,NA,NA,NA,NA,NA,NA,NA,N,3,0,1,2,A,-,17,21200,NA,N,E,G,A,A,H,-,A,A,0,NA,Y,NA,NA,Y,NA,L,04,0,1,0,0,0,0,1,0,0,-,-,NA,NA,ORANGE,WESTMINSTER,-117.96354726,33.74491894
7159448,2016,2016-02-12,3014,2016-01-15,0947,1395,34,5,5,5,3014,0,0,0,NA,0,0A3,CAMPUS DR,MACARTHUR BL,0,NA,Y,B,-,N,NA,NA,NA,NA,NA,NA,NA,NA,NA,Y,4,0,2,2,A,-,09,21453,C,N,D,C,A,A,H,-,A,A,0,NA,NA,NA,NA,Y,NA,A,07,0,0,2,0,0,0,0,0,0,-,-,33.6717,-117.864,ORANGE,NEWPORT BEACH,-117.86403006,33.67171004
7160687,2015,2016-01-21,3022,2015-12-17,1714,1169,NA,4,5,5,3022,0,0,0,NA,0,NA,IRVINE BL,JAMBOREE RD,316,W,N,A,-,N,NA,NA,NA,NA,NA,NA,NA,NA,NA,Y,2,0,1,2,A,-,07,21658,A,F,B,C,A,A,H,-,C,A,0,NA,NA,Y,NA,Y,NA,A,01,1,0,0,0,0,0,0,0,1,-,-,NA,NA,ORANGE,TUSTIN,-117.78807885,33.73110206
7161110,2015,2016-01-27,3015,2015-12-19,1631,1515,036N,6,5,6,3015,0,0,0,NA,0,002,EAST KATELLA AV,NORTH TUSTIN ST,145,E,N,B,-,N,NA,NA,NA,NA,NA,NA,NA,NA,NA,N,3,0,1,2,A,-,07,21658,A,N,B,C,A,B,H,-,B,D,0,NA,NA,Y,NA,Y,NA,D,22,0,1,0,0,0,0,0,0,1,-,-,NA,NA,ORANGE,ORANGE,-117.83528853,33.80913
7164525,2015,2016-01-23,3000,2015-12-27,0005,5013,862D7,7,5,5,3050,0,0,0,NA,0,762,EL TORO RD,PHEASANT RUN,91,W,N,A,-,N,NA,NA,NA,NA,NA,NA,NA,NA,NA,Y,3,0,1,1,A,-,01,23152,A,N,E,I,A,A,H,-,C,D,0,NA,NA,NA,NA,Y,Y,A,01,0,1,0,0,0,0,0,0,0,-,-,NA,NA,ORANGE,LAKE FOREST,-117.64879617,33.66096198
7165166,2016,2016-02-02,3024,2016-01-07,0827,329,P14,4,5,5,3024,0,0,0,NA,0,WEST,WESTMINSTER BL,UNIVERSITY ST,17,E,N,B,-,N,NA,NA,NA,NA,NA,NA,NA,NA,NA,N,3,0,1,2,A,-,10,21950,A,N,G,B,B,A,H,-,A,A,0,Y,NA,NA,NA,Y,NA,A,01,0,1,0,0,1,0,0,0,0,-,-,NA,NA,ORANGE,WESTMINSTER,-118.03605419,33.75948
7165173,2016,2016-02-03,3024,2016-01-20,1117,329,P30,3,5,5,3024,0,0,0,NA,0,WEST,GOLDENWEST ST,GEORGETOWN AV,51,N,N,B,-,N,NA,NA,NA,NA,NA,NA,NA,NA,NA,N,3,0,1,1,A,-,08,22107,NA,N,F,A,A,A,H,-,A,D,0,NA,Y,NA,NA,Y,NA,L,04,0,1,0,0,0,0,1,0,0,-,-,NA,NA,ORANGE,WESTMINSTER,-118.00696,33.74253983
7165536,2016,2016-01-26,3009,2016-01-06,0803,3607,076,3,5,6,3009,0,0,0,NA,0,1 3,MAGNOLIA ST,HEWITT PL,15,S,N,B,-,N,NA,NA,NA,NA,NA,NA,NA,NA,NA,N,4,0,2,2,A,-,09,21801,A,N,D,C,A,B,H,-,A,A,0,NA,NA,NA,NA,Y,NA,A,07,0,0,2,0,0,0,0,0,0,-,-,NA,NA,ORANGE,GARDEN GROVE,-117.97251,33.76183887
7166023,2015,2016-02-06,3019,2015-12-23,2320,2703,CNE,3,5,7,3019,0,0,0,NA,0,001,EUCLID,OAKFIELD,0,NA,Y,A,-,N,NA,NA,NA,NA,NA,NA,NA,NA,NA,Y,4,0,1,2,A,-,12,21453,A,N,A,C,A,A,H,-,C,A,0,NA,NA,NA,NA,Y,NA,A,01,0,0,1,0,0,0,0,0,0,-,-,NA,NA,ORANGE,SANTA ANA,-117.93759006,33.75459002
7166077,2015,2016-01-25,3015,2015-12-21,1744,1372,94,1,5,6,3015,0,0,0,NA,0,732,E SANTIAGO CANYON RD,N PARK BL,208,W,N,A,-,N,NA,NA,NA,NA,NA,NA,NA,NA,NA,N,4,0,1,2,A,-,03,22350,NA,N,C,C,A,A,H,-,C,D,0,NA,NA,NA,NA,Y,NA,A,07,0,0,1,0,0,0,0,0,0,-,-,NA,NA,ORANGE,ORANGE,-117.7985,33.81028
7166822,2015,2016-01-28,3024,2015-12-26,0924,410,P21,6,5,5,3024,0,0,0,NA,0,EAST,WESTMINSTER AV,BUSHARD ST,9,W,N,A,-,N,NA,NA,NA,NA,NA,NA,NA,NA,NA,N,3,0,1,2,A,-,11,21456,NA,N,G,B,B,A,H,-,A,A,0,Y,NA,NA,NA,Y,NA,N,60,0,1,0,0,1,0,0,0,0,-,-,NA,NA,ORANGE,WESTMINSTER,-117.96365954,33.75947969
7167156,2016,2016-02-02,3008,2016-01-06,1956,1342,NA,3,5,6,3008,0,0,0,NA,0,0Z1,GILBERT ST,STERN GOODMAN ST,0,NA,Y,C,-,N,NA,NA,NA,NA,NA,NA,NA,NA,NA,Y,3,0,2,2,A,-,09,21801,A,N,B,C,A,B,-,-,C,A,0,NA,NA,NA,NA,Y,NA,A,08,0,1,1,0,0,0,0,0,0,-,-,33.87937,-117.96641,ORANGE,FULLERTON,-117.96636,33.87935007
7167418,2016,2016-02-04,3008,2016-01-04,0611,869,NA,1,5,6,3008,0,0,0,NA,0,0Z3,CHAPMAN AV,LADERA VISTA DR,382,E,N,B,-,N,NA,NA,NA,NA,NA,NA,NA,NA,NA,Y,4,0,1,3,A,-,08,22107,NA,N,B,E,A,A,H,-,C,D,0,NA,NA,NA,NA,Y,NA,A,01,0,0,1,0,0,0,0,0,0,-,-,NA,NA,ORANGE,FULLERTON,-117.89248451,33.87420382
7167853,2015,2016-01-26,3026,2015-12-28,0915,4779,P,1,5,6,3026,0,0,0,NA,0,00P,ALTON PKWY,BARRANCA PKWY,0,NA,Y,A,-,N,NA,NA,NA,NA,NA,NA,NA,NA,NA,Y,3,0,2,2,A,-,12,21453,A,N,D,C,A,A,H,-,A,A,0,NA,NA,NA,NA,Y,NA,A,01,0,1,1,0,0,0,0,0,0,-,-,NA,NA,ORANGE,IRVINE,-117.7251401,33.64797004
7168555,2015,2016-01-26,3014,2015-12-09,1549,1046,RD39,3,5,5,3014,0,0,0,NA,0,0A3,SANTA BARBARA DR,SAN CLEMENTE DR,0,NA,Y,A,-,N,NA,NA,NA,NA,NA,NA,NA,NA,NA,Y,3,0,1,2,A,-,09,21801,A,N,D,C,A,A,H,-,A,A,0,NA,NA,NA,NA,Y,NA,A,07,0,1,0,0,0,0,0,0,0,-,-,33.6212,-117.8802,ORANGE,NEWPORT BEACH,-117.88030003,33.62123005
7169161,2016,2016-01-26,3019,2016-01-04,0726,3413,SE,1,5,7,3019,0,0,0,NA,0,003,ROSS ST,SAINT ANDREW PL,0,NA,Y,B,-,N,NA,NA,NA,NA,NA,NA,NA,NA,NA,Y,4,0,2,2,A,-,09,21802,A,N,D,C,A,B,H,-,A,A,0,NA,NA,NA,NA,Y,NA,A,01,0,0,2,0,0,0,0,0,0,-,-,NA,NA,ORANGE,SANTA ANA,-117.87192001,33.72245003
7169473,2016,2016-01-26,3019,2016-01-04,1238,3413,SE,1,5,7,3019,0,0,0,NA,0,003,EDINGER AV,MINNIE ST,0,NA,Y,A,-,N,NA,NA,NA,NA,NA,NA,NA,NA,NA,N,4,0,1,2,A,-,05,21650,1,N,D,G,A,A,H,-,A,A,0,NA,Y,NA,NA,Y,NA,L,04,0,0,1,0,0,0,1,0,0,-,-,33.72681,-117.85472,ORANGE,SANTA ANA,-117.85489005,33.72688012
7169772,2015,2016-01-29,3013,2015-12-18,1519,190,NA,5,5,3,3013,0,0,0,NA,0,NA,LOS ALAMITOS BL,KATELLA AV,0,NA,Y,A,-,N,NA,NA,NA,NA,NA,NA,NA,NA,NA,N,3,0,1,2,A,-,11,21950,B,N,-,B,B,A,H,-,A,A,0,Y,NA,NA,NA,Y,NA,N,60,0,1,0,0,1,0,0,0,0,-,-,NA,NA,ORANGE,LOS ALAMITOS,-118.0719301,33.80303006
7169831,2016,2016-02-02,3001,2016-01-18,1034,A1410,NA,1,5,7,3001,0,0,0,NA,0,D-3,WEST BALL RD,SOUTH LEMON ST,120,W,N,A,-,N,NA,NA,NA,NA,NA,NA,NA,NA,NA,Y,3,0,2,3,A,-,03,22350,NA,N,C,C,A,A,H,-,A,A,0,NA,NA,NA,NA,Y,NA,A,01,0,1,1,0,0,0,0,0,0,-,-,NA,NA,ORANGE,ANAHEIM,-117.91065415,33.81815
7170572,2016,2016-01-29,3012,2016-01-19,1843,288,33,2,5,5,3012,0,0,0,NA,0,S/W,LA HABRA BL,WILLOW ST,9,W,N,B,-,N,NA,NA,NA,NA,NA,NA,NA,NA,NA,N,4,0,2,2,A,-,03,22350,NA,N,C,C,A,A,H,-,C,D,0,NA,NA,NA,NA,Y,NA,A,01,0,0,2,0,0,0,0,0,0,-,-,NA,NA,ORANGE,LA HABRA,-117.9539396,33.93186
7171071,2016,2016-02-26,3000,2016-01-08,1120,6717,891G1,5,5,5,3050,0,0,0,NA,0,18762,BAKE PKWY,TRABUCO RD,20,W,N,B,-,N,NA,NA,NA,NA,NA,NA,NA,NA,NA,Y,4,0,2,2,A,-,12,21453,A,N,D,C,A,A,H,-,A,A,0,NA,NA,NA,NA,Y,NA,A,01,0,0,2,0,0,0,0,0,0,-,-,33.3918,-117.42114,ORANGE,LAKE FOREST,-117.70295748,33.65501502
7171333,2016,2016-02-29,3010,2016-01-15,1301,1059,422,5,5,6,3010,0,0,0,NA,0,005,CLAY AV,DELAWARE ST,0,NA,Y,B,-,N,NA,NA,NA,NA,NA,NA,NA,NA,NA,N,4,0,1,2,A,-,09,21802,A,N,D,C,A,A,H,-,A,A,0,NA,NA,NA,NA,Y,NA,A,01,0,0,1,0,0,0,0,0,0,-,-,NA,NA,ORANGE,HUNTINGTON BEACH,-117.99310006,33.68303007
7171469,2016,2016-02-08,3014,2016-01-09,0906,1346,RD52,6,5,5,3014,0,0,0,NA,0,0A4,PORT DUNBAR DR,SPYGLASS HILL RD,26,E,N,A,-,N,NA,NA,NA,NA,NA,NA,NA,NA,NA,N,4,0,1,3,A,-,09,21802,A,N,H,A,A,A,H,-,A,A,0,NA,Y,NA,NA,Y,NA,A,07,0,0,1,0,0,0,1,0,0,-,-,33.6202,-117.8506,ORANGE,NEWPORT BEACH,-117.85064532,33.62015431
7171497,2016,2016-02-08,3009,2016-01-09,1920,3625,156,6,5,6,3009,0,0,0,NA,0,2-3,ROXEY,WOODBURY,131,S,N,A,-,N,NA,NA,NA,NA,NA,NA,NA,NA,NA,Y,4,0,1,3,A,-,01,23152,A,N,C,E,A,A,H,-,C,A,0,NA,NA,NA,NA,Y,Y,A,01,0,0,1,0,0,0,0,0,0,-,-,NA,NA,ORANGE,GARDEN GROVE,-117.90900508,33.76349088
7175445,2016,2016-02-05,3009,2016-01-11,1719,3511,44,1,5,6,3009,0,0,0,NA,0,011,WESTERN AV,GARDEN GROVE BL,110,N,N,A,-,N,NA,NA,NA,NA,NA,NA,NA,NA,NA,Y,4,0,1,2,A,-,08,22100,B,N,D,C,A,A,H,-,C,D,0,NA,NA,NA,NA,Y,NA,A,01,0,0,1,0,0,0,0,0,0,-,-,NA,NA,ORANGE,GARDEN GROVE,-118.0013685,33.77402144
7175453,2016,2016-02-05,3009,2016-01-03,1751,1610,122,7,5,6,3009,0,0,0,NA,0,021,EUCLID AV,WOODWARD LN,67,N,N,A,-,N,NA,NA,NA,NA,NA,NA,NA,NA,NA,Y,4,0,1,5,A,-,06,21755,A,N,C,E,A,A,H,-,C,D,0,NA,NA,NA,NA,Y,NA,A,01,0,0,1,0,0,0,0,0,0,-,-,NA,NA,ORANGE,GARDEN GROVE,-117.94130188,33.79076368
7175986,2016,2016-02-09,3012,2016-01-08,0831,586,47,5,5,5,3012,0,0,0,NA,0,004,IDAHO ST,RISNER AV,0,NA,Y,A,-,N,NA,NA,NA,NA,NA,NA,NA,NA,NA,N,2,0,1,2,D,-,00,NA,NA,N,A,B,E,A,H,-,A,A,0,Y,NA,NA,NA,Y,NA,-,-,1,0,0,0,1,0,0,0,0,-,-,NA,NA,ORANGE,LA HABRA,-117.95828012,33.90748012
7176009,2016,2017-02-18,3010,2016-01-27,1741,251,423,3,5,6,3010,0,0,0,NA,0,005,RT 39,GARFIELD,725,S,N,A,-,Y,ORA,12,39,-,-,2.51,H,-,N,Y,4,0,3,3,A,-,03,22350,NA,N,C,C,A,A,H,-,C,A,0,NA,NA,NA,NA,Y,NA,A,01,0,0,3,0,0,0,0,0,0,-,-,NA,NA,ORANGE,HUNTINGTON BEACH,-117.98865283,33.68482135
7176032,2016,2016-02-09,3001,2016-01-22,0730,1410,NA,5,5,7,3001,0,0,0,NA,0,NJC,W LINCOLN AV,N BELINDA CIR,20,E,N,A,-,N,NA,NA,NA,NA,NA,NA,NA,NA,NA,Y,3,0,1,2,A,-,11,21456,A,N,G,B,B,A,H,-,A,A,0,Y,NA,NA,NA,Y,NA,N,60,0,1,0,0,1,0,0,0,0,-,-,NA,NA,ORANGE,ANAHEIM,-117.96596432,33.83247153
7176036,2016,2016-02-09,3001,2016-01-17,0618,1508,NA,7,5,7,3001,0,0,0,NA,0,0D1,W DEL MONTE DR,S BELLA VISTA ST,56,W,N,A,-,N,NA,NA,NA,NA,NA,NA,NA,NA,NA,Y,3,0,1,2,A,-,08,22107,NA,N,B,E,A,A,H,-,C,A,0,NA,NA,NA,NA,Y,NA,-,NA,0,1,0,0,0,0,0,0,0,-,-,NA,NA,ORANGE,ANAHEIM,-118.0077139,33.82963552
7176102,2015,2016-02-08,3003,2015-12-21,1507,601,23,1,5,5,3003,0,0,0,NA,0,001,ARTESIA BL,STANTON AV,135,W,N,A,-,N,NA,NA,NA,NA,NA,NA,NA,NA,NA,N,4,0,1,2,A,-,03,22350,NA,N,C,C,A,A,H,-,A,A,0,NA,NA,NA,NA,Y,NA,A,01,0,0,1,0,0,0,0,0,0,-,-,33.8734,-117.9943,ORANGE,BUENA PARK,-117.9943336,33.87349934
7177011,2016,2016-02-08,3000,2016-01-12,1240,2849,891J4,2,5,5,3050,0,0,0,NA,0,764,TOLEDO WY,PRADO LN,76,N,N,A,-,N,NA,NA,NA,NA,NA,NA,NA,NA,NA,Y,2,0,2,2,A,-,08,21460,5,N,D,C,A,A,H,-,A,D,0,NA,NA,NA,NA,Y,NA,A,01,1,0,1,0,0,0,0,0,0,-,-,NA,NA,ORANGE,LAKE FOREST,-117.68920566,33.63571766
7177255,2016,2016-02-12,3015,2016-01-20,2318,857,23W,3,5,6,3015,0,0,0,NA,0,312,EAST CHAPMAN AV,SHAFFER ST,0,NA,Y,A,-,N,NA,NA,NA,NA,NA,NA,NA,NA,NA,Y,3,0,1,2,A,-,08,22107,NA,N,A,C,A,A,H,-,C,A,0,NA,NA,NA,NA,Y,NA,A,01,0,1,0,0,0,0,0,0,0,-,-,NA,NA,ORANGE,ORANGE,-117.84876006,33.78786007
7177868,2016,2016-02-10,3001,2016-01-25,0634,A0989,NA,1,5,7,3001,0,0,0,NA,0,D 3,KATELLA,HOWELL AV,0,NA,Y,A,-,N,NA,NA,NA,NA,NA,NA,NA,NA,NA,Y,3,0,1,2,A,-,09,21453,C,N,D,C,A,A,H,-,A,A,0,NA,NA,NA,NA,Y,NA,A,01,0,1,0,0,0,0,0,0,0,-,-,NA,NA,ORANGE,ANAHEIM,-117.88342004,33.8056301
7179596,2016,2016-02-12,3019,2016-01-28,2009,3389,WE,4,5,7,3019,0,0,0,NA,0,001,EUCLID AV,1ST ST,0,NA,Y,A,-,N,NA,NA,NA,NA,NA,NA,NA,NA,NA,Y,4,0,2,2,A,-,12,21453,A,F,D,C,A,A,H,-,C,A,0,NA,NA,NA,NA,Y,NA,D,22,0,0,2,0,0,0,0,0,0,-,-,33.74516,-117.93761,ORANGE,SANTA ANA,-117.93748011,33.74505006
7179844,2016,2016-02-18,3001,2016-01-28,1208,A1825,NA,4,5,7,3001,0,0,0,NA,0,0D1,WEST BALL RD,SOUTH BROOKHURST ST,273,E,N,A,-,N,NA,NA,NA,NA,NA,NA,NA,NA,NA,N,4,0,1,2,A,-,07,21658,A,N,B,C,A,A,H,-,A,D,0,NA,NA,NA,NA,Y,NA,A,07,0,0,1,0,0,0,0,0,0,-,-,NA,NA,ORANGE,ANAHEIM,-117.95804341,33.81778
7180769,2016,2017-02-11,3010,2016-02-05,0442,2136,252,5,5,6,3010,0,0,0,NA,0,007,RT 39,EDINGER AV,0,NA,Y,A,-,Y,ORA,12,39,-,-,5.641,I,5,S,Y,4,0,1,2,A,-,12,21453,A,N,D,C,A,A,H,-,C,A,0,NA,NA,NA,NA,Y,NA,D,23,0,0,1,0,0,0,0,0,0,-,-,NA,NA,ORANGE,HUNTINGTON BEACH,-117.98943774,33.73025021
7181116,2016,2016-02-17,3008,2016-02-02,0630,1445,Z1,2,5,6,3008,0,0,0,NA,0,NA,FLOWER AV,GILBERT ST,6,W,N,A,-,N,NA,NA,NA,NA,NA,NA,NA,NA,NA,N,4,0,1,2,A,-,10,21950,A,N,G,B,B,A,H,-,B,A,0,Y,NA,NA,NA,Y,NA,A,01,0,0,1,0,1,0,0,0,0,-,-,NA,NA,ORANGE,FULLERTON,-117.96807972,33.86318981
7182185,2016,2016-08-26,3014,2016-02-01,1715,1179,RD39,1,5,5,3014,0,0,0,NA,0,0A3,RT 1,JAMBOREE RD,0,NA,Y,A,-,N,NA,NA,NA,NA,NA,NA,NA,NA,NA,Y,4,0,1,2,A,-,01,23152,A,M,D,C,A,A,H,-,B,A,0,NA,NA,NA,NA,Y,NA,A,01,0,0,1,0,0,0,0,0,0,-,-,NA,NA,ORANGE,NEWPORT BEACH,-117.890618,33.612623
7183636,2016,2017-02-11,3024,2016-01-19,2314,286,P24,2,5,5,3024,0,0,0,NA,0,WEST,BEACH BL,HAZARD AV,36,S,N,C,-,Y,ORA,12,39,-,-,7.12,H,-,S,Y,3,0,1,1,A,-,03,22350,NA,N,E,I,A,B,H,-,C,A,0,NA,NA,NA,NA,Y,NA,A,01,0,1,0,0,0,0,0,0,0,-,-,NA,NA,ORANGE,WESTMINSTER,-117.98968183,33.75174457
7185011,2016,2016-02-17,3026,2016-01-26,1803,6352,NA,2,5,6,3026,0,0,0,NA,0,00P,IRVINE BL,GROVELAND,542,E,N,A,-,N,NA,NA,NA,NA,NA,NA,NA,NA,NA,Y,4,0,1,3,A,-,03,22350,NA,N,C,C,A,A,H,-,C,A,0,NA,NA,NA,NA,Y,NA,A,01,0,0,1,0,0,0,0,0,0,-,-,NA,NA,ORANGE,IRVINE,-117.74302651000001,33.70179692
7185973,2016,2016-02-23,3014,2016-01-29,1412,1146,RD26,5,5,5,3014,0,0,0,NA,0,0A2,CASTAWAYS LN,DOVER DR,227,E,N,A,-,N,NA,NA,NA,NA,NA,NA,NA,NA,NA,Y,3,0,1,2,A,-,09,21801,A,N,D,C,A,A,H,-,A,D,0,NA,NA,NA,NA,Y,NA,A,01,0,1,0,0,0,0,0,0,0,-,-,NA,NA,ORANGE,NEWPORT BEACH,-117.90567498,33.6219255
7186676,2016,2016-02-22,3001,2016-01-30,1833,A2258,NA,6,5,7,3001,0,0,0,NA,0,0D4,N JEFFERSON ST,MIRALOMA AV,62,N,N,B,-,N,NA,NA,NA,NA,NA,NA,NA,NA,NA,Y,4,0,2,2,A,-,03,22350,A,N,C,C,A,A,H,-,C,A,0,NA,NA,NA,NA,Y,NA,A,08,0,0,2,0,0,0,0,0,0,-,-,NA,NA,ORANGE,ANAHEIM,-117.83706301,33.86292994
7187377,2016,2017-02-18,3010,2016-02-21,1212,2057,412,7,5,6,3010,0,0,0,NA,0,005,RT 39,MAIN,24,S,N,A,-,Y,ORA,12,39,-,-,3.11,H,-,S,Y,3,0,2,3,A,-,03,22350,NA,N,C,C,A,A,H,-,A,D,0,NA,NA,NA,NA,Y,NA,A,01,0,1,1,0,0,0,0,0,0,-,-,NA,NA,ORANGE,HUNTINGTON BEACH,-117.98895584,33.69360318
7187964,2016,2016-02-22,3022,2016-02-02,1204,1109,SOUTH,2,5,5,3022,0,0,0,NA,0,003,TUSTIN RANCH RD,WARNER AV,0,NA,Y,A,-,N,NA,NA,NA,NA,NA,NA,NA,NA,NA,Y,4,0,1,3,A,-,09,21453,C,N,D,C,A,A,H,-,A,A,0,NA,NA,NA,NA,Y,NA,A,08,0,0,1,0,0,0,0,0,0,-,-,33.701,-117.82229,ORANGE,TUSTIN,-117.82563003,33.70076005
7188827,2016,2016-02-24,3004,2016-01-14,1642,P429,28,4,5,6,3004,0,0,0,NA,0,015,BRISTOL ST,NEWPORT BL,0,NA,Y,A,-,N,NA,NA,NA,NA,NA,NA,NA,NA,NA,N,4,0,1,2,A,-,09,21804,A,N,G,B,F,A,H,-,A,D,0,Y,NA,NA,NA,Y,NA,A,01,0,0,1,0,1,0,0,0,0,-,-,33.405,-117.533,ORANGE,COSTA MESA,-117.8887901,33.67274004