CASE_ID,ACCIDENT_YEAR,PROC_DATE,JURIS,COLLISION_DATE,COLLISION_TIME,OFFICER_ID,REPORTING_DISTRICT,DAY_OF_WEEK,CHP_SHIFT,POPULATION,CNTY_CITY_LOC,SPECIAL_COND,BEAT_TYPE,CHP_BEAT_TYPE,CITY_DIVISION_LAPD,CHP_BEAT_CLASS,BEAT_NUMBER,PRIMARY_RD,SECONDARY_RD,DISTANCE,DIRECTION,INTERSECTION,WEATHER_1,WEATHER_2,STATE_HWY_IND,CALTRANS_COUNTY,CALTRANS_DISTRICT,STATE_ROUTE,ROUTE_SUFFIX,POSTMILE_PREFIX,POSTMILE,LOCATION_TYPE,RAMP_INTERSECTION,SIDE_OF_HWY,TOW_AWAY,COLLISION_SEVERITY,NUMBER_KILLED,NUMBER_INJURED,PARTY_COUNT,PRIMARY_COLL_FACTOR,PCF_CODE_OF_VIOL,PCF_VIOL_CATEGORY,PCF_VIOLATION,PCF_VIOL_SUBSECTION,HIT_AND_RUN,TYPE_OF_COLLISION,MVIW,PED_ACTION,ROAD_SURFACE,ROAD_COND_1,ROAD_COND_2,LIGHTING,CONTROL_DEVICE,CHP_ROAD_TYPE,PEDESTRIAN_ACCIDENT,BICYCLE_ACCIDENT,MOTORCYCLE_ACCIDENT,TRUCK_ACCIDENT,NOT_PRIVATE_PROPERTY,ALCOHOL_INVOLVED,STWD_VEHTYPE_AT_FAULT,CHP_VEHTYPE_AT_FAULT,COUNT_SEVERE_INJ,COUNT_VISIBLE_INJ,COUNT_COMPLAINT_PAIN,COUNT_PED_KILLED,COUNT_PED_INJURED,COUNT_BICYCLIST_KILLED,COUNT_BICYCLIST_INJURED,COUNT_MC_KILLED,COUNT_MC_INJURED,PRIMARY_RAMP,SECONDARY_RAMP,LATITUDE,LONGITUDE,COUNTY,CITY,POINT_X,POINT_Y
81922690,2022,2022-11-21,3008,2022-09-18,1130,1295,ZONE,7,5,6,3008,0,0,0,NA,0,NA,BREA BLVD,ROLLING HILLS DR,0,NA,Y,A,-,N,NA,NA,NA,NA,NA,NA,NA,NA,NA,Y,4,0,1,2,A,-,09,21801,A,N,D,C,A,A,H,-,A,A,0,NA,NA,NA,NA,Y,NA,A,07,0,0,1,0,0,0,0,0,0,-,-,NA,NA,ORANGE,FULLERTON,-117.90756988525392,33.90312576293945
81923824,2022,2022-11-22,3001,2022-11-17,1913,A2332,D-4,4,5,7,3001,0,0,0,NA,0,D-4,KRAEMER BOULEVARD,LA JOLLA STREET,0,NA,Y,A,-,N,NA,NA,NA,NA,NA,NA,NA,NA,NA,Y,4,0,2,2,A,-,09,21801,A,N,D,C,A,A,H,-,C,A,0,NA,NA,NA,NA,Y,NA,A,01,0,0,2,0,0,0,0,0,0,-,-,33.86172866821289,-117.8610610961914,ORANGE,ANAHEIM,-117.86109161376952,33.86153793334961
81924930,2022,2022-11-23,3019,2022-11-14,0936,3409,WE,1,5,7,3019,0,0,0,NA,0,001,1ST STREET,ANDRES PLACE,5,W,N,A,-,N,NA,NA,NA,NA,NA,NA,NA,NA,NA,Y,4,0,1,2,A,-,09,21804,A,N,D,C,A,A,H,-,A,D,0,NA,NA,NA,NA,Y,NA,A,01,0,0,1,0,0,0,0,0,0,-,-,33.7451286315918,-117.93132781982422,ORANGE,SANTA ANA,-117.93122863769533,33.74509048461914
81929256,2022,2022-11-29,3014,2022-11-19,0905,1520,RD16,6,5,5,3014,0,0,0,NA,0,A1,VIA LIDO,VIA OPORTO,170,E,N,A,-,N,NA,NA,NA,NA,NA,NA,NA,NA,NA,Y,4,0,1,3,A,-,03,22350,NA,N,C,E,A,A,H,-,A,D,0,NA,NA,NA,NA,Y,NA,A,01,0,0,1,0,0,0,0,0,0,-,-,33.61759948730469,-117.92780303955078,ORANGE,NEWPORT BEACH,-117.92787933349608,33.61759948730469
81936829,2022,2022-12-08,3001,2022-10-18,2136,A1962,NA,2,5,7,3001,0,0,0,NA,0,D-2,EAST STREET,SR 91 E/B OFF RAMP,158,S,N,A,-,Y,NA,NA,NA,NA,NA,NA,NA,NA,NA,Y,4,0,1,2,A,-,08,22100,A,N,C,C,A,A,H,-,C,A,0,NA,NA,Y,NA,Y,NA,A,01,0,0,1,0,0,0,0,0,1,-,-,NA,NA,ORANGE,ANAHEIM,-117.9067153930664,33.853328704833984
81936881,2022,2022-12-08,3010,2022-12-02,1441,2217,455,5,5,6,3010,0,0,0,NA,0,002,BUSHARD ST,ATLANTA AVE,0,NA,Y,A,-,N,NA,NA,NA,NA,NA,NA,NA,NA,NA,Y,4,0,2,2,A,-,09,21801,A,N,D,D,A,A,H,-,A,A,0,NA,NA,NA,NA,Y,NA,A,01,0,0,2,0,0,0,0,0,0,-,-,33.65753173828125,-117.96237182617188,ORANGE,HUNTINGTON BEACH,-117.96234130859376,33.65778732299805
81936885,2022,2022-12-08,3010,2022-12-03,2244,2218,453,6,5,6,3010,0,0,0,NA,0,002,FARNSWORTH LN,REILLY DR,355,S,N,A,-,N,NA,NA,NA,NA,NA,NA,NA,NA,NA,Y,3,0,1,2,A,-,08,22107,NA,N,C,E,A,A,H,-,C,D,0,NA,NA,NA,NA,Y,NA,A,01,0,1,0,0,0,0,0,0,0,-,-,33.66413879394531,-117.98403930664063,ORANGE,HUNTINGTON BEACH,-117.98418426513672,33.66310501098633
81938901,2022,2022-12-12,3019,2022-12-09,1218,3439,SE,5,5,7,3019,0,0,0,NA,0,003,GRAND AVENUE,MCCLAY STREET,10,S,N,A,-,N,NA,NA,NA,NA,NA,NA,NA,NA,NA,Y,3,0,2,2,A,-,09,21802,A,N,D,C,A,A,H,-,A,A,0,NA,NA,NA,NA,Y,NA,A,07,0,2,0,0,0,0,0,0,0,-,-,33.742191314697266,-117.85069274902344,ORANGE,SANTA ANA,-117.85048675537108,33.74321746826172
81940378,2022,2022-12-13,3026,2022-12-01,1718,691,NA,4,5,6,3026,0,0,0,NA,0,001,PASEO WESTPARK,SAN LEANDRO,0,NA,Y,A,-,N,NA,NA,NA,NA,NA,NA,NA,NA,NA,Y,3,0,2,1,A,-,08,22107,NA,N,E,I,A,A,H,-,C,D,0,NA,NA,NA,NA,Y,NA,A,01,0,2,0,0,0,0,0,0,0,-,-,NA,NA,ORANGE,IRVINE,-117.82337951660156,33.67512893676758
81942900,2022,2022-12-15,3008,2022-09-19,1742,1484,NA,1,5,6,3008,0,0,0,NA,0,003,MALVERN AVE,STEPHENS AVE,0,NA,Y,A,-,N,NA,NA,NA,NA,NA,NA,NA,NA,NA,Y,4,0,2,2,A,-,09,21802,A,N,D,C,A,A,H,-,A,A,0,NA,NA,NA,NA,Y,NA,A,01,0,0,2,0,0,0,0,0,0,-,-,NA,NA,ORANGE,FULLERTON,-117.94850158691406,33.87546157836914
81943942,2022,2022-12-16,3001,2022-12-13,1106,A1218,NA,2,5,7,3001,0,0,0,NA,0,D-3,EUCLID STREET,CHALET AVENUE,50,N,N,A,-,N,NA,NA,NA,NA,NA,NA,NA,NA,NA,N,3,0,1,3,D,-,00,NA,NA,N,B,C,F,A,H,-,A,D,0,Y,NA,NA,NA,Y,NA,-,-,0,1,0,0,1,0,0,0,0,-,-,33.814910888671875,-117.9412078857422,ORANGE,ANAHEIM,-117.9414291381836,33.81492614746094
81945027,2022,2022-12-19,3024,2022-10-13,1641,509,P-36,4,5,5,3024,0,0,0,NA,0,EAST,BROOKHURST STREET,BISHOP PLACE,0,NA,Y,A,-,N,NA,NA,NA,NA,NA,NA,NA,NA,NA,Y,2,0,1,5,A,-,03,22350,NA,N,C,C,A,A,H,-,A,A,0,NA,NA,NA,Y,Y,NA,A,01,1,0,0,0,0,0,0,0,0,-,-,33.741329193115234,-117.95474243164063,ORANGE,WESTMINSTER,-117.95491027832033,33.74134063720703
81945053,2022,2022-12-19,3007,2022-12-10,1705,326,65,6,5,5,3007,0,0,0,NA,0,003,BROOKHURST ST,STONE FIELD DR,200,N,N,A,-,N,NA,NA,NA,NA,NA,NA,NA,NA,NA,N,4,0,1,2,A,-,09,21804,A,N,B,C,A,A,H,-,C,D,0,NA,NA,NA,NA,Y,NA,A,01,0,0,1,0,0,0,0,0,0,-,-,NA,NA,ORANGE,FOUNTAIN VALLEY,-117.95437622070313,33.70024871826172
81945081,2022,2022-12-19,3007,2022-11-18,1920,331,37,5,5,5,3007,0,0,0,NA,0,002,WARNER,EUCLID,0,NA,Y,A,-,N,NA,NA,NA,NA,NA,NA,NA,NA,NA,Y,4,0,1,2,A,-,09,21804,A,N,D,C,A,A,H,-,C,D,0,NA,NA,NA,NA,Y,NA,A,01,0,0,1,0,0,0,0,0,0,-,-,NA,NA,ORANGE,FOUNTAIN VALLEY,-117.93721771240234,33.71645736694336
81946444,2022,2022-12-20,3001,2022-12-17,1730,A1962,D-4,6,5,7,3001,0,0,0,NA,0,D-4,SANTA ANA CANYON ROAD,SOLOMON DRIVE,100,W,N,A,-,N,NA,NA,NA,NA,NA,NA,NA,NA,NA,N,4,0,2,2,A,-,03,22350,NA,N,C,C,A,A,H,-,C,A,0,NA,NA,NA,NA,Y,NA,A,01,0,0,2,0,0,0,0,0,0,-,-,33.85285949707031,-117.78402709960938,ORANGE,ANAHEIM,-117.78418731689452,33.85245895385742
81948697,2022,2022-12-22,3015,2022-12-19,1736,1545,RD13,1,5,6,3015,0,0,0,NA,0,721M,GLASSELL ST,LA VETA AVE,33,S,N,A,-,N,NA,NA,NA,NA,NA,NA,NA,NA,NA,N,4,0,1,2,A,-,03,22350,NA,N,C,C,A,A,H,-,C,A,0,NA,NA,NA,NA,Y,NA,A,07,0,0,1,0,0,0,0,0,0,-,-,33.780029296875,-117.853271484375,ORANGE,ORANGE,-117.85312652587892,33.7805290222168
8194898,2016,2017-01-24,3015,2016-12-06,1448,1372,51,2,5,6,3015,0,0,0,NA,0,732,WEST ORANGEWOOD AV,N MAIN ST,208,W,N,A,-,N,NA,NA,NA,NA,NA,NA,NA,NA,NA,N,4,0,1,2,A,-,03,22350,NA,N,-,C,A,A,H,-,A,D,0,NA,NA,NA,NA,Y,NA,A,01,0,0,1,0,0,0,0,0,0,-,-,NA,NA,ORANGE,ORANGE,-117.86723731,33.795118
81952105,2022,2022-12-26,3002,2022-11-29,0921,1684,NA,2,5,4,3002,0,0,0,NA,0,012,BIRCH ST,ASSOCIATED RD (W),272,E,N,A,-,N,NA,NA,NA,NA,NA,NA,NA,NA,NA,Y,4,0,1,1,A,-,08,22107,NA,N,E,I,A,A,H,-,A,A,0,NA,NA,NA,NA,Y,NA,A,01,0,0,1,0,0,0,0,0,0,-,-,33.917999267578125,-117.8759536743164,ORANGE,BREA,-117.87513732910156,33.918094635009766
81952603,2022,2022-12-27,3008,2022-11-10,1544,1486,ZONE,4,5,6,3008,0,0,0,NA,0,NA,ORANGETHORPE AVE,GILBERT ST,0,NA,Y,A,-,N,NA,NA,NA,NA,NA,NA,NA,NA,NA,Y,4,0,1,2,A,-,09,21801,A,N,D,C,A,A,H,-,A,A,0,NA,NA,NA,NA,Y,NA,A,01,0,0,1,0,0,0,0,0,0,-,-,NA,NA,ORANGE,FULLERTON,-117.96802520751952,33.85934829711914
81952646,2022,2022-12-27,3024,2022-10-18,1200,418,P-40,2,5,5,3024,0,0,0,NA,0,EAST,BROOKHURST STREET,MCFADDEN AVENUE,100,S,N,A,-,N,NA,NA,NA,NA,NA,NA,NA,NA,NA,Y,2,0,2,2,A,-,03,22350,NA,N,C,C,A,A,H,-,A,D,0,NA,NA,NA,NA,Y,NA,A,01,1,0,1,0,0,0,0,0,0,-,-,33.73768997192383,-117.95475006103516,ORANGE,WESTMINSTER,-117.95477294921876,33.73740768432617
81954260,2022,2022-12-28,3026,2022-11-25,1928,614,NA,5,5,6,3026,0,0,0,NA,0,002,MAIN STREET,MACARTHUR BLVD,0,NA,Y,A,-,N,NA,NA,NA,NA,NA,NA,NA,NA,NA,N,3,0,2,2,A,-,09,21453,C,N,D,C,A,A,H,-,C,A,0,NA,NA,NA,NA,Y,NA,-,-,0,2,0,0,0,0,0,0,0,-,-,NA,NA,ORANGE,IRVINE,-117.85553741455078,33.685543060302734
81954887,2022,2022-12-29,3001,2022-12-23,1440,A2332,D-1,5,5,7,3001,0,0,0,NA,0,D-1,CERRITOS AVENUE,RITA LANE,29,W,N,A,-,N,NA,NA,NA,NA,NA,NA,NA,NA,NA,Y,4,0,5,6,A,-,01,23152,A,N,C,C,A,A,H,-,A,A,0,NA,NA,NA,NA,Y,Y,D,22,0,0,5,0,0,0,0,0,0,-,-,33.81039810180664,-117.95790100097656,ORANGE,ANAHEIM,-117.95787811279295,33.810516357421875
81957013,2022,2023-01-02,3024,2022-11-02,1242,461,P-30,3,5,5,3024,0,0,0,NA,0,WEST,GOLDEN WEST CIRCLE,BOLSA AVENUE,5,N,N,A,-,N,NA,NA,NA,NA,NA,NA,NA,NA,NA,N,3,0,1,2,A,-,03,22350,NA,N,D,E,A,A,H,-,A,D,0,NA,NA,Y,NA,Y,NA,C,02,0,1,0,0,0,0,0,0,1,-,-,33.744110107421875,-118.00337982177734,ORANGE,WESTMINSTER,-118.00222778320313,33.74460983276367
81957283,2022,2023-01-02,3019,2022-12-15,1743,3720,SC,4,5,7,3019,0,0,0,NA,0,004,GREENVILLE STREET,SAINT ANDREW PLACE,0,NA,Y,A,-,N,NA,NA,NA,NA,NA,NA,NA,NA,NA,N,4,0,2,2,A,-,12,22450,A,N,D,C,A,A,H,-,C,D,0,NA,NA,NA,NA,Y,NA,A,07,0,0,2,0,0,0,0,0,0,-,-,33.723060607910156,-117.9015884399414,ORANGE,SANTA ANA,-117.90149688720705,33.72315216064453
81957324,2022,2023-01-02,3019,2022-12-21,2323,3823,SC,3,5,7,3019,0,0,0,NA,0,004,MACARTHUR BOULEVARD,ROSEWOOD AVENUE,0,NA,Y,A,-,N,NA,NA,NA,NA,NA,NA,NA,NA,NA,Y,2,0,2,2,D,-,00,NA,NA,N,D,C,A,A,H,-,C,D,0,NA,NA,NA,NA,Y,NA,-,-,1,0,1,0,0,0,0,0,0,-,-,33.69990921020508,-117.88243865966795,ORANGE,SANTA ANA,NA,NA
81957366,2022,2023-01-02,3008,2022-11-15,1734,1159,ZONE,2,5,6,3008,0,0,0,NA,0,NA,VALENCIA DR,EADINGTON AVE,0,NA,Y,A,-,N,NA,NA,NA,NA,NA,NA,NA,NA,NA,N,2,0,1,2,A,-,10,21950,A,F,G,B,B,A,H,-,C,A,0,Y,NA,NA,NA,Y,NA,-,99,1,0,0,0,1,0,0,0,0,-,-,NA,NA,ORANGE,FULLERTON,-117.95455169677734,33.86652374267578
81957542,2022,2023-01-02,3002,2022-12-05,0333,1718,NA,1,5,4,3002,0,0,0,NA,0,014,IMPERIAL HY,RANDOLPH AV (W),20,E,N,A,-,Y,ORA,NA,90,NA,NA,5.07,H,NA,L,Y,4,0,2,2,A,-,03,22350,NA,N,C,C,A,B,H,-,C,A,0,NA,NA,NA,NA,Y,NA,A,01,0,0,2,0,0,0,0,0,0,-,-,33.91263961791992,-117.8898696899414,ORANGE,BREA,-117.88985443115234,33.91267776489258
81957729,2022,2023-01-02,3014,2022-12-24,1033,1555,RD37,6,5,5,3014,0,0,0,NA,0,A3,BACK BAY DR,SAN JOAQUIN HILLS RD,141,S,N,A,-,N,NA,NA,NA,NA,NA,NA,NA,NA,NA,N,2,0,1,1,A,-,03,22350,NA,N,H,A,A,D,H,-,A,D,0,NA,Y,NA,NA,Y,NA,L,04,1,0,0,0,0,0,1,0,0,-,-,33.625099182128906,-117.88500213623048,ORANGE,NEWPORT BEACH,-117.88497924804688,33.625179290771484
81959170,2022,2023-01-04,3015,2022-12-21,1742,1536,RD16E,3,5,6,3015,0,0,0,NA,0,DESK,COLLINS AVE,CALIFORNIA ST,0,NA,Y,A,-,N,NA,NA,NA,NA,NA,NA,NA,NA,NA,N,2,0,1,2,A,-,10,21950,A,N,G,B,B,A,H,-,C,D,0,Y,NA,NA,NA,Y,Y,A,01,1,0,0,0,1,0,0,0,0,-,-,NA,NA,ORANGE,ORANGE,-117.84095764160156,33.80232620239258
81962242,2023,2023-01-09,3001,2023-01-04,1430,A2001,D-1,3,5,7,3001,0,0,0,NA,0,D-1,W. BALL ROAD,ROANNE STREET,175,W,N,B,C,N,NA,NA,NA,NA,NA,NA,NA,NA,NA,N,4,0,1,2,A,-,03,22350,NA,N,C,C,A,B,H,-,A,A,0,NA,NA,NA,NA,Y,NA,A,07,0,0,1,0,0,0,0,0,0,-,-,NA,NA,ORANGE,ANAHEIM,-117.9699478149414,33.81766128540039
81962979,2022,2023-01-09,3008,2022-10-10,0729,1484,ZONE,1,5,6,3008,0,0,0,NA,0,NA,COMMONWEALTH AVE,BERKELEY AVE,172,W,N,B,-,N,NA,NA,NA,NA,NA,NA,NA,NA,NA,N,3,0,1,2,A,-,09,21804,A,N,A,G,A,A,H,-,A,D,0,NA,Y,NA,NA,Y,NA,D,22,0,1,0,0,0,0,1,0,0,-,-,NA,NA,ORANGE,FULLERTON,-117.91470336914063,33.87041473388672
81962984,2022,2023-01-09,3008,2022-02-09,1121,1573,ZONE,3,5,6,3008,0,0,0,NA,0,NA,CHAPMAN AVE,HARBOR BLVD,277,E,N,A,-,N,NA,NA,NA,NA,NA,NA,NA,NA,NA,N,3,0,1,2,A,-,11,21954,A,N,G,B,D,A,H,-,A,D,0,Y,NA,NA,NA,Y,NA,N,60,0,1,0,0,1,0,0,0,0,-,-,NA,NA,ORANGE,FULLERTON,-117.92343139648438,33.873939514160156
81963989,2022,2023-01-10,3002,2022-12-11,1548,1710,NA,7,5,4,3002,0,0,0,NA,0,013,ASSOCIATED RD,GREENBRIAR LN,613,N,N,A,-,N,NA,NA,NA,NA,NA,NA,NA,NA,NA,Y,4,0,1,2,A,-,07,21658,A,N,B,C,A,A,H,-,A,D,0,NA,NA,NA,NA,Y,NA,A,01,0,0,1,0,0,0,0,0,0,-,-,33.91313171386719,-117.87838745117188,ORANGE,BREA,-117.87684631347656,33.91473388671875
81964401,2022,2023-01-10,3026,2022-09-22,2230,528,NA,4,5,6,3026,0,0,0,NA,0,003,UNIVERSITY,I-405 ON-RAMP,14,S,N,A,-,N,NA,NA,NA,NA,NA,NA,NA,NA,NA,Y,4,0,1,2,A,-,08,22107,NA,N,B,C,A,A,D,-,C,A,0,NA,NA,NA,NA,Y,NA,A,01,0,0,1,0,0,0,0,0,0,-,-,NA,NA,ORANGE,IRVINE,NA,NA
81965080,2023,2023-01-11,3015,2023-01-04,1209,1515,NA,3,5,6,3015,0,0,0,NA,0,NA,TUSTIN ST,MEATS AVE,125,S,N,B,-,N,NA,NA,NA,NA,NA,NA,NA,NA,NA,N,4,0,2,3,A,-,03,22350,NA,N,C,C,A,B,H,-,A,A,0,NA,NA,NA,NA,Y,NA,A,01,0,0,2,0,0,0,0,0,0,-,-,33.82305145263672,-117.83599090576172,ORANGE,ORANGE,-117.83602142333984,33.822566986083984
81967378,2023,2023-01-13,3010,2023-01-01,44,1152,349,7,5,6,3010,0,0,0,NA,0,004,17TH ST,PECAN AVE,55,S,N,C,-,N,NA,NA,NA,NA,NA,NA,NA,NA,NA,N,4,0,1,2,A,-,11,21954,A,N,G,B,E,B,F,-,C,D,0,Y,NA,NA,NA,Y,NA,N,60,0,0,1,0,1,0,0,0,0,-,-,33.667320251464844,-118.00997924804688,ORANGE,HUNTINGTON BEACH,-118.00908660888672,33.66808319091797
81968510,2022,2023-01-16,3024,2022-11-23,1912,420,P-33,3,5,5,3024,0,0,0,NA,0,EAST,MAGNOLIA STREET,NATOMA AVENUE,0,NA,Y,A,-,N,NA,NA,NA,NA,NA,NA,NA,NA,NA,Y,4,0,1,2,A,-,12,21453,A,N,D,C,A,A,H,-,E,A,0,NA,NA,NA,NA,Y,NA,A,01,0,0,1,0,0,0,0,0,0,-,-,33.7411994934082,-117.97225189208984,ORANGE,WESTMINSTER,-117.97222900390624,33.741214752197266
81970308,2023,2023-01-18,3001,2023-01-13,820,A1825,NA,5,5,7,3001,0,0,0,NA,0,D-4,WEIR CANYON ROAD,SERRANO AVENUE,0,NA,Y,A,-,N,NA,NA,NA,NA,NA,NA,NA,NA,NA,Y,4,0,2,2,A,-,12,21453,A,N,D,C,A,A,H,-,A,A,0,NA,NA,NA,NA,Y,NA,A,07,0,0,2,0,0,0,0,0,0,-,-,33.86138916015625,-117.73687744140624,ORANGE,ANAHEIM,-117.73684692382813,33.8615837097168
81971333,2023,2023-01-19,3015,2023-01-09,1326,1515,RD 97,1,5,6,3015,0,0,0,NA,0,732M,TAFT AVE,MCCRORY LN,76,E,N,B,-,N,NA,NA,NA,NA,NA,NA,NA,NA,NA,Y,4,0,1,3,A,-,03,22350,NA,N,C,E,A,A,H,-,A,D,0,NA,NA,NA,Y,Y,NA,A,01,0,0,1,0,0,0,0,0,0,-,-,33.81669998168945,-117.82720947265624,ORANGE,ORANGE,-117.82749176025392,33.81759262084961
81972437,2023,2023-01-20,3015,2023-01-17,906,1700,RD54,2,5,6,3015,0,0,0,NA,0,722M,CHAPMAN AVE,HEWES ST,0,W,Y,A,-,N,NA,NA,NA,NA,NA,NA,NA,NA,NA,Y,4,0,1,2,A,-,12,21453,A,N,A,C,A,A,H,-,A,A,0,NA,NA,NA,NA,Y,NA,A,01,0,0,1,0,0,0,0,0,0,-,-,33.78779983520508,-117.8057098388672,ORANGE,ORANGE,-117.8057098388672,33.78773880004883
81973468,2023,2023-01-23,3015,2023-01-19,1738,1598,17W,4,5,6,3015,0,0,0,NA,0,710M,TAFT AVE,CAMBRIDGE ST,0,NA,Y,A,-,N,NA,NA,NA,NA,NA,NA,NA,NA,NA,Y,4,0,1,2,A,-,09,21801,A,N,D,C,A,B,H,-,C,A,0,NA,NA,NA,NA,Y,NA,A,01,0,0,1,0,0,0,0,0,0,-,-,33.815101623535156,-117.84488677978516,ORANGE,ORANGE,-117.84538269042967,33.815773010253906
81973997,2023,2023-01-23,3010,2023-01-17,1400,0147,261,2,5,6,3010,0,0,0,NA,0,007,GOLDENWEST ST,HEIL AVE,0,NA,Y,A,-,N,NA,NA,NA,NA,NA,NA,NA,NA,NA,N,3,0,1,2,A,-,05,21650,1,F,H,G,A,A,H,-,A,A,0,NA,Y,NA,NA,Y,NA,A,01,0,1,0,0,0,0,1,0,0,-,-,33.722808837890625,-118.00666809082033,ORANGE,HUNTINGTON BEACH,-118.00666809082033,33.72281265258789
81974632,2023,2023-01-23,3014,2023-01-12,2140,1447,RD15,4,5,5,3014,0,0,0,NA,0,A1,NEWPORT BLVD,VIA LIDO,0,NA,Y,A,-,N,NA,NA,NA,NA,NA,NA,NA,NA,NA,Y,3,0,1,2,A,-,00,21435,A,N,D,C,A,A,H,-,C,A,0,NA,NA,NA,NA,Y,NA,-,-,0,1,0,0,0,0,0,0,0,-,-,33.61857986450195,-117.93018341064452,ORANGE,NEWPORT BEACH,-117.9302215576172,33.61859893798828
81977571,2023,2023-01-26,3019,2023-01-02,1530,3838,SC,1,5,7,3019,0,0,0,NA,0,004,BRISTOL STREET,SEGERSTROM AVENUE,125,S,N,A,-,N,NA,NA,NA,NA,NA,NA,NA,NA,NA,N,4,0,1,2,D,-,00,NA,NA,N,B,C,A,A,H,-,A,A,0,NA,NA,NA,NA,Y,NA,-,-,0,0,1,0,0,0,0,0,0,-,-,33.70745086669922,-117.8852996826172,ORANGE,SANTA ANA,-117.8854751586914,33.707088470458984
81977623,2022,2023-01-26,3019,2022-12-16,1115,3424,WE,5,5,7,3019,0,0,0,NA,0,001,WESTMINSTER AVENUE,HURON DRIVE,113,E,N,A,-,N,NA,NA,NA,NA,NA,NA,NA,NA,NA,N,4,0,1,2,A,-,08,22107,NA,F,B,C,A,A,H,-,A,D,0,NA,NA,NA,NA,Y,NA,A,07,0,0,1,0,0,0,0,0,0,-,-,33.75952911376953,-117.90455627441406,ORANGE,SANTA ANA,-117.90432739257813,33.75981140136719
81977661,2022,2023-01-26,3019,2022-12-29,1601,3615,WE,4,5,7,3019,0,0,0,NA,0,001,CIVIC CENTER DRIVE,FLOWER STREET,348,W,N,B,-,N,NA,NA,NA,NA,NA,NA,NA,NA,NA,Y,4,0,1,2,A,-,03,22350,NA,N,C,C,A,A,H,-,A,D,0,NA,NA,NA,NA,Y,NA,A,08,0,0,1,0,0,0,0,0,0,-,-,33.750831604003906,-117.8765106201172,ORANGE,SANTA ANA,-117.87763214111328,33.751529693603516
81977741,2023,2023-01-26,3019,2023-01-11,1734,3482,SE,3,5,7,3019,0,0,0,NA,0,003,FLOWER STREET,RUSSELL AVENUE,272,S,N,A,-,N,NA,NA,NA,NA,NA,NA,NA,NA,NA,N,4,0,1,2,A,-,03,22350,NA,N,C,C,A,A,H,-,C,A,0,NA,NA,NA,NA,Y,NA,D,22,0,0,1,0,0,0,0,0,0,-,-,33.731998443603516,-117.87686920166016,ORANGE,SANTA ANA,-117.87650299072266,33.73193359375
81977772,2023,2023-01-26,3019,2023-01-15,834,3720,SE,7,5,7,3019,0,0,0,NA,0,003,GRAND AVENUE,1ST STREET,0,NA,Y,B,-,N,NA,NA,NA,NA,NA,NA,NA,NA,NA,N,4,0,1,2,A,-,12,21453,A,N,D,C,A,B,H,-,A,A,0,NA,NA,NA,NA,Y,NA,A,07,0,0,1,0,0,0,0,0,0,-,-,33.74546813964844,-117.85211181640624,ORANGE,SANTA ANA,-117.85184478759766,33.7454833984375
81982258,2023,2023-01-30,3014,2023-01-22,2203,1418,RD13,7,5,5,3014,0,0,0,NA,0,A1,W OCEANFRONT (BOARDWALK),7TH ST,200,W,N,A,-,N,NA,NA,NA,NA,NA,NA,NA,NA,NA,N,2,0,1,1,A,-,03,22350,NA,N,H,A,A,A,H,-,C,D,0,NA,Y,NA,NA,Y,Y,L,04,1,0,0,0,0,0,1,0,0,-,-,33.60390090942383,-117.90998840332033,ORANGE,NEWPORT BEACH,-117.909912109375,33.60392761230469
81984023,2023,2023-02-01,3026,2023-01-30,1143,555,NA,1,5,6,3026,0,0,0,NA,0,004,IRVINE CENTER DR,CULVER DR,86,E,N,B,-,N,NA,NA,NA,NA,NA,NA,NA,NA,NA,Y,4,0,3,4,A,-,12,21453,A,N,D,C,A,B,H,-,A,A,0,NA,NA,NA,Y,Y,NA,A,01,0,0,3,0,0,0,0,0,0,-,-,33.69295883178711,-117.79814910888672,ORANGE,IRVINE,-117.798828125,33.693416595458984
8198415,2016,2017-01-03,3010,2016-12-08,1220,2116,477,4,5,6,3010,0,0,0,NA,0,002,HAMILTON,BROOKHURST,171,E,N,A,-,N,NA,NA,NA,NA,NA,NA,NA,NA,NA,Y,4,0,2,2,A,-,04,21703,NA,N,C,C,A,A,D,-,A,A,0,NA,NA,NA,NA,Y,NA,A,01,0,0,2,0,0,0,0,0,0,-,-,NA,NA,ORANGE,HUNTINGTON BEACH,-117.95312972,33.65060289
8198474,2016,2017-01-03,3019,2016-12-01,2038,3317,WE,4,5,7,3019,0,0,0,NA,0,002,HARBOR BL,WASHINGTON AV,352,N,N,A,-,N,NA,NA,NA,NA,NA,NA,NA,NA,NA,Y,4,0,1,2,A,-,09,21804,A,F,C,C,A,A,H,-,C,D,0,NA,NA,NA,NA,Y,NA,D,22,0,0,1,0,0,0,0,0,0,-,-,33.75605,-117.92014,ORANGE,SANTA ANA,-117.92031516,33.75712494