CASE_ID,ACCIDENT_YEAR,PROC_DATE,JURIS,COLLISION_DATE,COLLISION_TIME,OFFICER_ID,REPORTING_DISTRICT,DAY_OF_WEEK,CHP_SHIFT,POPULATION,CNTY_CITY_LOC,SPECIAL_COND,BEAT_TYPE,CHP_BEAT_TYPE,CITY_DIVISION_LAPD,CHP_BEAT_CLASS,BEAT_NUMBER,PRIMARY_RD,SECONDARY_RD,DISTANCE,DIRECTION,INTERSECTION,WEATHER_1,WEATHER_2,STATE_HWY_IND,CALTRANS_COUNTY,CALTRANS_DISTRICT,STATE_ROUTE,ROUTE_SUFFIX,POSTMILE_PREFIX,POSTMILE,LOCATION_TYPE,RAMP_INTERSECTION,SIDE_OF_HWY,TOW_AWAY,COLLISION_SEVERITY,NUMBER_KILLED,NUMBER_INJURED,PARTY_COUNT,PRIMARY_COLL_FACTOR,PCF_CODE_OF_VIOL,PCF_VIOL_CATEGORY,PCF_VIOLATION,PCF_VIOL_SUBSECTION,HIT_AND_RUN,TYPE_OF_COLLISION,MVIW,PED_ACTION,ROAD_SURFACE,ROAD_COND_1,ROAD_COND_2,LIGHTING,CONTROL_DEVICE,CHP_ROAD_TYPE,PEDESTRIAN_ACCIDENT,BICYCLE_ACCIDENT,MOTORCYCLE_ACCIDENT,TRUCK_ACCIDENT,NOT_PRIVATE_PROPERTY,ALCOHOL_INVOLVED,STWD_VEHTYPE_AT_FAULT,CHP_VEHTYPE_AT_FAULT,COUNT_SEVERE_INJ,COUNT_VISIBLE_INJ,COUNT_COMPLAINT_PAIN,COUNT_PED_KILLED,COUNT_PED_INJURED,COUNT_BICYCLIST_KILLED,COUNT_BICYCLIST_INJURED,COUNT_MC_KILLED,COUNT_MC_INJURED,PRIMARY_RAMP,SECONDARY_RAMP,LATITUDE,LONGITUDE,COUNTY,CITY,POINT_X,POINT_Y
82368361,2024,2024-04-19,3001,2024-04-06,709,A2657,D-2,6,5,7,3001,0,0,0,NA,0,D-2,LINCOLN AVENUE,SHOPPING CENTER,31,W,N,A,-,N,NA,NA,NA,NA,NA,NA,NA,NA,NA,Y,3,0,2,2,A,-,08,22107,NA,N,C,C,A,A,H,-,A,D,0,NA,NA,NA,NA,Y,NA,A,01,0,1,1,0,0,0,0,0,0,-,-,NA,NA,ORANGE,ANAHEIM,-117.8881378173828,33.83974075317383
82369365,2024,2024-04-22,3019,2024-04-08,1246,3449,SC,1,5,7,3019,0,0,0,NA,0,004,BRISTOL STREET,MCFADDEN AVENUE,400,S,N,A,-,N,NA,NA,NA,NA,NA,NA,NA,NA,NA,N,4,0,1,2,A,-,08,22107,NA,N,H,C,A,A,H,-,A,D,0,NA,NA,Y,NA,Y,NA,A,07,0,0,1,0,0,0,0,0,1,-,-,33.733890533447266,-117.8854522705078,ORANGE,SANTA ANA,-117.8852081298828,33.73336410522461
82372587,2024,2024-04-23,3019,2024-04-10,501,3529,NE,3,5,7,3019,0,0,0,NA,0,001,4TH STREET,ROUTE 55 SB ONRAMP (W),0,NA,Y,-,-,N,NA,NA,NA,NA,NA,NA,NA,NA,NA,Y,4,0,2,2,A,-,12,21453,A,N,D,C,A,A,H,-,C,A,0,NA,NA,NA,NA,Y,NA,-,-,0,0,2,0,0,0,0,0,0,-,-,33.7469482421875,-117.83399200439452,ORANGE,SANTA ANA,NA,NA
82374745,2024,2024-04-25,3024,2024-03-22,748,502,NA,5,5,5,3024,0,0,0,NA,0,WEST,BEACH BOULEVARD (SR 39),MCFADDEN AVENUE,560,S,N,B,-,Y,NA,NA,NA,NA,NA,NA,NA,NA,NA,Y,4,0,2,2,A,-,09,21804,A,N,D,C,A,A,H,-,A,A,0,NA,NA,NA,NA,Y,NA,A,07,0,0,2,0,0,0,0,0,0,-,-,33.736778259277344,-117.99243927001952,ORANGE,WESTMINSTER,-117.98927307128906,33.73593521118164
82375399,2024,2024-04-25,3014,2024-04-24,907,1527,RD34,3,5,5,3014,0,0,0,NA,0,A3,BRISTOL ST N,BIRCH ST,0,NA,Y,A,-,N,NA,NA,NA,NA,NA,NA,NA,NA,NA,N,4,0,1,2,A,-,12,21453,A,N,D,C,A,A,H,-,A,A,0,NA,NA,NA,NA,Y,NA,A,01,0,0,1,0,0,0,0,0,0,-,-,33.661590576171875,-117.87268829345705,ORANGE,NEWPORT BEACH,-117.8728256225586,33.6616096496582
82375578,2024,2024-04-26,3019,2024-04-10,1717,3425,NA,3,5,7,3019,0,0,0,NA,0,002,17TH STREET,ROSS STREET,5,E,N,A,-,N,NA,NA,NA,NA,NA,NA,NA,NA,NA,N,4,0,1,2,A,-,03,22350,NA,N,C,C,A,A,H,-,A,D,0,NA,NA,NA,NA,Y,NA,A,01,0,0,1,0,0,0,0,0,0,-,-,33.75986862182617,-117.87259674072266,ORANGE,SANTA ANA,-117.87247467041016,33.7601203918457
82379083,2024,2024-05-01,3010,2024-04-24,1029,0147,252,3,5,6,3010,0,0,0,NA,0,007,EDINGER AVE,BEACH BL - SR39 BLVD,87,W,N,A,-,Y,ORA,NA,39,NA,NA,5.62,H,NA,R,Y,4,0,1,2,A,-,03,22350,NA,N,C,C,A,A,H,-,A,A,0,NA,NA,NA,NA,Y,NA,A,07,0,0,1,0,0,0,0,0,0,-,-,33.729949951171875,-117.98925018310548,ORANGE,HUNTINGTON BEACH,-117.98922729492188,33.729949951171875
82379122,2024,2024-05-02,3008,2024-02-22,1058,1158,ZONE,4,5,6,3008,0,0,0,NA,0,NA,BRADFORD AVE,YORBA LINDA BLVD,290,S,N,A,-,N,NA,NA,NA,NA,NA,NA,NA,NA,NA,N,4,0,1,2,A,-,09,21804,A,N,D,G,A,A,H,-,A,D,0,NA,Y,NA,NA,Y,NA,A,07,0,0,1,0,0,0,1,0,0,-,-,33.88787841796875,-117.86572265625,ORANGE,FULLERTON,-117.86614227294922,33.887229919433594
82379960,2024,2024-05-02,3010,2024-04-29,849,0147,426,1,5,6,3010,0,0,0,NA,0,003,BROOKHURST ST,GARFIELD AVE,48,S,N,A,-,N,NA,NA,NA,NA,NA,NA,NA,NA,NA,N,4,0,1,2,A,-,03,22350,NA,M,C,C,A,A,H,-,A,A,0,NA,NA,NA,NA,Y,NA,A,07,0,0,1,0,0,0,0,0,0,-,-,33.68687057495117,-117.95378875732422,ORANGE,HUNTINGTON BEACH,-117.9541473388672,33.68674850463867
82379961,2024,2024-05-02,3010,2024-04-30,901,0147,282,2,5,6,3010,0,0,0,NA,0,006,TALBERT AVE,BEACH BL - SR39 BLVD,61,W,N,A,-,Y,ORA,NA,39,NA,NA,3.611,H,NA,R,N,4,0,1,2,A,-,08,22107,NA,N,D,C,A,A,H,-,A,A,0,NA,NA,NA,NA,Y,NA,A,01,0,0,1,0,0,0,0,0,0,-,-,33.70122146606445,-117.98912048339844,ORANGE,HUNTINGTON BEACH,-117.98906707763672,33.70122146606445
82379984,2024,2024-05-02,3019,2024-04-29,1407,3698,WE,1,5,7,3019,0,0,0,NA,0,001,EUCLID STREET,ROBERTS DRIVE,23,N,N,A,-,N,NA,NA,NA,NA,NA,NA,NA,NA,NA,N,4,0,2,3,A,-,03,22350,NA,N,C,C,A,A,H,-,A,D,0,NA,NA,NA,NA,Y,NA,D,22,0,0,2,0,0,0,0,0,0,-,-,33.73508834838867,-117.93766021728516,ORANGE,SANTA ANA,-117.93733978271484,33.73509216308594
82383193,2024,2024-05-07,3022,2024-04-18,1750,1293,NA,4,5,5,3022,0,0,0,NA,0,NA,WARNER AV,ARMSTRONG AV,0,NA,Y,A,-,N,NA,NA,NA,NA,NA,NA,NA,NA,NA,Y,2,0,2,2,A,-,12,21453,A,N,D,C,A,A,H,-,A,A,0,NA,NA,NA,NA,Y,NA,A,01,1,1,0,0,0,0,0,0,0,-,-,33.707801818847656,-117.8332290649414,ORANGE,TUSTIN,-117.83319854736328,33.7077522277832
82384387,2024,2024-05-08,3015,2024-04-19,1715,1648,NA,5,5,6,3015,0,0,0,NA,0,713M,CAMBRIDGE ST,TAFT AVE,0,NA,Y,A,-,N,NA,NA,NA,NA,NA,NA,NA,NA,NA,Y,3,0,1,2,A,-,12,21453,A,N,D,C,A,A,H,-,A,A,0,NA,NA,NA,NA,Y,NA,A,01,0,1,0,0,0,0,0,0,0,-,-,33.815101623535156,-117.84488677978516,ORANGE,ORANGE,-117.84538269042967,33.815773010253906
82384412,2024,2024-05-14,3001,2024-04-26,1752,A2339,NA,5,5,7,3001,0,0,0,NA,0,D-1,LINCOLN AVENUE,LINHAVEN CIRCLE,0,NA,Y,A,-,N,NA,NA,NA,NA,NA,NA,NA,NA,NA,Y,3,0,2,2,A,-,09,21804,A,N,D,C,A,A,H,-,A,D,0,NA,NA,NA,NA,Y,NA,A,01,0,1,1,0,0,0,0,0,0,-,-,NA,NA,ORANGE,ANAHEIM,-117.95597076416016,33.83246612548828
82386414,2024,2024-05-13,3001,2024-05-07,1441,A2382,NA,2,5,7,3001,0,0,0,NA,0,D-1,LINCOLN AVENUE,LINDSAY STREET,443,E,N,A,-,N,NA,NA,NA,NA,NA,NA,NA,NA,NA,Y,4,0,4,2,A,-,09,21804,A,N,D,C,A,A,H,-,A,D,0,NA,NA,NA,NA,Y,NA,A,01,0,0,4,0,0,0,0,0,0,-,-,33.83238983154297,-117.95719909667967,ORANGE,ANAHEIM,-117.95606231689452,33.83246994018555
82387325,2024,2024-05-13,3019,2024-02-08,2006,3755,NA,4,5,7,3019,0,0,0,NA,0,001,MCFADDEN AVENUE,RIVER VIEW MARKET PLACE,0,NA,Y,A,-,N,NA,NA,NA,NA,NA,NA,NA,NA,NA,N,4,0,2,2,D,-,00,NA,NA,N,D,C,A,A,H,-,C,A,0,NA,NA,NA,NA,Y,NA,-,-,0,0,2,0,0,0,0,0,0,-,-,33.73849868774414,-117.91797637939452,ORANGE,SANTA ANA,NA,NA
82388938,2024,2024-05-14,3019,2024-04-13,1528,3726,NA,6,5,7,3019,0,0,0,NA,0,004,MCFADDEN AVENUE,SULLIVAN STREET,97,E,N,A,-,N,NA,NA,NA,NA,NA,NA,NA,NA,NA,N,4,0,1,2,A,-,21,22106,NA,N,G,B,F,A,H,-,A,D,0,Y,NA,NA,NA,Y,NA,A,01,0,0,1,0,1,0,0,0,0,-,-,33.73414993286133,-117.9028778076172,ORANGE,SANTA ANA,-117.90222930908205,33.734519958496094
82389044,2024,2024-05-14,3024,2024-04-12,1609,503,NA,5,5,5,3024,0,0,0,NA,0,WEST,GOLDENWEST STREET,SOWELL AVENUE,131,S,N,B,-,N,NA,NA,NA,NA,NA,NA,NA,NA,NA,Y,4,0,1,2,A,-,08,22107,NA,N,D,C,A,A,H,-,B,D,0,NA,NA,NA,NA,Y,NA,A,01,0,0,1,0,0,0,0,0,0,-,-,33.74869155883789,-118.00727081298828,ORANGE,WESTMINSTER,-118.00714111328124,33.74823760986328
82392211,2024,2024-05-17,3001,2024-01-28,536,A2789,NA,7,5,7,3001,0,0,0,NA,0,D-2,CITRON STREET,LINCOLN AVENUE,0,NA,Y,A,-,N,NA,NA,NA,NA,NA,NA,NA,NA,NA,Y,4,0,1,2,A,-,12,21453,A,F,D,C,A,A,H,-,C,A,0,NA,NA,NA,NA,Y,NA,A,01,0,0,1,0,0,0,0,0,0,-,-,33.83330154418945,-117.9233169555664,ORANGE,ANAHEIM,-117.9233169555664,33.83333206176758
82392220,2024,2024-05-17,3001,2024-05-14,1219,A1555,NA,2,5,7,3001,0,0,0,NA,0,D-1,ORANGE AVENUE,HALLIDAY STREET,495,W,N,A,-,N,NA,NA,NA,NA,NA,NA,NA,NA,NA,Y,3,0,2,3,A,-,03,22350,NA,N,C,C,A,A,H,-,A,D,0,NA,NA,NA,NA,Y,NA,A,01,0,1,1,0,0,0,0,0,0,-,-,33.82463073730469,-117.99669647216795,ORANGE,ANAHEIM,-117.99836730957033,33.82469940185547
82394612,2024,2024-05-21,3010,2024-05-17,2007,2092,NA,5,5,6,3010,0,0,0,NA,0,007,BEACH BL - SR39 BLVD,EDINGER AVE,23,S,N,A,-,Y,ORA,NA,39,NA,NA,5.616,H,NA,R,Y,4,0,1,2,A,-,03,22350,NA,N,C,C,A,A,H,-,C,A,0,NA,NA,NA,NA,Y,NA,D,22,0,0,1,0,0,0,0,0,0,-,-,33.729888916015625,-117.98925018310548,ORANGE,HUNTINGTON BEACH,-117.98922729492188,33.729888916015625
82394931,2024,2024-05-21,3026,2024-04-27,737,548,NA,6,5,6,3026,0,0,0,NA,0,002,BARRANCA PKWY,TUSTIN RANCH RD,30,W,N,A,-,N,NA,NA,NA,NA,NA,NA,NA,NA,NA,Y,3,0,1,1,A,-,01,23152,A,N,E,I,A,A,H,-,A,A,0,NA,NA,NA,NA,Y,Y,A,01,0,1,0,0,0,0,0,0,0,-,-,33.698509216308594,-117.83309936523438,ORANGE,IRVINE,-117.83330535888672,33.69879150390625
82396742,2024,2024-05-23,3024,2024-04-20,1041,567,NA,6,5,5,3024,0,0,0,NA,0,WEST,BEACH BOULEVARD (SR 39),MADISON AVENUE,70,N,N,B,-,Y,ORA,NA,39,NA,NA,6.868,H,NA,R,Y,4,0,1,2,A,-,03,22350,NA,N,C,C,A,A,H,-,A,D,0,NA,NA,NA,NA,Y,NA,A,01,0,0,1,0,0,0,0,0,0,-,-,33.748321533203125,-117.98944091796876,ORANGE,WESTMINSTER,-117.98944854736328,33.748321533203125
82396743,2024,2024-05-23,3024,2024-04-20,1507,567,NA,6,5,5,3024,0,0,0,NA,0,WEST,BOLSA CHICA ROAD,GARDEN GROVE BOULEVARD,0,NA,Y,A,-,N,NA,NA,NA,NA,NA,NA,NA,NA,NA,Y,4,0,1,2,A,-,08,22101,D,N,D,C,A,A,H,-,A,A,0,NA,NA,NA,NA,Y,NA,A,01,0,0,1,0,0,0,0,0,0,-,-,33.77389144897461,-118.03842163085938,ORANGE,WESTMINSTER,-118.03849029541016,33.77394104003906
82397714,2024,2024-05-24,3019,2024-04-12,2256,3658,NA,5,5,7,3019,0,0,0,NA,0,004,EDINGER AVENUE,EVERGREEN STREET,30,W,N,B,-,N,NA,NA,NA,NA,NA,NA,NA,NA,NA,N,4,0,1,2,A,-,09,21804,A,N,D,G,A,A,H,-,C,D,0,NA,Y,NA,NA,Y,NA,A,01,0,0,1,0,0,0,1,0,0,-,-,33.72589874267578,-117.85809326171876,ORANGE,SANTA ANA,-117.85771942138672,33.72679138183594
82398572,2024,2024-05-27,3001,2024-05-20,1910,A1278,NA,1,5,7,3001,0,0,0,NA,0,D-1,LINCOLN AVENUE,GILBERT STREET,85,W,N,A,-,N,NA,NA,NA,NA,NA,NA,NA,NA,NA,N,4,0,1,2,A,-,03,22350,NA,N,C,C,A,A,H,-,A,A,0,NA,NA,NA,NA,Y,NA,A,01,0,0,1,0,0,0,0,0,0,-,-,NA,NA,ORANGE,ANAHEIM,-117.96795654296876,33.832305908203125
82398637,2024,2024-05-27,3019,2024-05-17,753,3929,NA,5,5,7,3019,0,0,0,NA,0,002,1ST STREET,GOLDEN CIRCLE DRIVE,545,E,N,B,-,N,NA,NA,NA,NA,NA,NA,NA,NA,NA,N,3,0,2,2,A,-,03,22350,NA,N,C,C,A,A,H,-,A,D,0,NA,NA,NA,NA,Y,NA,A,01,0,1,1,0,0,0,0,0,0,-,-,33.74443817138672,-117.83834075927734,ORANGE,SANTA ANA,-117.83755493164063,33.74571990966797
82398995,2024,2024-05-27,3026,2024-05-15,1337,11846,NA,3,5,6,3026,0,0,0,NA,0,002,JAMBOREE RD,MICHELSON DR,200,S,N,B,-,N,NA,NA,NA,NA,NA,NA,NA,NA,NA,Y,3,0,4,4,A,-,08,22107,NA,N,B,C,A,A,H,-,A,D,0,NA,NA,NA,NA,Y,NA,A,01,0,1,3,0,0,0,0,0,0,-,-,33.6728515625,-117.84779357910156,ORANGE,IRVINE,-117.8481903076172,33.67226791381836
82399057,2024,2024-05-28,3022,2024-04-30,1851,1276,NA,2,5,5,3022,0,0,0,NA,0,NA,JAMBOREE RD,EL CAMINO REAL,0,NA,Y,A,-,N,NA,NA,NA,NA,NA,NA,NA,NA,NA,Y,3,0,1,2,A,-,09,21800,A,N,D,C,A,A,H,-,A,A,0,NA,NA,NA,NA,Y,NA,A,01,0,1,0,0,0,0,0,0,0,-,-,33.7223014831543,-117.79216766357422,ORANGE,TUSTIN,-117.79248809814452,33.72239685058594
82399465,2024,2024-05-28,3010,2024-05-17,1743,3110,NA,5,5,6,3010,0,0,0,NA,0,002,PACIFIC COAST HWY - SR1,BROOKHURST ST,0,NA,Y,A,-,Y,ORA,NA,1,NA,NA,22.085,H,NA,R,Y,4,0,1,2,A,-,03,22350,NA,N,D,C,A,A,H,-,A,A,0,NA,NA,Y,NA,Y,NA,A,01,0,0,1,0,0,0,0,0,0,-,-,33.6351318359375,-117.96417999267578,ORANGE,HUNTINGTON BEACH,-117.96404266357422,33.63529968261719
82399470,2024,2024-05-28,3010,2024-05-22,1306,3042,NA,3,5,6,3010,0,0,0,NA,0,008,EDINGER AVE,FANTASIA LN,330,E,N,A,-,N,NA,NA,NA,NA,NA,NA,NA,NA,NA,N,3,0,1,1,A,-,08,22107,NA,N,F,A,A,A,H,-,A,D,0,NA,NA,Y,NA,Y,NA,C,03,0,1,0,0,0,0,0,0,1,-,-,33.729488372802734,-118.04962921142578,ORANGE,HUNTINGTON BEACH,-118.0488052368164,33.72980499267578
82401664,2024,2024-05-30,3015,2024-04-24,1820,1739,NA,3,5,6,3015,0,0,0,NA,0,121,LINCOLN AVE,OCEANVIEW ST,0,NA,Y,A,-,N,NA,NA,NA,NA,NA,NA,NA,NA,NA,N,3,0,1,2,A,-,05,21650,1,N,D,G,A,A,H,-,A,A,0,NA,Y,NA,NA,Y,Y,L,04,0,1,0,0,0,0,1,0,0,-,-,33.835628509521484,-117.84011840820313,ORANGE,ORANGE,-117.84022521972656,33.83565139770508
82401807,2024,2024-06-03,3008,2024-04-13,154,1495,NA,6,5,6,3008,0,0,0,NA,0,NA,AMERIGE AVE,HARBOR BLVD,20,W,N,A,-,N,NA,NA,NA,NA,NA,NA,NA,NA,NA,N,3,0,1,2,A,-,11,21954,A,N,G,B,C,A,H,-,C,D,0,Y,NA,NA,NA,Y,Y,N,60,0,1,0,0,1,0,0,0,0,-,-,33.87139892578125,-117.9243621826172,ORANGE,FULLERTON,-117.92437744140624,33.87137985229492
82402775,2024,2024-05-31,3019,2024-05-20,1759,3928,NA,1,5,7,3019,0,0,0,NA,0,002,1ST STREET,SULLIVAN STREET,0,NA,Y,A,-,N,NA,NA,NA,NA,NA,NA,NA,NA,NA,Y,4,0,4,3,A,-,12,21453,A,N,H,B,F,A,H,-,A,A,0,Y,NA,NA,NA,Y,Y,-,-,0,0,4,0,1,0,0,0,0,-,-,33.74528884887695,-117.90255737304688,ORANGE,SANTA ANA,-117.90255737304688,33.74528503417969
82402778,2024,2024-05-31,3019,2024-05-24,1143,3930,NA,5,5,7,3019,0,0,0,NA,0,004,FAIRVIEW STREET,SEGERSTROM AVENUE,0,NA,Y,A,-,N,NA,NA,NA,NA,NA,NA,NA,NA,NA,Y,4,0,2,3,A,-,12,21453,A,N,D,C,A,A,H,-,A,A,0,NA,NA,NA,NA,Y,NA,-,-,0,0,2,0,0,0,0,0,0,-,-,33.708518981933594,-117.90860748291016,ORANGE,SANTA ANA,-117.90788269042967,33.708778381347656
82402810,2024,2024-06-03,3008,2024-04-06,1615,1495,NA,6,5,6,3008,0,0,0,NA,0,NA,EUCLID ST,CHAPMAN AVE,14,S,N,A,-,N,NA,NA,NA,NA,NA,NA,NA,NA,NA,N,3,0,1,2,A,-,10,21950,A,N,G,B,B,A,H,-,A,A,0,Y,NA,NA,NA,Y,NA,A,01,0,1,0,0,1,0,0,0,0,-,-,33.87382888793945,-117.94171905517578,ORANGE,FULLERTON,-117.94200897216795,33.873783111572266
82403586,2024,2024-06-03,3001,2024-05-01,1916,A2540,NA,3,5,7,3001,0,0,0,NA,0,NA,EUCLID STREET,BEACON AVENUE,0,NA,Y,A,-,N,NA,NA,NA,NA,NA,NA,NA,NA,NA,Y,4,0,2,2,A,-,03,22350,NA,M,D,C,A,A,H,-,A,A,0,NA,NA,NA,NA,Y,NA,A,07,0,0,2,0,0,0,0,0,0,-,-,NA,NA,ORANGE,ANAHEIM,-117.9414291381836,33.82018280029297
82404903,2024,2024-06-04,3008,2024-04-12,1340,1387,NA,5,5,6,3008,0,0,0,NA,0,NA,EUCLID ST,BAKER AVE,0,NA,Y,B,-,N,NA,NA,NA,NA,NA,NA,NA,NA,NA,Y,4,0,1,2,D,-,00,NA,NA,N,D,C,A,A,H,-,A,A,0,NA,NA,NA,NA,Y,NA,-,-,0,0,1,0,0,0,0,0,0,-,-,NA,NA,ORANGE,FULLERTON,-117.9417724609375,33.856910705566406
82406241,2024,2024-06-05,3019,2024-05-10,936,3295,NA,5,5,7,3019,0,0,0,NA,0,003,WARNER AVENUE,BIKE TRAIL (E),0,NA,Y,A,-,N,NA,NA,NA,NA,NA,NA,NA,NA,NA,N,4,0,1,2,A,-,12,21453,A,N,D,G,A,A,H,-,A,A,0,NA,Y,NA,NA,Y,NA,-,-,0,0,1,0,0,0,1,0,0,-,-,33.71614074707031,-117.86366271972656,ORANGE,SANTA ANA,NA,NA
82406260,2024,2024-06-12,3008,2024-02-28,247,1616,NA,3,5,6,3008,0,0,0,NA,0,NA,VALENCIA DR,BROOKHURST RD,25,W,N,A,-,N,NA,NA,NA,NA,NA,NA,NA,NA,NA,Y,3,0,1,1,A,-,08,22107,NA,N,E,I,A,A,H,-,C,B,0,NA,NA,NA,NA,Y,NA,A,01,0,1,0,0,0,0,0,0,0,-,-,33.86629104614258,-117.95925903320313,ORANGE,FULLERTON,-117.95948028564452,33.866519927978516
82406875,2024,2024-06-05,3019,2024-05-12,1152,3813,NA,7,5,7,3019,0,0,0,NA,0,004,SULLIVAN STREET,WILLITS STREET,0,NA,Y,A,-,N,NA,NA,NA,NA,NA,NA,NA,NA,NA,N,4,0,1,2,A,-,12,22450,A,N,D,C,A,A,H,-,A,D,0,NA,NA,NA,NA,Y,NA,-,-,0,0,1,0,0,0,0,0,0,-,-,33.73966979980469,-117.90280151367188,ORANGE,SANTA ANA,-117.90258026123048,33.7400016784668
82407277,2024,2024-06-10,3001,2024-05-26,1352,A2562,NA,7,5,7,3001,0,0,0,NA,0,D-4,SANTA ANA CANYON ROAD,IMPERIAL HIGHWAY,0,NA,Y,A,-,N,NA,NA,NA,NA,NA,NA,NA,NA,NA,Y,4,0,2,2,A,-,12,21453,A,N,D,C,A,A,H,-,A,A,0,NA,NA,NA,NA,Y,NA,A,01,0,0,2,0,0,0,0,0,0,-,-,33.8509407043457,-117.79064178466795,ORANGE,ANAHEIM,-117.7907257080078,33.85122299194336
82407319,2024,2024-06-06,3016,2024-05-24,2200,1308,NA,5,5,5,3016,0,0,0,NA,0,002,ORANGETHORPE AVE W/B (1800 BLOCK),RICHFIELD RD,50,E,N,B,-,N,NA,NA,NA,NA,NA,NA,NA,NA,NA,Y,4,0,1,3,A,-,01,23152,A,N,C,C,A,A,H,-,C,A,0,NA,NA,NA,NA,Y,Y,A,01,0,0,1,0,0,0,0,0,0,-,-,33.86759948730469,-117.8257293701172,ORANGE,PLACENTIA,-117.82582855224608,33.867584228515625
82407333,2024,2024-06-06,3019,2024-05-28,2234,3928,NA,2,5,7,3019,0,0,0,NA,0,004,BRISTOL STREET,BRISTOL PLAZA,0,NA,Y,A,-,N,NA,NA,NA,NA,NA,NA,NA,NA,NA,Y,4,0,2,2,A,-,12,21453,A,N,D,C,A,A,H,-,C,A,0,NA,NA,NA,NA,Y,NA,A,01,0,0,2,0,0,0,0,0,0,-,-,33.70204162597656,-117.88546752929688,ORANGE,SANTA ANA,-117.88516998291016,33.7454719543457
82407345,2024,2024-06-06,3019,2024-06-04,2042,3697,NA,2,5,7,3019,0,0,0,NA,0,002,SANTA CLARA AVENUE,LYON STREET,204,E,N,A,-,N,NA,NA,NA,NA,NA,NA,NA,NA,NA,N,4,0,2,2,A,-,04,21703,NA,M,C,C,A,A,H,-,C,D,0,NA,NA,NA,NA,Y,NA,-,99,0,0,2,0,0,0,0,0,0,-,-,33.7671012878418,-117.84481048583984,ORANGE,SANTA ANA,-117.84484100341795,33.76716613769531
82408321,2024,2024-06-07,3001,2024-06-05,1005,A2312,NA,3,5,7,3001,0,0,0,NA,0,D-1,BROADWAY,MAGNOLIA AVENUE,0,NA,Y,A,-,N,NA,NA,NA,NA,NA,NA,NA,NA,NA,Y,4,0,2,2,A,-,09,21801,A,N,D,C,A,A,H,-,A,A,0,NA,NA,NA,NA,Y,NA,A,01,0,0,2,0,0,0,0,0,0,-,-,NA,NA,ORANGE,ANAHEIM,-117.97595977783205,33.82857894897461
82411061,2024,2024-06-12,3008,2024-04-22,524,1158,NA,1,5,6,3008,0,0,0,NA,0,NA,CHAPMAN AVE,LEMON ST,0,NA,Y,A,-,N,NA,NA,NA,NA,NA,NA,NA,NA,NA,Y,3,0,1,2,A,-,12,21453,A,N,D,C,A,A,H,-,C,A,0,NA,NA,NA,NA,Y,NA,A,07,0,1,0,0,0,0,0,0,0,-,-,33.87400817871094,-117.91986083984376,ORANGE,FULLERTON,-117.91985321044922,33.874019622802734
82412575,2024,2024-06-12,3026,2024-06-04,1730,12434,NA,2,5,6,3026,0,0,0,NA,0,001,VON KARMAN AVE,ALTON PKWY,281,S,N,A,-,N,NA,NA,NA,NA,NA,NA,NA,NA,NA,N,3,0,1,2,A,-,09,21801,A,N,D,C,A,A,H,-,A,D,0,NA,NA,Y,NA,Y,NA,A,07,0,1,0,0,0,0,0,0,1,-,-,33.693031311035156,-117.83802795410156,ORANGE,IRVINE,-117.83929443359376,33.692508697509766
82412658,2024,2024-06-12,3026,2024-05-29,1855,605,NA,3,5,6,3026,0,0,0,NA,0,008,CULTIVATE,CROSSOVER,0,NA,Y,A,-,N,NA,NA,NA,NA,NA,NA,NA,NA,NA,Y,3,0,1,2,A,-,12,22450,A,N,D,G,A,A,H,-,A,A,0,NA,Y,NA,NA,Y,NA,M,91,0,1,0,0,0,0,1,0,0,-,-,33.68526840209961,-117.72380828857422,ORANGE,IRVINE,-117.72437286376952,33.68674850463867
82413276,2024,2024-06-13,3026,2024-06-02,2204,648,NA,7,5,6,3026,0,0,0,NA,0,006,RT 133,PAVONA,0,NA,Y,A,-,Y,NA,NA,NA,NA,NA,NA,NA,NA,NA,Y,2,0,2,2,A,-,08,22107,NA,N,A,C,A,A,H,-,C,A,0,NA,NA,NA,NA,Y,NA,A,01,1,1,0,0,0,0,0,0,0,-,-,NA,NA,ORANGE,IRVINE,-117.76172637939452,33.643070220947266
82413491,2024,2024-06-13,3001,2024-06-04,1513,A2367,NA,2,5,7,3001,0,0,0,NA,0,D-4,SERRANO AVENUE,SOMERSET LANE,0,NA,Y,A,-,N,NA,NA,NA,NA,NA,NA,NA,NA,NA,N,3,0,1,2,A,-,09,21802,A,N,D,C,A,A,H,-,A,A,0,NA,NA,NA,NA,Y,NA,A,01,0,1,0,0,0,0,0,0,0,-,-,NA,NA,ORANGE,ANAHEIM,-117.73616790771484,33.856937408447266