CASE_ID,ACCIDENT_YEAR,PROC_DATE,JURIS,COLLISION_DATE,COLLISION_TIME,OFFICER_ID,REPORTING_DISTRICT,DAY_OF_WEEK,CHP_SHIFT,POPULATION,CNTY_CITY_LOC,SPECIAL_COND,BEAT_TYPE,CHP_BEAT_TYPE,CITY_DIVISION_LAPD,CHP_BEAT_CLASS,BEAT_NUMBER,PRIMARY_RD,SECONDARY_RD,DISTANCE,DIRECTION,INTERSECTION,WEATHER_1,WEATHER_2,STATE_HWY_IND,CALTRANS_COUNTY,CALTRANS_DISTRICT,STATE_ROUTE,ROUTE_SUFFIX,POSTMILE_PREFIX,POSTMILE,LOCATION_TYPE,RAMP_INTERSECTION,SIDE_OF_HWY,TOW_AWAY,COLLISION_SEVERITY,NUMBER_KILLED,NUMBER_INJURED,PARTY_COUNT,PRIMARY_COLL_FACTOR,PCF_CODE_OF_VIOL,PCF_VIOL_CATEGORY,PCF_VIOLATION,PCF_VIOL_SUBSECTION,HIT_AND_RUN,TYPE_OF_COLLISION,MVIW,PED_ACTION,ROAD_SURFACE,ROAD_COND_1,ROAD_COND_2,LIGHTING,CONTROL_DEVICE,CHP_ROAD_TYPE,PEDESTRIAN_ACCIDENT,BICYCLE_ACCIDENT,MOTORCYCLE_ACCIDENT,TRUCK_ACCIDENT,NOT_PRIVATE_PROPERTY,ALCOHOL_INVOLVED,STWD_VEHTYPE_AT_FAULT,CHP_VEHTYPE_AT_FAULT,COUNT_SEVERE_INJ,COUNT_VISIBLE_INJ,COUNT_COMPLAINT_PAIN,COUNT_PED_KILLED,COUNT_PED_INJURED,COUNT_BICYCLIST_KILLED,COUNT_BICYCLIST_INJURED,COUNT_MC_KILLED,COUNT_MC_INJURED,PRIMARY_RAMP,SECONDARY_RAMP,LATITUDE,LONGITUDE,COUNTY,CITY,POINT_X,POINT_Y
84529267,2024,2025-01-08,3019,2024-12-04,654,3201,NA,3,5,7,3019,0,0,0,NA,0,003,BROADWAY,CAMILE STREET,0,NA,Y,A,-,N,NA,NA,NA,NA,NA,NA,NA,NA,NA,Y,4,0,2,2,A,-,09,21802,A,N,D,C,A,A,H,-,A,D,0,NA,NA,NA,NA,Y,NA,A,07,0,0,2,0,0,0,0,0,0,-,-,33.7399787902832,-117.86997985839844,ORANGE,SANTA ANA,-117.86976623535156,33.74072265625
8452930,2017,2018-05-04,3009,2017-08-30,1736,3739,96,3,5,6,3009,0,0,0,NA,0,013,TRASK AV,BROOKHURST ST,644,W,N,A,-,N,NA,NA,NA,NA,NA,NA,NA,NA,NA,N,4,0,1,2,A,-,03,22350,NA,N,C,C,A,A,H,-,A,A,0,NA,NA,NA,NA,Y,NA,A,01,0,0,1,0,0,0,0,0,0,-,-,NA,NA,ORANGE,GARDEN GROVE,-117.9571937,33.76676178
84534761,2024,2025-01-13,3022,2024-12-12,1906,1392,NA,4,5,5,3022,0,0,0,NA,0,NA,TUSTIN RANCH RD,AUTO CENTER DR,126,S,N,B,-,N,NA,NA,NA,NA,NA,NA,NA,NA,NA,N,3,0,1,1,A,-,03,22350,NA,N,E,I,A,B,H,-,C,D,0,NA,NA,NA,NA,Y,NA,A,07,0,1,0,0,0,0,0,0,0,-,-,33.72795104980469,-117.80177307128906,ORANGE,TUSTIN,-117.80196380615234,33.72775650024414
84536390,2025,2025-01-15,3010,2025-01-11,1508,6105,NA,6,5,6,3010,0,0,0,NA,0,008,PACIFIC COAST HWY - SR1,WARNER AVE,0,NA,Y,A,-,Y,ORA,NA,1,NA,NA,29.893,H,NA,R,N,2,0,1,2,A,-,11,21456,A,N,G,B,B,A,H,-,A,A,0,Y,NA,NA,NA,Y,NA,N,60,1,0,0,0,1,0,0,0,0,-,-,33.711490631103516,-118.06317901611328,ORANGE,HUNTINGTON BEACH,-118.06299591064452,33.71163558959961
8453801,2017,2017-09-28,3016,2017-09-14,0757,1153,7,4,5,5,3016,0,0,0,NA,0,001,SWANSON AV,VALENCIA AV,21,W,N,A,-,N,NA,NA,NA,NA,NA,NA,NA,NA,NA,Y,3,0,2,2,C,-,18,NA,NA,N,E,I,A,A,H,-,A,D,0,NA,NA,NA,NA,Y,NA,-,-,0,1,1,0,0,0,0,0,0,-,-,33.89796,-117.85498,ORANGE,PLACENTIA,-117.8550489,33.89806637
84540878,2024,2025-01-17,3019,2024-12-20,1054,3201,NA,5,5,7,3019,0,0,0,NA,0,003,STANDARD AVENUE,WISTERIA PLACE,3,N,N,A,-,N,NA,NA,NA,NA,NA,NA,NA,NA,NA,Y,3,0,2,4,A,-,09,21804,A,N,D,C,A,A,H,-,A,D,0,NA,NA,NA,NA,Y,NA,A,01,0,1,1,0,0,0,0,0,0,-,-,33.736328125,-117.85639190673828,ORANGE,SANTA ANA,-117.8564682006836,33.736568450927734
84543014,2025,2025-01-21,3022,2025-01-01,1940,1380,NA,3,5,5,3022,0,0,0,NA,0,NA,NEWPORT AV,WALNUT AV,0,NA,Y,A,-,N,NA,NA,NA,NA,NA,NA,NA,NA,NA,N,3,0,1,2,A,-,10,21950,A,N,G,B,B,A,H,-,C,A,0,Y,NA,NA,NA,Y,NA,A,01,0,1,0,0,1,0,0,0,0,-,-,33.73270034790039,-117.82756042480467,ORANGE,TUSTIN,-117.8276596069336,33.73262023925781
84545173,2024,2025-01-22,3019,2024-07-01,1902,3676,NA,1,5,7,3019,0,0,0,NA,0,003,EDINGER AVENUE,ROSS STREET,30,E,N,A,-,N,NA,NA,NA,NA,NA,NA,NA,NA,NA,Y,4,0,3,3,A,-,08,22107,NA,F,C,C,A,A,H,-,B,D,0,NA,NA,NA,NA,Y,NA,A,01,0,0,3,0,0,0,0,0,0,-,-,33.72650146484375,-117.87288665771484,ORANGE,SANTA ANA,-117.87229919433594,33.72719955444336
8454599,2017,2017-10-05,3009,2017-09-13,1018,4283,73,3,5,6,3009,0,0,0,NA,0,012,MAGNOLIA ST,LAMPSON AV,4,N,N,A,-,N,NA,NA,NA,NA,NA,NA,NA,NA,NA,N,4,0,1,2,A,-,09,21453,B,N,-,C,A,A,H,-,A,A,0,NA,NA,NA,NA,Y,NA,A,07,0,0,1,0,0,0,0,0,0,-,-,NA,NA,ORANGE,GARDEN GROVE,-117.97545988,33.78121097
84549418,2025,2025-01-27,3019,2025-01-06,2030,3941,NA,1,5,7,3019,0,0,0,NA,0,002,MAIN STREET,MAINPLACE DRIVE (N),0,NA,Y,A,-,N,NA,NA,NA,NA,NA,NA,NA,NA,NA,N,4,0,1,2,D,-,00,NA,NA,N,D,G,A,A,H,-,C,A,0,NA,Y,NA,NA,Y,NA,-,-,0,0,1,0,0,0,1,0,0,-,-,33.77581024169922,-117.86685943603516,ORANGE,SANTA ANA,-117.86743927001952,33.77657699584961
84549634,2025,2025-01-27,3016,2025-01-11,2334,1311,NA,6,5,5,3016,0,0,0,NA,0,NA,SANTA FE AVENUE,SANTA BARBARA STREET,146,W,N,A,-,N,NA,NA,NA,NA,NA,NA,NA,NA,NA,N,3,0,1,2,A,-,01,23152,A,M,B,E,A,A,H,-,A,D,0,NA,NA,NA,NA,Y,Y,M,94,0,1,0,0,0,0,0,0,0,-,-,33.86994934082031,-117.87608337402344,ORANGE,PLACENTIA,-117.87653350830078,33.86982727050781
8455160,2017,2017-09-25,3006,2017-01-28,1218,309,50,6,5,3,3006,0,0,0,NA,0,002,WALKER ST,PINERIDGE ST,0,NA,Y,A,-,N,NA,NA,NA,NA,NA,NA,NA,NA,NA,Y,3,0,2,4,A,-,09,21803,A,N,D,C,A,A,H,-,A,D,0,NA,NA,NA,NA,Y,NA,A,01,0,2,0,0,0,0,0,0,0,-,-,NA,NA,ORANGE,LA PALMA,-118.03723006,33.84543007
8455257,2017,2017-09-26,3006,2017-06-28,1211,309,3,3,5,3,3006,0,0,0,NA,0,001,WALKER ST,ORANGETHORPE AV,75,N,N,A,-,N,NA,NA,NA,NA,NA,NA,NA,NA,NA,N,4,0,1,2,D,-,00,NA,NA,N,B,C,A,A,H,-,A,D,0,NA,NA,NA,NA,Y,NA,-,-,0,0,1,0,0,0,0,0,0,-,-,NA,NA,ORANGE,LA PALMA,-118.03752875,33.85902551
8455261,2017,2017-09-26,3006,2017-06-28,2157,310,233,3,5,3,3006,0,0,0,NA,0,002,MOODY ST,CRESCENT AV,0,NA,Y,A,-,N,NA,NA,NA,NA,NA,NA,NA,NA,NA,Y,3,0,3,2,A,-,09,21801,A,N,D,C,A,A,H,-,C,A,0,NA,NA,NA,NA,Y,NA,A,07,0,1,2,0,0,0,0,0,0,-,-,NA,NA,ORANGE,LA PALMA,-118.0459701,33.83898008
84555153,2025,2025-01-30,3019,2025-01-26,2056,3783,NA,7,5,7,3019,0,0,0,NA,0,003,SEGERSTROM AVENUE,GRISET PLACE,245,E,N,C,-,N,NA,NA,NA,NA,NA,NA,NA,NA,NA,Y,4,0,1,1,B,-,22,NA,NA,N,E,I,A,B,H,-,A,D,0,NA,NA,NA,NA,Y,NA,A,01,0,0,1,0,0,0,0,0,0,-,-,33.708740234375,-117.90146636962892,ORANGE,SANTA ANA,-117.9010772705078,33.70806884765625
84558301,2025,2025-02-03,3010,2025-01-16,1535,6105,NA,4,5,6,3010,0,0,0,NA,0,003,MAGNOLIA ST,HYDE PARK DR,0,NA,Y,A,-,N,NA,NA,NA,NA,NA,NA,NA,NA,NA,N,4,0,1,2,A,-,03,22350,NA,F,C,C,A,A,H,-,A,D,0,NA,NA,NA,NA,Y,NA,A,07,0,0,1,0,0,0,0,0,0,-,-,33.684329986572266,-117.9711685180664,ORANGE,HUNTINGTON BEACH,-117.97140502929688,33.684112548828125
84563476,2025,2025-02-04,3002,2025-01-04,1238,1447,NA,6,5,4,3002,0,0,0,NA,0,011,LAMBERT RD,TAMARACK AV,0,NA,Y,A,-,N,NA,NA,NA,NA,NA,NA,NA,NA,NA,Y,3,0,1,2,A,-,08,22107,NA,F,E,I,A,A,H,-,A,A,0,NA,NA,NA,NA,Y,NA,A,07,0,1,0,0,0,0,0,0,0,-,-,33.92485809326172,-117.90020751953124,ORANGE,BREA,-117.90023040771484,33.924781799316406
84563587,2025,2025-02-04,3010,2025-02-01,1901,6041,NA,6,5,6,3010,0,0,0,NA,0,004,ADAMS AVE,MAIN ST,140,E,N,A,-,N,NA,NA,NA,NA,NA,NA,NA,NA,NA,N,4,0,1,3,A,-,04,21703,NA,F,C,C,A,A,H,-,D,D,0,NA,NA,NA,NA,Y,NA,-,99,0,0,1,0,0,0,0,0,0,-,-,33.67107009887695,-118.00253295898438,ORANGE,HUNTINGTON BEACH,-118.00121307373048,33.67206954956055
84563740,2025,2025-02-04,3019,2025-01-31,2324,3727,NA,5,5,7,3019,0,0,0,NA,0,004,HARBOR BOULEVARD,SEGERSTROM AVENUE,15,N,N,A,-,N,NA,NA,NA,NA,NA,NA,NA,NA,NA,Y,4,0,2,2,A,-,03,22350,NA,N,C,C,A,A,H,-,C,A,0,NA,NA,NA,NA,Y,NA,D,22,0,0,2,0,0,0,0,0,0,-,-,33.70886993408203,-117.92003631591795,ORANGE,SANTA ANA,-117.91974639892578,33.70869064331055
84563743,2025,2025-02-04,3019,2025-02-01,1652,3823,NA,6,5,7,3019,0,0,0,NA,0,004,BRISTOL STREET,WILSHIRE AVENUE,0,NA,Y,A,-,N,NA,NA,NA,NA,NA,NA,NA,NA,NA,N,3,0,1,2,A,-,10,21950,A,N,G,B,B,A,H,-,A,A,0,Y,NA,NA,NA,Y,NA,A,01,0,1,0,0,1,0,0,0,0,-,-,33.73093032836914,-117.88513946533205,ORANGE,SANTA ANA,-117.88519287109376,33.730812072753906
84565656,2025,2025-02-05,3010,2025-01-31,1026,2090,NA,5,5,6,3010,0,0,0,NA,0,006,WARNER AVE,HOME DEPOT DR,0,NA,Y,A,-,N,NA,NA,NA,NA,NA,NA,NA,NA,NA,N,3,0,1,2,A,-,10,21950,A,N,G,B,B,A,H,-,A,A,0,Y,NA,NA,NA,Y,NA,A,08,0,1,0,0,1,0,0,0,0,-,-,NA,NA,ORANGE,HUNTINGTON BEACH,NA,NA
84567623,2025,2025-02-06,3014,2025-01-17,1125,1532,NA,5,5,5,3014,0,0,0,NA,0,A3,SR-1 (E COAST HWY),BAYSIDE DR,287,W,N,A,-,Y,ORA,NA,1,NA,R,18.126,H,NA,R,Y,2,0,3,3,A,-,08,22107,NA,N,B,C,A,A,H,-,A,D,0,NA,NA,NA,NA,Y,NA,A,01,1,0,2,0,0,0,0,0,0,-,-,33.61619186401367,-117.90189361572266,ORANGE,NEWPORT BEACH,-117.9018783569336,33.61638259887695
8456894,2017,2017-10-02,3010,2017-09-04,2013,3026,177,1,5,6,3010,0,0,0,NA,0,008,TILBURG DR,FORBES LN,0,W,N,A,-,N,NA,NA,NA,NA,NA,NA,NA,NA,NA,N,4,0,1,2,D,-,00,NA,NA,N,G,B,E,A,H,-,C,D,0,Y,NA,NA,NA,Y,NA,-,-,0,0,1,0,1,0,0,0,0,-,-,NA,NA,ORANGE,HUNTINGTON BEACH,-118.02781004,33.71034004
84569474,2025,2025-02-10,3001,2025-01-22,1502,A2694,NA,3,5,7,3001,0,0,0,NA,0,D-1,BROOKHURST STREET,ORANGE AVENUE,582,N,N,A,-,N,NA,NA,NA,NA,NA,NA,NA,NA,NA,N,4,0,1,2,A,-,05,21650,1,N,H,G,A,A,H,-,A,D,0,NA,Y,NA,NA,Y,NA,L,04,0,0,1,0,0,0,1,0,0,-,-,NA,NA,ORANGE,ANAHEIM,-117.95894622802734,33.82662582397461
84569595,2025,2025-02-07,3019,2025-02-03,1225,3930,NA,1,5,7,3019,0,0,0,NA,0,003,MACARTHUR BOULEVARD,BIRCH STREET,0,NA,Y,A,-,N,NA,NA,NA,NA,NA,NA,NA,NA,NA,Y,4,0,1,2,A,-,08,22107,NA,N,D,C,A,A,H,-,A,A,0,NA,NA,NA,NA,Y,NA,A,01,0,0,1,0,0,0,0,0,0,-,-,33.69926834106445,-117.87271881103516,ORANGE,SANTA ANA,-117.87171936035156,33.69994354248047
84571056,2025,2025-02-10,3026,2025-01-27,2015,726,NA,1,5,6,3026,0,0,0,NA,0,009,ALTON PKWY,BARRANCA PKWY,0,NA,Y,A,-,N,NA,NA,NA,NA,NA,NA,NA,NA,NA,Y,3,0,2,2,A,-,01,23152,A,N,D,C,A,A,H,-,C,A,0,NA,NA,NA,NA,Y,Y,A,01,0,2,0,0,0,0,0,0,0,-,-,33.64801025390625,-117.72516632080078,ORANGE,IRVINE,-117.72513580322266,33.64796829223633
8457123,2017,2017-10-04,3019,2017-08-30,2124,2938,WE,3,5,7,3019,0,0,0,NA,0,001,KENT AV,MCLEAN DR,240,E,N,A,-,N,NA,NA,NA,NA,NA,NA,NA,NA,NA,N,3,0,1,2,A,-,08,22107,NA,N,C,E,A,A,H,-,C,D,0,NA,NA,NA,NA,Y,NA,A,01,0,1,0,0,0,0,0,0,0,-,-,33.73427,-117.93677,ORANGE,SANTA ANA,-117.93563246,33.73418
84574750,2025,2025-02-12,3001,2025-01-07,1727,A1397,NA,2,5,7,3001,0,0,0,NA,0,D-3,BALL ROAD,BELHAVEN STREET (E),0,NA,Y,A,-,N,NA,NA,NA,NA,NA,NA,NA,NA,NA,N,3,0,1,2,A,-,05,21460,NA,M,B,C,A,A,H,-,B,A,0,NA,NA,Y,NA,Y,NA,A,01,0,1,0,0,0,0,0,0,1,-,-,NA,NA,ORANGE,ANAHEIM,-117.88551330566406,33.8181037902832
84574797,2024,2025-02-12,3019,2024-02-06,502,3778,NA,2,5,7,3019,0,0,0,NA,0,001,5TH STREET,SULLIVAN STREET,0,NA,Y,C,-,N,NA,NA,NA,NA,NA,NA,NA,NA,NA,Y,4,0,2,2,A,-,09,21804,A,N,A,D,A,B,H,-,C,A,0,NA,NA,NA,NA,Y,NA,A,07,0,0,2,0,0,0,0,0,0,-,-,33.74871063232422,-117.90251159667967,ORANGE,SANTA ANA,-117.90258026123048,33.74870300292969
8457656,2017,2017-10-06,3001,2017-09-15,0752,0752,NA,5,5,7,3001,0,0,0,NA,0,0D3,EAST BALL RD,SOUTH SUNKIST ST,202,E,N,B,-,N,NA,NA,NA,NA,NA,NA,NA,NA,NA,N,4,0,3,3,A,-,03,22350,NA,N,C,C,A,A,H,-,A,A,0,NA,NA,NA,NA,Y,NA,D,22,0,0,3,0,0,0,0,0,0,-,-,NA,NA,ORANGE,ANAHEIM,-117.87989654,33.8181
84580731,2025,2025-02-17,3019,2025-02-12,1815,3491,NA,3,5,7,3019,0,0,0,NA,0,004,ALTON AVENUE,FAIRVIEW STREET,20,E,N,C,-,N,NA,NA,NA,NA,NA,NA,NA,NA,NA,N,4,0,1,2,A,-,11,21950,B,N,G,B,B,B,H,-,C,A,0,Y,NA,NA,NA,Y,NA,N,60,0,0,1,0,1,0,0,0,0,-,-,33.70328140258789,-117.90869140625,ORANGE,SANTA ANA,-117.90776824951172,33.70354080200195
84582769,2025,2025-02-18,3014,2025-01-30,1957,1605,NA,4,5,5,3014,0,0,0,NA,0,A2,SR - 1 (W. COAST HWY),ORANGE ST,50,E,N,A,-,Y,ORA,NA,1,NA,NA,21.247,H,NA,R,Y,3,0,2,2,A,-,08,22107,NA,N,C,C,A,A,H,-,C,A,0,NA,NA,NA,NA,Y,NA,A,07,0,2,0,0,0,0,0,0,0,-,-,33.62799835205078,-117.95220184326172,ORANGE,NEWPORT BEACH,-117.95209503173828,33.62812423706055
84584616,2025,2025-02-20,3001,2025-01-05,913,A2888,NA,7,5,7,3001,0,0,0,NA,0,D-2,EUCLID STREET,CATALPA DRIVE,40,N,N,A,-,N,NA,NA,NA,NA,NA,NA,NA,NA,NA,Y,4,0,2,2,A,-,08,22107,NA,N,A,C,A,A,H,-,A,D,0,NA,NA,NA,NA,Y,NA,A,01,0,0,2,0,0,0,0,0,0,-,-,33.84437942504883,-117.94164276123048,ORANGE,ANAHEIM,-117.9416275024414,33.84423828125
84585906,2025,2025-02-21,3019,2025-02-03,1328,3859,NA,1,5,7,3019,0,0,0,NA,0,NA,MCFADDEN AVENUE,MCFADDEN STREET,20,S,N,A,-,N,NA,NA,NA,NA,NA,NA,NA,NA,NA,N,3,0,1,1,A,-,08,22107,NA,N,E,I,A,A,H,-,A,D,0,NA,NA,Y,NA,Y,NA,C,02,0,1,0,0,0,0,0,0,1,-,-,33.73358154296875,-117.8330535888672,ORANGE,SANTA ANA,-117.83946228027344,33.733726501464844
84589335,2025,2025-02-25,3014,2025-02-09,1332,1555,NA,7,5,5,3014,0,0,0,NA,0,A1,32ND ST,MARCUS AVE,0,NA,Y,A,-,N,NA,NA,NA,NA,NA,NA,NA,NA,NA,N,3,0,1,2,A,-,05,21650,NA,N,D,C,A,A,H,-,A,D,0,NA,NA,Y,NA,Y,NA,C,02,0,1,0,0,0,0,0,0,1,-,-,33.61568832397461,-117.93099212646484,ORANGE,NEWPORT BEACH,-117.93106842041016,33.615684509277344
84589902,2025,2025-02-26,3001,2025-02-12,1147,A2602,NA,3,5,7,3001,0,0,0,NA,0,D-2,LINCOLN AVENUE,EAST STREET,480,E,N,C,-,N,NA,NA,NA,NA,NA,NA,NA,NA,NA,N,4,0,1,2,A,-,03,22350,NA,N,C,C,A,B,H,-,A,A,0,NA,NA,NA,NA,Y,NA,A,07,0,0,1,0,0,0,0,0,0,-,-,NA,NA,ORANGE,ANAHEIM,-117.90117645263672,33.838436126708984
84589953,2025,2025-02-26,3019,2025-01-25,2003,3673,NA,6,5,7,3019,0,0,0,NA,0,004,17TH STREET,FAIRVIEW STREET,0,NA,Y,C,-,N,NA,NA,NA,NA,NA,NA,NA,NA,NA,N,4,0,1,2,A,-,08,22107,NA,N,D,C,A,B,H,-,C,A,0,NA,NA,NA,NA,Y,NA,A,07,0,0,1,0,0,0,0,0,0,-,-,33.7595100402832,-117.90270233154295,ORANGE,SANTA ANA,-117.90286254882813,33.75984573364258
84591171,2025,2025-03-05,3010,2025-02-11,1248,0147,NA,2,5,6,3010,0,0,0,NA,0,005,GOLDENWEST ST,ELLIS AVE,0,NA,Y,A,-,N,NA,NA,NA,NA,NA,NA,NA,NA,NA,Y,4,0,4,2,A,-,12,21453,A,N,D,C,A,A,H,-,A,A,0,NA,NA,NA,NA,Y,NA,A,01,0,0,4,0,0,0,0,0,0,-,-,33.6938591003418,-118.00599670410156,ORANGE,HUNTINGTON BEACH,-118.00636291503906,33.693748474121094
84591565,2025,2025-02-27,3026,2025-02-24,828,539,NA,1,5,6,3026,0,0,0,NA,0,008,GRAND CANAL,ROOSEVELT,11,N,N,A,-,N,NA,NA,NA,NA,NA,NA,NA,NA,NA,N,4,0,1,2,A,-,08,22107,NA,N,H,G,A,A,H,-,A,D,0,NA,Y,NA,NA,Y,NA,A,07,0,0,1,0,0,0,1,0,0,-,-,33.69075012207031,-117.7695770263672,ORANGE,IRVINE,-117.76043701171876,33.6906623840332
84593836,2025,2025-03-03,3008,2025-01-11,2108,1664,NA,6,5,6,3008,0,0,0,NA,0,NA,SUNNY CREST DR,VALLEY VIEW DR,740,N,N,A,-,N,NA,NA,NA,NA,NA,NA,NA,NA,NA,Y,4,0,2,2,A,-,01,23152,A,N,B,E,A,A,H,-,C,D,0,NA,NA,NA,NA,Y,Y,D,22,0,0,2,0,0,0,0,0,0,-,-,33.8828010559082,-117.92723083496094,ORANGE,FULLERTON,-117.92832183837892,33.88463592529297
84594939,2024,2025-03-03,3026,2024-11-29,52,737,NA,5,5,6,3026,0,0,0,NA,0,009,MODJESKA,STILL NIGHT,0,NA,Y,B,-,N,NA,NA,NA,NA,NA,NA,NA,NA,NA,Y,2,0,1,1,A,-,03,22350,NA,N,A,I,A,A,H,-,C,A,0,NA,NA,NA,NA,Y,Y,A,01,1,0,0,0,0,0,0,0,0,-,-,NA,NA,ORANGE,IRVINE,-117.71723175048828,33.68718719482422
84595270,2025,2025-03-04,3026,2025-03-02,2215,723,NA,7,5,6,3026,0,0,0,NA,0,002,JAMBOREE RD,405 N OFF RAMP,20,N,N,A,-,Y,NA,NA,NA,NA,NA,NA,NA,NA,NA,Y,4,0,2,2,A,-,12,21453,A,N,D,C,A,A,H,-,C,A,0,NA,NA,NA,NA,Y,NA,A,01,0,0,2,0,0,0,0,0,0,-,-,33.710899353027344,-117.79998016357422,ORANGE,IRVINE,NA,NA
84595333,2025,2025-03-04,3001,2025-02-13,2040,A2706,NA,4,5,7,3001,0,0,0,NA,0,015,BROOKHURST STREET,BROADWAY,0,NA,Y,C,-,N,NA,NA,NA,NA,NA,NA,NA,NA,NA,Y,4,0,2,2,D,-,00,NA,NA,N,A,C,A,B,H,-,B,A,0,NA,NA,NA,NA,Y,NA,-,-,0,0,2,0,0,0,0,0,0,-,-,33.82878112792969,-117.95873260498048,ORANGE,ANAHEIM,-117.95894622802734,33.828895568847656
84596739,2025,2025-03-05,3010,2025-02-20,1712,1015,NA,4,5,6,3010,0,0,0,NA,0,006,WARNER AVE,GOTHARD ST,422,E,N,A,-,N,NA,NA,NA,NA,NA,NA,NA,NA,NA,Y,3,0,1,2,A,-,03,22350,NA,N,C,C,A,A,H,-,B,D,0,NA,NA,NA,NA,Y,NA,A,01,0,1,0,0,0,0,0,0,0,-,-,33.71549987792969,-117.99880981445313,ORANGE,HUNTINGTON BEACH,-117.99869537353516,33.71562957763672
84596740,2025,2025-03-05,3010,2025-02-21,1721,2151,NA,5,5,6,3010,0,0,0,NA,0,005,BEACH BL - SR39 BLVD,TAYLOR DR,0,NA,Y,A,-,Y,ORA,NA,39,NA,NA,3.384,H,NA,L,Y,3,0,2,2,A,-,09,21801,A,N,D,C,A,A,H,-,B,D,0,NA,NA,NA,NA,Y,NA,A,01,0,2,0,0,0,0,0,0,0,-,-,33.69758987426758,-117.98915100097656,ORANGE,HUNTINGTON BEACH,-117.98915863037108,33.69758987426758
84596754,2025,2025-03-05,3010,2025-02-25,1413,1107,NA,2,5,6,3010,0,0,0,NA,0,NA,WARNER AVE,LYNN LN,0,NA,Y,A,-,N,NA,NA,NA,NA,NA,NA,NA,NA,NA,N,4,0,1,2,A,-,09,21801,A,N,D,G,A,A,H,-,A,D,0,NA,Y,NA,NA,Y,NA,A,08,0,0,1,0,0,0,1,0,0,-,-,33.7152214050293,-118.04586791992188,ORANGE,HUNTINGTON BEACH,-118.04576110839844,33.71525192260742
8459753,2017,2018-05-29,3026,2017-08-30,0714,4779,CROSS,3,5,6,3026,0,0,0,NA,0,006,LAGUNA CANYON RD,LAKE FOREST,32,N,N,A,-,Y,ORA,12,133,-,R,7.47,H,-,S,Y,2,0,3,3,A,-,07,21658,A,N,C,C,A,A,H,-,A,A,0,NA,NA,NA,NA,Y,NA,A,01,1,2,0,0,0,0,0,0,0,-,-,NA,NA,ORANGE,IRVINE,-117.76059717,33.63854564
84601997,2025,2025-03-18,3001,2025-01-20,2200,A2972,NA,1,5,7,3001,0,0,0,NA,0,D-1,BALL ROAD,PARK CIRCLE,90,E,N,G,-,N,NA,NA,NA,NA,NA,NA,NA,NA,NA,N,4,0,1,3,A,-,08,22107,NA,N,C,E,A,A,H,-,C,C,0,NA,NA,NA,NA,Y,NA,A,07,0,0,1,0,0,0,0,0,0,-,-,33.81760025024414,-117.947509765625,ORANGE,ANAHEIM,-117.94718170166016,33.817893981933594
84604214,2025,2025-03-18,3026,2025-03-04,958,602,NA,2,5,6,3026,0,0,0,NA,0,006,SAND CANYON AVE,IRVINE CENTER DR,0,NA,Y,A,-,N,NA,NA,NA,NA,NA,NA,NA,NA,NA,Y,4,0,1,5,A,-,12,21453,A,N,D,C,A,A,H,-,A,A,0,NA,NA,NA,NA,Y,NA,A,01,0,0,1,0,0,0,0,0,0,-,-,33.66925811767578,-117.76516723632813,ORANGE,IRVINE,-117.7656707763672,33.67031478881836
84604262,2025,2025-03-18,3026,2025-03-07,1258,12434,NA,5,5,6,3026,0,0,0,NA,0,004,HARVARD AVE,WALNUT AVE,0,NA,Y,A,-,N,NA,NA,NA,NA,NA,NA,NA,NA,NA,Y,3,0,2,2,A,-,12,21453,A,N,D,C,A,A,H,-,A,A,0,NA,NA,NA,NA,Y,NA,A,07,0,2,0,0,0,0,0,0,0,-,-,33.71001052856445,-117.79557800292967,ORANGE,IRVINE,-117.796630859375,33.71057891845703
84606841,2025,2025-03-18,3001,2025-03-01,158,A2665,NA,6,5,7,3001,0,0,0,NA,0,D-1,BROOKHURST STREET,LINCOLN AVENUE,150,S,N,A,-,N,NA,NA,NA,NA,NA,NA,NA,NA,NA,Y,3,0,3,2,A,-,01,23152,A,N,A,C,A,A,H,-,C,D,0,NA,NA,NA,NA,Y,Y,A,07,0,1,2,0,0,0,0,0,0,-,-,NA,NA,ORANGE,ANAHEIM,-117.95896911621094,33.832481384277344
84606843,2025,2025-03-18,3001,2025-03-12,1933,A1397,NA,3,5,7,3001,0,0,0,NA,0,D-1,MAGNOLIA AVENUE,ORANGE AVENUE,106,S,N,B,-,N,NA,NA,NA,NA,NA,NA,NA,NA,NA,Y,4,0,2,3,A,-,01,23152,A,F,C,C,A,A,H,-,C,A,0,NA,NA,NA,NA,Y,Y,A,01,0,0,2,0,0,0,0,0,0,-,-,33.82503128051758,-117.97579193115234,ORANGE,ANAHEIM,-117.97592163085938,33.82460021972656