CASE_ID,ACCIDENT_YEAR,PROC_DATE,JURIS,COLLISION_DATE,COLLISION_TIME,OFFICER_ID,REPORTING_DISTRICT,DAY_OF_WEEK,CHP_SHIFT,POPULATION,CNTY_CITY_LOC,SPECIAL_COND,BEAT_TYPE,CHP_BEAT_TYPE,CITY_DIVISION_LAPD,CHP_BEAT_CLASS,BEAT_NUMBER,PRIMARY_RD,SECONDARY_RD,DISTANCE,DIRECTION,INTERSECTION,WEATHER_1,WEATHER_2,STATE_HWY_IND,CALTRANS_COUNTY,CALTRANS_DISTRICT,STATE_ROUTE,ROUTE_SUFFIX,POSTMILE_PREFIX,POSTMILE,LOCATION_TYPE,RAMP_INTERSECTION,SIDE_OF_HWY,TOW_AWAY,COLLISION_SEVERITY,NUMBER_KILLED,NUMBER_INJURED,PARTY_COUNT,PRIMARY_COLL_FACTOR,PCF_CODE_OF_VIOL,PCF_VIOL_CATEGORY,PCF_VIOLATION,PCF_VIOL_SUBSECTION,HIT_AND_RUN,TYPE_OF_COLLISION,MVIW,PED_ACTION,ROAD_SURFACE,ROAD_COND_1,ROAD_COND_2,LIGHTING,CONTROL_DEVICE,CHP_ROAD_TYPE,PEDESTRIAN_ACCIDENT,BICYCLE_ACCIDENT,MOTORCYCLE_ACCIDENT,TRUCK_ACCIDENT,NOT_PRIVATE_PROPERTY,ALCOHOL_INVOLVED,STWD_VEHTYPE_AT_FAULT,CHP_VEHTYPE_AT_FAULT,COUNT_SEVERE_INJ,COUNT_VISIBLE_INJ,COUNT_COMPLAINT_PAIN,COUNT_PED_KILLED,COUNT_PED_INJURED,COUNT_BICYCLIST_KILLED,COUNT_BICYCLIST_INJURED,COUNT_MC_KILLED,COUNT_MC_INJURED,PRIMARY_RAMP,SECONDARY_RAMP,LATITUDE,LONGITUDE,COUNTY,CITY,POINT_X,POINT_Y
8461219,2017,2017-10-16,3008,2017-06-10,1314,1364,NA,6,5,6,3008,0,0,0,NA,0,0Z2,VALENCIA DR,WOODS AV,0,NA,Y,A,-,N,NA,NA,NA,NA,NA,NA,NA,NA,NA,Y,4,0,1,2,A,-,12,22450,A,N,D,C,A,A,H,-,A,A,0,NA,NA,NA,NA,Y,NA,A,01,0,0,1,0,0,0,0,0,0,-,-,NA,NA,ORANGE,FULLERTON,-117.9375001,33.86663005
84613391,2025,2025-03-24,3022,2025-02-02,1823,1457,NA,7,5,5,3022,0,0,0,NA,0,NA,MITCHELL AV,HEATHERFIELD DR,416,E,N,A,-,N,NA,NA,NA,NA,NA,NA,NA,NA,NA,N,4,0,1,2,A,-,10,21952,NA,N,G,B,F,A,H,-,C,D,0,Y,NA,NA,Y,Y,NA,F,76,0,0,1,0,1,0,0,0,0,-,-,33.72727966308594,-117.81378173828124,ORANGE,TUSTIN,-117.81264495849608,33.726837158203125
8461687,2017,2017-10-09,3013,2017-08-23,1957,197,NA,3,5,3,3013,0,0,0,NA,0,NA,KATELLA AV,BLOOMFIELD ST,8,E,N,A,-,N,NA,NA,NA,NA,NA,NA,NA,NA,NA,N,3,0,1,2,A,-,10,21950,A,N,G,B,B,A,H,-,C,A,0,Y,NA,NA,NA,Y,NA,A,01,0,1,0,0,1,0,0,0,0,-,-,NA,NA,ORANGE,LOS ALAMITOS,-118.06314372,33.80315
8462309,2017,2017-10-09,3007,2017-09-30,1017,301,54,6,5,5,3007,0,0,0,NA,0,003,SLATER,BUSHARD,0,NA,Y,A,-,N,NA,NA,NA,NA,NA,NA,NA,NA,NA,Y,4,0,1,2,A,-,12,21453,A,N,-,C,A,A,H,-,A,A,0,NA,NA,NA,NA,Y,NA,-,NA,0,0,1,0,0,0,0,0,0,-,-,NA,NA,ORANGE,FOUNTAIN VALLEY,-117.96305007,33.70875003
84629843,2025,2025-03-28,3019,2025-03-14,359,3789,NA,5,5,7,3019,0,0,0,NA,0,001,BRISTOL STREET,PARK LANE,659,S,N,A,-,N,NA,NA,NA,NA,NA,NA,NA,NA,NA,Y,4,0,1,1,A,-,08,22107,NA,N,E,J,A,A,H,-,E,D,0,NA,NA,NA,NA,Y,NA,A,01,0,0,1,0,0,0,0,0,0,-,-,33.77136993408203,-117.8843994140625,ORANGE,SANTA ANA,-117.8848876953125,33.7701530456543
84629848,2025,2025-03-28,3019,2025-03-18,1533,3575,NA,2,5,7,3019,0,0,0,NA,0,004,EDINGER AVENUE,BRISTOL STREET,40,E,N,A,-,N,NA,NA,NA,NA,NA,NA,NA,NA,NA,N,4,0,1,2,A,-,03,22350,NA,M,C,C,A,A,H,-,A,A,0,NA,NA,NA,NA,Y,NA,D,22,0,0,1,0,0,0,0,0,0,-,-,33.72727966308594,-117.88524627685548,ORANGE,SANTA ANA,-117.88500213623048,33.72719192504883
84632000,2025,2025-03-31,3026,2025-03-29,752,548,NA,6,5,6,3026,0,0,0,NA,0,006,LAGUNA CANYON RD,LAKE FOREST DR,2640,S,N,B,-,Y,ORA,NA,133,NA,R,7.445,H,NA,L,Y,3,0,2,1,A,-,03,22350,NA,N,E,I,A,A,H,-,A,A,0,NA,NA,NA,NA,Y,NA,A,01,0,2,0,0,0,0,0,0,0,-,-,33.637840270996094,-117.76080322265624,ORANGE,IRVINE,-117.7605209350586,33.637840270996094
8463346,2017,2017-10-30,3010,2017-08-18,1739,1261,446,5,5,6,3010,0,0,0,NA,0,003,ADAMS,BROOKHURST,667,W,N,A,-,N,NA,NA,NA,NA,NA,NA,NA,NA,NA,Y,4,0,2,2,A,-,12,21453,A,N,D,C,A,A,H,-,A,A,0,NA,NA,NA,NA,Y,NA,A,01,0,0,2,0,0,0,0,0,0,-,-,NA,NA,ORANGE,HUNTINGTON BEACH,-117.9561568,33.672419239999996
84633686,2025,2025-04-02,3019,2025-03-05,538,3970,NA,3,5,7,3019,0,0,0,NA,0,003,EDINGER AVENUE,BROADWAY,0,NA,Y,A,-,N,NA,NA,NA,NA,NA,NA,NA,NA,NA,N,4,0,1,2,A,-,09,21802,A,N,D,D,A,A,H,-,A,B,0,NA,NA,NA,NA,Y,NA,D,22,0,0,1,0,0,0,0,0,0,-,-,33.72713088989258,-117.87000274658205,ORANGE,SANTA ANA,-117.86988830566406,33.72715759277344
84635286,2025,2025-04-03,3001,2025-02-28,1908,A2706,NA,5,5,7,3001,0,0,0,NA,0,NA,LINCOLN AVENUE,MULLER STREET,0,NA,Y,A,-,N,NA,NA,NA,NA,NA,NA,NA,NA,NA,N,4,0,1,2,A,-,09,21801,A,N,A,C,A,A,H,-,C,A,0,NA,NA,NA,NA,Y,NA,A,01,0,0,1,0,0,0,0,0,0,-,-,NA,NA,ORANGE,ANAHEIM,-117.95016479492188,33.83245849609375
84635406,2025,2025-07-07,3008,2025-02-14,1055,1495,NA,5,5,6,3008,0,0,0,NA,0,NA,HARBOR BLVD,HOUSTON AVE,180,S,N,B,-,N,NA,NA,NA,NA,NA,NA,NA,NA,NA,N,4,0,1,2,A,-,03,22350,NA,F,C,C,A,A,H,-,A,A,0,NA,NA,NA,NA,Y,NA,-,99,0,0,1,0,0,0,0,0,0,-,-,33.85470962524414,-117.9243621826172,ORANGE,FULLERTON,-117.92434692382813,33.85492706298828
8463590,2017,2017-10-24,3015,2017-09-02,2008,1583,45W,6,5,6,3015,0,0,0,NA,0,125,WEST KATELLA AV,W STRUCK,495,W,N,A,-,N,NA,NA,NA,NA,NA,NA,NA,NA,NA,Y,3,0,3,5,A,-,08,22107,NA,N,B,C,A,A,H,-,C,D,0,NA,NA,NA,NA,Y,NA,A,01,0,1,2,0,0,0,0,0,0,-,-,NA,NA,ORANGE,ORANGE,-117.87263955,33.80614
8464458,2017,2017-11-02,3026,2017-09-27,1130,6352,NA,3,5,6,3026,0,0,0,NA,0,NA,MICHELSON DR,JAMBOREE RD,20,W,N,A,-,N,NA,NA,NA,NA,NA,NA,NA,NA,NA,N,2,0,1,2,A,-,11,21456,B,F,G,B,B,A,H,-,A,A,0,Y,NA,NA,NA,Y,NA,N,60,1,0,0,0,1,0,0,0,0,-,-,NA,NA,ORANGE,IRVINE,-117.84781999,33.67272548
84645454,2025,2025-04-11,3001,2025-04-09,1311,A2602,NA,3,5,7,3001,0,0,0,NA,0,D-1,BROOKHURST STREET,CRESCENT AVENUE,0,NA,Y,A,-,N,NA,NA,NA,NA,NA,NA,NA,NA,NA,Y,4,0,2,2,A,-,12,21453,A,N,D,C,A,A,H,-,A,A,0,NA,NA,NA,NA,Y,NA,A,07,0,0,2,0,0,0,0,0,0,-,-,NA,NA,ORANGE,ANAHEIM,-117.95904541015624,33.839820861816406
84646951,2025,2025-04-14,3001,2025-03-14,2127,A2953,NA,5,5,7,3001,0,0,0,NA,0,D-1,KNOTT AVENUE,DANBROOK AVENUE,34,N,N,A,-,N,NA,NA,NA,NA,NA,NA,NA,NA,NA,N,4,0,1,2,A,-,03,22350,NA,M,C,C,A,A,H,-,C,A,0,NA,NA,Y,NA,Y,NA,A,01,0,0,1,0,0,0,0,0,1,-,-,33.82786178588867,-118.01084899902344,ORANGE,ANAHEIM,-118.01091766357422,33.82783508300781
84646971,2025,2025-04-14,3001,2025-04-09,731,A3010,NA,3,5,7,3001,0,0,0,NA,0,D-2,LINCOLN AVENUE,LOARA STREET,0,NA,Y,A,-,N,NA,NA,NA,NA,NA,NA,NA,NA,NA,Y,4,0,2,2,A,-,09,21801,A,N,D,C,A,A,H,-,A,A,0,NA,NA,NA,NA,Y,NA,A,01,0,0,2,0,0,0,0,0,0,-,-,NA,NA,ORANGE,ANAHEIM,-117.93718719482422,33.832584381103516
84647362,2025,2025-04-14,3008,2025-02-21,1825,1714,NA,5,5,6,3008,0,0,0,NA,0,NA,COMMONWEALTH AVE,GILBERT ST,0,NA,Y,A,-,N,NA,NA,NA,NA,NA,NA,NA,NA,NA,Y,4,0,1,1,A,-,08,22107,NA,N,E,I,A,A,H,-,C,A,0,NA,NA,NA,NA,Y,NA,A,01,0,0,1,0,0,0,0,0,0,-,-,33.86994171142578,-117.96797943115234,ORANGE,FULLERTON,-117.96822357177734,33.870052337646484
84650452,2024,2025-04-15,3026,2024-12-05,1850,12434,NA,4,5,6,3026,0,0,0,NA,0,007,PORTOLA PKWY,FIRE STATION,0,NA,Y,A,-,N,NA,NA,NA,NA,NA,NA,NA,NA,NA,Y,1,1,0,1,A,-,03,22350,NA,N,E,8,A,A,H,-,C,A,0,NA,NA,NA,NA,Y,NA,A,07,0,0,0,0,0,0,0,0,0,-,-,NA,NA,ORANGE,IRVINE,NA,NA
84651151,2025,2025-04-16,3010,2025-04-05,1543,2151,NA,6,5,6,3010,0,0,0,NA,0,004,PACIFIC COAST HWY - SR1,8TH ST (S),0,NA,Y,A,-,Y,ORA,NA,1,NA,NA,24.967,H,NA,R,N,4,0,1,2,A,-,03,22350,NA,N,D,C,A,A,H,-,A,A,0,NA,NA,Y,NA,Y,NA,C,02,0,0,1,0,0,0,0,0,1,-,-,33.659400939941406,-118.00540924072266,ORANGE,HUNTINGTON BEACH,-118.00526428222656,33.659542083740234
84651153,2025,2025-04-16,3010,2025-04-06,1734,2090,NA,7,5,6,3010,0,0,0,NA,0,003,ADAMS AVE,SHOREWOOD CIR,326,W,N,A,-,N,NA,NA,NA,NA,NA,NA,NA,NA,NA,N,4,0,2,2,A,-,09,21801,A,N,H,G,A,A,H,-,A,D,0,NA,Y,NA,NA,Y,NA,A,01,0,0,2,0,0,0,2,0,0,-,-,NA,NA,ORANGE,HUNTINGTON BEACH,-117.9695281982422,33.67219161987305
8465136,2017,2017-11-22,3019,2017-09-18,0800,3151,NE,1,5,7,3019,0,0,0,NA,0,002,CIVIC CENTER DR,BROADWAY,140,E,N,A,-,N,NA,NA,NA,NA,NA,NA,NA,NA,NA,N,4,0,1,2,A,-,09,21804,B,N,G,B,F,A,H,-,A,D,0,Y,NA,NA,NA,Y,NA,N,60,0,0,1,0,1,0,0,0,0,-,-,33.7515,-117.86987,ORANGE,SANTA ANA,-117.86936294,33.75097918
84652655,2025,2025-04-17,3019,2025-04-02,1753,3424,NA,3,5,7,3019,0,0,0,NA,0,001,EDINGER AVENUE,FAIRVIEW STREET,453,E,N,A,-,N,NA,NA,NA,NA,NA,NA,NA,NA,NA,Y,4,0,1,2,A,-,09,21804,A,N,D,C,A,A,H,-,A,D,0,NA,NA,NA,NA,Y,NA,A,01,0,0,1,0,0,0,0,0,0,-,-,33.72732162475586,-117.90615844726563,ORANGE,SANTA ANA,-117.90468597412108,33.72727966308594
8465567,2018,2020-05-22,3013,2018-02-24,2019,191,L03,6,5,3,3013,0,0,0,NA,0,004,BALL RD,BLOOMFIELD AV,0,NA,Y,A,-,N,NA,NA,NA,NA,NA,NA,NA,NA,NA,Y,1,1,0,2,A,-,11,21950,B,N,G,B,B,A,H,-,C,A,0,Y,NA,NA,NA,Y,NA,N,60,0,0,0,1,0,0,0,0,0,-,-,NA,NA,ORANGE,LOS ALAMITOS,-118.06313323974608,33.81760025024414
84657714,2025,2025-04-22,3019,2025-04-18,632,3550,NA,5,5,7,3019,0,0,0,NA,0,002,MAIN STREET,MEMORY LANE,300,N,N,A,-,N,NA,NA,NA,NA,NA,NA,NA,NA,NA,N,4,0,1,2,A,-,05,21650,1,M,D,G,A,A,H,-,A,A,0,NA,Y,NA,NA,Y,NA,L,04,0,0,1,0,0,0,1,0,0,-,-,33.77252960205078,-117.8672103881836,ORANGE,SANTA ANA,-117.86724090576172,33.77360153198242
84659213,2025,2025-04-23,3010,2025-04-14,1827,3172,NA,1,5,6,3010,0,0,0,NA,0,NA,BEACH BL - SR39 BLVD,TALBERT AVE,12,S,N,A,-,Y,ORA,NA,39,NA,NA,3.609,H,NA,R,N,4,0,1,2,A,-,03,22350,NA,N,C,D,A,A,H,-,A,A,0,NA,NA,NA,NA,Y,NA,A,01,0,0,1,0,0,0,0,0,0,-,-,33.70119094848633,-117.98912048339844,ORANGE,HUNTINGTON BEACH,-117.98906707763672,33.70119094848633
8466168,2017,2017-10-05,3001,2017-09-25,1617,2115,NA,1,5,7,3001,0,0,0,NA,0,0D3,SOUTH ANAHEIM BL,WEST BALL RD,1056,S,N,A,-,N,NA,NA,NA,NA,NA,NA,NA,NA,NA,Y,4,0,1,2,A,-,09,21804,A,N,D,C,A,A,H,-,A,D,0,NA,NA,NA,NA,Y,NA,A,07,0,0,1,0,0,0,0,0,0,-,-,NA,NA,ORANGE,ANAHEIM,-117.9070577,33.81529878
84663459,2025,2025-04-25,3001,2025-03-12,2042,A2348,NA,3,5,7,3001,0,0,0,NA,0,D-4,LA PALMA AVENUE,RICHFIELD ROAD,0,NA,Y,B,-,N,NA,NA,NA,NA,NA,NA,NA,NA,NA,Y,4,0,2,2,A,-,09,21801,A,N,D,C,A,A,H,-,C,A,0,NA,NA,NA,NA,Y,NA,A,01,0,0,2,0,0,0,0,0,0,-,-,33.85953903198242,-117.82582092285156,ORANGE,ANAHEIM,-117.82595825195313,33.85933303833008
8466372,2017,2017-10-09,3019,2017-09-02,0844,3439,WE,6,5,7,3019,0,0,0,NA,0,001,MCFADDEN AV,ACAPULCO,135,E,N,A,-,N,NA,NA,NA,NA,NA,NA,NA,NA,NA,Y,3,0,2,2,A,-,09,21804,A,N,D,C,A,A,H,-,A,D,0,NA,NA,NA,NA,Y,NA,A,01,0,1,1,0,0,0,0,0,0,-,-,NA,NA,ORANGE,SANTA ANA,NA,NA
8466455,2017,2017-10-13,3024,2017-09-08,2215,426,P08,5,5,5,3024,0,0,0,NA,0,WEST,SPRINGDALE ST,MEINHARDT RD,505,S,N,A,-,N,NA,NA,NA,NA,NA,NA,NA,NA,NA,Y,3,0,3,2,A,-,05,21650,NA,N,A,C,A,A,H,-,C,D,0,NA,NA,NA,NA,Y,NA,A,01,0,2,1,0,0,0,0,0,0,-,-,33.76336,-118.02533,ORANGE,WESTMINSTER,-118.02548,33.7629
84667371,2025,2025-04-29,3022,2025-04-13,1500,1410,NA,7,5,5,3022,0,0,0,NA,0,NA,MYFORD RD,HERITAGE WY,0,NA,Y,A,-,N,NA,NA,NA,NA,NA,NA,NA,NA,NA,N,3,0,1,2,A,-,09,21801,A,N,A,C,A,A,H,-,A,A,0,NA,NA,NA,NA,Y,NA,A,01,0,1,0,0,0,0,0,0,0,-,-,33.73075866699219,-117.79251861572266,ORANGE,TUSTIN,-117.79249572753906,33.730587005615234
84667444,2025,2025-04-29,3019,2025-03-07,1814,3955,NA,5,5,7,3019,0,0,0,NA,0,002,WILLITS STREET,SPRUCE STREET,0,NA,Y,A,-,N,NA,NA,NA,NA,NA,NA,NA,NA,NA,N,4,0,1,2,A,-,09,21802,A,N,D,C,A,A,H,-,A,D,0,NA,NA,NA,NA,Y,NA,A,01,0,0,1,0,0,0,0,0,0,-,-,33.740089416503906,-117.8888931274414,ORANGE,SANTA ANA,-117.88903045654295,33.73992156982422
8466837,2017,2017-10-12,3000,2017-08-24,1505,3602,971H3,4,5,4,3029,0,0,0,NA,0,903,GOLDEN LANTERN,JEREMIAH,91,N,N,A,-,N,NA,NA,NA,NA,NA,NA,NA,NA,NA,Y,4,0,1,3,A,-,03,22350,NA,N,C,C,A,A,H,-,A,D,0,NA,NA,NA,NA,Y,NA,A,01,0,0,1,0,0,0,0,0,0,-,-,NA,NA,ORANGE,DANA POINT,-117.69812726,33.48616936
8466919,2017,2017-10-13,3009,2017-09-29,1603,3927,85,5,5,6,3009,0,0,0,NA,0,013,GARDEN GROVE BL,CASA LINDA LN,126,W,N,A,-,N,NA,NA,NA,NA,NA,NA,NA,NA,NA,N,4,0,2,2,A,-,09,21801,A,N,D,C,A,A,H,-,A,D,0,NA,NA,NA,NA,Y,NA,A,01,0,0,2,0,0,0,0,0,0,-,-,NA,NA,ORANGE,GARDEN GROVE,-117.97004362,33.77401456
84675961,2025,2025-05-06,3014,2025-04-24,942,1532,NA,4,5,5,3014,0,0,0,NA,0,A2,SR-1 (W COAST HWY),PROSPECT ST,14,W,N,A,-,Y,ORA,NA,1,NA,NA,21.049,H,NA,R,Y,4,0,1,2,A,-,03,22350,NA,N,C,C,A,A,H,-,A,A,0,NA,NA,NA,NA,Y,NA,A,01,0,0,1,0,0,0,0,0,0,-,-,33.62649917602539,-117.94938659667967,ORANGE,NEWPORT BEACH,-117.94934844970705,33.626548767089844
84676179,2025,2025-05-09,3008,2025-03-16,1135,1666,NA,7,5,6,3008,0,0,0,NA,0,NA,VALENCIA DR,WANDA DR,220,W,N,A,-,N,NA,NA,NA,NA,NA,NA,NA,NA,NA,Y,4,0,2,2,A,-,08,22107,NA,N,A,C,A,A,H,-,A,A,0,NA,NA,NA,NA,Y,NA,A,07,0,0,2,0,0,0,0,0,0,-,-,33.866729736328125,-117.95639801025392,ORANGE,FULLERTON,-117.957275390625,33.86650848388672
8468080,2017,2017-10-27,3003,2017-10-03,1642,665,23,2,5,5,3003,0,0,0,NA,0,008,MALVERN AV,COUNTRY CLUB DR,0,NA,Y,A,-,N,NA,NA,NA,NA,NA,NA,NA,NA,NA,Y,4,0,3,2,A,-,12,21453,A,N,D,C,A,A,H,-,A,A,0,NA,NA,NA,NA,Y,NA,A,07,0,0,3,0,0,0,0,0,0,-,-,33.8818,-117.9927,ORANGE,BUENA PARK,-117.99265008,33.88177001
84680969,2025,2025-05-09,3011,2025-04-20,21,31615,NA,7,5,4,3011,0,0,0,NA,0,001,SR133,WOODLAND DR,38,N,-,A,-,Y,NA,NA,NA,NA,NA,NA,NA,NA,NA,Y,4,0,1,2,A,-,01,23152,B,N,B,E,A,A,H,-,C,D,0,NA,NA,NA,NA,Y,Y,A,01,0,0,1,0,0,0,0,0,0,-,-,NA,NA,ORANGE,LAGUNA BEACH,-117.77703857421876,33.552371978759766
84683046,2025,2025-05-15,3008,2025-03-22,1126,1690,NA,6,5,6,3008,0,0,0,NA,0,NA,EUCLID ST,VALENCIA DR,0,NA,Y,A,-,N,NA,NA,NA,NA,NA,NA,NA,NA,NA,N,3,0,1,2,A,-,04,21703,NA,N,C,C,A,A,H,-,A,A,0,NA,NA,Y,NA,Y,NA,C,02,0,1,0,0,0,0,0,0,1,-,-,33.866600036621094,-117.9417724609375,ORANGE,FULLERTON,-117.9419403076172,33.86658477783203
8468419,2017,2017-11-20,3024,2017-10-08,2036,410,P-39,7,5,5,3024,0,0,0,NA,0,EAST,EDINBORO CIR,PARLIAMENT AV,0,NA,Y,A,-,N,NA,NA,NA,NA,NA,NA,NA,NA,NA,N,3,0,1,2,A,-,12,22450,A,F,D,C,A,A,H,-,C,A,0,NA,NA,NA,NA,Y,NA,-,NA,0,1,0,0,0,0,0,0,0,-,-,NA,NA,ORANGE,WESTMINSTER,-117.969885,33.73034
8468458,2017,2017-11-20,3019,2017-10-05,1007,3151,SE,4,5,7,3019,0,0,0,NA,0,003,GRAND AV,CHESTNUT AV,0,NA,Y,A,-,N,NA,NA,NA,NA,NA,NA,NA,NA,NA,Y,3,0,2,2,A,-,12,21453,A,N,D,C,A,A,H,-,A,A,0,NA,NA,NA,NA,Y,NA,A,01,0,1,1,0,0,0,0,0,0,-,-,33.74257,-117.8506,ORANGE,SANTA ANA,-117.85028005,33.74256006
84686281,2025,2025-05-16,3001,2025-04-07,1716,A2576,NA,1,5,7,3001,0,0,0,NA,0,044,WEIR CANYON ROAD,CANYON VISTA DRIVE,0,NA,Y,A,-,N,NA,NA,NA,NA,NA,NA,NA,NA,NA,Y,4,0,2,2,D,-,00,NA,NA,N,D,C,A,A,H,-,A,A,0,NA,NA,NA,NA,Y,NA,-,-,0,0,2,0,0,0,0,0,0,-,-,33.85823059082031,-117.73615264892578,ORANGE,ANAHEIM,-117.7367706298828,33.861778259277344
84686292,2025,2025-05-15,3001,2025-04-30,1259,A2657,NA,3,5,7,3001,0,0,0,NA,0,014,DALE STREET,CRESCENT AVENUE,0,NA,Y,A,-,N,NA,NA,NA,NA,NA,NA,NA,NA,NA,Y,4,0,2,2,A,-,12,21453,A,N,D,C,A,A,H,-,A,D,0,NA,NA,NA,NA,Y,NA,A,01,0,0,2,0,0,0,0,0,0,-,-,33.8396110534668,-117.98494720458984,ORANGE,ANAHEIM,-117.9848175048828,33.8394775390625
84686395,2025,2025-05-14,3010,2025-05-08,1617,6139,NA,4,5,6,3010,0,0,0,NA,0,007,BEACH BL - SR39 BLVD,MACDONALD DR,331,N,N,A,-,Y,ORA,NA,39,NA,NA,5.342,H,NA,L,N,4,0,1,2,A,-,04,21703,NA,N,C,C,A,A,H,-,A,A,0,NA,NA,NA,NA,Y,NA,A,07,0,0,1,0,0,0,0,0,0,-,-,33.72589874267578,-117.9892807006836,ORANGE,HUNTINGTON BEACH,-117.98936462402344,33.72589874267578
84687916,2025,2025-05-15,3001,2025-04-15,1739,A1397,NA,2,5,7,3001,0,0,0,NA,0,D-3,KATELLA AVENUE,HARBOR BOULEVARD,64,W,N,A,-,N,NA,NA,NA,NA,NA,NA,NA,NA,NA,N,4,0,1,2,A,-,17,21228,NA,N,D,C,A,A,H,-,A,A,0,NA,NA,NA,NA,Y,NA,M,94,0,0,1,0,0,0,0,0,0,-,-,NA,NA,ORANGE,ANAHEIM,-117.91561889648438,33.80324935913086
84689283,2025,2025-05-15,3026,2025-04-30,1815,12434,NA,3,5,6,3026,0,0,0,NA,0,003,CULVER DR,HARVARD AVE,573,N,N,A,-,N,NA,NA,NA,NA,NA,NA,NA,NA,NA,N,3,0,1,2,A,-,17,21235,G,N,D,C,A,A,H,-,A,D,0,NA,NA,Y,NA,Y,NA,C,03,0,1,0,0,0,0,0,0,1,-,-,33.653751373291016,-117.82695770263672,ORANGE,IRVINE,-117.82756805419922,33.655120849609375
84689558,2025,2025-05-16,3001,2025-04-18,1527,A2576,NA,5,5,7,3001,0,0,0,NA,0,015,ARCHER STREET,VICTORIA AVENUE,68,N,N,B,-,N,NA,NA,NA,NA,NA,NA,NA,NA,NA,Y,3,0,1,2,A,-,08,22107,NA,N,A,E,A,A,H,-,A,D,0,NA,NA,NA,NA,Y,NA,A,01,0,1,0,0,0,0,0,0,0,-,-,NA,NA,ORANGE,ANAHEIM,-117.95728302001952,33.82980728149414
84691630,2025,2025-05-19,3008,2025-03-21,2242,1612,NA,5,5,6,3008,0,0,0,NA,0,NA,COMMONWEALTH AVE,LAWRENCE AVE,0,NA,Y,A,-,N,NA,NA,NA,NA,NA,NA,NA,NA,NA,Y,4,0,1,2,A,-,05,21650,NA,M,B,C,A,A,H,-,C,D,0,NA,NA,NA,NA,Y,NA,A,01,0,0,1,0,0,0,0,0,0,-,-,33.869590759277344,-117.91747283935548,ORANGE,FULLERTON,-117.9177017211914,33.87040328979492
84693347,2025,2025-05-20,3010,2025-05-02,1632,2090,NA,5,5,6,3010,0,0,0,NA,0,002,BUSHARD ST,HAMILTON AVE,0,NA,Y,A,-,N,NA,NA,NA,NA,NA,NA,NA,NA,NA,N,3,0,1,2,A,-,09,21801,A,N,D,C,A,A,H,-,A,A,0,NA,NA,NA,NA,Y,NA,-,-,0,1,0,0,0,0,0,0,0,-,-,33.65031814575195,-117.96205902099608,ORANGE,HUNTINGTON BEACH,-117.96226501464844,33.65053939819336
84693375,2025,2025-05-20,3008,2025-03-30,100,1664,NA,7,5,6,3008,0,0,0,NA,0,NA,RAYMOND AVE,KIMBERLY AVE (N),35,N,N,A,-,N,NA,NA,NA,NA,NA,NA,NA,NA,NA,Y,3,0,2,1,A,-,01,23152,A,N,E,I,A,A,H,-,C,D,0,NA,NA,NA,NA,Y,Y,A,07,0,1,1,0,0,0,0,0,0,-,-,33.86307144165039,-117.90677642822266,ORANGE,FULLERTON,-117.90685272216795,33.863197326660156
84694984,2025,2025-05-21,3019,2025-01-12,1027,3947,NA,7,5,7,3019,0,0,0,NA,0,NA,STANDARD AVENUE,4TH STREET,31,W,N,A,-,N,NA,NA,NA,NA,NA,NA,NA,NA,NA,N,4,0,1,2,A,-,03,22350,NA,N,G,B,B,A,H,-,A,D,0,Y,NA,NA,NA,Y,NA,A,01,0,0,1,0,1,0,0,0,0,-,-,NA,NA,ORANGE,SANTA ANA,NA,NA
84694999,2025,2025-05-21,3019,2025-04-25,1258,3201,NA,5,5,7,3019,0,0,0,NA,0,002,TUSTIN AVENUE,4TH STREET,100,N,N,A,-,N,NA,NA,NA,NA,NA,NA,NA,NA,NA,Y,4,0,1,2,A,-,09,21804,A,N,D,C,A,A,H,-,A,D,0,NA,NA,NA,NA,Y,NA,A,01,0,0,1,0,0,0,0,0,0,-,-,33.74797821044922,-117.83438110351563,ORANGE,SANTA ANA,-117.83412933349608,33.7484130859375
84696455,2025,2025-05-22,3001,2025-04-21,1603,A2687,NA,1,5,7,3001,0,0,0,NA,0,D-1,BALL ROAD,GAYMONT STREET,110,E,N,A,-,N,NA,NA,NA,NA,NA,NA,NA,NA,NA,N,4,0,1,2,A,-,03,22350,NA,N,D,C,A,A,H,-,A,D,0,NA,NA,Y,NA,Y,NA,C,03,0,0,1,0,0,0,0,0,1,-,-,33.81727981567383,-117.99015045166016,ORANGE,ANAHEIM,-117.98973083496094,33.81745910644531
84696528,2025,2025-05-22,3019,2025-04-27,2004,3957,NA,7,5,7,3019,0,0,0,NA,0,002,TUSTIN AVENUE,1ST STREET,386,N,N,A,-,N,NA,NA,NA,NA,NA,NA,NA,NA,NA,N,4,0,1,2,A,-,11,21955,NA,N,G,B,D,A,H,-,D,B,0,Y,NA,NA,NA,Y,Y,N,60,0,0,1,0,1,0,0,0,0,-,-,33.745460510253906,-117.83439636230467,ORANGE,SANTA ANA,-117.83412170410156,33.746551513671875