CASE_ID,ACCIDENT_YEAR,PROC_DATE,JURIS,COLLISION_DATE,COLLISION_TIME,OFFICER_ID,REPORTING_DISTRICT,DAY_OF_WEEK,CHP_SHIFT,POPULATION,CNTY_CITY_LOC,SPECIAL_COND,BEAT_TYPE,CHP_BEAT_TYPE,CITY_DIVISION_LAPD,CHP_BEAT_CLASS,BEAT_NUMBER,PRIMARY_RD,SECONDARY_RD,DISTANCE,DIRECTION,INTERSECTION,WEATHER_1,WEATHER_2,STATE_HWY_IND,CALTRANS_COUNTY,CALTRANS_DISTRICT,STATE_ROUTE,ROUTE_SUFFIX,POSTMILE_PREFIX,POSTMILE,LOCATION_TYPE,RAMP_INTERSECTION,SIDE_OF_HWY,TOW_AWAY,COLLISION_SEVERITY,NUMBER_KILLED,NUMBER_INJURED,PARTY_COUNT,PRIMARY_COLL_FACTOR,PCF_CODE_OF_VIOL,PCF_VIOL_CATEGORY,PCF_VIOLATION,PCF_VIOL_SUBSECTION,HIT_AND_RUN,TYPE_OF_COLLISION,MVIW,PED_ACTION,ROAD_SURFACE,ROAD_COND_1,ROAD_COND_2,LIGHTING,CONTROL_DEVICE,CHP_ROAD_TYPE,PEDESTRIAN_ACCIDENT,BICYCLE_ACCIDENT,MOTORCYCLE_ACCIDENT,TRUCK_ACCIDENT,NOT_PRIVATE_PROPERTY,ALCOHOL_INVOLVED,STWD_VEHTYPE_AT_FAULT,CHP_VEHTYPE_AT_FAULT,COUNT_SEVERE_INJ,COUNT_VISIBLE_INJ,COUNT_COMPLAINT_PAIN,COUNT_PED_KILLED,COUNT_PED_INJURED,COUNT_BICYCLIST_KILLED,COUNT_BICYCLIST_INJURED,COUNT_MC_KILLED,COUNT_MC_INJURED,PRIMARY_RAMP,SECONDARY_RAMP,LATITUDE,LONGITUDE,COUNTY,CITY,POINT_X,POINT_Y
84696658,2025,2025-05-22,3002,2025-04-17,821,1717,NA,4,5,4,3002,0,0,0,NA,0,002,STATE COLLEGE BL,ELM ST,0,NA,Y,A,-,N,NA,NA,NA,NA,NA,NA,NA,NA,NA,Y,3,0,1,2,A,-,12,21453,A,N,D,C,A,A,H,-,A,A,0,NA,NA,NA,NA,Y,NA,-,-,0,1,0,0,0,0,0,0,0,-,-,33.90848922729492,-117.88971710205078,ORANGE,BREA,-117.88970184326172,33.908023834228516
84698198,2025,2025-05-23,3019,2025-05-14,1642,3439,NA,3,5,7,3019,0,0,0,NA,0,004,1ST STREET,DAISY AVENUE,10,W,N,A,-,N,NA,NA,NA,NA,NA,NA,NA,NA,NA,Y,3,0,1,2,A,-,09,21802,A,N,D,C,A,A,H,-,A,A,0,NA,NA,NA,NA,Y,NA,A,01,0,1,0,0,0,0,0,0,0,-,-,33.744930267333984,-117.89495849609376,ORANGE,SANTA ANA,-117.89487457275392,33.745399475097656
8470003,2017,2017-11-21,3019,2017-08-08,1611,3196,NA,2,5,7,3019,0,0,0,NA,0,NA,15TH ST,DURANT ST,150,W,N,A,-,N,NA,NA,NA,NA,NA,NA,NA,NA,NA,N,3,0,1,4,A,-,08,22107,NA,M,B,E,F,A,H,-,A,D,0,Y,NA,NA,NA,Y,NA,A,01,0,1,0,0,1,0,0,0,0,-,-,33.75768,-117.87118,ORANGE,SANTA ANA,-117.8715523,33.75784349
84702694,2025,2025-05-28,3019,2025-04-20,940,3295,NA,7,5,7,3019,0,0,0,NA,0,001,EUCLID STREET,EDINGER AVENUE,200,N,N,A,-,N,NA,NA,NA,NA,NA,NA,NA,NA,NA,N,4,0,1,2,A,-,08,22107,NA,N,B,C,A,A,H,-,A,A,0,NA,NA,NA,NA,Y,NA,-,-,0,0,1,0,0,0,0,0,0,-,-,33.731021881103516,-117.93769073486328,ORANGE,SANTA ANA,-117.93737030029295,33.731388092041016
84702736,2025,2025-05-28,3019,2025-05-17,1614,3970,NA,6,5,7,3019,0,0,0,NA,0,004,FAIRVIEW STREET,WARNER AVENUE,0,NA,Y,A,-,N,NA,NA,NA,NA,NA,NA,NA,NA,NA,Y,3,0,2,2,A,-,12,22450,A,N,D,C,A,A,H,-,A,B,0,NA,NA,NA,NA,Y,NA,D,22,0,2,0,0,0,0,0,0,0,-,-,33.715248107910156,-117.90805053710938,ORANGE,SANTA ANA,-117.90790557861328,33.715206146240234
84702757,2025,2025-05-28,3019,2025-05-26,1805,3151,NA,1,5,7,3019,0,0,0,NA,0,001,JACKSON STREET,11TH STREET,284,S,N,A,-,N,NA,NA,NA,NA,NA,NA,NA,NA,NA,N,3,0,1,2,A,-,01,23152,A,M,B,E,A,A,H,-,A,D,0,NA,NA,NA,NA,Y,Y,A,07,0,1,0,0,0,0,0,0,0,-,-,33.754180908203125,-117.91600799560548,ORANGE,SANTA ANA,-117.91608428955078,33.75358200073242
84704543,2025,2025-05-29,3010,2025-05-22,933,1107,NA,4,5,6,3010,0,0,0,NA,0,NA,17TH ST,ADAMS AVE,536,S,N,A,-,N,NA,NA,NA,NA,NA,NA,NA,NA,NA,N,3,0,2,2,A,-,21,22106,NA,N,D,C,A,A,H,-,A,D,0,NA,NA,NA,NA,Y,NA,A,07,0,1,1,0,0,0,0,0,0,-,-,33.672340393066406,-118.004638671875,ORANGE,HUNTINGTON BEACH,-118.00486755371094,33.672218322753906
84706341,2025,2025-05-30,3001,2025-05-13,1405,A1410,NA,2,5,7,3001,0,0,0,NA,0,D-4,ANAHEIM HILLS ROAD,LA PAZ WAY,1267,S,N,A,-,N,NA,NA,NA,NA,NA,NA,NA,NA,NA,Y,2,0,1,1,A,-,03,22350,NA,N,E,I,A,A,H,-,A,D,0,NA,NA,NA,NA,Y,Y,A,01,1,0,0,0,0,0,0,0,0,-,-,33.851558685302734,-117.77899932861328,ORANGE,ANAHEIM,-117.77859497070313,33.847923278808594
84708719,2025,2025-06-02,3001,2025-04-23,2052,A2348,NA,3,5,7,3001,0,0,0,NA,0,D-3,ORANGEWOOD AVENUE,DANA STREET,0,NA,Y,A,-,N,NA,NA,NA,NA,NA,NA,NA,NA,NA,Y,4,0,4,5,A,-,09,21802,A,N,D,C,A,A,H,-,C,A,0,NA,NA,NA,NA,Y,NA,A,01,0,0,4,0,0,0,0,0,0,-,-,NA,NA,ORANGE,ANAHEIM,-117.9108428955078,33.79610824584961
8471138,2017,2017-10-23,3019,2017-09-18,1823,3411,WE,1,5,7,3019,0,0,0,NA,0,001,1ST ST,SULLIVAN ST,0,NA,Y,A,-,N,NA,NA,NA,NA,NA,NA,NA,NA,NA,Y,3,0,2,3,A,-,12,21453,A,N,D,C,A,A,H,-,A,A,0,NA,NA,NA,NA,Y,NA,A,01,0,1,1,0,0,0,0,0,0,-,-,33.74529,-117.90256,ORANGE,SANTA ANA,-117.90256011,33.74528002
8471179,2017,2017-10-26,3019,2017-08-21,1530,3150,NE,1,5,7,3019,0,0,0,NA,0,002,17TH ST,TUSTIN AV,5,E,N,A,-,N,NA,NA,NA,NA,NA,NA,NA,NA,NA,N,4,0,1,2,A,-,03,22350,NA,N,C,C,A,A,H,-,A,D,0,NA,NA,NA,NA,Y,NA,A,01,0,0,1,0,0,0,0,0,0,-,-,33.75966,-117.83426,ORANGE,SANTA ANA,-117.83434362,33.75980914
8471224,2017,2017-10-20,3008,2017-06-09,0909,1502,NA,5,5,6,3008,0,0,0,NA,0,Z-1,ORANGETHORPE AV,GILBERT ST,15,E,N,A,-,N,NA,NA,NA,NA,NA,NA,NA,NA,NA,Y,3,0,1,2,D,-,00,NA,NA,N,A,C,A,A,H,-,A,A,0,NA,NA,NA,NA,Y,NA,-,-,0,1,0,0,0,0,0,0,0,-,-,NA,NA,ORANGE,FULLERTON,-117.96797071,33.8593505
8471432,2017,2017-10-20,3019,2017-09-11,1449,2797,NA,1,5,7,3019,0,0,0,NA,0,NA,MABURY ST,17TH ST,6,N,N,A,-,N,NA,NA,NA,NA,NA,NA,NA,NA,NA,N,4,0,1,2,D,-,00,NA,NA,N,C,C,A,A,H,-,A,D,0,NA,NA,NA,NA,Y,NA,-,-,0,0,1,0,0,0,0,0,0,-,-,33.75982,-117.84384,ORANGE,SANTA ANA,-117.84382051,33.75993644
84717651,2025,2025-06-09,3010,2025-05-29,1152,2090,NA,4,5,6,3010,0,0,0,NA,0,002,HAMILTON AVE,BROOKHURST ST,334,E,N,A,-,N,NA,NA,NA,NA,NA,NA,NA,NA,NA,N,3,0,1,2,A,-,03,22350,NA,N,H,G,A,A,H,-,A,D,0,NA,Y,NA,NA,Y,NA,L,04,0,1,0,0,0,0,1,0,0,-,-,NA,NA,ORANGE,HUNTINGTON BEACH,-117.95259857177734,33.65061950683594
84717652,2025,2025-06-09,3010,2025-05-30,917,2151,NA,5,5,6,3010,0,0,0,NA,0,003,BROOKHURST ST,YORKTOWN AVE,0,NA,Y,A,-,N,NA,NA,NA,NA,NA,NA,NA,NA,NA,Y,4,0,2,2,D,-,00,NA,NA,N,D,C,A,A,H,-,A,A,0,NA,NA,NA,NA,Y,NA,-,-,0,0,2,0,0,0,0,0,0,-,-,33.67961883544922,-117.95382690429688,ORANGE,HUNTINGTON BEACH,-117.95404052734376,33.67961883544922
84717672,2025,2025-06-09,3010,2025-06-02,1732,2070,NA,1,5,6,3010,0,0,0,NA,0,004,PACIFIC COAST HWY - SR1,MAIN ST,195,E,N,A,-,Y,ORA,NA,1,NA,NA,24.728,H,NA,R,N,3,0,1,1,A,-,03,22350,NA,N,E,I,A,A,H,-,A,D,0,NA,Y,NA,NA,Y,NA,L,04,0,1,0,0,0,0,1,0,0,-,-,33.65705871582031,-118.00225067138672,ORANGE,HUNTINGTON BEACH,-118.00205993652344,33.65725326538086
84717691,2025,2025-06-10,3008,2025-04-28,1150,1470,NA,1,5,6,3008,0,0,0,NA,0,NA,RAYMOND AVE,CHAPMAN AVE,13,S,N,A,-,N,NA,NA,NA,NA,NA,NA,NA,NA,NA,N,4,0,1,2,A,-,10,21950,A,N,G,B,B,A,H,-,A,D,0,Y,NA,NA,NA,Y,NA,A,01,0,0,1,0,1,0,0,0,0,-,-,33.873939514160156,-117.9070281982422,ORANGE,FULLERTON,-117.9070281982422,33.87406539916992
84717922,2025,2025-06-09,3014,2025-05-25,1656,1532,NA,7,5,5,3014,0,0,0,NA,0,A2,IRVINE AVE,PRIVATE RD,155,N,N,A,-,N,NA,NA,NA,NA,NA,NA,NA,NA,NA,N,3,0,1,1,A,-,03,22350,NA,N,F,A,A,A,H,-,A,D,0,NA,NA,Y,NA,Y,NA,C,02,0,1,0,0,0,0,0,0,1,-,-,33.64379119873047,-117.8936004638672,ORANGE,NEWPORT BEACH,-117.89381408691406,33.64373016357422
84720781,2025,2025-06-11,3001,2025-05-12,2338,A2494,NA,1,5,7,3001,0,0,0,NA,0,032,BALL ROAD,HARBOR BOULEVARD,92,W,N,A,-,N,NA,NA,NA,NA,NA,NA,NA,NA,NA,N,4,0,1,2,A,-,03,22350,NA,N,C,C,A,A,H,-,C,A,0,NA,NA,NA,NA,Y,NA,A,01,0,0,1,0,0,0,0,0,0,-,-,NA,NA,ORANGE,ANAHEIM,-117.91580200195313,33.818031311035156
84720792,2025,2025-06-11,3001,2025-05-19,1350,A2687,NA,1,5,7,3001,0,0,0,NA,0,D-4,RIVERDALE AVENUE,KODIAK STREET,173,W,N,A,-,N,NA,NA,NA,NA,NA,NA,NA,NA,NA,N,4,0,1,2,A,-,09,21804,A,N,D,C,A,A,H,-,A,D,0,NA,NA,NA,NA,Y,NA,A,01,0,0,1,0,0,0,0,0,0,-,-,33.844669342041016,-117.83544921875,ORANGE,ANAHEIM,-117.83632659912108,33.84702682495117
8472724,2017,2017-11-03,3016,2017-10-05,1809,1239,3,4,5,5,3016,0,0,0,NA,0,001,PALM DR,PLACENTIA AV,0,NA,Y,A,-,N,NA,NA,NA,NA,NA,NA,NA,NA,NA,Y,3,0,2,2,A,-,12,21453,A,N,A,C,A,A,H,-,A,A,0,NA,NA,NA,NA,Y,NA,A,01,0,1,1,0,0,0,0,0,0,-,-,33.89187,-117.87298,ORANGE,PLACENTIA,-117.87304001,33.8918601
8472760,2017,2017-11-03,3011,2017-10-09,1253,31340,41,1,5,4,3011,0,0,0,NA,0,002,S COAST HWY,LEGION ST,53,S,N,A,-,N,NA,NA,NA,NA,NA,NA,NA,NA,NA,Y,4,0,1,2,B,-,22,NA,NA,N,E,I,A,A,H,-,A,D,0,NA,NA,NA,NA,Y,NA,A,01,0,0,1,0,0,0,0,0,0,-,-,NA,NA,ORANGE,LAGUNA BEACH,-117.78125761,33.53967272
84730509,2025,2025-06-18,3014,2025-05-02,2034,1570,NA,5,5,5,3014,0,0,0,NA,0,A4,NEWPORT CENTER,ANACAPA DR,0,NA,Y,A,-,N,NA,NA,NA,NA,NA,NA,NA,NA,NA,N,3,0,1,2,A,-,09,21801,NA,N,D,C,A,A,H,-,C,A,0,NA,NA,NA,NA,Y,NA,A,01,0,1,0,0,0,0,0,0,0,-,-,33.61268997192383,-117.875,ORANGE,NEWPORT BEACH,-117.8751220703125,33.61254119873047
8473107,2017,2018-01-05,3000,2017-09-17,2330,1196,921D6,7,5,4,3049,0,0,0,NA,0,382,PACIFIC PARK,ALISO VIEJO PKWY,0,NA,Y,A,-,N,NA,NA,NA,NA,NA,NA,NA,NA,NA,Y,2,0,3,2,A,-,12,21453,A,N,D,C,A,A,H,-,C,A,0,NA,NA,NA,NA,Y,Y,-,-,2,1,0,0,0,0,0,0,0,-,-,NA,NA,ORANGE,ALISO VIEJO,-117.73061999,33.57060011
8473134,2017,2017-11-30,3010,2017-10-18,0449,3004,339,3,5,6,3010,0,0,0,NA,0,004,GOLDENWEST,FINDLEY,75,N,N,A,-,N,NA,NA,NA,NA,NA,NA,NA,NA,NA,N,3,0,1,2,A,-,01,23152,A,F,H,B,A,A,H,-,C,D,0,NA,Y,NA,NA,Y,NA,A,01,0,1,0,0,0,0,1,0,0,-,-,NA,NA,ORANGE,HUNTINGTON BEACH,-118.01089969,33.67448596
84731413,2025,2025-06-19,3019,2025-06-06,1739,3947,NA,5,5,7,3019,0,0,0,NA,0,002,17TH STREET,FLOWER STREET,33,E,N,A,-,N,NA,NA,NA,NA,NA,NA,NA,NA,NA,N,4,0,1,3,A,-,03,22350,NA,N,C,C,A,A,H,-,A,D,0,NA,NA,NA,NA,Y,NA,A,01,0,0,1,0,0,0,0,0,0,-,-,33.759918212890625,-117.8764877319336,ORANGE,SANTA ANA,-117.87637329101563,33.760101318359375
8473179,2017,2017-12-19,3010,2017-10-05,2021,1118,158,4,5,6,3010,0,0,0,NA,0,007,EDINGER,SPRINGDALE,0,NA,Y,A,-,N,NA,NA,NA,NA,NA,NA,NA,NA,NA,Y,4,0,1,2,A,-,07,21658,A,F,E,I,A,A,H,-,C,A,0,NA,NA,NA,NA,Y,NA,A,01,0,0,1,0,0,0,0,0,0,-,-,NA,NA,ORANGE,HUNTINGTON BEACH,-118.02413001,33.72997009
8473185,2017,2017-11-28,3000,2017-09-25,0844,5377,951F1,1,5,5,3040,0,0,0,NA,0,741,ALISO CREEK RD,DORINE RD,10,E,N,A,-,N,NA,NA,NA,NA,NA,NA,NA,NA,NA,N,3,0,1,2,A,-,10,21950,A,N,G,B,-,A,H,-,A,A,0,Y,NA,NA,NA,Y,NA,A,01,0,1,0,0,1,0,0,0,0,-,-,NA,NA,ORANGE,LAGUNA NIGUEL,-117.71266726,33.55563
8473267,2017,2017-11-21,3010,2017-09-28,0646,1208,451,4,5,6,3010,0,0,0,NA,0,004,LAKE,INDIANAPOLIS,0,NA,Y,B,-,N,NA,NA,NA,NA,NA,NA,NA,NA,NA,Y,4,0,1,2,A,-,09,21802,A,N,D,C,A,A,H,-,B,A,0,NA,NA,NA,NA,Y,NA,A,01,0,0,1,0,0,0,0,0,0,-,-,NA,NA,ORANGE,HUNTINGTON BEACH,-117.99782005,33.66484009
84732794,2025,2025-06-20,3011,2025-05-31,2255,31610,NA,6,5,4,3011,0,0,0,NA,0,002,COAST HWY,CLEO ST,0,N,-,A,-,Y,NA,NA,NA,NA,NA,NA,NA,NA,NA,Y,3,0,1,2,A,-,08,22107,NA,N,D,C,A,A,H,-,C,A,0,NA,NA,NA,NA,Y,NA,A,01,0,1,0,0,0,0,0,0,0,-,-,NA,NA,ORANGE,LAGUNA BEACH,-117.77959442138672,33.53761672973633
84733972,2025,2025-06-20,3026,2025-06-13,2053,737,NA,5,5,6,3026,0,0,0,NA,0,009,BEACON,STELLAR,0,NA,Y,A,-,N,NA,NA,NA,NA,NA,NA,NA,NA,NA,N,4,0,1,2,A,-,01,23152,A,N,C,C,A,A,H,-,C,D,0,NA,NA,NA,NA,Y,Y,A,01,0,0,1,0,0,0,0,0,0,-,-,33.6826286315918,-117.7451629638672,ORANGE,IRVINE,-117.73583221435548,33.682861328125
84738134,2025,2025-06-24,3014,2025-05-26,1817,1562,NA,1,5,5,3014,0,0,0,NA,0,A1,OCEANFRONT W,11TH ST,175,W,N,B,-,N,NA,NA,NA,NA,NA,NA,NA,NA,NA,N,3,0,1,2,A,-,07,21658,NA,N,B,G,A,A,H,-,A,D,0,NA,Y,NA,NA,Y,NA,L,04,0,1,0,0,0,0,1,0,0,-,-,33.60514831542969,-117.91558837890624,ORANGE,NEWPORT BEACH,-117.91567230224608,33.60514831542969
84738289,2025,2025-06-25,3001,2025-05-30,1041,A2814,NA,5,5,7,3001,0,0,0,NA,0,D-4,LA PALMA AVENUE,IMPERIAL HIGHWAY,0,NA,Y,A,-,Y,ORA,NA,90,NA,NA,12.433,H,NA,R,Y,4,0,2,2,A,-,12,21453,A,N,D,C,A,A,H,-,A,A,0,NA,NA,NA,NA,Y,NA,A,01,0,0,2,0,0,0,0,0,0,-,-,33.86014938354492,-117.79058837890624,ORANGE,ANAHEIM,-117.79053497314452,33.86014938354492
84740000,2025,2025-06-26,3001,2025-06-11,917,A1231,NA,3,5,7,3001,0,0,0,NA,0,D-4,TORRENS STREET,RIVERDALE AVENUE,119,N,N,B,-,N,NA,NA,NA,NA,NA,NA,NA,NA,NA,Y,3,0,1,1,A,-,08,22107,NA,N,E,I,A,A,H,-,A,D,0,NA,NA,NA,NA,Y,NA,A,01,0,1,0,0,0,0,0,0,0,-,-,NA,NA,ORANGE,ANAHEIM,-117.82442474365234,33.8503303527832
84743228,2025,2025-07-01,3008,2025-05-12,1522,1470,NA,1,5,6,3008,0,0,0,NA,0,NA,EUCLID ST,VALENCIA MESA DR,15,S,N,A,-,N,NA,NA,NA,NA,NA,NA,NA,NA,NA,N,3,0,1,2,A,-,10,21950,A,N,G,B,B,A,H,-,A,A,0,Y,NA,NA,NA,Y,NA,A,01,0,1,0,0,1,0,0,0,0,-,-,33.88618850708008,-117.94126129150392,ORANGE,FULLERTON,-117.94130706787108,33.88628005981445
84746892,2025,2025-07-07,3010,2025-06-21,2302,6062,NA,6,5,6,3010,0,0,0,NA,0,009,BEACH BL - SR39 BLVD,405 OFF-RAMP,97,S,N,A,-,Y,ORA,NA,39,NA,NA,5.62,H,NA,R,Y,4,0,1,3,A,-,01,23152,A,N,C,C,A,A,H,-,C,A,0,NA,NA,NA,NA,Y,Y,D,22,0,0,1,0,0,0,0,0,0,-,-,33.729949951171875,-117.98925018310548,ORANGE,HUNTINGTON BEACH,-117.98922729492188,33.729949951171875
84751019,2025,2025-07-08,3008,2025-05-18,2344,1616,NA,7,5,6,3008,0,0,0,NA,0,NA,IMPERIAL HWY,HARBOR BLVD,0,NA,Y,A,-,N,NA,NA,NA,NA,NA,NA,NA,NA,NA,Y,3,0,1,2,A,-,09,21453,C,N,D,C,A,A,H,-,C,A,0,NA,NA,NA,NA,Y,NA,A,01,0,1,0,0,0,0,0,0,0,-,-,33.917388916015625,-117.9331512451172,ORANGE,FULLERTON,-117.93303680419922,33.91740798950195
84751355,2025,2025-07-10,3008,2025-05-22,1130,1387,NA,4,5,6,3008,0,0,0,NA,0,NA,CHAPMAN AVE,STATE COLLEGE BLVD,255,E,N,A,-,N,NA,NA,NA,NA,NA,NA,NA,NA,NA,Y,3,0,2,2,A,-,09,21801,A,N,A,C,A,A,H,-,A,A,0,NA,NA,NA,NA,Y,NA,A,07,0,1,1,0,0,0,0,0,0,-,-,NA,NA,ORANGE,FULLERTON,-117.8887939453125,33.8742790222168
84752822,2025,2025-07-08,3019,2025-06-29,1600,3730,NA,7,5,7,3019,0,0,0,NA,0,003,CYPRESS AVENUE,BISHOP STREET,185,N,N,A,-,N,NA,NA,NA,NA,NA,NA,NA,NA,NA,Y,4,0,2,2,A,-,09,21804,A,N,D,C,A,A,H,-,A,D,0,NA,NA,NA,NA,Y,NA,A,07,0,0,2,0,0,0,0,0,0,-,-,33.73929977416992,-117.86627960205078,ORANGE,SANTA ANA,-117.86646270751952,33.73995590209961
84755229,2025,2025-07-09,3014,2025-06-01,219,1593,NA,7,5,5,3014,0,0,0,NA,0,A1,NEWPORT BLVD,22ND ST,0,NA,Y,A,-,N,NA,NA,NA,NA,NA,NA,NA,NA,NA,Y,4,0,1,3,A,-,01,23152,NA,N,E,E,F,A,H,-,C,A,0,Y,NA,NA,NA,Y,Y,A,01,0,0,1,0,1,0,0,0,0,-,-,NA,NA,ORANGE,NEWPORT BEACH,-117.92862701416016,33.60954666137695
84759761,2025,2025-07-17,3008,2025-05-30,1706,1680,NA,5,5,6,3008,0,0,0,NA,0,NA,ROSECRANS AVE,PARKS RD,0,NA,Y,A,-,N,NA,NA,NA,NA,NA,NA,NA,NA,NA,Y,4,0,1,2,A,-,09,21801,A,N,D,C,A,A,H,-,A,A,0,NA,NA,NA,NA,Y,NA,A,01,0,0,1,0,0,0,0,0,0,-,-,33.89276885986328,-117.95387268066406,ORANGE,FULLERTON,-117.95403289794922,33.892704010009766
84761318,2025,2025-07-15,3022,2025-06-11,1811,1404,NA,3,5,5,3022,0,0,0,NA,0,NA,17TH ST,CARROLL WY,79,E,N,A,-,N,NA,NA,NA,NA,NA,NA,NA,NA,NA,N,3,0,1,2,A,-,03,22350,NA,N,C,C,A,A,H,-,A,A,0,NA,NA,NA,NA,Y,NA,A,07,0,1,0,0,0,0,0,0,0,-,-,33.75975036621094,-117.82927703857422,ORANGE,TUSTIN,-117.828857421875,33.7598762512207
84761533,2025,2025-07-15,3008,2025-06-03,2000,1569,NA,2,5,6,3008,0,0,0,NA,0,NA,HARBOR BLVD,ASH AVE,0,NA,Y,A,-,N,NA,NA,NA,NA,NA,NA,NA,NA,NA,Y,4,0,1,2,A,-,09,21801,A,N,B,C,A,A,H,-,C,D,0,NA,NA,NA,NA,Y,NA,A,01,0,0,1,0,0,0,0,0,0,-,-,33.86518859863281,-117.92423248291016,ORANGE,FULLERTON,-117.92427825927734,33.86517333984375
8476267,2017,2017-11-15,3019,2017-10-11,0753,3151,SC,3,5,7,3019,0,0,0,NA,0,004,CENTRAL AV,FLOWER ST,0,NA,Y,A,-,N,NA,NA,NA,NA,NA,NA,NA,NA,NA,Y,3,0,1,2,A,-,09,21802,A,N,D,C,A,A,H,-,A,A,0,NA,NA,NA,NA,Y,NA,A,01,0,1,0,0,0,0,0,0,0,-,-,33.71235,-117.87652,ORANGE,SANTA ANA,-117.8768,33.71248006
84763000,2025,2025-07-16,3019,2025-07-09,1811,3575,NA,3,5,7,3019,0,0,0,NA,0,004,EDINGER AVENUE,FAIRVIEW STREET,146,E,N,A,-,N,NA,NA,NA,NA,NA,NA,NA,NA,NA,Y,4,0,2,2,A,-,09,21804,A,N,A,C,A,A,H,-,A,D,0,NA,NA,NA,NA,Y,NA,A,01,0,0,2,0,0,0,0,0,0,-,-,33.72732162475586,-117.90615844726563,ORANGE,SANTA ANA,-117.90569305419922,33.72727966308594
8476436,2017,2017-10-31,3019,2017-10-06,1755,3383,NE,5,5,7,3019,0,0,0,NA,0,001,1ST ST,BUSH ST,30,E,N,A,-,N,NA,NA,NA,NA,NA,NA,NA,NA,NA,N,4,0,1,2,A,-,03,22350,NA,F,C,C,A,A,H,-,A,A,0,NA,NA,NA,NA,Y,Y,-,NA,0,0,1,0,0,0,0,0,0,-,-,33.74533,-117.86626,ORANGE,SANTA ANA,-117.86645156,33.74554103
84765777,2025,2025-07-17,3019,2025-07-07,1639,3550,NA,1,5,7,3019,0,0,0,NA,0,002,WASHINGTON AVENUE,FRENCH STREET (E),20,E,N,A,-,N,NA,NA,NA,NA,NA,NA,NA,NA,NA,Y,4,0,1,2,A,-,03,22350,NA,N,B,C,A,A,H,-,A,A,0,NA,NA,NA,NA,Y,NA,A,01,0,0,1,0,0,0,0,0,0,-,-,33.75579833984375,-117.86408996582033,ORANGE,SANTA ANA,-117.86444091796876,33.75559997558594
84769338,2025,2025-07-21,3011,2025-06-30,1617,31613,NA,1,5,4,3011,0,0,0,NA,0,NA,SR133 LAGUNA CANYON ROAD,STAN OAKS DRIVE,0,S,-,A,-,Y,NA,NA,NA,NA,NA,NA,NA,NA,NA,N,3,0,1,2,A,-,05,21650,1,N,H,G,A,A,H,-,A,D,0,NA,Y,NA,NA,Y,NA,L,04,0,1,0,0,0,0,1,0,0,-,-,NA,NA,ORANGE,LAGUNA BEACH,NA,NA
8477076,2017,2017-10-24,3019,2017-10-04,1155,2776,WE,3,5,7,3019,0,0,0,NA,0,001,RAITT ST,CIVIC CENTER DR,0,NA,Y,A,-,N,NA,NA,NA,NA,NA,NA,NA,NA,NA,Y,3,0,2,2,A,-,09,21801,A,N,D,C,A,A,H,-,A,A,0,NA,NA,NA,NA,Y,NA,A,01,0,1,1,0,0,0,0,0,0,-,-,33.75138,-117.89298,ORANGE,SANTA ANA,-117.89315012,33.75149004
84775650,2025,2025-07-24,3014,2025-07-16,916,1532,NA,3,5,5,3014,0,0,0,NA,0,A3,EASTBLUFF DR,VISTA DEL SOL,5,N,N,A,-,N,NA,NA,NA,NA,NA,NA,NA,NA,NA,N,3,0,1,2,A,-,09,21802,NA,N,D,G,A,A,H,-,A,A,0,NA,Y,NA,NA,Y,NA,A,08,0,1,0,0,0,0,1,0,0,-,-,33.63909149169922,-117.87590026855467,ORANGE,NEWPORT BEACH,-117.87572479248048,33.639122009277344
84777495,2025,2025-07-25,3026,2025-07-14,1901,616,NA,1,5,6,3026,0,0,0,NA,0,NA,CULVER DR,IRVINE CENTER DR,0,NA,Y,A,-,N,NA,NA,NA,NA,NA,NA,NA,NA,NA,Y,4,0,4,2,D,-,00,NA,NA,N,D,C,A,A,H,-,A,A,0,NA,NA,NA,NA,Y,NA,-,-,0,0,4,0,0,0,0,0,0,-,-,33.693580627441406,-117.79888153076172,ORANGE,IRVINE,-117.79904174804688,33.69356918334961
84781964,2025,2025-07-30,3001,2025-06-10,2200,A2540,NA,2,5,7,3001,0,0,0,NA,0,NA,LINCOLN AVENUE,DELANO STREET,45,E,N,A,-,N,NA,NA,NA,NA,NA,NA,NA,NA,NA,N,3,0,1,2,A,-,07,21658,A,M,D,C,A,A,H,-,C,D,0,NA,NA,Y,NA,Y,NA,A,01,0,1,0,0,0,0,0,0,1,-,-,33.83195114135742,-117.99609375,ORANGE,ANAHEIM,-117.99609375,33.83198165893555
84783727,2025,2025-07-31,3019,2025-07-02,1429,3884,NA,3,5,7,3019,0,0,0,NA,0,003,MCFADDEN AVENUE,ORANGE AVENUE,0,NA,Y,A,-,N,NA,NA,NA,NA,NA,NA,NA,NA,NA,Y,3,0,1,2,A,-,12,21453,A,N,D,C,A,A,H,-,A,A,0,NA,NA,NA,NA,Y,NA,A,07,0,1,0,0,0,0,0,0,0,-,-,33.73345184326172,-117.86512756347656,ORANGE,SANTA ANA,-117.86515045166016,33.73368453979492