CASE_ID,ACCIDENT_YEAR,PROC_DATE,JURIS,COLLISION_DATE,COLLISION_TIME,OFFICER_ID,REPORTING_DISTRICT,DAY_OF_WEEK,CHP_SHIFT,POPULATION,CNTY_CITY_LOC,SPECIAL_COND,BEAT_TYPE,CHP_BEAT_TYPE,CITY_DIVISION_LAPD,CHP_BEAT_CLASS,BEAT_NUMBER,PRIMARY_RD,SECONDARY_RD,DISTANCE,DIRECTION,INTERSECTION,WEATHER_1,WEATHER_2,STATE_HWY_IND,CALTRANS_COUNTY,CALTRANS_DISTRICT,STATE_ROUTE,ROUTE_SUFFIX,POSTMILE_PREFIX,POSTMILE,LOCATION_TYPE,RAMP_INTERSECTION,SIDE_OF_HWY,TOW_AWAY,COLLISION_SEVERITY,NUMBER_KILLED,NUMBER_INJURED,PARTY_COUNT,PRIMARY_COLL_FACTOR,PCF_CODE_OF_VIOL,PCF_VIOL_CATEGORY,PCF_VIOLATION,PCF_VIOL_SUBSECTION,HIT_AND_RUN,TYPE_OF_COLLISION,MVIW,PED_ACTION,ROAD_SURFACE,ROAD_COND_1,ROAD_COND_2,LIGHTING,CONTROL_DEVICE,CHP_ROAD_TYPE,PEDESTRIAN_ACCIDENT,BICYCLE_ACCIDENT,MOTORCYCLE_ACCIDENT,TRUCK_ACCIDENT,NOT_PRIVATE_PROPERTY,ALCOHOL_INVOLVED,STWD_VEHTYPE_AT_FAULT,CHP_VEHTYPE_AT_FAULT,COUNT_SEVERE_INJ,COUNT_VISIBLE_INJ,COUNT_COMPLAINT_PAIN,COUNT_PED_KILLED,COUNT_PED_INJURED,COUNT_BICYCLIST_KILLED,COUNT_BICYCLIST_INJURED,COUNT_MC_KILLED,COUNT_MC_INJURED,PRIMARY_RAMP,SECONDARY_RAMP,LATITUDE,LONGITUDE,COUNTY,CITY,POINT_X,POINT_Y
8533534,2017,2018-01-22,3007,2017-12-27,1837,257,45,3,5,5,3007,0,0,0,NA,0,001,SLATER,TRADEWINDS,15,E,N,C,-,N,NA,NA,NA,NA,NA,NA,NA,NA,NA,Y,4,0,1,4,A,-,01,23152,A,N,B,E,A,A,H,-,C,A,0,NA,NA,Y,NA,Y,Y,C,02,0,0,1,0,0,0,0,0,1,-,-,NA,NA,ORANGE,FOUNTAIN VALLEY,-117.94788079,33.70909
8533957,2018,2018-01-23,3003,2018-01-01,1140,1200,NA,1,5,5,3003,0,0,0,NA,0,003,LA PALMA AV,WOODLAND DR,0,NA,Y,A,-,N,NA,NA,NA,NA,NA,NA,NA,NA,NA,N,4,0,1,2,D,-,00,NA,NA,N,D,C,A,A,H,-,A,A,0,NA,NA,NA,NA,Y,NA,-,-,0,0,1,0,0,0,0,0,0,-,-,33.8468017578125,-117.9792022705078,ORANGE,BUENA PARK,-117.97926330566406,33.84682083129883
8535488,2018,2018-01-30,3009,2018-01-11,2115,4282,117,4,5,6,3009,0,0,0,NA,0,2-3,HAZARD AV,WARD ST,233,E,N,A,-,N,NA,NA,NA,NA,NA,NA,NA,NA,NA,Y,4,0,1,6,A,-,08,22107,NA,N,B,E,A,A,H,-,C,A,0,NA,NA,NA,NA,Y,NA,A,01,0,0,1,0,0,0,0,0,0,-,-,NA,NA,ORANGE,GARDEN GROVE,-117.94536590576172,33.7523307800293
8535652,2017,2018-01-29,3009,2017-12-31,1944,4087,144,7,5,6,3009,0,0,0,NA,0,2-2,HASTER ST,GARDEN GROVE,50,N,N,A,-,N,NA,NA,NA,NA,NA,NA,NA,NA,NA,N,4,0,2,2,A,-,01,23152,A,N,A,C,A,A,H,-,A,A,0,NA,NA,NA,NA,Y,Y,A,01,0,0,2,0,0,0,0,0,0,-,-,NA,NA,ORANGE,GARDEN GROVE,-117.90612864,33.77464707
8535659,2017,2018-01-29,3019,2017-12-14,1957,3440,NE,4,5,7,3019,0,0,0,NA,0,001,BROADWAY,15TH ST,15,N,N,A,-,N,NA,NA,NA,NA,NA,NA,NA,NA,NA,N,4,0,2,2,A,-,11,21456,B,N,G,B,B,A,H,-,C,A,0,Y,NA,NA,NA,Y,Y,N,60,0,0,2,0,1,0,0,0,0,-,-,33.75809,-117.86971,ORANGE,SANTA ANA,-117.86965923,33.75788112
8536455,2018,2018-01-29,3002,2018-01-08,0736,1382,325W,1,5,4,3002,0,0,0,NA,0,011,CENTRAL AV,STEELE DR,0,NA,Y,C,-,N,NA,NA,NA,NA,NA,NA,NA,NA,NA,Y,4,0,1,2,A,-,12,21453,A,N,D,C,A,B,H,-,A,A,0,NA,NA,NA,NA,Y,NA,I,11,0,0,1,0,0,0,0,0,0,-,-,NA,NA,ORANGE,BREA,-117.91156768798828,33.931880950927734
8536835,2017,2018-01-26,3019,2017-12-18,0553,2460,SC,1,5,7,3019,0,0,0,NA,0,002,SEGERSTROM AV,FAIRVIEW ST,0,NA,Y,A,-,N,NA,NA,NA,NA,NA,NA,NA,NA,NA,Y,4,0,1,3,D,-,00,NA,NA,N,D,C,A,A,H,-,A,A,0,NA,NA,NA,NA,Y,NA,-,-,0,0,1,0,0,0,0,0,0,-,-,33.70881,-117.90812,ORANGE,SANTA ANA,-117.90788,33.70878007
8536929,2017,2018-01-30,3026,2017-12-04,0733,369,NA,1,5,6,3026,0,0,0,NA,0,NA,UNIVERSITY DR,ROSA DREW LN,104,N,N,A,-,N,NA,NA,NA,NA,NA,NA,NA,NA,NA,Y,4,0,1,3,A,-,08,22107,NA,N,C,C,A,A,H,-,A,A,0,NA,NA,NA,NA,Y,NA,A,01,0,0,1,0,0,0,0,0,0,-,-,33.65817,-117.80758,ORANGE,IRVINE,-117.80748,33.65848
8537408,2018,2018-02-02,3022,2018-01-09,1639,1193,NORTH,2,5,5,3022,0,0,0,NA,0,NA,RED HILL AV,SAN JUAN ST,0,NA,Y,A,-,N,NA,NA,NA,NA,NA,NA,NA,NA,NA,Y,3,0,1,2,A,-,12,21453,A,N,D,C,A,A,H,-,A,A,0,NA,NA,NA,NA,Y,NA,A,01,0,1,0,0,0,0,0,0,0,-,-,33.7364501953125,-117.8126220703125,ORANGE,TUSTIN,-117.81266021728516,33.736289978027344
8537664,2017,2018-01-23,3001,2017-12-09,0511,1410,NA,6,5,7,3001,0,0,0,NA,0,0D2,EAST SOUTH ST,S OLIVE ST,0,NA,Y,A,-,N,NA,NA,NA,NA,NA,NA,NA,NA,NA,N,3,0,1,2,A,-,11,21954,A,N,G,B,D,A,H,-,C,D,0,Y,NA,NA,NA,Y,Y,N,60,0,1,0,0,1,0,0,0,0,-,-,NA,NA,ORANGE,ANAHEIM,-117.90719004,33.82761002
8537971,2017,2018-01-31,3019,2017-12-22,0653,3151,SC,5,5,7,3019,0,0,0,NA,0,004,BAKER ST,MCFADDEN AV,0,NA,Y,A,-,N,NA,NA,NA,NA,NA,NA,NA,NA,NA,Y,4,0,1,2,A,-,09,21802,A,N,D,C,A,A,H,-,A,A,0,NA,NA,NA,NA,Y,NA,D,22,0,0,1,0,0,0,0,0,0,-,-,33.73455,-117.88292,ORANGE,SANTA ANA,-117.88295002,33.73447001
8538672,2018,2018-01-31,3006,2018-01-12,0750,318,31,5,5,3,3006,0,0,0,NA,0,002,MOODY,WINDSONG,0,NA,Y,A,-,N,NA,NA,NA,NA,NA,NA,NA,NA,NA,N,4,0,1,3,A,-,03,22350,NA,N,C,C,A,A,H,-,A,A,0,NA,NA,NA,NA,Y,NA,A,07,0,0,1,0,0,0,0,0,0,-,-,NA,NA,ORANGE,LA PALMA,-118.04604339599608,33.84389877319336
8538745,2018,2018-02-01,3002,2018-01-22,0810,1461,327Y,1,5,4,3002,0,0,0,NA,0,011,LAMBERT RD,BREA BL,327,E,N,A,-,N,NA,NA,NA,NA,NA,NA,NA,NA,NA,Y,4,0,2,3,A,-,03,22350,NA,N,C,C,A,A,H,-,A,D,0,NA,NA,NA,NA,Y,NA,A,07,0,0,2,0,0,0,0,0,0,-,-,NA,NA,ORANGE,BREA,-117.89476776123048,33.92490005493164
8538883,2017,2018-01-30,3000,2017-06-19,2215,9151,797G2,1,5,4,3021,0,0,0,NA,0,421,CERRITOS AV,LOWDEN ST,6,E,N,A,-,N,NA,NA,NA,NA,NA,NA,NA,NA,NA,Y,3,0,2,3,D,-,00,NA,NA,N,C,C,A,A,H,-,C,D,0,NA,Y,Y,NA,Y,NA,-,-,0,1,1,0,0,0,1,0,1,-,-,NA,NA,ORANGE,STANTON,-118.00634029,33.81004
8539954,2018,2019-01-28,3008,2018-01-06,2101,1116,Z2,6,5,6,3008,0,0,0,NA,0,NA,ORANGETHORPE AV,HARBOR BL,379,W,N,B,-,N,NA,NA,NA,NA,NA,NA,NA,NA,NA,Y,1,1,0,2,A,-,11,21955,NA,N,G,B,D,A,H,-,C,D,0,Y,NA,NA,NA,Y,Y,N,60,0,0,0,1,0,0,0,0,0,-,-,NA,NA,ORANGE,FULLERTON,-117.92436981201172,33.859500885009766
8540030,2018,2018-01-30,3014,2018-01-16,1159,1179,RD36,2,5,5,3014,0,0,0,NA,0,0A3,JAMBOREE RD,EASTBLUFF DR,500,N,N,A,-,N,NA,NA,NA,NA,NA,NA,NA,NA,NA,N,4,0,2,3,A,-,03,22350,NA,N,C,C,A,A,H,-,A,A,0,NA,NA,NA,NA,Y,NA,A,01,0,0,2,0,0,0,0,0,0,-,-,33.632450103759766,-117.8734893798828,ORANGE,NEWPORT BEACH,-117.87361907958984,33.632362365722656
8540255,2018,2018-03-16,3000,2018-02-05,1744,9696,951F6,1,5,5,3040,0,0,0,NA,0,743,CROWN VALLEY PKWY,PASEO DEL NIGUEL,0,NA,Y,A,-,N,NA,NA,NA,NA,NA,NA,NA,NA,NA,Y,3,0,1,2,A,-,09,21801,A,N,D,C,A,A,H,-,C,D,0,NA,NA,NA,NA,Y,NA,D,22,0,1,0,0,0,0,0,0,0,-,-,NA,NA,ORANGE,LAGUNA NIGUEL,-117.71906280517578,33.51795959472656
8540515,2017,2018-01-29,3000,2017-12-09,0735,1056,822A1,6,5,5,3028,0,0,0,NA,0,051,MUIRLANDS BL,OLYMPUS DR,0,NA,Y,A,-,N,NA,NA,NA,NA,NA,NA,NA,NA,NA,Y,3,0,1,2,A,-,12,21453,A,N,D,C,A,A,H,-,A,A,0,NA,NA,NA,NA,Y,NA,A,07,0,1,0,0,0,0,0,0,0,-,-,33.60311,-117.67996,ORANGE,MISSION VIEJO,-117.67921001,33.60291004
8541918,2018,2018-02-14,3019,2018-01-04,1839,3294,WE,4,5,7,3019,0,0,0,NA,0,001,FIRST ST,MOUNTAIN VIEW ST,80,E,N,A,-,N,NA,NA,NA,NA,NA,NA,NA,NA,NA,N,4,0,1,2,A,-,08,22107,NA,F,B,C,A,A,H,-,C,D,0,NA,NA,NA,NA,Y,NA,A,01,0,0,1,0,0,0,0,0,0,-,-,NA,NA,ORANGE,SANTA ANA,-117.92745971679688,33.745113372802734
8542162,2018,2018-02-01,3004,2018-01-12,1905,P629,33,5,5,6,3004,0,0,0,NA,0,008,SUNFLOWER AV,BEAR ST,867,W,N,A,-,N,NA,NA,NA,NA,NA,NA,NA,NA,NA,Y,2,0,5,5,A,-,03,22350,NA,N,B,C,A,A,H,-,C,A,0,NA,NA,NA,NA,Y,Y,A,01,3,0,2,0,0,0,0,0,0,-,-,33.695308685302734,-117.89505004882813,ORANGE,COSTA MESA,-117.89349365234376,33.69429016113281
8542408,2017,2018-02-05,3001,2017-11-28,0728,41555,NA,2,5,7,3001,0,0,0,NA,0,0D1,WEST LA PALMA AV,COLUMBINE ST,0,N,N,A,-,N,NA,NA,NA,NA,NA,NA,NA,NA,NA,N,4,0,2,3,A,-,10,21950,A,N,G,B,B,A,H,-,A,A,0,Y,NA,NA,NA,Y,NA,A,08,0,0,2,0,2,0,0,0,0,-,-,NA,NA,ORANGE,ANAHEIM,-117.9555201,33.84699001
8543205,2017,2018-02-05,3019,2017-12-19,1500,3132,SC,2,5,7,3019,0,0,0,NA,0,004,1ST ST,SULLIVAN ST,90,W,N,A,-,N,NA,NA,NA,NA,NA,NA,NA,NA,NA,N,4,0,2,2,A,-,03,22350,NA,N,C,C,A,A,H,-,A,A,0,NA,NA,NA,NA,Y,NA,A,01,0,0,2,0,0,0,0,0,0,-,-,NA,NA,ORANGE,SANTA ANA,-117.90284829,33.74523
8543355,2017,2018-07-06,3024,2017-12-18,1837,426,P06,1,5,5,3024,0,0,0,NA,0,WEST,RT 39,TRASK AV,213,N,N,A,-,Y,ORA,12,39,-,-,8.18,H,-,S,N,4,0,1,2,A,-,07,21658,A,F,B,C,A,A,H,-,C,D,0,NA,NA,NA,NA,Y,NA,A,01,0,0,1,0,0,0,0,0,0,-,-,33.76629,-117.9899,ORANGE,WESTMINSTER,-117.99039981,33.76711957
8546050,2017,2018-02-07,3019,2017-12-22,1510,3383,NE,5,5,7,3019,0,0,0,NA,0,003,MAINPLACE DR,BEDFORD RD,640,W,N,A,-,N,NA,NA,NA,NA,NA,NA,NA,NA,NA,N,4,0,3,2,A,-,09,21804,A,N,A,C,A,A,H,-,A,D,0,NA,NA,NA,NA,Y,NA,A,07,0,0,3,0,0,0,0,0,0,-,-,33.77758,-117.86927,ORANGE,SANTA ANA,NA,NA
8548237,2018,2018-02-09,3009,2018-01-17,1620,3972,103,3,5,6,3009,0,0,0,NA,0,1 2,CHAPMAN AV,BROOKHURST ST,48,E,N,A,-,N,NA,NA,NA,NA,NA,NA,NA,NA,NA,Y,4,0,1,1,A,-,01,23152,A,N,E,I,A,A,H,-,C,D,0,NA,NA,NA,NA,Y,Y,A,08,0,0,1,0,0,0,0,0,0,-,-,NA,NA,ORANGE,GARDEN GROVE,-117.95868682861328,33.788612365722656
8548624,2017,2018-02-12,3007,2017-12-18,0840,259,54,1,5,5,3007,0,0,0,NA,0,003,SLATER AV,BUSHARD,300,E,N,A,-,N,NA,NA,NA,NA,NA,NA,NA,NA,NA,N,4,0,3,2,A,-,03,22350,NA,N,-,C,A,A,H,-,A,D,0,NA,NA,NA,NA,Y,NA,D,22,0,0,3,0,0,0,0,0,0,-,-,NA,NA,ORANGE,FOUNTAIN VALLEY,-117.96206653,33.70878093
8549224,2018,2018-02-14,3005,2018-01-29,1151,7694,C36,1,5,4,3005,0,0,0,NA,0,003,THOMAS CIR,WALNUT,320,N,N,A,-,N,NA,NA,NA,NA,NA,NA,NA,NA,NA,N,4,0,1,2,A,-,09,21804,A,N,D,C,A,A,H,-,A,D,0,NA,NA,NA,NA,Y,NA,A,07,0,0,1,0,0,0,0,0,0,-,-,NA,NA,ORANGE,CYPRESS,-118.01719665527344,33.8076286315918
8549673,2018,2018-02-15,3005,2018-01-30,0832,8235,C17,2,5,4,3005,0,0,0,NA,0,002,ORANGE AV,VALLEY VIEW ST,172,E,N,A,-,N,NA,NA,NA,NA,NA,NA,NA,NA,NA,N,4,0,2,2,A,-,03,22350,NA,N,C,C,A,A,H,-,A,A,0,NA,NA,NA,NA,Y,NA,A,01,0,0,2,0,0,0,0,0,0,-,-,NA,NA,ORANGE,CYPRESS,-118.02782440185548,33.824440002441406
8550038,2018,2018-08-10,3024,2018-01-24,1852,149,P-37,3,5,5,3024,0,0,0,NA,0,EAST,RT 39,BISHOP AV,0,NA,Y,A,-,Y,ORA,12,39,-,-,6.38,I,5,N,Y,3,0,2,2,A,-,07,21658,A,N,D,C,A,A,H,-,C,D,0,NA,NA,NA,NA,Y,NA,A,07,0,1,1,0,0,0,0,0,0,-,-,33.74106979370117,-117.989501953125,ORANGE,WESTMINSTER,-117.98937225341795,33.74093246459961
8550795,2018,2018-02-14,3000,2018-01-17,2230,2742,992J4,3,5,5,3017,0,0,0,NA,0,778,SOUTH EL CAMINO REAL,AVENIDA PRESIDIO,0,NA,Y,A,-,N,NA,NA,NA,NA,NA,NA,NA,NA,NA,Y,3,0,1,2,A,-,09,21801,A,N,A,C,A,A,H,-,C,A,0,NA,NA,NA,NA,Y,NA,A,01,0,1,0,0,0,0,0,0,0,-,-,NA,NA,ORANGE,SAN CLEMENTE,-117.61121368408205,33.42607116699219
8551177,2018,2018-02-13,3000,2018-01-10,1259,7734,922C4,3,5,5,3028,0,0,0,NA,0,752,OSO PKWY,MARGUERITE PKWY,21,W,N,A,-,N,NA,NA,NA,NA,NA,NA,NA,NA,NA,Y,2,0,2,1,C,-,18,NA,NA,N,E,I,A,A,H,-,A,D,0,NA,NA,NA,NA,Y,NA,-,-,2,0,0,0,0,0,0,0,0,-,-,NA,NA,ORANGE,MISSION VIEJO,-117.6596450805664,33.58412551879883
8551759,2018,2018-02-14,3019,2018-01-28,2353,3424,WE,7,5,7,3019,0,0,0,NA,0,001,NEWHOPE ST,KENT AV S,53,S,N,A,G,N,NA,NA,NA,NA,NA,NA,NA,NA,NA,Y,3,0,1,2,A,-,01,23152,A,N,B,E,A,A,H,-,C,D,0,NA,NA,NA,NA,Y,Y,A,07,0,1,0,0,0,0,0,0,0,-,-,33.73439025878906,-117.92899322509766,ORANGE,SANTA ANA,-117.92863464355467,33.73483657836914
8552352,2018,2018-02-22,3012,2018-01-15,1013,656,33,1,5,5,3012,0,0,0,NA,0,001,IDAHO ST,LA HABRA BL,0,NA,Y,A,-,N,NA,NA,NA,NA,NA,NA,NA,NA,NA,N,4,0,1,2,A,-,10,21950,A,N,G,B,B,A,H,-,A,A,0,Y,NA,NA,NA,Y,NA,D,22,0,0,1,0,1,0,0,0,0,-,-,NA,NA,ORANGE,LA HABRA,-117.95919799804688,33.93185043334961
8552653,2018,2018-08-09,3012,2018-01-11,1635,620,45,4,5,5,3012,0,0,0,NA,0,004,IMPERIAL HWY,WALNUT ST,425,E,N,A,-,Y,ORA,12,90,-,-,1.52,H,-,W,N,4,0,1,2,A,-,03,22350,NA,M,C,C,A,A,H,-,A,D,0,NA,NA,NA,NA,Y,NA,D,22,0,0,1,0,0,0,0,0,0,-,-,NA,NA,ORANGE,LA HABRA,-117.95036315917967,33.91739273071289
8552671,2018,2018-02-23,3022,2018-01-30,1812,1123,NA,2,5,5,3022,0,0,0,NA,0,NA,TUSTIN RANCH RD,IRVINE BL,27,S,N,A,-,N,NA,NA,NA,NA,NA,NA,NA,NA,NA,Y,4,0,1,3,A,-,03,22350,NA,N,E,I,A,A,H,-,C,A,0,NA,NA,NA,NA,Y,NA,A,01,0,0,1,0,0,0,0,0,0,-,-,33.737510681152344,-117.79408264160156,ORANGE,TUSTIN,-117.79430389404295,33.737545013427734
8553899,2018,2018-02-22,3019,2018-01-26,0729,3475,NE,5,5,7,3019,0,0,0,NA,0,002,GRAND AV,21ST ST,100,S,N,A,-,N,NA,NA,NA,NA,NA,NA,NA,NA,NA,N,4,0,1,2,A,-,17,22517,NA,N,H,G,A,A,H,-,A,D,0,NA,Y,NA,NA,Y,NA,A,07,0,0,1,0,0,0,1,0,0,-,-,33.7635383605957,-117.85164642333984,ORANGE,SANTA ANA,-117.85179138183594,33.763240814208984
8553935,2018,2018-08-13,3010,2018-02-13,2311,2086,262,2,5,6,3010,0,0,0,NA,0,006,BEACH BL,HEIL,300,S,N,A,-,Y,ORA,12,39,-,-,5.08,H,-,N,Y,4,0,1,2,A,-,07,21658,A,M,E,I,A,A,H,-,C,D,0,NA,NA,NA,NA,Y,NA,A,01,0,0,1,0,0,0,0,0,0,-,-,NA,NA,ORANGE,HUNTINGTON BEACH,-117.98910522460938,33.72216033935547
8555318,2018,2018-02-20,3019,2018-01-03,0655,3531,SE,3,5,7,3019,0,0,0,NA,0,003,BROADWAY,PINE ST,0,NA,Y,A,-,N,NA,NA,NA,NA,NA,NA,NA,NA,NA,Y,4,0,2,2,A,-,08,22103,NA,N,D,C,A,A,H,-,A,A,0,NA,NA,NA,NA,Y,NA,A,08,0,0,2,0,0,0,0,0,0,-,-,33.743289947509766,-117.86953735351563,ORANGE,SANTA ANA,-117.86974334716795,33.74338150024414
8555330,2018,2018-02-20,3019,2018-01-08,1953,3410,NE,1,5,7,3019,0,0,0,NA,0,004,4TH ST,TUSTIN AV,125,E,N,B,-,N,NA,NA,NA,NA,NA,NA,NA,NA,NA,N,3,0,1,2,A,-,11,21955,NA,N,G,B,D,A,H,-,D,D,0,Y,NA,NA,NA,Y,NA,N,60,0,1,0,0,1,0,0,0,0,-,-,33.74797821044922,-117.83438110351563,ORANGE,SANTA ANA,-117.8337173461914,33.74827575683594
8556593,2017,2018-02-26,3000,2017-11-07,1458,206,892C7,2,5,5,3028,0,0,0,NA,0,154,JERONIMO RD,SILLEROS,177,W,N,A,-,N,NA,NA,NA,NA,NA,NA,NA,NA,NA,Y,4,0,1,2,A,-,09,21802,A,N,D,D,A,A,H,-,A,A,0,NA,NA,NA,NA,Y,NA,A,01,0,0,1,0,0,0,0,0,0,-,-,33.60764,-117.6569,ORANGE,MISSION VIEJO,-117.64480345,33.6092877
8557870,2018,2018-08-23,3014,2018-04-15,1913,1483,RD17,7,5,5,3014,0,0,0,NA,0,0A2,RT 1,62ND ST,11,W,N,A,-,Y,ORA,12,1,-,-,20.99,H,-,N,Y,4,0,1,2,A,-,03,22350,NA,N,E,I,A,A,H,-,B,D,0,NA,NA,NA,NA,Y,NA,A,01,0,0,1,0,0,0,0,0,0,-,-,33.626399993896484,-117.9489974975586,ORANGE,NEWPORT BEACH,-117.94857788085938,33.626102447509766
8558852,2017,2018-02-21,3019,2017-12-31,1331,3517,SE,7,5,7,3019,0,0,0,NA,0,003,WARNER AV,GREENVILLE ST,287,E,N,A,E,N,NA,NA,NA,NA,NA,NA,NA,NA,NA,N,4,0,1,2,A,-,09,21804,A,N,H,G,A,A,H,-,A,D,0,NA,Y,NA,NA,Y,NA,A,01,0,0,1,0,0,0,1,0,0,-,-,33.71527,-117.90436,ORANGE,SANTA ANA,-117.9031987,33.71527728
8558914,2018,2018-02-26,3019,2018-01-11,1841,2797,WE,4,5,7,3019,0,0,0,NA,0,001,NEWHOPE ST,1ST ST,482,N,N,A,-,N,NA,NA,NA,NA,NA,NA,NA,NA,NA,N,4,0,2,2,A,-,09,21801,A,N,D,C,A,A,H,-,C,D,0,NA,NA,NA,NA,Y,NA,A,01,0,0,2,0,0,0,0,0,0,-,-,33.74509811401367,-117.9289321899414,ORANGE,SANTA ANA,-117.92877960205078,33.746421813964844
8558922,2018,2018-02-26,3019,2018-01-12,0744,3316,SC,5,5,7,3019,0,0,0,NA,0,004,COLUMBINE AV,BIRCH ST S,6,W,N,A,-,N,NA,NA,NA,NA,NA,NA,NA,NA,NA,N,3,0,1,2,A,-,09,21802,A,N,H,G,A,A,H,-,A,A,0,NA,Y,NA,NA,Y,NA,A,01,0,1,0,0,0,0,1,0,0,-,-,33.70212173461914,-117.87127685546876,ORANGE,SANTA ANA,-117.87168884277344,33.702823638916016
8562413,2018,2018-02-28,3014,2018-02-02,1557,1418,RD36,5,5,5,3014,0,0,0,NA,0,0A3,JAMBOREE RD,BAYVIEW WY,10,S,N,A,-,N,NA,NA,NA,NA,NA,NA,NA,NA,NA,Y,3,0,1,2,A,-,03,22350,NA,N,C,C,A,A,H,-,A,A,0,NA,NA,NA,NA,Y,NA,A,07,0,1,0,0,0,0,0,0,0,-,-,33.6525993347168,-117.86669921875,ORANGE,NEWPORT BEACH,-117.8667449951172,33.65287399291992
8562720,2018,2018-03-01,3022,2018-01-29,2012,1323,SOUTH,1,5,5,3022,0,0,0,NA,0,NA,MAIN ST,WILLIAMS ST,589,W,N,A,-,N,NA,NA,NA,NA,NA,NA,NA,NA,NA,Y,4,0,1,2,C,-,18,NA,NA,N,B,E,A,A,H,-,C,A,0,NA,NA,NA,NA,Y,NA,-,-,0,0,1,0,0,0,0,0,0,-,-,33.74203109741211,-117.8393325805664,ORANGE,TUSTIN,-117.84141540527344,33.742000579833984
8563042,2018,2018-03-06,3019,2018-02-06,0648,2771,NE,2,5,7,3019,0,0,0,NA,0,002,MAIN ST,CIVIC CENTER DR,0,NA,Y,B,-,N,NA,NA,NA,NA,NA,NA,NA,NA,NA,Y,4,0,2,2,A,-,12,21453,A,N,D,C,A,A,H,-,A,A,0,NA,NA,NA,NA,Y,NA,A,08,0,0,2,0,0,0,0,0,0,-,-,33.75083923339844,-117.86776733398438,ORANGE,SANTA ANA,-117.86760711669922,33.75062942504883
8564419,2018,2018-02-26,3002,2018-01-20,1257,8868,739J3,6,5,5,3025,0,0,0,NA,0,001,BASTANCHURY RD,PROSPECT AV,0,NA,Y,A,-,N,NA,NA,NA,NA,NA,NA,NA,NA,NA,Y,4,0,1,2,A,-,09,21801,A,N,A,C,A,A,H,-,A,A,0,NA,NA,NA,NA,Y,NA,A,01,0,0,1,0,0,0,0,0,0,-,-,NA,NA,ORANGE,YORBA LINDA,-117.8376693725586,33.899269104003906
8564941,2018,2018-03-02,3019,2018-01-13,1630,3440,SC,6,5,7,3019,0,0,0,NA,0,NA,BRISTOL ST,SAINT GERTRUDE PL,0,NA,Y,A,-,N,NA,NA,NA,NA,NA,NA,NA,NA,NA,N,4,0,1,2,A,-,09,21802,A,N,D,G,A,A,H,-,A,A,0,NA,Y,NA,NA,Y,NA,A,01,0,0,1,0,0,0,1,0,0,-,-,33.719478607177734,-117.8855209350586,ORANGE,SANTA ANA,-117.88526916503906,33.7193489074707
8565220,2018,2018-03-03,3004,2018-01-30,1347,P663,17,2,5,6,3004,0,0,0,NA,0,010,W BAKER ST,BEAR ST,20,W,N,A,-,N,NA,NA,NA,NA,NA,NA,NA,NA,NA,Y,4,0,2,2,A,-,01,23152,F,N,C,C,A,A,H,-,A,A,0,NA,NA,NA,NA,Y,NA,A,01,0,0,2,0,0,0,0,0,0,-,-,33.40480041503906,-117.53410339355467,ORANGE,COSTA MESA,-117.8945770263672,33.68008041381836
8565291,2018,2018-03-08,3015,2018-02-10,1153,1081,71,6,5,6,3015,0,0,0,NA,0,NA,THE CITY WY,MANCHESTER AV,0,NA,Y,B,-,N,NA,NA,NA,NA,NA,NA,NA,NA,NA,Y,4,0,1,2,A,-,09,21800,A,N,D,C,A,A,H,-,A,A,0,NA,NA,NA,NA,Y,NA,A,01,0,0,1,0,0,0,0,0,0,-,-,NA,NA,ORANGE,ORANGE,-117.89221954345705,33.785709381103516
8565510,2018,2018-03-09,3026,2018-01-30,0640,341,PORTO,2,5,6,3026,0,0,0,NA,0,008,HALLMARK,CANTOR,0,NA,Y,A,-,N,NA,NA,NA,NA,NA,NA,NA,NA,NA,Y,4,0,1,2,A,-,09,21804,A,F,D,C,A,A,H,-,B,A,0,NA,NA,NA,NA,Y,Y,A,07,0,0,1,0,0,0,0,0,0,-,-,NA,NA,ORANGE,IRVINE,-117.7446517944336,33.69544982910156
8565658,2018,2018-03-08,3026,2018-01-27,1039,590,3026,6,5,6,3026,0,0,0,NA,0,00U,MACARTHUR BL,UNIVERSITY DR,470,E,N,A,-,N,NA,NA,NA,NA,NA,NA,NA,NA,NA,Y,3,0,2,2,A,-,08,22107,NA,N,B,C,A,A,H,-,A,D,0,NA,NA,Y,NA,Y,NA,C,02,0,2,0,0,0,0,0,0,2,-,-,NA,NA,ORANGE,IRVINE,-117.85989379882813,33.65031814575195
8566250,2018,2018-03-09,3009,2018-02-16,1127,3965,126,5,5,6,3009,0,0,0,NA,0,021,EUCLID ST,WOODBURY RD,40,N,N,A,-,N,NA,NA,NA,NA,NA,NA,NA,NA,NA,Y,4,0,1,3,A,-,03,22350,NA,N,C,C,A,A,H,-,A,A,0,NA,NA,NA,NA,Y,NA,A,01,0,0,1,0,0,0,0,0,0,-,-,33.76694107055664,-117.9378662109375,ORANGE,GARDEN GROVE,-117.93779754638672,33.763771057128906
8566579,2018,2018-03-14,3000,2018-02-07,1317,9330,892J6,3,5,4,3048,0,0,0,NA,0,6M68,AVENIDA DE LAS BANDERAS,ARROYO VISTA,19,E,N,A,-,N,NA,NA,NA,NA,NA,NA,NA,NA,NA,N,4,0,1,2,A,-,12,21453,A,N,D,C,A,A,H,-,A,A,0,NA,NA,NA,NA,Y,NA,A,01,0,0,1,0,0,0,0,0,0,-,-,NA,NA,ORANGE,RANCHO SANTA MARGARITA,-117.61300659179688,33.62342071533203