CASE_ID,ACCIDENT_YEAR,PROC_DATE,JURIS,COLLISION_DATE,COLLISION_TIME,OFFICER_ID,REPORTING_DISTRICT,DAY_OF_WEEK,CHP_SHIFT,POPULATION,CNTY_CITY_LOC,SPECIAL_COND,BEAT_TYPE,CHP_BEAT_TYPE,CITY_DIVISION_LAPD,CHP_BEAT_CLASS,BEAT_NUMBER,PRIMARY_RD,SECONDARY_RD,DISTANCE,DIRECTION,INTERSECTION,WEATHER_1,WEATHER_2,STATE_HWY_IND,CALTRANS_COUNTY,CALTRANS_DISTRICT,STATE_ROUTE,ROUTE_SUFFIX,POSTMILE_PREFIX,POSTMILE,LOCATION_TYPE,RAMP_INTERSECTION,SIDE_OF_HWY,TOW_AWAY,COLLISION_SEVERITY,NUMBER_KILLED,NUMBER_INJURED,PARTY_COUNT,PRIMARY_COLL_FACTOR,PCF_CODE_OF_VIOL,PCF_VIOL_CATEGORY,PCF_VIOLATION,PCF_VIOL_SUBSECTION,HIT_AND_RUN,TYPE_OF_COLLISION,MVIW,PED_ACTION,ROAD_SURFACE,ROAD_COND_1,ROAD_COND_2,LIGHTING,CONTROL_DEVICE,CHP_ROAD_TYPE,PEDESTRIAN_ACCIDENT,BICYCLE_ACCIDENT,MOTORCYCLE_ACCIDENT,TRUCK_ACCIDENT,NOT_PRIVATE_PROPERTY,ALCOHOL_INVOLVED,STWD_VEHTYPE_AT_FAULT,CHP_VEHTYPE_AT_FAULT,COUNT_SEVERE_INJ,COUNT_VISIBLE_INJ,COUNT_COMPLAINT_PAIN,COUNT_PED_KILLED,COUNT_PED_INJURED,COUNT_BICYCLIST_KILLED,COUNT_BICYCLIST_INJURED,COUNT_MC_KILLED,COUNT_MC_INJURED,PRIMARY_RAMP,SECONDARY_RAMP,LATITUDE,LONGITUDE,COUNTY,CITY,POINT_X,POINT_Y
8599283,2018,2018-04-26,3019,2018-03-30,1537,3454,NE,5,5,7,3019,0,0,0,NA,0,002,MAIN ST,SANTA CLARA AV,230,N,N,A,-,N,NA,NA,NA,NA,NA,NA,NA,NA,NA,N,4,0,1,3,A,-,03,22350,NA,N,B,C,A,A,H,-,A,A,0,NA,NA,NA,NA,Y,NA,A,01,0,0,1,0,0,0,0,0,0,-,-,33.76662826538086,-117.867431640625,ORANGE,SANTA ANA,-117.86750793457033,33.767311096191406
8601273,2018,2018-08-17,3010,2018-04-29,1409,2084,252,7,5,6,3010,0,0,0,NA,0,007,RT 39,MACDONALD,75,N,N,A,-,Y,ORA,12,39,-,-,5.31,H,-,S,N,4,0,1,2,A,-,03,22350,NA,N,C,C,A,A,H,-,A,A,0,NA,NA,NA,NA,Y,NA,D,22,0,0,1,0,0,0,0,0,0,-,-,NA,NA,ORANGE,HUNTINGTON BEACH,-117.98935699462892,33.72548294067383
8601974,2018,2018-05-14,3019,2018-04-22,0325,3410,SC,7,5,7,3019,0,0,0,NA,0,004,MCFADDEN AV,SPRUCE ST,340,W,N,A,-,N,NA,NA,NA,NA,NA,NA,NA,NA,NA,Y,3,0,1,3,A,-,05,21650,NA,N,A,E,A,A,H,-,D,D,0,NA,NA,NA,NA,Y,NA,A,01,0,1,0,0,0,0,0,0,0,-,-,33.73463821411133,-117.88993072509766,ORANGE,SANTA ANA,-117.89109802246094,33.73448181152344
8601978,2018,2018-05-15,3019,2018-04-19,1726,3549,WE,4,5,7,3019,0,0,0,NA,0,001,FAIRVIEW ST,EDINGER AV,275,N,N,A,-,N,NA,NA,NA,NA,NA,NA,NA,NA,NA,N,4,0,1,6,A,-,03,22350,NA,M,B,C,A,A,H,-,A,D,0,NA,NA,NA,NA,Y,NA,A,01,0,0,1,0,0,0,0,0,0,-,-,33.72732162475586,-117.90615844726563,ORANGE,SANTA ANA,-117.906005859375,33.72804641723633
8602457,2018,2018-05-16,3000,2018-04-16,1205,05271,992G2,1,5,5,3017,0,0,0,NA,0,776,AV VISTA HERMOSA,CALLE FRONTERA,0,NA,N,A,-,N,NA,NA,NA,NA,NA,NA,NA,NA,NA,Y,4,0,2,4,A,-,07,21658,A,N,C,C,A,A,H,-,A,A,0,NA,NA,NA,NA,Y,NA,A,01,0,0,2,0,0,0,0,0,0,-,-,NA,NA,ORANGE,SAN CLEMENTE,-117.62896728515624,33.44681167602539
8604264,2018,2018-05-08,3004,2018-03-17,0912,P550,20,6,5,6,3004,0,0,0,NA,0,004,HARBOR BL,DATE PL,280,N,N,A,-,N,NA,NA,NA,NA,NA,NA,NA,NA,NA,N,4,0,1,3,A,-,03,22350,NA,M,C,C,A,A,H,-,A,D,0,NA,NA,NA,NA,Y,NA,A,01,0,0,1,0,0,0,0,0,0,-,-,33.684791564941406,-117.9194107055664,ORANGE,COSTA MESA,-117.9194564819336,33.68467712402344
8604398,2018,2018-05-08,3019,2018-04-19,1044,3547,NE,4,5,7,3019,0,0,0,NA,0,001,TUSTIN AV,WELLINGTON AV,12,N,N,A,-,N,NA,NA,NA,NA,NA,NA,NA,NA,NA,N,4,0,2,2,A,-,03,22350,NA,N,C,C,A,A,H,-,A,A,0,NA,NA,NA,NA,Y,NA,A,01,0,0,2,0,0,0,0,0,0,-,-,33.75498962402344,-117.83429718017578,ORANGE,SANTA ANA,-117.83422088623048,33.75523376464844
8605933,2018,2018-05-11,3000,2018-04-05,0534,9192,921D5,4,5,4,3049,0,0,0,NA,0,6M81,ALISO VIEJO PKWY,GRAND,241,N,N,A,-,N,NA,NA,NA,NA,NA,NA,NA,NA,NA,Y,3,0,1,1,A,-,01,23152,A,M,E,I,A,A,H,-,C,D,0,NA,NA,NA,NA,Y,NA,A,07,0,1,0,0,0,0,0,0,0,-,-,NA,NA,ORANGE,ALISO VIEJO,-117.73069763183594,33.57762145996094
8605953,2018,2018-12-11,3000,2018-04-27,1730,1920,922B7,5,5,5,3028,0,0,0,NA,0,755,CROWN VALLEY PKWY,RT 5,0,NA,Y,A,-,Y,ORA,12,5,-,-,13.9,R,4,S,Y,4,0,1,2,A,-,12,21453,A,N,D,C,A,A,H,-,A,A,0,NA,NA,Y,NA,Y,NA,A,01,0,0,1,0,0,0,0,0,1,-,-,NA,NA,ORANGE,MISSION VIEJO,-117.67308807373048,33.560970306396484
8606025,2018,2018-05-11,3019,2018-04-22,1203,3446,SC,7,5,7,3019,0,0,0,NA,0,004,MCFADDEN AV,GRAHAM LN,90,E,N,A,-,N,NA,NA,NA,NA,NA,NA,NA,NA,NA,N,4,0,2,2,A,-,09,21804,A,M,D,C,A,A,H,-,A,D,0,NA,NA,NA,NA,Y,NA,A,01,0,0,2,0,0,0,0,0,0,-,-,33.73461151123047,-117.88690948486328,ORANGE,SANTA ANA,-117.88665771484376,33.73447036743164
8607071,2018,2018-05-16,3004,2018-05-04,2009,P646,02,5,5,6,3004,0,0,0,NA,0,001,NEWPORT BL,16TH ST,1,S,N,A,-,N,NA,NA,55,NA,NA,NA,NA,NA,NA,Y,2,0,2,4,A,-,01,23152,F,N,E,I,A,A,H,-,C,A,0,NA,NA,NA,NA,Y,NA,A,01,1,0,1,0,0,0,0,0,0,-,-,33.63169860839844,-117.92350006103516,ORANGE,COSTA MESA,-117.92374420166016,33.631980895996094
8608102,2018,2018-04-25,3019,2018-04-04,0754,3369,NE,3,5,7,3019,0,0,0,NA,0,002,FLOWER ST,17TH ST,385,S,N,B,-,N,NA,NA,NA,NA,NA,NA,NA,NA,NA,Y,4,0,2,2,A,-,09,21804,A,N,D,C,A,A,H,-,A,D,0,NA,NA,NA,NA,Y,NA,A,01,0,0,2,0,0,0,0,0,0,-,-,33.759918212890625,-117.8764877319336,ORANGE,SANTA ANA,-117.8764419555664,33.75905227661133
8609371,2018,2018-05-03,3007,2018-04-02,1705,302,47,1,5,5,3007,0,0,0,NA,0,002,EUCLID,HOSPITAL CAMPUS,0,NA,Y,A,-,N,NA,NA,NA,NA,NA,NA,NA,NA,NA,N,4,0,1,2,A,-,12,21453,A,N,D,C,A,-,H,-,A,A,0,NA,NA,NA,NA,Y,NA,A,01,0,0,1,0,0,0,0,0,0,-,-,NA,NA,ORANGE,FOUNTAIN VALLEY,-117.937017,33.713662
8609375,2018,2018-05-03,3007,2018-04-07,1505,305,66,6,5,5,3007,0,0,0,NA,0,003,ELLIS,WARD,0,NA,Y,A,-,N,NA,NA,NA,NA,NA,NA,NA,NA,NA,N,4,0,1,2,A,-,12,21453,A,N,H,C,A,A,H,-,A,A,0,NA,NA,NA,NA,Y,NA,A,01,0,0,1,0,0,0,0,0,0,-,-,NA,NA,ORANGE,FOUNTAIN VALLEY,-117.94547271728516,33.69419860839844
8610207,2018,2018-05-07,3010,2018-04-13,1146,1243,431,5,5,6,3010,0,0,0,NA,0,005,YORKTOWN,MAIN,116,E,N,A,-,N,NA,NA,NA,NA,NA,NA,NA,NA,NA,N,4,0,1,2,A,-,03,22350,NA,N,C,C,A,A,H,-,A,D,0,NA,NA,NA,NA,Y,NA,A,07,0,0,1,0,0,0,0,0,0,-,-,NA,NA,ORANGE,HUNTINGTON BEACH,-118.00138092041016,33.67926025390625
8610219,2018,2018-05-07,3010,2018-04-15,1642,1261,166,7,5,6,3010,0,0,0,NA,0,008,BOLSA CHICA,WARNER,267,N,N,B,-,N,NA,NA,NA,NA,NA,NA,NA,NA,NA,N,3,0,1,2,A,-,05,21650,1,F,D,G,A,A,H,-,A,D,0,NA,Y,NA,NA,Y,NA,L,04,0,1,0,0,0,0,1,0,0,-,-,NA,NA,ORANGE,HUNTINGTON BEACH,-118.04147338867188,33.716121673583984
8610473,2018,2018-05-10,3003,2018-04-06,1512,1056,NA,5,5,5,3003,0,0,0,NA,0,NA,KNOTT AV,CABALLERO BL,30,S,N,A,-,N,NA,NA,NA,NA,NA,NA,NA,NA,NA,N,4,0,2,2,A,-,03,22350,NA,N,C,C,A,A,H,-,A,A,0,NA,NA,NA,NA,Y,NA,D,22,0,0,2,0,0,0,0,0,0,-,-,33.51470184326172,-118.00039672851563,ORANGE,BUENA PARK,-118.0113525390625,33.863136291503906
8611001,2018,2018-05-11,3002,2018-04-08,0700,1674,NA,7,5,4,3002,0,0,0,NA,0,013,STATE COLLEGE BL,BIRCH ST,192,S,N,B,-,N,NA,NA,NA,NA,NA,NA,NA,NA,NA,Y,3,0,1,1,A,-,01,23152,A,N,F,I,A,A,H,-,A,D,0,NA,NA,NA,NA,Y,Y,A,01,0,1,0,0,0,0,0,0,0,-,-,NA,NA,ORANGE,BREA,-117.8830337524414,33.91737747192383
8612151,2018,2018-04-26,3019,2018-03-27,1205,3295,SE,2,5,7,3019,0,0,0,NA,0,003,RITCHEY ST,NEWPORT CIR,100,N,N,A,-,N,NA,NA,NA,NA,NA,NA,NA,NA,NA,N,4,0,1,2,A,-,05,21650,NA,N,B,C,A,A,H,-,A,D,0,NA,NA,NA,NA,Y,NA,A,01,0,0,1,0,0,0,0,0,0,-,-,33.71841812133789,-117.8423309326172,ORANGE,SANTA ANA,-117.84215545654295,33.71873474121094
8612172,2018,2018-04-26,3000,2018-04-08,1515,9684,891F7,7,5,4,3045,0,0,0,NA,0,745,EL TORO RD,PASEO DE VALENCIA,57,E,N,A,-,N,NA,NA,NA,NA,NA,NA,NA,NA,NA,Y,4,0,2,2,A,-,09,21453,C,N,D,C,A,A,H,-,A,A,0,NA,NA,NA,NA,Y,NA,A,01,0,0,2,0,0,0,0,0,0,-,-,NA,NA,ORANGE,LAGUNA HILLS,-117.71274566650392,33.612735748291016
8612845,2017,2018-05-01,3008,2017-09-25,0636,1158,NA,1,5,6,3008,0,0,0,NA,0,NA,LEMON ST,HILLCREST,60,N,N,A,-,N,NA,NA,NA,NA,NA,NA,NA,NA,NA,Y,4,0,1,3,A,-,07,21658,A,N,C,E,A,A,H,-,A,D,0,NA,NA,NA,NA,Y,NA,A,01,0,0,1,0,0,0,0,0,0,-,-,NA,NA,ORANGE,FULLERTON,-117.91995,33.88056449
8614025,2018,2018-04-26,3024,2018-04-07,0854,418,P17,6,5,5,3024,0,0,0,NA,0,WEST,WESTMINSTER AV,GOLDENWEST ST,0,NA,Y,A,-,N,NA,NA,NA,NA,NA,NA,NA,NA,NA,Y,4,0,1,2,A,-,12,21453,A,N,D,C,A,A,H,-,A,A,0,NA,NA,NA,NA,Y,NA,A,01,0,0,1,0,0,0,0,0,0,-,-,NA,NA,ORANGE,WESTMINSTER,-118.00717163085938,33.75914001464844
8617171,2018,2018-05-29,3019,2018-05-01,1609,3196,SE,2,5,7,3019,0,0,0,NA,0,003,SAINT GERTRUDE PL,CYPRESS AV,0,NA,Y,B,-,N,NA,NA,NA,NA,NA,NA,NA,NA,NA,Y,4,0,1,2,A,-,09,21802,A,N,D,C,A,A,H,-,A,D,0,NA,NA,NA,NA,Y,NA,A,01,0,0,1,0,0,0,0,0,0,-,-,33.7198600769043,-117.86654663085938,ORANGE,SANTA ANA,-117.86662292480467,33.719669342041016
8618031,2018,2018-05-24,3004,2018-05-08,1320,P429,10,2,5,6,3004,0,0,0,NA,0,003,HARBOR BL,WILSON ST,0,S,N,A,-,N,NA,NA,NA,NA,NA,NA,NA,NA,NA,N,4,0,1,3,A,-,01,23152,G,N,C,C,A,A,H,-,A,D,0,NA,NA,NA,NA,Y,Y,A,07,0,0,1,0,0,0,0,0,0,-,-,33.391998291015625,-117.55799865722656,ORANGE,COSTA MESA,-117.91912078857422,33.656150817871094
8618457,2018,2018-05-29,3010,2018-05-15,1051,3171,232,2,5,6,3010,0,0,0,NA,0,009,BOLSA,GOLDENWEST,427,W,N,B,-,N,NA,NA,NA,NA,NA,NA,NA,NA,NA,N,4,0,1,2,A,-,09,21804,A,N,D,C,A,A,H,-,A,D,0,NA,NA,NA,NA,Y,NA,A,01,0,0,1,0,0,0,0,0,0,-,-,NA,NA,ORANGE,HUNTINGTON BEACH,-118.00838470458984,33.744407653808594
8619707,2018,2018-05-24,3000,2018-04-27,1530,9573,862C5,5,5,5,3050,0,0,0,NA,0,7A63,LAKE FOREST DR,PORTOLA PKWY,0,NA,Y,A,-,N,NA,NA,NA,NA,NA,NA,NA,NA,NA,Y,4,0,1,2,A,-,12,21453,A,N,D,C,A,A,H,-,A,A,0,NA,NA,NA,NA,Y,NA,A,07,0,0,1,0,0,0,0,0,0,-,-,NA,NA,ORANGE,LAKE FOREST,-117.6577377319336,33.67533874511719
8621680,2018,2018-05-30,3019,2018-04-28,1638,3454,NE,6,5,7,3019,0,0,0,NA,0,001,BROADWAY,17TH ST,330,S,N,A,-,N,NA,NA,NA,NA,NA,NA,NA,NA,NA,Y,3,0,1,1,A,-,08,22107,NA,N,E,I,A,A,H,-,A,A,0,NA,NA,NA,NA,Y,NA,A,07,0,1,0,0,0,0,0,0,0,-,-,33.759830474853516,-117.8697509765625,ORANGE,SANTA ANA,-117.86963653564452,33.75920486450195
8624288,2018,2018-06-01,3015,2018-05-12,2158,1550,61,6,5,6,3015,0,0,0,NA,0,002,W LA VETA AV,S FLOWER CIR,151,W,N,A,-,N,NA,NA,NA,NA,NA,NA,NA,NA,NA,Y,4,0,1,4,A,-,03,22350,NA,N,B,E,A,A,H,-,C,D,0,NA,NA,NA,NA,Y,NA,A,01,0,0,1,0,0,0,0,0,0,-,-,NA,NA,ORANGE,ORANGE,-117.87445831298828,33.78038024902344
8625685,2018,2018-06-06,3010,2018-05-09,1056,4094,427,3,5,6,3010,0,0,0,NA,0,003,BROOKHURST,GARFIELD,248,S,N,A,-,N,NA,NA,NA,NA,NA,NA,NA,NA,NA,N,3,0,1,2,A,-,05,21650,1,N,D,G,A,A,H,-,A,D,0,NA,Y,NA,NA,Y,NA,L,04,0,1,0,0,0,0,1,0,0,-,-,NA,NA,ORANGE,HUNTINGTON BEACH,-117.95413970947266,33.68619918823242
8625863,2018,2018-05-31,3019,2018-05-15,0317,3467,SE,2,5,7,3019,0,0,0,NA,0,003,EDINGER AV,AUTO MALL DR,0,NA,Y,A,-,N,NA,NA,NA,NA,NA,NA,NA,NA,NA,Y,3,0,2,2,A,-,12,21453,A,F,D,C,A,A,H,-,C,A,0,NA,NA,NA,NA,Y,NA,A,01,0,2,0,0,0,0,0,0,0,-,-,33.72663879394531,-117.83657073974608,ORANGE,SANTA ANA,-117.83676910400392,33.72690963745117
8625957,2018,2018-05-31,3024,2018-05-03,1908,411,P 10,4,5,5,3024,0,0,0,NA,0,WEST,EDWARDS ST,WESTMINSTER AV,365,N,N,A,-,N,NA,NA,NA,NA,NA,NA,NA,NA,NA,Y,4,0,2,2,A,-,08,22103,NA,N,D,C,A,A,H,-,A,D,0,NA,NA,NA,NA,Y,NA,A,01,0,0,2,0,0,0,0,0,0,-,-,NA,NA,ORANGE,WESTMINSTER,-118.0158920288086,33.760040283203125
8628006,2018,2018-06-07,3009,2018-05-20,1608,3758,NA,7,5,6,3009,0,0,0,NA,0,1-3,WESTMINSTER BL,DEODARA DR,14,E,N,A,-,N,NA,NA,NA,NA,NA,NA,NA,NA,NA,N,4,0,4,2,A,-,09,21801,A,N,D,C,A,A,H,-,A,A,0,NA,NA,NA,NA,Y,NA,A,01,0,0,4,0,0,0,0,0,0,-,-,33.76095962524414,-117.9643783569336,ORANGE,GARDEN GROVE,-117.96574401855467,33.75946044921875
8628051,2018,2018-06-07,3009,2018-05-28,0620,4444,075,1,5,6,3009,0,0,0,NA,0,1-3,GARDEN GROVE BL,YOCKEY ST,0,NA,Y,B,-,N,NA,NA,NA,NA,NA,NA,NA,NA,NA,N,3,0,1,2,A,-,05,21650,1,N,D,G,A,A,H,-,A,A,0,NA,Y,NA,NA,Y,NA,L,04,0,1,0,0,0,0,1,0,0,-,-,33.77383041381836,-117.97686004638672,ORANGE,GARDEN GROVE,-117.97686004638672,33.77397155761719
8628067,2018,2018-06-07,3009,2018-05-15,1218,3927,124,2,5,6,3009,0,0,0,NA,0,2-1,STANFORD AV,8TH ST,508,W,N,A,-,N,NA,NA,NA,NA,NA,NA,NA,NA,NA,N,3,0,1,2,A,-,11,21954,A,N,G,B,D,A,H,-,A,D,0,Y,NA,NA,NA,Y,NA,N,60,0,1,0,0,1,0,0,0,0,-,-,33.779380798339844,-117.93624114990234,ORANGE,GARDEN GROVE,-117.93506622314452,33.777854919433594
8628167,2018,2018-06-11,3001,2018-05-13,1511,A1252,NA,7,5,7,3001,0,0,0,NA,0,0D4,EAST SANTA ANA CANYON RD,AVENIDA MARGARITA,0,NA,Y,A,-,N,NA,NA,NA,NA,NA,NA,NA,NA,NA,Y,3,0,2,2,A,-,12,21453,A,N,D,C,A,A,H,-,A,A,0,NA,NA,NA,NA,Y,NA,D,22,0,1,1,0,0,0,0,0,0,-,-,NA,NA,ORANGE,ANAHEIM,-117.79334259033205,33.85157012939453
8628360,2018,2018-06-12,3001,2018-04-12,1147,A1069,NA,4,5,7,3001,0,0,0,NA,0,004,NORTH TUSTIN AV,E JEFFERSON ST,0,NA,Y,A,-,N,NA,NA,NA,NA,NA,NA,NA,NA,NA,Y,3,0,1,2,A,-,09,21804,NA,N,-,C,A,A,H,-,A,A,0,NA,NA,NA,NA,Y,NA,A,01,0,1,0,0,0,0,0,0,0,-,-,NA,NA,ORANGE,ANAHEIM,-117.8376922607422,33.858009338378906
8628389,2018,2018-06-08,3001,2018-05-19,2255,142297,D3,6,5,7,3001,0,0,0,NA,0,032,SOUTH HARBOR BL,W DISNEY WY,800,N,N,A,-,N,NA,NA,NA,NA,NA,NA,NA,NA,NA,N,3,0,1,2,A,-,11,21456,C,M,G,B,B,A,H,-,C,A,0,Y,NA,NA,NA,Y,NA,N,60,0,1,0,0,1,0,0,0,0,-,-,NA,NA,ORANGE,ANAHEIM,-117.9152603149414,33.80921173095703
8628393,2018,2018-06-08,3001,2018-05-19,0943,1278,NA,6,5,7,3001,0,0,0,NA,0,0D3,S HOTEL WY,WEST KATELLA AV,0,S,N,A,-,N,NA,NA,NA,NA,NA,NA,NA,NA,NA,N,4,0,1,2,A,-,03,22350,NA,N,C,C,A,A,H,-,A,A,0,NA,NA,NA,NA,Y,NA,A,01,0,0,1,0,0,0,0,0,0,-,-,NA,NA,ORANGE,ANAHEIM,-117.91755676269533,33.80324935913086
8628891,2018,2018-08-22,3008,2018-05-10,2500,1506,NA,4,5,6,3008,0,0,0,NA,0,Z-3,COMMONWEALTH AV,LILLIE AV,0,NA,Y,A,-,N,NA,NA,NA,NA,NA,NA,NA,NA,NA,N,4,0,1,2,D,-,00,NA,NA,N,-,B,B,A,H,-,A,A,0,Y,NA,NA,NA,Y,NA,-,-,0,0,1,0,1,0,0,0,0,-,-,NA,NA,ORANGE,FULLERTON,-117.89190673828124,33.870540618896484
8628904,2018,2018-06-18,3019,2018-05-16,1524,3552,SE,3,5,7,3019,0,0,0,NA,0,001,BRISTOL ST,WARNER AV,600,S,N,A,-,N,NA,NA,NA,NA,NA,NA,NA,NA,NA,N,4,0,1,2,A,-,09,21804,A,N,A,C,A,A,H,-,A,D,0,NA,NA,NA,NA,Y,NA,A,01,0,0,1,0,0,0,0,0,0,-,-,33.716190338134766,-117.8849868774414,ORANGE,SANTA ANA,-117.88536071777344,33.714576721191406
8629188,2018,2018-06-21,3012,2018-05-14,1118,624,45,1,5,5,3012,0,0,0,NA,0,004,PENMAR AV,EDISON LIGHT POLE 4677371E,76,E,N,A,-,N,NA,NA,NA,NA,NA,NA,NA,NA,NA,N,4,0,1,2,A,-,05,21202,A,N,C,G,A,A,H,-,A,D,0,NA,Y,NA,NA,Y,NA,L,04,0,0,1,0,0,0,1,0,0,-,-,NA,NA,ORANGE,LA HABRA,NA,NA
8631164,2018,2018-06-07,3019,2018-05-16,0741,3554,SC,3,5,7,3019,0,0,0,NA,0,004,SEGERSTROM AV,SPRUCE ST,25,W,N,A,-,N,NA,NA,NA,NA,NA,NA,NA,NA,NA,Y,4,0,3,5,A,-,03,22350,NA,N,C,C,A,A,H,-,A,D,0,NA,NA,NA,NA,Y,NA,A,01,0,0,3,0,0,0,0,0,0,-,-,33.70745849609375,-117.88863372802734,ORANGE,SANTA ANA,-117.88890075683594,33.7073974609375
8632019,2018,2018-08-21,3024,2018-05-22,0838,408,P-19,2,5,5,3024,0,0,0,NA,0,EAST,RT 39,TRASK AV,0,NA,Y,A,-,Y,ORA,12,39,-,-,8.136,I,5,N,N,4,0,1,2,A,-,12,21453,A,M,D,C,A,A,H,-,A,A,0,NA,NA,NA,NA,Y,NA,A,07,0,0,1,0,0,0,0,0,0,-,-,NA,NA,ORANGE,WESTMINSTER,-117.98995208740234,33.76649856567383
8632296,2018,2018-08-17,3010,2018-05-04,1654,1019,433,5,5,6,3010,0,0,0,NA,0,003,RT 39,YORKTOWN,78,S,N,A,-,Y,ORA,12,39,-,-,2.13,H,-,S,Y,3,0,1,2,A,-,07,21658,A,N,B,C,A,A,H,-,A,A,0,NA,NA,Y,NA,Y,NA,C,02,0,1,0,0,0,0,0,0,1,-,-,NA,NA,ORANGE,HUNTINGTON BEACH,-117.98877716064452,33.67927551269531
8635880,2018,2018-07-05,3010,2018-06-02,0023,1019,162,6,5,6,3010,0,0,0,NA,0,008,GILBERT,CHANNEL,6,E,N,A,-,N,NA,NA,NA,NA,NA,NA,NA,NA,NA,Y,3,0,2,2,A,-,01,23152,A,N,E,I,A,A,H,-,D,D,0,NA,NA,NA,NA,Y,Y,-,-,0,2,0,0,0,0,0,0,0,-,-,NA,NA,ORANGE,HUNTINGTON BEACH,-118.06858825683594,33.71816635131836
8637445,2018,2018-06-12,3012,2018-05-29,1750,593,12,2,5,5,3012,0,0,0,NA,0,001,WHITTIER,HACIENDA RD,0,NA,Y,A,-,N,NA,NA,NA,NA,NA,NA,NA,NA,NA,Y,4,0,1,2,A,-,09,21801,A,N,D,D,A,A,H,-,A,D,0,NA,NA,NA,NA,Y,NA,A,07,0,0,1,0,0,0,0,0,0,-,-,NA,NA,ORANGE,LA HABRA,-117.96475982666016,33.93954849243164
8637494,2018,2018-06-15,3004,2018-05-14,1921,P542,22,1,5,6,3004,0,0,0,NA,0,015,TRAVERSE DR,LUDINGTON,21,E,N,A,-,N,NA,NA,NA,NA,NA,NA,NA,NA,NA,Y,4,0,1,2,A,-,01,23152,A,M,B,C,A,A,H,-,A,D,0,NA,NA,NA,NA,Y,Y,A,01,0,0,1,0,0,0,0,0,0,-,-,33.686500549316406,-117.88140106201172,ORANGE,COSTA MESA,-117.88159942626952,33.68644714355469
8639616,2018,2018-06-29,3015,2018-06-03,1829,1556,55E,7,5,6,3015,0,0,0,NA,0,321,TRENTON AV,BAXTER ST,658,E,N,A,-,N,NA,NA,NA,NA,NA,NA,NA,NA,NA,Y,3,0,1,2,A,-,03,22350,NA,N,B,C,A,A,H,-,A,D,0,NA,NA,NA,NA,Y,NA,A,01,0,1,0,0,0,0,0,0,0,-,-,NA,NA,ORANGE,ORANGE,-117.83973693847656,33.811973571777344
8640254,2018,2018-07-20,3000,2018-05-16,0552,5377,951F1,3,5,5,3040,0,0,0,NA,0,741,LA PAZ RD,ALISO CREEK,0,NA,Y,B,-,N,NA,NA,NA,NA,NA,NA,NA,NA,NA,Y,3,0,2,2,A,-,12,21453,A,N,D,C,A,A,H,-,A,A,0,NA,NA,NA,NA,Y,NA,-,-,0,1,1,0,0,0,0,0,0,-,-,NA,NA,ORANGE,LAGUNA NIGUEL,-117.71002197265624,33.55567169189453
8640262,2018,2018-06-27,3000,2018-05-21,2127,8785,992J4,1,5,5,3017,0,0,0,NA,0,473,NORTH EL CAMINO REAL,AVENIDA DEL MAR,101,N,N,A,-,N,NA,NA,NA,NA,NA,NA,NA,NA,NA,Y,4,0,1,3,C,-,18,NA,NA,N,C,E,A,A,H,-,C,A,0,NA,NA,NA,NA,Y,NA,-,-,0,0,1,0,0,0,0,0,0,-,-,NA,NA,ORANGE,SAN CLEMENTE,-117.61290740966795,33.42784118652344
8640626,2018,2018-06-25,3000,2018-01-06,1403,10077,891H4,6,5,5,3050,0,0,0,NA,0,760,JERONIMO RD,RIDGE ROUTE DR,0,NA,Y,A,-,N,NA,NA,NA,NA,NA,NA,NA,NA,NA,Y,3,0,2,2,A,-,12,21453,A,N,D,C,A,A,H,-,A,A,0,NA,NA,NA,NA,Y,NA,A,01,0,1,1,0,0,0,0,0,0,-,-,NA,NA,ORANGE,LAKE FOREST,-117.69716644287108,33.63328170776367
8641344,2018,2018-07-10,3001,2018-03-12,0207,2312,2022,1,5,7,3001,0,0,0,NA,0,0D3,SOUTH EUCLID ST,SUMAC LN,117,S,N,A,-,N,NA,NA,NA,NA,NA,NA,NA,NA,NA,Y,3,0,1,1,A,-,08,22107,NA,N,A,I,A,A,H,-,C,D,0,NA,NA,NA,NA,Y,NA,A,01,0,1,0,0,0,0,0,0,0,-,-,NA,NA,ORANGE,ANAHEIM,-117.9414291381836,33.80427932739258
8642546,2018,2018-06-29,3015,2018-06-11,2123,1574,013S,1,5,6,3015,0,0,0,NA,0,111,S GLASSELL ST,FAIRWAY DR,272,S,N,A,-,N,NA,NA,NA,NA,NA,NA,NA,NA,NA,Y,3,0,1,3,A,-,01,23152,A,N,B,E,A,A,H,-,C,D,0,NA,NA,NA,NA,Y,Y,A,01,0,1,0,0,0,0,0,0,0,-,-,NA,NA,ORANGE,ORANGE,NA,NA
8644562,2018,2018-06-26,3010,2018-05-29,0129,1022,261,2,5,6,3010,0,0,0,NA,0,007,WARNER AV,GOTHARD,400,E,N,A,-,N,NA,NA,NA,NA,NA,NA,NA,NA,NA,Y,3,0,1,1,A,-,01,23152,A,N,F,I,A,A,G,-,C,D,0,NA,NA,Y,NA,Y,Y,C,02,0,1,0,0,0,0,0,0,1,-,-,NA,NA,ORANGE,HUNTINGTON BEACH,-117.99876403808594,33.71562957763672