CASE_ID,ACCIDENT_YEAR,PROC_DATE,JURIS,COLLISION_DATE,COLLISION_TIME,OFFICER_ID,REPORTING_DISTRICT,DAY_OF_WEEK,CHP_SHIFT,POPULATION,CNTY_CITY_LOC,SPECIAL_COND,BEAT_TYPE,CHP_BEAT_TYPE,CITY_DIVISION_LAPD,CHP_BEAT_CLASS,BEAT_NUMBER,PRIMARY_RD,SECONDARY_RD,DISTANCE,DIRECTION,INTERSECTION,WEATHER_1,WEATHER_2,STATE_HWY_IND,CALTRANS_COUNTY,CALTRANS_DISTRICT,STATE_ROUTE,ROUTE_SUFFIX,POSTMILE_PREFIX,POSTMILE,LOCATION_TYPE,RAMP_INTERSECTION,SIDE_OF_HWY,TOW_AWAY,COLLISION_SEVERITY,NUMBER_KILLED,NUMBER_INJURED,PARTY_COUNT,PRIMARY_COLL_FACTOR,PCF_CODE_OF_VIOL,PCF_VIOL_CATEGORY,PCF_VIOLATION,PCF_VIOL_SUBSECTION,HIT_AND_RUN,TYPE_OF_COLLISION,MVIW,PED_ACTION,ROAD_SURFACE,ROAD_COND_1,ROAD_COND_2,LIGHTING,CONTROL_DEVICE,CHP_ROAD_TYPE,PEDESTRIAN_ACCIDENT,BICYCLE_ACCIDENT,MOTORCYCLE_ACCIDENT,TRUCK_ACCIDENT,NOT_PRIVATE_PROPERTY,ALCOHOL_INVOLVED,STWD_VEHTYPE_AT_FAULT,CHP_VEHTYPE_AT_FAULT,COUNT_SEVERE_INJ,COUNT_VISIBLE_INJ,COUNT_COMPLAINT_PAIN,COUNT_PED_KILLED,COUNT_PED_INJURED,COUNT_BICYCLIST_KILLED,COUNT_BICYCLIST_INJURED,COUNT_MC_KILLED,COUNT_MC_INJURED,PRIMARY_RAMP,SECONDARY_RAMP,LATITUDE,LONGITUDE,COUNTY,CITY,POINT_X,POINT_Y
8906752,2019,2019-08-01,3013,2019-06-15,1836,205,L09,6,5,3,3013,0,0,0,NA,0,003,KATELLA AV,LEXINGTON DR,0,NA,Y,A,-,N,NA,NA,NA,NA,NA,NA,NA,NA,NA,Y,4,0,3,2,A,-,12,21453,A,N,D,C,A,A,H,-,A,A,0,NA,NA,NA,NA,Y,NA,A,01,0,0,3,0,0,0,0,0,0,-,-,NA,NA,ORANGE,LOS ALAMITOS,-118.0544204711914,33.80315017700195
8906986,2019,2019-08-09,3024,2019-07-12,0105,307,P-15,5,5,5,3024,0,0,0,NA,0,WEST,WESTMINSTER BL,EDWARDS ST,0,NA,Y,A,-,N,NA,NA,NA,NA,NA,NA,NA,NA,NA,N,2,0,1,2,A,-,10,21950,A,F,G,B,B,A,H,-,C,A,0,Y,NA,NA,NA,Y,NA,-,99,1,0,0,0,1,0,0,0,0,-,-,33.75912094116211,-118.01569366455078,ORANGE,WESTMINSTER,-118.0158920288086,33.75904083251953
8907203,2019,2019-08-12,3004,2019-07-10,1807,P542,24,3,5,6,3004,0,0,0,NA,0,015,SOUTH COAST DR,GREENBROOK DR,512,W,N,A,-,N,NA,NA,NA,NA,NA,NA,NA,NA,NA,Y,4,0,1,2,D,-,00,NA,NA,N,D,C,A,A,H,-,A,A,0,NA,NA,NA,NA,Y,NA,-,-,0,0,1,0,0,0,0,0,0,-,-,33.68920135498047,-117.8979034423828,ORANGE,COSTA MESA,-117.89804840087892,33.68922424316406
8907719,2019,2019-08-19,3000,2019-07-17,0910,1056,891J7,3,5,5,3028,0,0,0,NA,0,751,MUIRLANDS BL,MARATHON ST,12,W,N,A,-,N,NA,NA,NA,NA,NA,NA,NA,NA,NA,N,2,0,1,2,B,-,22,NA,NA,N,D,G,A,A,H,-,A,A,0,NA,Y,NA,NA,Y,NA,L,04,1,0,0,0,0,0,1,0,0,-,-,33.61241149902344,-117.68978881835938,ORANGE,MISSION VIEJO,-117.68954467773438,33.61263656616211
8908254,2019,2019-08-06,3015,2019-07-18,1532,1240,RD41,4,5,6,3015,0,0,0,NA,0,723M,WEST CHAPMAN AV,NORTH STATE COLLEGE BL,14,W,N,A,-,N,NA,NA,NA,NA,NA,NA,NA,NA,NA,N,4,0,1,2,A,-,10,21950,A,N,G,B,B,A,H,-,A,A,0,Y,NA,NA,NA,Y,NA,A,01,0,0,1,0,1,0,0,0,0,-,-,NA,NA,ORANGE,ORANGE,-117.88966369628906,33.874210357666016
8908432,2019,2019-11-22,3008,2019-04-01,2031,1505,NA,1,5,6,3008,0,0,0,NA,0,002,SOUTH LEMON ST,RT 91,0,NA,Y,A,-,Y,ORA,12,91,-,-,3.644,R,4,W,N,4,0,1,2,A,-,12,21453,A,N,D,C,A,A,H,-,C,A,0,NA,NA,NA,NA,Y,NA,A,01,0,0,1,0,0,0,0,0,0,-,-,NA,NA,ORANGE,FULLERTON,-117.91754913330078,33.85418701171875
8908613,2019,2019-08-09,3003,2019-07-20,1710,1244,BUENA,6,5,5,3003,0,0,0,NA,0,003,ORANGETHORPE AV,AUTO CENTER DR,4,S,N,A,-,N,NA,NA,NA,NA,NA,NA,NA,NA,NA,Y,3,0,2,2,A,-,09,21801,A,N,D,C,A,A,H,-,A,A,0,NA,NA,NA,NA,Y,NA,A,01,0,1,1,0,0,0,0,0,0,-,-,33.85919952392578,-117.98130035400392,ORANGE,BUENA PARK,-117.98129272460938,33.85908889770508
8910073,2019,2019-08-08,3000,2019-06-11,0745,1010,892H7,2,5,4,3048,0,0,0,NA,0,766,ANTONIO PKWY,TIEJRAS CREEK RD,126,S,N,A,-,N,NA,NA,NA,NA,NA,NA,NA,NA,NA,N,2,0,2,2,A,-,03,22350,NA,N,C,G,A,A,B,-,A,D,0,NA,Y,NA,NA,Y,NA,L,04,2,0,0,0,0,0,2,0,0,-,-,NA,NA,ORANGE,RANCHO SANTA MARGARITA,-117.617209,33.610443
8911252,2019,2020-06-23,3000,2019-12-09,2110,6887,922B7,1,5,5,3040,0,0,0,NA,0,043,CAMINO CAPISTRANO,PASEO DE COLINAS,1392,N,N,A,-,N,NA,NA,NA,NA,NA,NA,NA,NA,NA,N,1,1,0,2,D,-,00,NA,NA,N,G,B,E,A,H,-,C,D,0,Y,NA,NA,Y,Y,NA,-,-,0,0,0,1,0,0,0,0,0,-,-,33.55284881591797,-117.67388916015624,ORANGE,LAGUNA NIGUEL,-117.67396545410156,33.55292510986328
8911369,2019,2021-06-02,3000,2019-12-21,1720,2872,921-G,6,5,4,3045,0,0,0,NA,0,047,LA PAZ RD,APPALOOSA PL,50,W,N,A,-,N,NA,NA,NA,NA,NA,NA,NA,NA,NA,Y,1,1,0,2,A,-,03,22350,NA,N,B,C,A,A,H,-,C,A,0,NA,NA,NA,NA,Y,NA,A,01,0,0,0,0,0,0,0,0,0,-,-,NA,NA,ORANGE,LAGUNA HILLS,-117.69322204589844,33.581851959228516
8911882,2020,2022-06-11,3009,2020-03-21,2149,3927,114,6,5,6,3009,0,0,0,NA,0,2-1,EUCLID ST,MAIN ST,0,NA,Y,A,-,N,NA,NA,NA,NA,NA,NA,NA,NA,NA,Y,1,1,0,1,A,-,01,23152,A,N,A,J,A,A,H,-,C,A,0,NA,NA,NA,NA,Y,Y,A,01,0,0,0,0,0,0,0,0,0,-,-,NA,NA,ORANGE,GARDEN GROVE,-117.9410400390625,33.7800407409668
8911917,2020,2020-12-23,3022,2020-08-06,2147,1321,NA,4,5,5,3022,0,0,0,NA,0,NA,RED HILL AV,WALNUT AV,0,NA,Y,A,-,N,NA,NA,NA,NA,NA,NA,NA,NA,NA,Y,1,1,0,2,A,-,11,21456,C,N,G,B,B,A,H,-,C,A,0,Y,NA,NA,NA,Y,NA,N,60,0,0,0,1,0,0,0,0,0,-,-,33.72795867919922,-117.82096862792967,ORANGE,TUSTIN,-117.82095336914063,33.72795867919922
8912972,2019,2019-09-03,3024,2019-08-02,1716,454,P-18,5,5,5,3024,0,0,0,NA,0,WEST,BEACH,14TH ST,0,NA,Y,A,-,Y,NA,NA,NA,NA,NA,NA,NA,NA,NA,Y,4,0,3,2,A,-,09,21801,A,N,D,C,A,A,H,-,A,A,0,NA,NA,NA,NA,Y,NA,A,01,0,0,3,0,0,0,0,0,0,-,-,33.75653076171875,-117.9893798828125,ORANGE,WESTMINSTER,-117.98975372314452,33.75653076171875
8914198,2019,2020-02-24,3010,2019-07-20,1625,1125,46C,6,5,6,3010,0,0,0,NA,0,002,ATLANTA AV,RT 39,96,W,N,A,-,Y,ORA,12,39,-,-,0.65,H,-,N,Y,4,0,1,2,A,-,07,21658,A,N,B,C,A,A,H,-,A,A,0,NA,NA,NA,NA,Y,NA,A,01,0,0,1,0,0,0,0,0,0,-,-,NA,NA,ORANGE,HUNTINGTON BEACH,-117.98825073242188,33.657962799072266
8915410,2019,2019-08-13,3001,2019-07-21,1542,1278,NA,7,5,7,3001,0,0,0,NA,0,0D3,ANAHEIM WY,ORANGEWOOD AV,0,NA,Y,A,-,N,NA,NA,NA,NA,NA,NA,NA,NA,NA,Y,4,0,1,2,A,-,12,21453,A,N,D,C,A,A,H,-,A,A,0,NA,NA,NA,NA,Y,NA,A,01,0,0,1,0,0,0,0,0,0,-,-,NA,NA,ORANGE,ANAHEIM,-117.89396667480467,33.796241760253906
8915427,2019,2019-08-13,3001,2019-07-15,2341,2346,NA,1,5,7,3001,0,0,0,NA,0,026,E STANDISH AV,S JAMBOLAYA ST,24,E,N,A,-,N,NA,NA,NA,NA,NA,NA,NA,NA,NA,Y,4,0,1,1,C,-,18,NA,NA,N,E,I,A,A,H,-,C,D,0,NA,NA,NA,NA,Y,NA,-,-,0,0,1,0,0,0,0,0,0,-,-,NA,NA,ORANGE,ANAHEIM,-117.87911987304688,33.83317565917969
8915435,2019,2019-08-13,3001,2019-07-07,1303,543,3,7,5,7,3001,0,0,0,NA,0,039,W MAGIC WY,SOUTH WALNUT ST,700,E,N,A,-,N,NA,NA,NA,NA,NA,NA,NA,NA,NA,N,4,0,1,2,B,-,22,NA,NA,N,B,E,A,A,H,-,A,D,0,NA,NA,NA,NA,Y,NA,I,10,0,0,1,0,0,0,0,0,0,-,-,NA,NA,ORANGE,ANAHEIM,-117.92603302001952,33.81264877319336
8918170,2019,2019-10-28,3008,2019-08-10,0210,1573,ZONE2,6,5,6,3008,0,0,0,NA,0,ZONE 2,HARBOR BL,HOUSTON AV,61,N,N,A,-,N,NA,NA,NA,NA,NA,NA,NA,NA,NA,Y,4,0,2,2,A,-,01,23153,A,N,C,C,A,A,H,-,C,A,0,NA,NA,NA,NA,Y,Y,A,01,0,0,2,0,0,0,0,0,0,-,-,NA,NA,ORANGE,FULLERTON,-117.92434692382813,33.855587005615234
8918362,2019,2019-09-16,3012,2019-08-04,1054,647,21,7,5,5,3012,0,0,0,NA,0,003,BEACH BL,W LAMBERT RD,380,N,N,A,-,N,NA,NA,NA,NA,NA,NA,NA,NA,NA,Y,4,0,2,2,A,-,04,21703,NA,N,C,C,A,A,H,-,A,D,0,NA,NA,NA,NA,Y,NA,A,01,0,0,2,0,0,0,0,0,0,-,-,NA,NA,ORANGE,LA HABRA,-117.96791076660156,33.92573165893555
8919313,2019,2019-08-20,3001,2019-07-20,0116,A2332,D1,6,5,7,3001,0,0,0,NA,0,NA,LINCOLN AV,S GAIN ST,520,E,N,A,-,N,NA,NA,NA,NA,NA,NA,NA,NA,NA,Y,4,0,1,3,A,-,03,22350,NA,M,C,C,A,A,H,-,C,D,0,NA,NA,NA,NA,Y,NA,D,22,0,0,1,0,0,0,0,0,0,-,-,NA,NA,ORANGE,ANAHEIM,-117.97127532958984,33.83237075805664
8919873,2019,2019-08-23,3015,2019-07-27,2328,1598,36S,6,5,6,3015,0,0,0,NA,0,1A22,NORTH TUSTIN ST,E QUINCY V,314,S,N,A,-,N,NA,NA,NA,NA,NA,NA,NA,NA,NA,Y,3,0,1,2,A,-,01,23152,NA,N,D,C,A,A,H,-,C,D,0,NA,NA,NA,NA,Y,Y,A,01,0,1,0,0,0,0,0,0,0,-,-,NA,NA,ORANGE,ORANGE,-117.835667,33.804645
8920162,2019,2019-09-06,3007,2019-08-10,0947,320,63,6,5,5,3007,0,0,0,NA,0,003,ELLIS,MAGNOLIA,178,W,N,A,-,N,NA,NA,NA,NA,NA,NA,NA,NA,NA,Y,3,0,2,3,A,-,03,22350,NA,N,C,C,A,A,H,-,A,D,0,NA,NA,NA,NA,Y,NA,A,07,0,2,0,0,0,0,0,0,0,-,-,NA,NA,ORANGE,FOUNTAIN VALLEY,-117.97220611572266,33.69401168823242
8920242,2019,2019-09-06,3007,2019-07-13,2030,271,64,6,5,5,3007,0,0,0,NA,0,003,TALBERT,FOSTER / CASHEW,0,NA,Y,A,-,N,NA,NA,NA,NA,NA,NA,NA,NA,NA,Y,3,0,1,2,A,-,09,21801,A,N,A,C,A,A,H,-,C,A,0,NA,NA,NA,NA,Y,NA,A,01,0,1,0,0,0,0,0,0,0,-,-,NA,NA,ORANGE,FOUNTAIN VALLEY,-117.957014,33.701803
8922572,2019,2019-09-10,3001,2019-08-11,1605,1278,NA,7,5,7,3001,0,0,0,NA,0,0D3,DISNEYLAND DR,BALL RD,250,N,N,A,-,N,NA,NA,NA,NA,NA,NA,NA,NA,NA,Y,4,0,2,3,A,-,03,22350,NA,M,C,C,A,A,H,-,A,A,0,NA,NA,NA,NA,Y,NA,A,07,0,0,2,0,0,0,0,0,0,-,-,NA,NA,ORANGE,ANAHEIM,-117.92253875732422,33.81881332397461
8922611,2019,2019-09-09,3004,2019-08-25,1309,P510,35,7,5,6,3004,0,0,0,NA,0,013,W WILSON ST,FAIRVIEW RD,132,W,N,A,-,N,NA,NA,NA,NA,NA,NA,NA,NA,NA,Y,4,0,2,2,A,-,09,21804,A,N,D,C,A,A,H,-,A,D,0,NA,NA,NA,NA,Y,NA,A,01,0,0,2,0,0,0,0,0,0,-,-,33.65620040893555,-117.908203125,ORANGE,COSTA MESA,-117.90811157226563,33.65628433227539
8923706,2019,2019-08-28,3003,2019-08-01,0718,1093,NA,4,5,5,3003,0,0,0,NA,0,NA,CRESCENT AV,WESTERN AV,14,W,N,A,-,N,NA,NA,NA,NA,NA,NA,NA,NA,NA,N,4,0,1,2,A,-,10,21950,A,N,D,G,A,A,H,-,A,A,0,NA,Y,NA,NA,Y,NA,A,01,0,0,1,0,0,0,1,0,0,-,-,33.502201080322266,-118.01000213623048,ORANGE,BUENA PARK,-118.00236511230467,33.839317321777344
8924530,2019,2019-11-23,3026,2019-07-24,1600,8929,CROSS,3,5,6,3026,0,0,0,NA,0,006,ALTON PKWY,GATEWAY,0,NA,Y,A,-,N,NA,NA,NA,NA,NA,NA,NA,NA,NA,Y,4,0,1,2,A,-,12,21453,A,N,D,C,A,A,H,-,A,A,0,NA,NA,NA,NA,Y,NA,A,01,0,0,1,0,0,0,0,0,0,-,-,33.65414810180664,-117.46891784667967,ORANGE,IRVINE,-117.74690246582033,33.65544891357422
8924546,2019,2019-11-23,3026,2019-07-20,2310,585,PORTO,6,5,6,3026,0,0,0,NA,0,009,ALTON PKWY,TECHNOLOGY DR W,0,NA,Y,A,-,N,NA,NA,NA,NA,NA,NA,NA,NA,NA,Y,4,0,2,2,A,-,09,21453,C,N,A,C,A,A,H,-,C,A,0,NA,NA,NA,NA,Y,NA,A,07,0,0,2,0,0,0,0,0,0,-,-,33.65555953979492,-117.7394790649414,ORANGE,IRVINE,-117.73956298828124,33.65536880493164
8924605,2019,2019-10-17,3008,2019-07-28,2229,1523,ZONE2,7,5,6,3008,0,0,0,NA,0,NA,HARBOR BL,AMERIGE AV,0,NA,Y,A,-,N,NA,NA,NA,NA,NA,NA,NA,NA,NA,Y,4,0,1,2,A,-,01,23152,A,F,E,I,A,A,H,-,C,A,0,NA,NA,NA,NA,Y,Y,A,01,0,0,1,0,0,0,0,0,0,-,-,NA,NA,ORANGE,FULLERTON,-117.92437744140624,33.87137985229492
8926375,2019,2019-08-28,3001,2019-07-22,1402,1007,NA,1,5,7,3001,0,0,0,NA,0,0D2,CLAUDINA ST,VERMONT AV,0,NA,Y,A,-,N,NA,NA,NA,NA,NA,NA,NA,NA,NA,N,3,0,1,2,A,-,13,22515,A,N,E,E,A,A,H,-,A,D,0,NA,NA,NA,NA,Y,NA,A,08,0,1,0,0,0,0,0,0,0,-,-,NA,NA,ORANGE,ANAHEIM,-117.9087371826172,33.82341003417969
8926650,2019,2019-08-27,3001,2019-07-21,2017,2505,D3,7,5,7,3001,0,0,0,NA,0,NA,WEST BALL RD,S WEST PL,45,W,N,A,-,N,NA,NA,NA,NA,NA,NA,NA,NA,NA,N,3,0,2,4,A,-,03,22350,NA,M,A,C,A,A,H,-,C,A,0,NA,NA,NA,NA,Y,NA,A,01,0,2,0,0,0,0,0,0,0,-,-,NA,NA,ORANGE,ANAHEIM,-117.92424011230467,33.81800842285156
8928767,2019,2019-09-06,3001,2019-06-30,2048,A1996,D1,7,5,7,3001,0,0,0,NA,0,NA,MAGNOLIA AV,CRESCENT AV,201,N,N,A,-,N,NA,NA,NA,NA,NA,NA,NA,NA,NA,Y,4,0,3,3,A,-,01,23152,A,N,C,C,A,A,H,-,C,A,0,NA,NA,NA,NA,Y,Y,A,01,0,0,3,0,0,0,0,0,0,-,-,NA,NA,ORANGE,ANAHEIM,-117.97608184814452,33.8400993347168
8928986,2019,2020-09-18,3015,2019-08-19,0922,1364,RD41,1,5,6,3015,0,0,0,NA,0,713M,STATE COLLEGE BL,RT 5,0,NA,Y,A,-,Y,ORA,12,5,-,-,35.684,R,4,S,Y,4,0,1,2,A,-,12,21453,A,N,D,C,A,A,H,-,A,A,0,NA,NA,NA,NA,Y,NA,A,07,0,0,1,0,0,0,0,0,0,-,SF,33.79256057739258,-117.88968658447266,ORANGE,ORANGE,-117.89591217041016,33.79682159423828
8930096,2019,2019-09-09,3001,2019-08-09,1552,1397,NA,5,5,7,3001,0,0,0,NA,0,0D2,W LINCOLN AV,N RESH ST,164,E,N,A,-,N,NA,NA,NA,NA,NA,NA,NA,NA,NA,Y,3,0,1,4,A,-,05,21650,NA,N,B,C,A,A,H,-,A,D,0,NA,NA,NA,NA,Y,NA,A,01,0,1,0,0,0,0,0,0,0,-,-,NA,NA,ORANGE,ANAHEIM,-117.92176818847656,33.83369064331055
8930155,2019,2019-09-06,3001,2019-08-06,2004,1278,NA,2,5,7,3001,0,0,0,NA,0,0D3,SOUTH HARBOR BL,WEST KATELLA AV,341,S,N,A,-,N,NA,NA,NA,NA,NA,NA,NA,NA,NA,N,4,0,3,2,A,-,03,22350,NA,N,C,C,A,A,H,-,C,D,0,NA,NA,NA,NA,Y,NA,A,01,0,0,3,0,0,0,0,0,0,-,-,NA,NA,ORANGE,ANAHEIM,-117.91538238525392,33.802486419677734
8930797,2019,2019-09-10,3005,2019-08-24,1348,8095,C48,6,5,4,3005,0,0,0,NA,0,003,ORANGEWOOD AV,HALAWA LN,290,E,N,A,-,N,NA,NA,NA,NA,NA,NA,NA,NA,NA,Y,3,0,1,2,A,-,08,22107,NA,N,D,C,A,A,H,-,A,D,0,NA,NA,NA,NA,Y,NA,D,22,0,1,0,0,0,0,0,0,0,-,-,NA,NA,ORANGE,CYPRESS,-118.01404571533205,33.7956428527832
8931505,2019,2019-09-17,3000,2019-08-15,1016,2731,797H2,4,5,4,3021,0,0,0,NA,0,021,KATELLA AV,DATE ST,141,E,N,A,-,N,NA,NA,NA,NA,NA,NA,NA,NA,NA,N,4,0,1,2,D,-,00,NA,NA,N,-,G,A,A,H,-,A,D,0,NA,Y,NA,NA,Y,NA,-,-,0,0,1,0,0,0,1,0,0,-,-,NA,NA,ORANGE,STANTON,-117.99818420410156,33.80292892456055
8932673,2019,2019-09-20,3004,2019-08-30,0938,P648,13,5,5,6,3004,0,0,0,NA,0,008,FAIRVIEW RD,FAIR DR,0,NA,Y,A,-,N,NA,NA,NA,NA,NA,NA,NA,NA,NA,Y,3,0,1,2,A,-,12,21453,A,N,A,C,A,A,H,-,D,A,0,NA,NA,NA,NA,Y,NA,D,22,0,1,0,0,0,0,0,0,0,-,-,33.66400146484375,-117.90760040283205,ORANGE,COSTA MESA,-117.9077377319336,33.663818359375
8934614,2019,2019-12-17,3000,2019-06-01,2008,9605,992J4,6,5,5,3017,0,0,0,NA,0,474,EL CAMINO REAL,AVENIDA DEL MAR,8,N,N,A,-,N,NA,NA,NA,NA,NA,NA,NA,NA,NA,N,4,0,1,2,A,-,10,21950,A,N,G,B,B,A,H,-,A,A,0,Y,NA,NA,NA,Y,NA,A,01,0,0,1,0,1,0,0,0,0,-,-,NA,NA,ORANGE,SAN CLEMENTE,-117.61272430419922,33.42763900756836
8935158,2019,2019-09-13,3026,2019-08-26,1224,4779,C,1,5,6,3026,0,0,0,NA,0,00C,WEST YALE LOOP,ALTON PKWY,15,N,N,A,-,N,NA,NA,NA,NA,NA,NA,NA,NA,NA,N,4,0,2,2,A,-,03,22350,NA,N,D,C,A,A,H,-,A,A,0,NA,NA,Y,NA,Y,NA,C,03,0,0,2,0,0,0,0,0,2,-,-,NA,NA,ORANGE,IRVINE,-117.80947113037108,33.67910385131836
8935369,2019,2020-06-09,3008,2019-05-08,1624,1522,ZONE3,3,5,6,3008,0,0,0,NA,0,NA,NUTWOOD AV,RT 57,0,NA,Y,B,-,Y,ORA,12,57,-,-,17.74,R,1,S,N,4,0,1,2,A,-,10,21950,A,N,G,B,B,A,H,-,A,A,0,Y,NA,NA,NA,Y,NA,D,22,0,0,1,0,1,0,0,0,0,-,SF,NA,NA,ORANGE,FULLERTON,-117.88056182861328,33.88026428222656
8937932,2019,2019-10-24,3010,2019-09-07,0724,1022,435,6,5,6,3010,0,0,0,NA,0,003,YORKTOWN AV,MAGNOLIA ST,0,NA,Y,A,-,N,NA,NA,NA,NA,NA,NA,NA,NA,NA,Y,4,0,1,2,A,-,12,21453,A,N,D,C,A,A,H,-,A,A,0,NA,NA,NA,NA,Y,NA,-,-,0,0,1,0,0,0,0,0,0,-,-,NA,NA,ORANGE,HUNTINGTON BEACH,-117.97132873535156,33.67947006225586
8938112,2019,2019-10-02,3000,2019-09-01,1223,8737,891J2,7,5,5,3050,0,0,0,NA,0,160,LAKE FOREST DR,SERRANO RD,0,NA,Y,A,-,N,NA,NA,NA,NA,NA,NA,NA,NA,NA,Y,2,0,4,3,A,-,12,21453,A,N,D,C,A,A,H,-,A,A,0,NA,NA,NA,NA,Y,NA,D,22,1,2,1,0,0,0,0,0,0,-,-,NA,NA,ORANGE,LAKE FOREST,-117.68907928466795,33.645530700683594
8939319,2018,2020-05-22,3000,2018-11-23,1513,2830,921J5,5,5,4,3045,0,0,0,NA,0,045,OSO PKWY,NELLIE GAIL RD,0,NA,Y,A,-,N,NA,NA,NA,NA,NA,NA,NA,NA,NA,Y,1,1,1,2,A,-,12,21453,A,N,D,C,A,A,H,-,A,A,0,NA,NA,Y,NA,Y,NA,C,02,0,1,0,0,0,0,0,1,0,-,-,33.57450866699219,-117.69061279296876,ORANGE,LAGUNA HILLS,-117.69068145751952,33.57455062866211
8939683,2023,2025-06-23,3007,2023-10-28,1613,324,37I,6,5,5,3007,0,0,0,NA,0,002,EUCLID,WARNER,25,S,N,A,-,N,NA,NA,NA,NA,NA,NA,NA,NA,NA,N,1,1,0,2,B,-,22,NA,NA,N,-,C,A,A,H,-,A,A,0,NA,Y,NA,NA,Y,NA,L,04,0,0,0,0,0,1,0,0,0,-,-,NA,NA,ORANGE,FOUNTAIN VALLEY,-117.93721771240234,33.716392517089844
8941704,2019,2019-10-09,3026,2019-06-08,2217,621/565,U,6,5,6,3026,0,0,0,NA,0,00U,CAMPUS DR,UNIVERSITY DR,1244,W,N,A,-,N,NA,NA,NA,NA,NA,NA,NA,NA,NA,Y,2,0,4,3,A,-,01,23152,A,N,B,C,A,A,H,-,D,D,0,NA,NA,NA,NA,Y,Y,-,NA,3,0,1,0,0,0,0,0,0,-,-,NA,NA,ORANGE,IRVINE,-117.84568786621094,33.65571975708008
8945952,2019,2019-10-01,3015,2019-09-09,1746,1569,99,1,5,6,3015,0,0,0,NA,0,NA,SOUTH LEWIS ST,DAWN AV,63,N,N,A,-,N,NA,NA,NA,NA,NA,NA,NA,NA,NA,Y,4,0,1,2,A,-,03,22350,NA,N,C,C,A,A,H,-,A,D,0,NA,NA,NA,NA,Y,NA,A,01,0,0,1,0,0,0,0,0,0,-,-,NA,NA,ORANGE,ORANGE,-117.89746856689452,33.78545379638672
8945960,2019,2019-10-01,3015,2019-09-11,1349,1105,84S,3,5,6,3015,0,0,0,NA,0,003,CANNON ST,STILLWATER AV,9,S,N,A,-,N,NA,NA,NA,NA,NA,NA,NA,NA,NA,Y,3,0,2,2,A,-,09,21801,A,N,D,C,A,A,H,-,A,D,0,NA,NA,NA,NA,Y,NA,A,01,0,2,0,0,0,0,0,0,0,-,-,NA,NA,ORANGE,ORANGE,-117.79344940185548,33.791831970214844
8946044,2019,2019-10-09,3015,2019-09-13,1711,1507,NA,5,5,6,3015,0,0,0,NA,0,NA,TUSTIN ST,PALMYRA AV,5,N,N,A,-,N,NA,NA,NA,NA,NA,NA,NA,NA,NA,N,3,0,2,2,A,-,03,22350,NA,N,C,C,A,A,H,-,A,D,0,NA,NA,NA,NA,Y,NA,D,22,0,1,1,0,0,0,0,0,0,-,-,33.78335189819336,-117.83582305908205,ORANGE,ORANGE,-117.83574676513672,33.78415298461914
8947192,2019,2019-10-03,3010,2019-09-15,2007,1243,423,7,5,6,3010,0,0,0,NA,0,003,NEWLAND,GARFIELD,0,NA,Y,A,-,N,NA,NA,NA,NA,NA,NA,NA,NA,NA,Y,3,0,2,2,A,-,09,21801,A,N,-,C,A,A,H,-,C,A,0,NA,NA,NA,NA,Y,Y,A,01,0,1,1,0,0,0,0,0,0,-,-,NA,NA,ORANGE,HUNTINGTON BEACH,-117.98011016845705,33.686729431152344
8947306,2019,2019-10-07,3000,2019-06-15,1249,1703,992-H,6,5,5,3017,0,0,0,NA,0,1A76,CALLE DE LOS MOLINOS,CALLE VALLE,8,W,N,A,-,N,NA,NA,NA,NA,NA,NA,NA,NA,NA,N,3,0,1,2,A,-,09,21802,A,N,F,A,A,A,H,-,A,D,0,NA,NA,Y,NA,Y,NA,A,01,0,1,0,0,0,0,0,0,1,-,-,NA,NA,ORANGE,SAN CLEMENTE,-117.62594604492188,33.43293380737305
8948001,2019,2019-10-11,3008,2019-05-10,0857,1511,ZONE2,5,5,6,3008,0,0,0,NA,0,NA,CHAPMAN AV,LEMON ST,0,NA,Y,B,-,N,NA,NA,NA,NA,NA,NA,NA,NA,NA,N,4,0,2,2,A,-,09,21453,B,N,D,C,A,A,H,-,A,A,0,NA,NA,NA,NA,Y,NA,A,01,0,0,2,0,0,0,0,0,0,-,-,NA,NA,ORANGE,FULLERTON,-117.91985321044922,33.874019622802734
8949908,2019,2019-10-15,3009,2019-07-27,1627,4778,097,6,5,6,3009,0,0,0,NA,0,013,WESTMINSTER AV,BROOKHURST ST,398,W,N,A,-,N,NA,NA,NA,NA,NA,NA,NA,NA,NA,N,4,0,1,3,A,-,09,21804,A,N,D,C,A,A,H,-,A,A,0,NA,NA,NA,NA,Y,NA,D,22,0,0,1,0,0,0,0,0,0,-,-,NA,NA,ORANGE,GARDEN GROVE,-117.9563446044922,33.75960922241211
8949982,2019,2020-02-07,3002,2019-09-24,1510,1562,NA,2,5,4,3002,0,0,0,NA,0,014,IMPERIAL HWY,ASSOCIATED RD,160,W,N,A,-,Y,ORA,12,90,-,-,5.62,H,-,W,N,4,0,1,2,A,-,03,22350,NA,N,C,C,A,A,A,-,A,A,0,NA,NA,NA,Y,Y,NA,F,76,0,0,1,0,0,0,0,0,0,-,-,33.91083908081055,-117.88008880615234,ORANGE,BREA,-117.88075256347656,33.91084289550781