CASE_ID,ACCIDENT_YEAR,PROC_DATE,JURIS,COLLISION_DATE,COLLISION_TIME,OFFICER_ID,REPORTING_DISTRICT,DAY_OF_WEEK,CHP_SHIFT,POPULATION,CNTY_CITY_LOC,SPECIAL_COND,BEAT_TYPE,CHP_BEAT_TYPE,CITY_DIVISION_LAPD,CHP_BEAT_CLASS,BEAT_NUMBER,PRIMARY_RD,SECONDARY_RD,DISTANCE,DIRECTION,INTERSECTION,WEATHER_1,WEATHER_2,STATE_HWY_IND,CALTRANS_COUNTY,CALTRANS_DISTRICT,STATE_ROUTE,ROUTE_SUFFIX,POSTMILE_PREFIX,POSTMILE,LOCATION_TYPE,RAMP_INTERSECTION,SIDE_OF_HWY,TOW_AWAY,COLLISION_SEVERITY,NUMBER_KILLED,NUMBER_INJURED,PARTY_COUNT,PRIMARY_COLL_FACTOR,PCF_CODE_OF_VIOL,PCF_VIOL_CATEGORY,PCF_VIOLATION,PCF_VIOL_SUBSECTION,HIT_AND_RUN,TYPE_OF_COLLISION,MVIW,PED_ACTION,ROAD_SURFACE,ROAD_COND_1,ROAD_COND_2,LIGHTING,CONTROL_DEVICE,CHP_ROAD_TYPE,PEDESTRIAN_ACCIDENT,BICYCLE_ACCIDENT,MOTORCYCLE_ACCIDENT,TRUCK_ACCIDENT,NOT_PRIVATE_PROPERTY,ALCOHOL_INVOLVED,STWD_VEHTYPE_AT_FAULT,CHP_VEHTYPE_AT_FAULT,COUNT_SEVERE_INJ,COUNT_VISIBLE_INJ,COUNT_COMPLAINT_PAIN,COUNT_PED_KILLED,COUNT_PED_INJURED,COUNT_BICYCLIST_KILLED,COUNT_BICYCLIST_INJURED,COUNT_MC_KILLED,COUNT_MC_INJURED,PRIMARY_RAMP,SECONDARY_RAMP,LATITUDE,LONGITUDE,COUNTY,CITY,POINT_X,POINT_Y
90260073,2016,2016-09-02,9690,2016-08-31,2235,020463,NA,3,3,9,3000,0,2,4,NA,2,037,LIVE OAK CANYON ROAD,CANYON CREEK,133,N,N,A,-,N,NA,NA,NA,NA,NA,NA,NA,NA,NA,Y,3,0,1,1,A,-,01,23152,A,N,E,I,A,A,H,-,D,D,0,NA,NA,NA,NA,Y,Y,A,07,0,1,0,0,0,0,0,0,0,-,-,33.67596,-117.60215,ORANGE,UNINCORPORATED,-117.60203642,33.67562105
90261284,2016,2016-09-06,9675,2016-08-23,0320,018017,NA,2,3,7,3001,0,1,3,NA,2,095,SR-91 WESTBOUND,GYPSUM CANYON,500,W,N,A,-,Y,NA,NA,91,NA,NA,NA,NA,NA,W,Y,3,0,2,2,A,-,03,22350,NA,N,C,C,A,A,H,-,C,D,0,NA,NA,NA,Y,Y,Y,G,25,0,1,1,0,0,0,0,0,0,-,-,33.86911,-117.70696,ORANGE,ANAHEIM,-117.70697726,33.86914366
90264678,2016,2016-09-09,9690,2016-09-06,1519,014329,NA,2,2,5,3028,0,1,1,NA,2,056,I-5 S/B (SAN DIEGO FRWY),OSO PKWY,1800,S,N,A,-,Y,NA,NA,5,NA,NA,NA,NA,NA,S,Y,4,0,1,4,A,-,03,22350,NA,M,C,C,A,A,H,-,A,D,0,NA,NA,NA,NA,Y,NA,A,01,0,0,1,0,0,0,0,0,0,-,-,33.57692,-117.67183,ORANGE,MISSION VIEJO,-117.67195411,33.57692248
90265481,2016,2016-09-12,9670,2016-09-01,0924,021242,NA,4,1,6,3009,0,1,3,NA,2,024,SR-22 E/B,HARBOR BLVD,3168,E,N,A,-,Y,NA,NA,22,NA,NA,NA,NA,NA,E,Y,4,0,1,6,A,-,03,22350,NA,N,B,C,A,A,H,-,A,D,0,NA,NA,NA,NA,Y,NA,A,01,0,0,1,0,0,0,0,0,0,-,-,33.77299,-117.90716,ORANGE,GARDEN GROVE,-117.90725015,33.77316395
90265494,2016,2016-09-12,9670,2016-09-03,1300,021282,NA,6,1,4,3020,0,1,1,NA,2,045,I-405 S/B (SAN DIEGO FREEWAY),SEAL BEACH BLVD,2640,S,N,A,-,Y,NA,NA,405,NA,NA,NA,NA,NA,S,Y,4,0,1,2,A,-,03,22350,NA,N,C,C,A,A,H,-,A,D,0,NA,NA,NA,NA,Y,NA,A,01,0,0,1,0,0,0,0,0,0,-,-,33.77409,-118.06832,ORANGE,SEAL BEACH,-118.06831956,33.77423132
90265959,2016,2016-09-12,9670,2016-08-28,1755,019954,NA,7,2,7,3001,0,1,3,NA,2,093,SR-91 EASTBOUND,TUSTIN AVE,300,W,N,A,-,Y,NA,NA,91,NA,NA,NA,NA,NA,E,Y,4,0,2,1,A,-,08,22107,NA,N,E,I,A,A,H,-,A,D,0,NA,NA,NA,NA,Y,NA,D,22,0,0,2,0,0,0,0,0,0,-,-,33.85052,-117.84463,ORANGE,ANAHEIM,-117.84463873,33.85055467
9026667,2019,2020-02-13,3026,2019-11-19,1404,548,NA,2,5,6,3026,0,0,0,NA,0,00U,CULVER,SHADY CANYON,0,N,N,A,-,N,NA,NA,NA,NA,NA,NA,NA,NA,NA,Y,4,0,1,2,A,-,01,23152,A,N,C,C,A,A,H,-,A,D,0,NA,NA,NA,NA,Y,Y,-,NA,0,0,1,0,0,0,0,0,0,-,-,NA,NA,ORANGE,IRVINE,-117.82720184326172,33.634521484375
90267251,2016,2016-09-19,9675,2016-08-27,0205,020545,NA,6,3,6,3015,0,1,3,NA,2,550,SR-55 NORTHBOUND,COLLINS AVENUE,1293,S,N,A,-,Y,NA,NA,55,NA,NA,NA,NA,NA,N,Y,4,0,2,2,A,-,03,22350,NA,N,D,C,A,A,H,-,C,D,0,NA,NA,NA,NA,Y,Y,A,01,0,0,2,0,0,0,0,0,0,-,-,33.79866,-117.83111,ORANGE,ORANGE,-117.83109523,33.79866157
90268545,2016,2016-09-15,9690,2016-09-09,0445,020747,NA,5,3,9,3000,0,3,5,NA,2,004,SIENNA PKWY.,WINDMILL AVE.,60,N,N,A,-,N,NA,NA,NA,NA,NA,NA,NA,NA,NA,Y,4,0,1,1,A,-,08,22107,NA,N,F,A,A,A,H,-,D,D,0,NA,NA,Y,NA,Y,NA,C,02,0,0,1,0,0,0,0,0,1,-,-,33.55845,-117.63596,ORANGE,UNINCORPORATED,-117.635937,33.558525
90269302,2016,2016-09-16,9670,2016-09-06,0853,015587,NA,2,1,5,3003,0,1,3,NA,2,091,SR-91 W/B (RIVERSIDE FREEWAY),STANTON AVE.,316,E,N,B,-,Y,NA,NA,91,NA,NA,NA,NA,NA,W,Y,4,0,1,4,A,-,03,22350,NA,N,C,C,A,A,H,-,A,D,0,NA,NA,NA,Y,Y,NA,G,25,0,0,1,0,0,0,0,0,0,-,-,33.85634,-117.99256,ORANGE,BUENA PARK,-117.99255832,33.85622146
90270300,2016,2016-09-19,9675,2016-09-01,1445,021297,NA,4,2,6,3015,0,1,3,NA,2,572,SR-57 SOUTHBOUND,ORANGEWOOD AVE,420,S,N,A,-,Y,NA,NA,NA,NA,NA,NA,NA,NA,NA,Y,4,0,1,5,A,-,03,22350,NA,N,C,C,A,A,H,-,A,D,0,NA,NA,NA,NA,Y,NA,A,08,0,0,1,0,0,0,0,0,0,-,-,33.76417,-117.86492,ORANGE,ORANGE,-117.87841865,33.79468028
90273253,2016,2016-09-22,9675,2016-09-16,2324,020780,NA,5,3,7,3001,0,1,3,NA,2,571,SR-57 NORTHBOUND,SR-91 EASTBOUND,2000,S,N,A,-,Y,NA,NA,57,NA,NA,NA,NA,NA,N,Y,3,0,1,2,A,-,07,21658,A,F,E,I,A,A,H,-,C,D,0,NA,NA,NA,NA,Y,NA,A,01,0,1,0,0,0,0,0,0,0,-,-,33.84479,-117.87578,ORANGE,ANAHEIM,-117.87593654,33.84478526
90274036,2016,2016-09-22,9675,2016-09-12,0745,012857,NA,1,1,6,3026,0,1,1,NA,2,407,I-405 NORTHBOUND,LAGUNA CANYON RD,150,N,N,A,-,Y,NA,NA,405,NA,NA,NA,NA,NA,N,N,4,0,1,2,A,-,03,22350,NA,N,C,C,A,A,H,-,A,D,0,NA,NA,NA,NA,Y,NA,A,01,0,0,1,0,0,0,0,0,0,-,-,33.6533,-117.76857,ORANGE,IRVINE,-117.76861306,33.65314761
90275309,2016,2016-09-26,9675,2016-09-21,1520,021388,NA,3,2,6,3004,0,1,1,NA,2,405,I-405 NORTHBOUND,HARBOR BLVD,1200,N,N,A,-,Y,NA,NA,405,NA,NA,NA,NA,NA,N,Y,4,0,1,2,A,-,08,22107,NA,N,B,C,A,A,H,-,A,D,0,NA,NA,NA,NA,Y,NA,-,-,0,0,1,0,0,0,0,0,0,-,-,33.69326,-117.92916,ORANGE,COSTA MESA,-117.92913071,33.69332953
90275529,2016,2016-09-26,9670,2016-09-14,1200,021282,NA,3,1,5,3024,0,1,1,NA,2,042,I-405 N/B (SAN DIEGO FREEWAY),GOLDENWEST ST,200,N,N,A,-,Y,NA,NA,405,NA,NA,NA,NA,NA,N,Y,3,0,1,1,A,-,08,22107,NA,N,E,I,A,A,H,-,A,D,0,NA,NA,NA,NA,Y,NA,A,07,0,1,0,0,0,0,0,0,0,-,-,33.74746,-118.00879,ORANGE,WESTMINSTER,-118.00848169,33.74782027
90276033,2016,2016-09-26,9675,2016-09-14,1503,021397,NA,3,2,9,3000,0,2,4,NA,2,022,FAIRHAVEN AVE E/B,YORBA ST.,0,NA,Y,A,-,N,NA,NA,NA,NA,NA,NA,NA,NA,NA,Y,3,0,1,2,A,-,09,21801,A,N,D,C,A,A,H,-,A,A,0,NA,NA,NA,NA,Y,NA,D,22,0,1,0,0,0,0,0,0,0,-,-,33.77315,-117.82701,ORANGE,UNINCORPORATED,-117.82707012,33.77323001
90276520,2016,2016-09-27,9675,2016-09-19,1755,020582,NA,1,2,7,3001,0,1,3,NA,2,093,SR-91 E/B,TUSTIN AVE,1000,W,N,A,-,Y,NA,NA,91,NA,NA,NA,NA,NA,E,Y,4,0,1,4,A,-,03,22350,NA,N,C,C,A,A,H,-,A,D,0,NA,NA,NA,NA,Y,NA,A,07,0,0,1,0,0,0,0,0,0,-,-,33.8496,-117.84802,ORANGE,ANAHEIM,-117.84804452,33.84969741
90278791,2016,2016-09-29,9675,2016-09-22,1407,021377,NA,4,2,6,3026,0,1,1,NA,2,503,I-5 NORTHBOUND,JEFFREY RD,200,N,N,A,-,Y,NA,NA,5,NA,NA,NA,NA,NA,N,Y,4,0,3,3,A,-,03,22350,NA,N,C,C,A,A,H,-,A,D,0,NA,NA,NA,NA,Y,NA,A,01,0,0,3,0,0,0,0,0,0,-,-,33.6929,-117.76983,ORANGE,IRVINE,-117.7700111,33.69277295
9028041,2019,2020-02-05,3001,2019-12-14,0817,AR531,D1,6,5,7,3001,0,0,0,NA,0,014,N FELICIDAD ST,W GREENLEAF AV,528,N,N,B,-,N,NA,NA,NA,NA,NA,NA,NA,NA,NA,N,3,0,1,2,A,-,08,22103,NA,N,D,D,A,B,H,-,A,D,0,NA,NA,NA,NA,Y,NA,A,07,0,1,0,0,0,0,0,0,0,-,-,NA,NA,ORANGE,ANAHEIM,-117.97708892822266,33.84377670288086
90283839,2016,2016-10-04,9675,2016-10-03,1645,019471,NA,1,2,6,3026,0,1,1,NA,2,503,I-5 N/B,CULVER DR,2500,S,N,A,-,Y,NA,NA,5,NA,NA,NA,NA,NA,N,Y,4,0,2,3,A,-,01,23153,A,N,C,C,A,A,H,-,A,D,0,NA,NA,NA,NA,Y,Y,A,01,0,0,2,0,0,0,0,0,0,-,-,33.69952,-117.77426,ORANGE,IRVINE,-117.77440076,33.69942759
90286154,2016,2016-10-07,9690,2016-09-29,1445,018479,NA,4,2,5,3028,0,1,1,NA,2,056,I-5 S/B (SAN DIEGO FRWY),OSO PARKWAYU,200,N,N,A,-,Y,NA,NA,NA,NA,NA,NA,NA,NA,NA,N,4,0,1,3,A,-,03,22350,NA,N,C,C,A,A,H,-,A,D,0,NA,NA,NA,Y,Y,NA,F,27,0,0,1,0,0,0,0,0,0,-,-,33.55035,-117.67546,ORANGE,MISSION VIEJO,NA,NA
90286258,2016,2016-10-07,9675,2016-09-28,1040,014895,NA,3,1,6,3015,0,1,3,NA,2,550,STATE ROUTE 55 S/B,COLLINS AVE,1000,S,N,A,-,Y,NA,NA,55,NA,NA,NA,NA,NA,S,Y,3,0,3,4,A,-,08,22107,NA,N,B,C,A,A,H,-,A,D,0,NA,NA,NA,NA,Y,NA,A,08,0,1,2,0,0,0,0,0,0,-,-,33.7957,-117.8312,ORANGE,ORANGE,-117.83109841,33.79570432
90288656,2016,2016-10-11,9670,2016-10-04,1500,017858,NA,2,2,5,3003,0,1,3,NA,2,092,SR-91 E/B TO I-5 S/B,STANTON AVE,2150,W,N,A,-,Y,NA,NA,91,NA,NA,NA,R,NA,E,Y,4,0,2,2,A,-,08,22107,NA,N,B,C,A,A,H,-,A,D,0,NA,NA,NA,NA,Y,NA,A,07,0,0,2,0,0,0,0,0,0,-,-,33.85599,-117.98648,ORANGE,BUENA PARK,-117.98648,33.85599
90289072,2016,2016-10-11,9675,2016-10-05,1729,021349,NA,3,2,6,3026,0,1,1,NA,2,405,I-405 NORTHBOUND,MACARTHUR BLVD,800,N,N,A,-,Y,NA,NA,405,NA,NA,NA,NA,NA,N,Y,4,0,3,6,A,-,03,22350,NA,N,C,C,A,A,H,-,A,D,0,NA,NA,NA,NA,Y,NA,D,22,0,0,3,0,0,0,0,0,0,-,-,33.68461,-117.86083000000001,ORANGE,IRVINE,-117.8608468,33.68457327
90289770,2016,2016-10-12,9670,2016-10-11,0630,012927,NA,2,1,7,3001,0,1,1,NA,2,053,I-5 S/B (SANTA ANA FWY),BROOKHURST ST,1848,S,N,B,-,Y,NA,NA,5,NA,NA,NA,NA,NA,S,Y,4,0,1,2,A,-,07,21658,A,N,B,C,A,A,H,-,B,D,0,NA,NA,Y,NA,Y,NA,A,01,0,0,1,0,0,0,0,0,1,-,-,33.84167,-117.95319,ORANGE,ANAHEIM,-117.95311838,33.84180146
90293698,2016,2016-10-17,9675,2016-10-08,1047,021377,NA,6,1,6,3004,0,1,3,NA,2,553,SR-55 SOUTHBOUND,MACARTHUR BLVD,1500,S,N,A,-,Y,NA,NA,NA,NA,NA,NA,NA,NA,NA,Y,3,0,1,1,A,-,08,22107,NA,N,E,I,A,A,H,-,A,D,0,NA,NA,NA,NA,Y,NA,A,01,0,1,0,0,0,0,0,0,0,-,-,33.6956,-117.86462,ORANGE,COSTA MESA,NA,NA
90294178,2016,2016-10-18,9670,2016-09-29,1030,019290,NA,4,1,6,3010,0,1,1,NA,2,043,I-405 S/B (SAN DIEGO FWY),EDINGER ST,1584,S,N,A,-,Y,NA,NA,405,NA,NA,NA,NA,NA,S,N,4,0,2,3,A,-,03,22350,NA,N,C,C,A,A,H,-,A,D,0,NA,NA,NA,NA,Y,NA,D,22,0,0,2,0,0,0,0,0,0,-,-,33.72817,-117.98298,ORANGE,HUNTINGTON BEACH,-117.98300888,33.72812812
9029444,2019,2020-01-28,3000,2019-09-22,1324,4246,992J4,7,5,5,3017,0,0,0,NA,0,775,NORTH EL CAMINO REAL,AVENIDA CABRILLO,39,S,N,A,-,N,NA,NA,NA,NA,NA,NA,NA,NA,NA,Y,3,0,1,3,A,-,03,22350,NA,N,C,C,A,A,H,-,A,A,0,NA,NA,NA,NA,Y,NA,A,01,0,1,0,0,0,0,0,0,0,-,-,NA,NA,ORANGE,SAN CLEMENTE,-117.61315155029295,33.428096771240234
90294723,2016,2016-10-18,9675,2016-10-10,0855,019652,NA,1,1,5,3022,0,1,1,NA,2,503,I-5 NORTHBOUND,SR-55`,900,S,N,A,-,Y,NA,NA,5,NA,NA,NA,NA,NA,N,Y,3,0,2,5,A,-,03,22350,NA,N,C,C,A,A,H,-,A,D,0,NA,NA,NA,NA,Y,NA,A,01,0,1,1,0,0,0,0,0,0,-,-,33.73866,-117.82754,ORANGE,TUSTIN,-117.8275485,33.73863217
90297842,2016,2016-10-21,9670,2016-10-19,2023,017788,NA,3,2,9,3000,0,3,5,NA,2,005,HARBOR BOULEVARD,EDINGER AVE.,133,S,N,A,-,N,NA,NA,NA,NA,NA,NA,NA,NA,NA,N,4,0,2,3,A,-,01,23152,A,N,C,C,A,A,H,-,C,D,0,NA,NA,NA,NA,Y,Y,A,01,0,0,2,0,0,0,0,0,0,-,-,33.72687,-117.91955,ORANGE,UNINCORPORATED,-117.91987,33.72702537
90298430,2016,2016-10-21,9675,2016-10-06,0537,015207,NA,4,3,7,3019,0,1,1,NA,2,502,I-5 NORTHBOUND,SEVENTEENTH ST.,1056,N,N,A,-,Y,NA,NA,NA,NA,NA,NA,NA,NA,NA,N,4,0,1,2,A,-,08,22107,NA,N,E,I,A,A,H,-,C,D,0,NA,NA,NA,NA,Y,NA,A,01,0,0,1,0,0,0,0,0,0,-,-,NA,NA,ORANGE,SANTA ANA,-117.86401696,33.76238436
9030005,2019,2020-01-21,3009,2019-11-27,1028,4626,103,3,5,6,3009,0,0,0,NA,0,1-1,LAMPSON AV,BROOKHURST ST,218,E,N,C,-,N,NA,NA,NA,NA,NA,NA,NA,NA,NA,N,2,0,1,2,A,-,11,21956,A,N,G,B,D,B,H,-,A,D,0,Y,NA,NA,NA,Y,NA,N,60,1,0,0,0,1,0,0,0,0,-,-,33.78131103515625,-117.95848083496094,ORANGE,GARDEN GROVE,-117.95793151855467,33.78133010864258
9030657,2019,2020-01-30,3001,2019-11-03,1436,A1278,NA,7,5,7,3001,0,0,0,NA,0,D-1,LINCOLN AV,MAGNOLIA AV,340,E,N,A,-,N,NA,NA,NA,NA,NA,NA,NA,NA,NA,Y,3,0,3,4,A,-,03,22350,NA,N,C,C,A,A,H,-,A,A,0,NA,NA,NA,NA,Y,NA,A,01,0,2,1,0,0,0,0,0,0,-,-,33.83222961425781,-117.97628021240234,ORANGE,ANAHEIM,-117.9748764038086,33.832298278808594
90307993,2016,2016-11-01,9670,2016-10-11,0310,021207,NA,2,3,5,3003,0,1,1,NA,2,501,I-5 S/B (SANTA ANA FREEWAY),MAGNOLIA AVE.,528,N,N,A,-,Y,NA,NA,5,NA,NA,NA,NA,NA,S,Y,3,0,1,1,A,-,08,22107,NA,N,E,I,A,A,H,-,C,D,0,NA,NA,NA,NA,Y,NA,A,01,0,1,0,0,0,0,0,0,0,-,-,33.8564,-117.97949,ORANGE,BUENA PARK,-117.9795173,33.85632105
9030826,2019,2020-01-28,3001,2019-12-30,1544,A1410,NA,1,5,7,3001,0,0,0,NA,0,D-3,HARBOR BL,WILKEN WY,37,S,N,B,-,N,NA,NA,NA,NA,NA,NA,NA,NA,NA,N,3,0,1,2,A,-,03,22350,NA,N,C,C,A,A,H,-,A,A,0,NA,NA,NA,NA,Y,NA,A,01,0,1,0,0,0,0,0,0,0,-,-,33.79275894165039,-117.91522216796876,ORANGE,ANAHEIM,-117.91510009765624,33.792869567871094
9030830,2019,2020-02-03,3001,2019-12-04,0733,A1032,NA,3,5,7,3001,0,0,0,NA,0,D-1,ORANGE AV,KNOTT AV,9,E,N,B,C,N,NA,NA,NA,NA,NA,NA,NA,NA,NA,N,4,0,1,2,A,-,11,21456,B,N,G,B,B,B,H,-,A,A,0,Y,NA,NA,NA,Y,NA,N,60,0,0,1,0,1,0,0,0,0,-,-,33.824710845947266,-118.01087951660156,ORANGE,ANAHEIM,-118.01084899902344,33.824581146240234
9030933,2019,2020-01-28,3001,2019-11-21,2318,A1047,NA,4,5,7,3001,0,0,0,NA,0,0D2,LINCOLN AV,EAST ST,528,E,N,A,-,N,NA,NA,NA,NA,NA,NA,NA,NA,NA,Y,3,0,1,5,A,-,08,22107,NA,N,B,E,A,A,H,-,C,D,0,NA,NA,NA,NA,Y,NA,A,01,0,1,0,0,0,0,0,0,0,-,-,33.83671951293945,-117.90241241455078,ORANGE,ANAHEIM,-117.90102386474608,33.838470458984375
90312317,2016,2016-11-07,9670,2016-10-18,1415,021286,NA,2,2,5,3003,0,1,1,NA,2,500,I-5 NORTHBOUND (SANTA ANA FWY),ARTESIA BOULEVARD UNDERCROSSING,600,N,N,A,-,Y,NA,NA,5,NA,NA,NA,NA,NA,N,N,4,0,1,2,A,-,03,22350,NA,N,C,C,A,A,H,-,A,D,0,NA,NA,NA,NA,Y,NA,A,08,0,0,1,0,0,0,0,0,0,-,-,33.87468,-118.01138,ORANGE,BUENA PARK,-118.01131739,33.87476894
9031339,2020,2020-03-17,3026,2020-01-03,1443,4991,NA,5,5,6,3026,0,0,0,NA,0,00P,LAGUNA CANYON RD,IRVINE OAKS,15,N,N,A,-,N,NA,NA,NA,NA,NA,NA,NA,NA,NA,N,3,0,1,2,A,-,10,21950,A,N,G,B,B,A,H,-,A,A,0,Y,NA,NA,NA,Y,NA,A,01,0,1,0,0,1,0,0,0,0,-,-,NA,NA,ORANGE,IRVINE,-117.76815032958984,33.659053802490234
9031440,2019,2020-03-03,3001,2019-11-10,2014,A1278,NA,7,5,7,3001,0,0,0,NA,0,D-3,ANAHEIM BL,KATELLA AV,0,NA,Y,A,-,N,NA,NA,NA,NA,NA,NA,NA,NA,NA,Y,2,0,4,5,A,-,01,23152,A,N,D,C,A,A,H,-,C,A,0,NA,NA,NA,NA,Y,Y,A,01,1,2,1,0,0,0,0,0,0,-,-,33.80358123779297,-117.90677642822266,ORANGE,ANAHEIM,-117.90670013427734,33.803428649902344
9031501,2019,2020-01-31,3009,2019-12-15,2310,4747,043,7,5,6,3009,0,0,0,NA,0,1 1,CHAPMAN AV,KNOTT ST,0,NA,Y,A,-,N,NA,NA,NA,NA,NA,NA,NA,NA,NA,Y,4,0,1,2,D,-,00,NA,NA,N,D,C,A,A,H,-,A,A,0,NA,NA,NA,NA,Y,NA,-,-,0,0,1,0,0,0,0,0,0,-,-,NA,NA,ORANGE,GARDEN GROVE,-118.01113128662108,33.788299560546875
90315447,2016,2016-11-09,9675,2016-10-31,0735,019171,NA,1,1,6,3026,0,1,1,NA,2,504,I-5 N/B (SANTA ANA FWY),CULVER DR,100,S,N,B,-,Y,NA,NA,5,NA,NA,NA,NA,NA,N,N,4,0,1,3,A,-,03,22350,NA,N,C,C,A,A,H,-,A,D,0,NA,NA,NA,NA,Y,NA,A,01,0,0,1,0,0,0,0,0,0,-,-,33.711,-117.78277,ORANGE,IRVINE,-117.78289585,33.71087002
90315593,2016,2016-11-09,9670,2016-11-01,1108,012956,NA,2,1,4,3020,0,1,1,NA,2,044,I-405 NORTHBOUND (SAN DIEGO FREEWAY),BOLSA CHICA ROAD,2873,N,N,A,-,Y,NA,NA,405,NA,NA,NA,NA,NA,N,Y,4,0,1,5,A,-,03,22350,NA,N,C,C,A,A,H,-,A,D,0,NA,NA,NA,Y,Y,NA,F,27,0,0,1,0,0,0,0,0,0,-,-,33.77456,-118.04906,ORANGE,SEAL BEACH,-118.04905971,33.77447484
90316191,2016,2016-11-10,9670,2016-11-07,1235,016209,NA,1,1,6,3009,0,1,3,NA,2,024,SR-22 E/B (GARDEN GROVE FREEWAY),PEARCE ST. PEDESTRIAN OVERCROSSING,2450,E,N,A,-,Y,NA,NA,22,NA,NA,NA,NA,NA,E,Y,4,0,1,2,A,-,03,22350,NA,N,C,C,A,A,H,-,A,D,0,NA,NA,NA,NA,Y,NA,A,01,0,0,1,0,0,0,0,0,0,-,-,33.77382,-117.90566,ORANGE,GARDEN GROVE,-117.90572867,33.7739525
9031652,2019,2020-02-14,3000,2019-12-18,1344,2849,862B5,3,5,5,3050,0,0,0,NA,0,764,BAKE PKWY,TOWN CENTER DR,0,NA,Y,B,-,N,NA,NA,NA,NA,NA,NA,NA,NA,NA,Y,3,0,2,2,A,-,12,21453,A,N,D,C,A,A,H,-,A,A,0,NA,NA,NA,Y,Y,NA,A,07,0,1,1,0,0,0,0,0,0,-,-,NA,NA,ORANGE,LAKE FOREST,-117.6643524169922,33.67502975463867
90318710,2016,2016-11-14,9675,2016-10-20,2107,019492,NA,4,2,7,3019,0,1,3,NA,2,551,SR-55 NORTHBOUND,17TH ST,600,N,N,A,-,Y,NA,NA,NA,NA,NA,NA,NA,NA,NA,N,4,0,1,2,A,-,13,22515,A,N,G,B,A,A,H,-,C,D,0,NA,NA,NA,NA,Y,NA,A,07,0,0,1,0,0,0,0,0,0,-,-,33.78476,-117.83119,ORANGE,SANTA ANA,NA,NA
90319386,2016,2016-11-15,9670,2016-11-11,1820,015587,NA,5,2,5,3007,0,1,1,NA,2,040,I-405 N/B (SAN DIEGO FREEWAY),TALBERT AVE.,528,N,N,A,-,Y,NA,NA,405,NA,NA,NA,NA,NA,N,Y,4,0,1,3,A,-,03,22350,NA,N,C,C,A,A,H,-,D,D,0,NA,NA,NA,NA,Y,NA,A,01,0,0,1,0,0,0,0,0,0,-,-,33.70276,-117.9509,ORANGE,FOUNTAIN VALLEY,-117.95091401,33.70273993
90326708,2016,2016-11-21,9675,2016-11-17,0900,015041,NA,4,1,7,3001,0,1,3,NA,2,572,SR-57 NORTHBOUND,SOUTH ST,30,S,N,A,-,Y,NA,NA,57,NA,NA,NA,NA,NA,N,Y,4,0,2,2,A,-,08,22107,NA,N,D,C,A,A,H,-,A,D,0,NA,NA,NA,NA,Y,NA,D,22,0,0,2,0,0,0,0,0,0,-,-,33.83259,-117.87596,ORANGE,ANAHEIM,-117.87593256,33.83258981
90327383,2016,2016-11-22,9675,2016-11-14,1515,021297,NA,1,2,6,3015,0,1,3,NA,2,550,SR-55 NORTHBOUND,LINCOLN AVE,500,S,N,A,-,Y,NA,NA,55,NA,NA,NA,NA,NA,N,Y,4,0,1,2,A,-,03,22350,NA,N,C,C,A,A,H,-,A,D,0,NA,NA,NA,NA,Y,NA,A,08,0,0,1,0,0,0,0,0,0,-,-,33.83013,-117.83413,ORANGE,ORANGE,-117.83395863,33.83021691
90327714,2016,2016-11-22,9670,2016-11-10,0735,019290,NA,4,1,5,3003,0,1,3,NA,2,091,SR-91 W/B (RIVERSIDE FWY),KNOTT AVE,1550,W,N,A,-,Y,NA,NA,NA,NA,NA,NA,NA,NA,NA,Y,4,0,2,3,A,-,03,22350,NA,N,C,C,A,A,H,-,A,D,0,NA,NA,NA,Y,Y,NA,G,27,0,0,2,0,0,0,0,0,0,-,-,33.85614,-118.61656,ORANGE,BUENA PARK,-118.01636382,33.8560666
90328147,2016,2016-11-23,9675,2016-11-12,1721,021224,NA,6,2,6,3026,0,1,1,NA,2,503,I-5 NORTHBOUND,CULVER DR,2000,S,N,A,-,Y,NA,NA,5,NA,NA,NA,NA,NA,N,Y,3,0,1,2,A,-,03,22350,NA,F,C,C,A,A,H,-,C,D,0,NA,NA,NA,NA,Y,NA,A,01,0,1,0,0,0,0,0,0,0,-,-,33.70623,-117.77885,ORANGE,IRVINE,-117.77885617,33.70622572
90328528,2016,2016-11-23,9690,2016-11-21,1705,018296,NA,1,2,5,3028,0,1,1,NA,2,056,I-5 N/B (SAN DIEGO FRWY),CROWN VALLEY PKWY,130,N,N,B,-,Y,NA,NA,5,NA,NA,NA,NA,NA,N,N,4,0,1,2,A,-,03,22350,NA,N,C,C,A,A,H,-,B,D,0,NA,NA,NA,NA,Y,NA,A,01,0,0,1,0,0,0,0,0,0,-,-,33.55937,-117.67285,ORANGE,MISSION VIEJO,-117.67288,33.55937099
90335482,2016,2016-12-02,9690,2016-11-27,2309,020629,NA,7,3,9,3000,0,1,3,NA,1,074,SR 74 W/B (ORTEGA HWY),RADIO TOWER RD.,1848,W,N,B,-,Y,NA,NA,74,NA,NA,NA,NA,NA,W,Y,4,0,1,2,A,-,03,22350,NA,M,C,C,A,A,H,-,D,D,0,NA,NA,NA,NA,Y,NA,-,99,0,0,1,0,0,0,0,0,0,-,-,33.5152,-117.5896,ORANGE,UNINCORPORATED,-117.58960172,33.51519363
90336424,2016,2016-12-05,9675,2016-11-19,0935,019618,NA,6,1,9,3000,0,2,4,NA,2,034,SANTIAGO CANYON RD. N/B,HAUL RD.,200,N,N,A,-,Y,NA,NA,NA,NA,NA,NA,NA,NA,NA,N,4,0,1,2,A,-,17,21208,B,N,B,G,A,A,H,-,A,D,0,NA,Y,NA,NA,Y,NA,L,04,0,0,1,0,0,0,1,0,0,-,-,33.7632,-117.71233,ORANGE,UNINCORPORATED,NA,NA