CASE_ID,ACCIDENT_YEAR,PROC_DATE,JURIS,COLLISION_DATE,COLLISION_TIME,OFFICER_ID,REPORTING_DISTRICT,DAY_OF_WEEK,CHP_SHIFT,POPULATION,CNTY_CITY_LOC,SPECIAL_COND,BEAT_TYPE,CHP_BEAT_TYPE,CITY_DIVISION_LAPD,CHP_BEAT_CLASS,BEAT_NUMBER,PRIMARY_RD,SECONDARY_RD,DISTANCE,DIRECTION,INTERSECTION,WEATHER_1,WEATHER_2,STATE_HWY_IND,CALTRANS_COUNTY,CALTRANS_DISTRICT,STATE_ROUTE,ROUTE_SUFFIX,POSTMILE_PREFIX,POSTMILE,LOCATION_TYPE,RAMP_INTERSECTION,SIDE_OF_HWY,TOW_AWAY,COLLISION_SEVERITY,NUMBER_KILLED,NUMBER_INJURED,PARTY_COUNT,PRIMARY_COLL_FACTOR,PCF_CODE_OF_VIOL,PCF_VIOL_CATEGORY,PCF_VIOLATION,PCF_VIOL_SUBSECTION,HIT_AND_RUN,TYPE_OF_COLLISION,MVIW,PED_ACTION,ROAD_SURFACE,ROAD_COND_1,ROAD_COND_2,LIGHTING,CONTROL_DEVICE,CHP_ROAD_TYPE,PEDESTRIAN_ACCIDENT,BICYCLE_ACCIDENT,MOTORCYCLE_ACCIDENT,TRUCK_ACCIDENT,NOT_PRIVATE_PROPERTY,ALCOHOL_INVOLVED,STWD_VEHTYPE_AT_FAULT,CHP_VEHTYPE_AT_FAULT,COUNT_SEVERE_INJ,COUNT_VISIBLE_INJ,COUNT_COMPLAINT_PAIN,COUNT_PED_KILLED,COUNT_PED_INJURED,COUNT_BICYCLIST_KILLED,COUNT_BICYCLIST_INJURED,COUNT_MC_KILLED,COUNT_MC_INJURED,PRIMARY_RAMP,SECONDARY_RAMP,LATITUDE,LONGITUDE,COUNTY,CITY,POINT_X,POINT_Y
9045713,2020,2020-06-09,3010,2020-02-03,1111,1059,272,1,5,6,3010,0,0,0,NA,0,006,WARNER AV,ASH LN,266,E,N,A,-,N,NA,NA,NA,NA,NA,NA,NA,NA,NA,Y,4,0,2,2,A,-,09,21801,A,N,D,C,A,A,H,-,A,D,0,NA,NA,NA,NA,Y,NA,D,22,0,0,2,0,0,0,0,0,0,-,-,NA,NA,ORANGE,HUNTINGTON BEACH,-117.9912109375,33.715660095214844
90457611,2017,2017-05-17,9675,2017-05-06,2135,021225,NA,6,2,7,3001,0,1,3,NA,2,093,SR-91 EASTBOUND,PLACENTIA AVE,500,W,N,B,-,Y,NA,NA,91,NA,NA,NA,NA,NA,E,N,4,0,1,2,A,-,07,21658,A,N,C,C,A,B,H,-,D,D,0,NA,NA,NA,NA,Y,Y,A,01,0,0,1,0,0,0,0,0,0,-,-,33.85375,-117.88585,ORANGE,ANAHEIM,-117.8858559,33.85372459
90458915,2017,2017-05-18,9675,2017-05-09,2223,018272,NA,2,3,6,3008,0,1,3,NA,2,571,SR-57 S/B (ORANGE FREEWAY),YORBA LINDA BLVD,500,S,N,A,-,Y,NA,NA,57,NA,NA,NA,NA,NA,S,Y,4,0,1,4,A,-,03,22350,NA,N,C,C,A,A,D,-,C,D,0,NA,NA,NA,NA,Y,NA,A,01,0,0,1,0,0,0,0,0,0,-,-,33.88728,-117.88085,ORANGE,FULLERTON,-117.88070885,33.88728319
9046267,2020,2020-05-28,3004,2020-02-02,1544,P683,08,7,5,6,3004,0,0,0,NA,0,015,VICTORIA ST,VALLEY RD,13,E,N,A,-,N,NA,NA,NA,NA,NA,NA,NA,NA,NA,N,4,0,1,2,D,-,00,NA,NA,N,B,C,A,A,H,-,A,A,0,NA,NA,NA,NA,Y,NA,-,-,0,0,1,0,0,0,0,0,0,-,-,33.65222930908203,-117.94637298583984,ORANGE,COSTA MESA,-117.94627380371094,33.652191162109375
90463291,2017,2017-05-25,9670,2017-05-19,0940,021670,NA,5,1,4,3020,0,1,1,NA,2,044,I-405 N/B,7TH STREETOVERCROSSING,800,S,N,A,-,Y,NA,NA,405,NA,NA,NA,NA,NA,N,Y,3,0,1,2,A,-,03,22350,NA,N,F,A,A,A,H,-,A,D,0,NA,NA,Y,NA,Y,NA,C,02,0,1,0,0,0,0,0,0,1,-,-,33.77466,-118.08472,ORANGE,SEAL BEACH,-118.08472306,33.77464306
90463455,2017,2017-05-25,9690,2017-05-19,0257,018646,NA,5,3,9,3000,0,1,1,NA,2,057,SR-73 S/B TO SR-133,SR 133 (LAGUNA CANYON ROAD),15,N,N,A,-,Y,NA,NA,73,NA,NA,NA,R,NA,S,N,4,0,1,2,A,-,03,22350,NA,F,C,C,A,A,H,-,A,A,0,NA,NA,NA,NA,Y,NA,A,01,0,0,1,0,0,0,0,0,0,-,-,33.59143,-117.75949,ORANGE,UNINCORPORATED,-117.75949,33.59143
90465309,2017,2017-05-26,9675,2017-05-24,0513,015927,NA,3,3,7,3001,0,1,3,NA,2,093,SR-91 EASTBOUND,LAKEVIEW AVE,3696,E,N,B,-,Y,NA,NA,91,NA,NA,NA,NA,NA,E,Y,4,0,1,2,A,-,04,21703,NA,N,C,C,A,A,H,-,C,D,0,NA,NA,NA,NA,Y,NA,A,01,0,0,1,0,0,0,0,0,0,-,-,33.84735,-117.81867,ORANGE,ANAHEIM,-117.81858931,33.84722356
90465739,2017,2017-05-26,9675,2017-05-26,1218,015927,NA,5,1,6,3004,0,1,1,NA,2,405,I-405 NORTHBOUND,SANTA ANA RIVER,300,S,N,B,-,Y,NA,NA,405,NA,NA,NA,NA,NA,N,N,4,0,1,2,A,-,03,22350,NA,N,C,C,A,A,H,-,A,D,0,NA,NA,NA,NA,Y,NA,A,01,0,0,1,0,0,0,0,0,0,-,-,33.69422,-117.93154,ORANGE,COSTA MESA,-117.9314954,33.69432587
90467552,2017,2017-05-30,9690,2017-05-29,2025,018432,NA,1,2,5,3028,0,1,1,NA,2,056,I-5 S/B (SAN DIEGO FRWY),AVERY PKWY,2271,N,N,B,-,Y,NA,NA,5,NA,NA,NA,NA,NA,S,Y,2,0,1,2,A,-,01,23152,A,N,C,C,A,A,H,-,C,D,0,NA,NA,NA,NA,Y,Y,A,01,1,0,0,0,0,0,0,0,0,-,-,33.55486,-117.67324,ORANGE,MISSION VIEJO,-117.67307674,33.55486422
90468945,2017,2017-06-01,9675,2017-05-19,0920,019942,NA,5,1,6,3026,0,1,1,NA,2,504,I-5 NORTHBOUND,BAKE PKWY,200,S,N,A,-,Y,NA,NA,NA,NA,NA,NA,NA,NA,NA,Y,4,0,1,2,A,-,03,22350,NA,N,E,J,A,A,C,-,A,D,0,NA,NA,NA,NA,Y,NA,A,07,0,0,1,0,0,0,0,0,0,-,-,33.57845,-117.90866,ORANGE,IRVINE,-117.73001475,33.63857486
9046903,2020,2020-06-08,3001,2020-02-07,1553,2524,NA,5,5,7,3001,0,0,0,NA,0,0D3,N ANAHEIM WY,EAST ORANGEWOOD AV,0,NA,Y,A,-,N,NA,NA,NA,NA,NA,NA,NA,NA,NA,N,3,0,1,2,A,-,09,21453,B,M,D,C,A,A,H,-,A,A,0,NA,NA,NA,NA,Y,NA,A,01,0,1,0,0,0,0,0,0,0,-,-,NA,NA,ORANGE,ANAHEIM,-117.89396667480467,33.796241760253906
90469753,2017,2017-06-05,9675,2017-05-24,1420,018539,NA,3,2,6,3008,0,1,3,NA,2,570,SR-57 S/B,YORBA LINDA BLVD,1800,N,N,A,-,Y,NA,NA,57,NA,NA,NA,NA,NA,S,Y,4,0,1,3,A,-,03,22350,NA,N,C,C,A,A,H,-,A,D,0,NA,NA,NA,Y,Y,NA,G,25,0,0,1,0,0,0,0,0,0,-,-,33.8942,-117.88074,ORANGE,FULLERTON,-117.88089887,33.89419066
90469778,2017,2017-06-02,9675,2017-06-01,1505,018832,NA,4,2,7,3019,0,1,1,NA,2,503,I-5 S/B,FIRST ST,300,S,N,A,-,Y,NA,NA,5,NA,NA,NA,NA,NA,S,N,4,0,2,2,A,-,03,22350,NA,N,C,C,A,A,H,-,A,D,0,NA,NA,NA,NA,Y,NA,A,01,0,0,2,0,0,0,0,0,0,-,-,33.74355,-117.84114,ORANGE,SANTA ANA,-117.8410788,33.74362765
90469988,2017,2017-06-02,9675,2017-05-20,0836,016748,NA,6,1,6,3008,0,1,3,NA,2,571,SR-57 NORTHBOUND,CHAPMAN AVE,1400,S,N,A,-,Y,NA,NA,NA,NA,NA,NA,NA,NA,NA,Y,4,0,1,3,A,-,03,22350,NA,F,C,C,A,A,H,-,A,D,0,NA,NA,NA,NA,Y,NA,-,99,0,0,1,0,0,0,0,0,0,-,-,33.52124,-117.52467,ORANGE,FULLERTON,-117.8803,33.87408
90470664,2017,2017-06-05,9675,2017-05-29,1324,015927,NA,1,1,6,3008,0,1,3,NA,2,571,SR-57 SOUTHBOUND,CHAPMAN AVENUE,150,N,N,A,-,Y,NA,NA,57,NA,NA,NA,NA,NA,S,Y,3,0,2,2,A,-,08,22107,NA,N,B,C,A,A,H,-,A,D,0,NA,NA,NA,NA,Y,NA,D,22,0,2,0,0,0,0,0,0,0,-,-,33.87476,-117.8805,ORANGE,FULLERTON,-117.88051757,33.87476039
90473179,2017,2017-06-07,9670,2017-05-31,1905,021585,NA,3,2,4,3020,0,1,3,NA,2,021,SR-22 W/B (GARDEN GROVE FWY.),SAN GABRIEL RIVER UNDERCROSSING,1056,E,N,A,-,Y,NA,NA,22,NA,NA,NA,NA,NA,W,Y,4,0,1,3,A,-,08,22107,NA,N,E,I,A,A,H,-,A,D,0,NA,NA,NA,NA,Y,NA,A,07,0,0,1,0,0,0,0,0,0,-,-,33.77456,-118.09412,ORANGE,SEAL BEACH,-118.09411277,33.77444911
90476709,2017,2017-06-13,9670,2017-04-22,0325,021210,NA,6,3,6,3008,0,1,3,NA,2,094,SR-91 E/B,EAST ST,2112,W,N,A,-,Y,NA,NA,NA,NA,NA,NA,NA,NA,NA,Y,3,0,1,2,A,-,03,22350,NA,N,C,C,A,A,H,-,C,D,0,NA,NA,NA,NA,Y,NA,D,22,0,1,0,0,0,0,0,0,0,-,-,33.85368,-117.9126,ORANGE,FULLERTON,-117.91365948,33.85371077
90480920,2017,2017-06-19,9670,2017-06-16,1700,021282,NA,5,2,5,3003,0,1,3,NA,2,091,SR-91 W/B,KNOTT AVE,80,E,N,A,-,Y,NA,NA,91,NA,NA,NA,NA,NA,W,Y,4,0,1,3,A,-,03,22350,NA,N,C,C,A,A,H,-,A,D,0,NA,NA,NA,NA,Y,NA,A,01,0,0,1,0,0,0,0,0,0,-,-,33.85646,-118.00654,ORANGE,BUENA PARK,-118.00653867,33.85611886
90482399,2017,2017-06-21,9675,2017-06-15,1340,016923,NA,4,1,9,3000,0,1,3,NA,2,241,SR-241 S/B,SANTIAGO CREEK,2050,N,N,A,-,Y,NA,NA,241,NA,NA,NA,NA,NA,S,Y,3,0,1,1,A,-,08,22107,NA,N,E,I,A,A,H,-,A,D,0,NA,NA,NA,NA,Y,NA,A,07,0,1,0,0,0,0,0,0,0,-,-,33.79769,-117.7276,ORANGE,UNINCORPORATED,-117.72788873,33.79792244
90482664,2017,2017-06-21,9670,2017-06-13,0700,013970,NA,2,1,6,3010,0,1,1,NA,2,042,I-405 N/B,BEACH BLVD,750,N,N,A,-,Y,NA,NA,405,NA,NA,NA,NA,NA,N,Y,4,0,3,4,A,-,03,22350,NA,N,C,C,A,A,H,-,A,D,0,NA,NA,NA,NA,Y,NA,A,08,0,0,3,0,0,0,0,0,0,-,-,33.73398,-117.9908,ORANGE,HUNTINGTON BEACH,-117.99085146,33.73390466
90482749,2017,2017-06-21,9690,2017-06-20,1354,014329,NA,2,1,5,3028,0,1,1,NA,2,056,I-5 N/B (SAN DIEGO FRWY),OSO PKWY,1200,S,N,A,-,Y,NA,NA,NA,NA,NA,NA,NA,NA,NA,Y,4,0,1,2,A,-,03,22350,NA,N,C,C,A,A,H,-,A,D,0,NA,NA,NA,NA,Y,NA,A,01,0,0,1,0,0,0,0,0,0,-,-,33.57993,-117.66932,ORANGE,MISSION VIEJO,-117.67162,33.58003
9048683,2019,2020-02-25,3001,2019-11-18,0543,A1047,NA,1,5,7,3001,0,0,0,NA,0,0D1,BALL RD,WESTVALE DR,21,E,N,A,-,N,NA,NA,NA,NA,NA,NA,NA,NA,NA,NA,4,0,1,1,A,-,05,21650,NA,M,E,I,A,A,H,-,B,D,0,NA,NA,NA,NA,Y,NA,A,07,0,0,1,0,0,0,0,0,0,-,-,33.817359924316406,-118.00772857666016,ORANGE,ANAHEIM,-118.00749206542967,33.817291259765625
9048691,2019,2020-02-25,3001,2019-11-07,1152,A2194,NA,4,5,7,3001,0,0,0,NA,0,0D3,HARBOR BL,ORANGEWOOD AV,28,N,N,A,-,N,NA,NA,NA,NA,NA,NA,NA,NA,NA,NA,4,0,1,2,A,-,03,22350,NA,M,C,C,A,A,H,-,A,C,0,NA,NA,NA,NA,Y,NA,A,07,0,0,1,0,0,0,0,0,0,-,-,33.795860290527344,-117.91525268554688,ORANGE,ANAHEIM,-117.91519165039063,33.796146392822266
9048710,2020,2020-03-19,3001,2020-01-08,0912,A1880,NA,3,5,7,3001,0,0,0,NA,0,0D3,KATELLA AV,AUBURN WY,0,NA,Y,A,-,N,NA,NA,NA,NA,NA,NA,NA,NA,NA,N,4,0,1,3,D,-,00,NA,NA,N,D,C,A,A,H,-,A,A,0,NA,NA,NA,NA,Y,NA,-,-,0,0,1,0,0,0,0,0,0,-,-,NA,NA,ORANGE,ANAHEIM,-117.89356994628906,33.803348541259766
9048795,2020,2020-06-04,3015,2020-01-24,1148,1507,RD12,5,5,6,3015,0,0,0,NA,0,721M,TOWN AND COUNTRY RD,RT 22,335,W,N,A,-,N,NA,NA,NA,NA,NA,NA,NA,NA,NA,Y,4,0,3,2,A,-,09,21804,A,N,D,C,A,A,A,H,A,D,0,NA,NA,NA,NA,Y,NA,A,01,0,0,3,0,0,0,0,0,0,-,EF,33.776161193847656,-117.86345672607422,ORANGE,ORANGE,NA,NA
90488239,2017,2017-06-27,9675,2017-06-13,1140,013308,NA,2,1,7,3001,0,1,3,NA,2,093,SR-91 WESTBOUND,IMPERIAL HIGHWAY,2500,W,N,A,-,Y,NA,NA,91,NA,NA,NA,NA,NA,W,N,4,0,1,3,A,-,03,22350,NA,N,C,C,A,A,H,-,A,D,0,NA,NA,NA,NA,Y,NA,D,22,0,0,1,0,0,0,0,0,0,-,-,33.85451,-117.8053,ORANGE,ANAHEIM,-117.80529265,33.8546541
90488866,2017,2017-06-27,9670,2017-06-22,0010,021180,NA,4,3,5,3024,0,1,3,NA,2,390,SR-39 ( BEACH BLVD.) S/B,MCFADDEN AVE,0,NA,Y,B,-,Y,NA,NA,39,NA,NA,NA,NA,NA,S,Y,3,0,1,2,A,-,12,21453,A,N,D,C,A,A,H,-,C,A,0,NA,NA,NA,NA,Y,NA,A,01,0,1,0,0,0,0,0,0,0,-,-,33.73772,-117.98984,ORANGE,WESTMINSTER,-117.98954496,33.7377247
90489640,2017,2017-06-28,9675,2017-06-23,1320,016748,NA,5,1,6,3008,0,1,3,NA,2,571,SR-57 SOUTHBOUND,CHAPMAN AVE,100,N,N,A,-,Y,NA,NA,NA,NA,NA,NA,NA,NA,NA,N,4,0,1,2,A,-,03,22350,NA,N,C,C,A,A,H,-,A,D,0,NA,NA,NA,Y,Y,NA,F,26,0,0,1,0,0,0,0,0,0,-,-,33.52286,-117.525,ORANGE,FULLERTON,-117.88051513,33.87453409
9049065,2020,2020-09-24,3008,2020-01-01,0930,1147,ZONE1,3,5,6,3008,0,0,0,NA,0,NA,BROOKHURST RD,RT 91,0,NA,Y,A,-,Y,ORA,12,91,-,-,1.406,R,4,W,Y,4,0,2,2,A,-,12,21453,A,N,D,C,A,A,H,-,A,A,0,NA,NA,NA,NA,Y,NA,A,01,0,0,2,0,0,0,0,0,0,-,-,NA,NA,ORANGE,FULLERTON,-117.95645141601563,33.854042053222656
90491004,2017,2017-06-29,9675,2017-06-21,1725,021483,NA,3,2,7,3001,0,1,3,NA,2,093,SR-91 EASTBOUND,TUSTIN AVE,150,E,N,A,-,Y,NA,NA,91,NA,NA,NA,NA,NA,E,Y,4,0,1,2,A,-,07,21658,A,N,B,C,A,A,H,-,A,D,0,NA,NA,Y,NA,Y,NA,A,07,0,0,1,0,0,0,0,0,1,-,-,33.85092,-117.83744,ORANGE,ANAHEIM,-117.83745962,33.8508681
90491236,2017,2017-06-30,9675,2017-06-16,1210,014751,NA,5,1,6,3026,0,1,1,NA,2,406,I-405 SOUTHBOUND,CULVER DR,3000,S,N,A,-,Y,NA,NA,405,NA,NA,NA,NA,NA,S,Y,4,0,1,3,A,-,03,22350,NA,N,C,C,A,A,H,-,A,D,0,NA,NA,NA,Y,Y,NA,F,26,0,0,1,0,0,0,0,0,0,-,-,33.66434,-117.80391,ORANGE,IRVINE,-117.80388212,33.66453771
90493174,2017,2017-07-03,9690,2017-06-29,1313,018840,NA,4,1,5,3017,0,1,1,NA,2,059,I-5 N/B (SAN DIEGO FRWY),AVENIDA PALIZADA,50,N,N,A,-,Y,NA,NA,5,NA,NA,NA,NA,NA,N,Y,4,0,3,5,A,-,03,22350,NA,F,C,C,A,A,D,H,A,D,0,NA,NA,NA,NA,Y,NA,A,07,0,0,3,0,0,0,0,0,0,-,-,33.43135,-117.6143,ORANGE,SAN CLEMENTE,-117.61444852,33.43117429
9049345,2020,2020-03-05,3009,2020-01-21,1859,4087,145,2,5,6,3009,0,0,0,NA,0,2-3,TRASK AV,LEDA ST,5,E,N,A,-,N,NA,NA,NA,NA,NA,NA,NA,NA,NA,N,4,0,1,2,A,-,03,22350,NA,N,H,C,A,A,H,-,C,A,0,NA,Y,NA,NA,Y,NA,A,01,0,0,1,0,0,0,1,0,0,-,-,NA,NA,ORANGE,GARDEN GROVE,-117.91607666015624,33.76710891723633
90493741,2017,2017-07-05,9670,2017-07-01,1525,021242,NA,6,2,7,3001,0,1,1,NA,2,502,I-5 N/B,BROOKHURST ST,1584,S,N,A,-,Y,NA,NA,5,NA,NA,NA,NA,NA,N,Y,4,0,1,2,A,-,03,22350,NA,N,B,J,A,A,H,-,A,D,0,NA,NA,NA,Y,Y,NA,A,01,0,0,1,0,0,0,0,0,0,-,-,33.84124,-117.95125,ORANGE,ANAHEIM,-117.95126934,33.84120444
9049540,2020,2020-05-29,3000,2020-02-11,0758,5489,921E7,2,5,4,3049,0,0,0,NA,0,782,WOLVERINE WY,ALISO CREEK RD,312,E,N,A,-,N,NA,NA,NA,NA,NA,NA,NA,NA,NA,N,3,0,1,2,A,-,03,22350,NA,N,B,G,A,A,H,-,A,D,0,NA,Y,NA,NA,Y,NA,L,04,0,1,0,0,0,0,1,0,0,-,-,NA,NA,ORANGE,ALISO VIEJO,-117.72404479980467,33.563838958740234
90496216,2017,2017-07-07,9675,2017-06-23,1820,021406,NA,5,2,7,3019,0,1,3,NA,2,552,SR-55 N/B,MACARTHUR BLVD,300,N,N,A,-,Y,NA,NA,NA,NA,NA,NA,NA,NA,NA,Y,4,0,1,3,A,-,08,22107,NA,F,B,C,A,A,H,-,A,D,0,NA,NA,Y,NA,Y,NA,-,99,0,0,1,0,0,0,0,0,1,-,-,33.41574,-117.51386,ORANGE,SANTA ANA,-117.86070405,33.69919795
90499618,2017,2017-07-13,9670,2017-07-07,1325,017951,NA,5,1,4,3020,0,1,1,NA,2,440,I-405 NORTHBOUND (SAN DIEGO FREEWAY),SEAL BEACH BOULEVARD,423,N,N,A,-,Y,NA,NA,405,NA,NA,NA,NA,NA,N,Y,3,0,2,4,A,-,03,22350,NA,N,C,C,A,A,H,-,A,D,0,NA,NA,NA,NA,Y,NA,A,07,0,2,0,0,0,0,0,0,0,-,-,33.77434,-118.07673,ORANGE,SEAL BEACH,-118.07672844,33.77451796
90499894,2017,2017-07-13,9675,2017-07-04,0430,021349,NA,2,3,6,3026,0,1,3,NA,2,130,SR-133 N/B,MARINE WAY,50,N,N,A,-,Y,NA,NA,133,NA,NA,NA,NA,NA,N,Y,3,0,1,1,A,-,01,23152,A,N,E,I,A,A,H,-,B,D,0,NA,NA,NA,NA,Y,Y,A,01,0,1,0,0,0,0,0,0,0,-,-,33.67481,-117.75297,ORANGE,IRVINE,-117.75308025,33.67484735
90500506,2017,2017-07-14,9670,2017-07-03,2240,021282,NA,1,3,5,3024,0,1,3,NA,2,023,SR-22 W/B TO HASTER ST,HASTER ST,0,NA,N,A,-,Y,NA,NA,NA,NA,NA,NA,NA,NA,NA,Y,4,0,1,2,A,-,03,22350,NA,N,C,C,A,A,H,-,C,A,0,NA,NA,NA,NA,Y,NA,A,01,0,0,1,0,0,0,0,0,0,-,-,33.77594,-117.90593,ORANGE,WESTMINSTER,NA,NA
90501780,2017,2017-07-17,9675,2017-07-07,2338,019897,NA,5,3,4,3002,0,1,3,NA,2,570,SR-57 SOUTHBOUND,IMPERIAL HIGHWAY,450,S,N,A,-,Y,NA,NA,57,NA,NA,NA,NA,NA,S,Y,4,0,2,2,A,-,03,22350,NA,N,C,C,A,A,H,-,C,D,0,NA,NA,NA,NA,Y,NA,A,01,0,0,2,0,0,0,0,0,0,-,-,33.90872,-117.88304,ORANGE,BREA,-117.88304686,33.90871546
90501811,2017,2017-07-17,9670,2017-07-09,1150,019290,NA,7,1,4,3020,0,1,1,NA,2,045,I-405 S/B (SAN DIEGO FWY),SEAL BEACH BLVD,2640,S,N,A,-,Y,NA,NA,405,NA,NA,NA,NA,NA,S,Y,4,0,2,3,A,-,03,22350,NA,N,C,C,A,A,H,-,A,D,0,NA,NA,NA,NA,Y,NA,A,07,0,0,2,0,0,0,0,0,0,-,-,33.77425,-118.06225,ORANGE,SEAL BEACH,-118.06224986,33.77423812
90503670,2017,2017-07-19,9675,2017-07-07,1122,016748,NA,5,1,4,3002,0,1,3,NA,2,570,SR-57 SOUTHBOUND,BIRCH ST,100,N,N,A,-,Y,NA,NA,NA,NA,NA,NA,NA,NA,NA,N,4,0,1,2,A,-,03,22350,NA,N,C,C,A,A,H,-,A,D,0,NA,NA,NA,NA,Y,NA,A,01,0,0,1,0,0,0,0,0,0,-,-,33.5506,-117.52512,ORANGE,BREA,-117.88098718,33.91819299
90503778,2017,2017-07-19,9675,2017-07-10,1345,021691,NA,1,1,5,3022,0,1,1,NA,2,503,I-5 NORTHBOUND,RED HILL AVE,600,S,N,A,-,Y,NA,NA,5,NA,NA,NA,NA,NA,N,N,4,0,1,2,A,-,03,22350,NA,N,C,C,A,A,H,-,A,D,0,NA,NA,NA,NA,Y,NA,A,08,0,0,1,0,0,0,0,0,0,-,-,33.73236,-117.81334,ORANGE,TUSTIN,-117.81338538,33.73229233
90503907,2017,2017-07-19,9670,2017-07-14,0845,015207,NA,5,1,5,3003,0,1,3,NA,2,092,SR-91 E/B,BEACH BLVD,1056,W,N,A,-,Y,NA,NA,91,NA,NA,NA,NA,NA,E,Y,4,0,2,2,A,-,03,22350,NA,N,C,C,A,A,H,-,A,D,0,NA,NA,NA,NA,Y,NA,I,10,0,0,2,0,0,0,0,0,0,-,-,33.85586,-117.99968,ORANGE,BUENA PARK,-117.99968121,33.85596855
90503931,2017,2017-07-19,9675,2017-07-08,0950,021349,NA,6,1,5,3014,0,1,3,NA,2,074,SR-73 S/B,MACARTHUR BLVD,1500,N,N,A,-,Y,NA,NA,73,NA,NA,NA,NA,NA,S,Y,4,0,2,2,A,-,03,22350,NA,N,C,C,A,A,H,-,A,D,0,NA,NA,NA,NA,Y,NA,A,01,0,0,2,0,0,0,0,0,0,-,-,33.64834,-117.86145,ORANGE,NEWPORT BEACH,-117.86143311,33.64834382
90504508,2017,2017-07-20,9675,2017-07-08,1505,021327,NA,6,2,7,3001,0,1,3,NA,2,095,SR-91 EASTBOUND,COAL CYN RD,1500,E,N,A,-,Y,NA,NA,91,NA,NA,NA,NA,NA,E,Y,3,0,1,2,A,-,03,22350,NA,N,C,C,A,A,H,-,A,D,0,NA,NA,Y,NA,Y,NA,C,02,0,1,0,0,0,0,0,0,1,-,-,33.87004,-117.68297,ORANGE,ANAHEIM,-117.68293547,33.87012805
90504779,2017,2017-07-20,9675,2017-07-13,1330,020582,NA,4,1,7,3001,0,1,3,NA,2,095,SR-91 E/B,WEIR CYN RD,2500,E,N,A,-,Y,NA,NA,91,NA,NA,NA,NA,NA,E,Y,4,0,1,3,A,-,03,22350,NA,N,C,C,A,A,H,-,A,D,0,NA,NA,NA,NA,Y,NA,A,01,0,0,1,0,0,0,0,0,0,-,-,33.86773,-117.72741,ORANGE,ANAHEIM,-117.72735977,33.86787572
90505097,2017,2017-07-20,9675,2017-07-11,1535,019407,NA,2,2,7,3019,0,1,1,NA,2,520,I-5 N/B,GRAND AVE.,790,S,N,A,-,Y,NA,NA,NA,NA,NA,NA,NA,NA,NA,N,4,0,1,2,A,-,03,22350,NA,N,C,C,A,A,H,-,A,D,0,NA,NA,NA,NA,Y,NA,A,01,0,0,1,0,0,0,0,0,0,-,-,33.46061,-117.50304,ORANGE,SANTA ANA,-117.85183,33.75514
90505332,2017,2017-07-28,9675,2017-07-04,1635,021394,NA,2,2,6,3004,0,1,1,NA,2,405,I-405 SOUTHBOUND,FAIRVIEW RD,1000,S,N,A,-,Y,NA,NA,405,NA,NA,NA,NA,NA,S,Y,3,0,3,2,A,-,08,22107,NA,N,D,C,A,A,H,-,A,D,0,NA,NA,NA,NA,Y,NA,A,01,0,1,2,0,0,0,0,0,0,-,-,33.68756,-117.90443,ORANGE,COSTA MESA,-117.90442678,33.68764952
90506433,2017,2017-07-24,9675,2017-07-14,2058,020699,NA,5,2,5,3022,0,1,3,NA,2,551,SR-55 NORTHBOUND,SANTA CLARA AVE,150,S,N,A,-,Y,NA,NA,55,NA,NA,NA,NA,NA,N,Y,2,0,4,4,C,-,18,NA,NA,N,C,C,A,A,H,-,C,D,0,NA,NA,NA,NA,Y,NA,-,-,1,0,3,0,0,0,0,0,0,-,-,33.76591,-117.8308,ORANGE,TUSTIN,-117.83082191,33.7659101
90506759,2017,2017-07-24,9670,2017-07-15,1150,021679,NA,6,1,6,3008,0,1,3,NA,2,094,SR-91 E/B (RIVERSIDE FREEWAY),EAST ST. U/C,0.3,W,N,A,-,Y,NA,NA,NA,NA,NA,NA,NA,NA,NA,Y,4,0,1,2,A,-,03,22350,NA,F,C,C,A,A,H,-,A,D,0,NA,NA,NA,NA,Y,NA,-,99,0,0,1,0,0,0,0,0,0,-,-,33.5113,-117.54436,ORANGE,FULLERTON,-117.90672099,33.85376
90507920,2017,2017-07-25,9670,2017-07-23,1735,021212,NA,7,2,4,3020,0,1,1,NA,2,450,I-405 S/B,SR-22,528,N,N,A,-,Y,NA,NA,405,NA,NA,NA,NA,NA,S,Y,4,0,1,2,A,-,03,22350,NA,N,C,C,A,A,H,-,A,D,0,NA,NA,NA,NA,Y,NA,A,01,0,0,1,0,0,0,0,0,0,-,-,33.77378,-118.05112,ORANGE,SEAL BEACH,-118.0511226,33.774237
90508404,2017,2017-07-26,9675,2017-07-14,2232,019897,NA,5,3,6,3015,0,1,3,NA,2,222,SR-22 WESTBOUND,I-5 NORTHBOUND,30,W,N,A,-,Y,NA,NA,NA,NA,NA,NA,NA,NA,NA,Y,3,0,1,1,A,-,08,22107,NA,N,E,I,A,A,C,-,C,D,0,NA,NA,NA,NA,Y,NA,A,01,0,1,0,0,0,0,0,0,0,-,-,33.78183,-117.89057,ORANGE,ORANGE,-117.87712849,33.77907
90508978,2017,2017-07-26,9675,2017-07-17,1828,017993,NA,1,2,7,3001,0,1,3,NA,2,093,SR-91 EASTBOUND,PLACENTIA AVE,700,E,N,A,-,Y,NA,NA,91,NA,NA,NA,NA,NA,E,Y,3,0,1,2,A,-,03,22350,NA,N,C,C,A,A,H,-,A,D,0,NA,NA,NA,NA,Y,NA,A,01,0,1,0,0,0,0,0,0,0,-,-,33.85217,-117.88203,ORANGE,ANAHEIM,-117.88197094,33.85230394