CASE_ID,ACCIDENT_YEAR,PROC_DATE,JURIS,COLLISION_DATE,COLLISION_TIME,OFFICER_ID,REPORTING_DISTRICT,DAY_OF_WEEK,CHP_SHIFT,POPULATION,CNTY_CITY_LOC,SPECIAL_COND,BEAT_TYPE,CHP_BEAT_TYPE,CITY_DIVISION_LAPD,CHP_BEAT_CLASS,BEAT_NUMBER,PRIMARY_RD,SECONDARY_RD,DISTANCE,DIRECTION,INTERSECTION,WEATHER_1,WEATHER_2,STATE_HWY_IND,CALTRANS_COUNTY,CALTRANS_DISTRICT,STATE_ROUTE,ROUTE_SUFFIX,POSTMILE_PREFIX,POSTMILE,LOCATION_TYPE,RAMP_INTERSECTION,SIDE_OF_HWY,TOW_AWAY,COLLISION_SEVERITY,NUMBER_KILLED,NUMBER_INJURED,PARTY_COUNT,PRIMARY_COLL_FACTOR,PCF_CODE_OF_VIOL,PCF_VIOL_CATEGORY,PCF_VIOLATION,PCF_VIOL_SUBSECTION,HIT_AND_RUN,TYPE_OF_COLLISION,MVIW,PED_ACTION,ROAD_SURFACE,ROAD_COND_1,ROAD_COND_2,LIGHTING,CONTROL_DEVICE,CHP_ROAD_TYPE,PEDESTRIAN_ACCIDENT,BICYCLE_ACCIDENT,MOTORCYCLE_ACCIDENT,TRUCK_ACCIDENT,NOT_PRIVATE_PROPERTY,ALCOHOL_INVOLVED,STWD_VEHTYPE_AT_FAULT,CHP_VEHTYPE_AT_FAULT,COUNT_SEVERE_INJ,COUNT_VISIBLE_INJ,COUNT_COMPLAINT_PAIN,COUNT_PED_KILLED,COUNT_PED_INJURED,COUNT_BICYCLIST_KILLED,COUNT_BICYCLIST_INJURED,COUNT_MC_KILLED,COUNT_MC_INJURED,PRIMARY_RAMP,SECONDARY_RAMP,LATITUDE,LONGITUDE,COUNTY,CITY,POINT_X,POINT_Y
9470930,2023,2023-10-24,3000,2023-05-16,1632,10495,921G4,2,5,4,3045,0,0,0,NA,0,348,ALICIA PKWY,ROMONA ST,11,W,N,A,-,N,NA,NA,NA,NA,NA,NA,NA,NA,NA,N,4,0,1,2,D,-,00,NA,NA,N,B,D,A,A,H,-,A,D,0,NA,NA,NA,NA,Y,NA,-,-,0,0,1,0,0,0,0,0,0,-,-,NA,NA,ORANGE,LAGUNA HILLS,-117.70868682861328,33.58078384399414
94712414,2025,2025-06-04,9670,2025-05-30,1450,020523,NA,5,2,7,3001,0,1,1,NA,2,501,I-5 S/B,LA PALMA AVE,10,S,N,A,-,Y,ORA,NA,5,NA,NA,40.887,H,NA,L,Y,3,0,1,2,A,-,03,22350,NA,N,C,C,A,A,H,-,A,D,0,NA,NA,Y,NA,Y,NA,C,02,0,1,0,0,0,0,0,0,1,-,-,33.846778869628906,-117.96174621582033,ORANGE,ANAHEIM,-117.96177673339844,33.84674072265625
9471361,2023,2023-11-02,3004,2023-09-18,1557,P462,04,1,5,6,3004,0,0,0,NA,0,015,IRVINE AVE,17TH ST,302,S,N,A,-,N,NA,NA,NA,NA,NA,NA,NA,NA,NA,N,4,0,1,2,A,-,05,21650,NA,N,D,-,A,A,H,-,A,D,0,NA,Y,NA,NA,Y,NA,L,04,0,0,1,0,0,0,1,0,0,-,-,33.62778091430664,-117.90943908691406,ORANGE,COSTA MESA,-117.90925598144533,33.62776565551758
94717755,2025,2025-06-09,9675,2025-06-01,1345,022993,NA,7,1,6,3015,0,1,3,NA,2,222,SR-22 WESTBOUND,MAIN ST,200,E,N,A,-,Y,ORA,NA,22,NA,R,11.057,H,NA,L,N,3,0,2,4,A,-,03,22350,NA,N,C,C,A,A,H,-,A,D,0,NA,NA,NA,NA,Y,NA,D,22,0,2,0,0,0,0,0,0,0,-,-,33.778419494628906,-117.86620330810548,ORANGE,ORANGE,-117.86620330810548,33.778358459472656
9471862,2023,2023-11-01,3009,2023-09-26,1305,4732,124,2,5,6,3009,0,0,0,NA,0,021,SOUTH EUCLID ST,GARDEN GROVE BL,14,S,N,A,-,N,NA,NA,NA,NA,NA,NA,NA,NA,NA,N,3,0,1,3,A,-,08,22107,NA,N,D,C,A,A,H,-,A,D,0,NA,NA,NA,NA,Y,NA,A,01,0,1,0,0,0,0,0,0,0,-,-,NA,NA,ORANGE,GARDEN GROVE,-117.9380111694336,33.77408981323242
94721394,2025,2025-06-11,9675,2025-06-10,945,018087,NA,2,1,6,3026,0,1,1,NA,2,503,I-5 SOUTHBOUND,CULVER DR.,1901,S,N,B,-,Y,ORA,NA,5,NA,R,26.208,H,NA,L,Y,4,0,1,2,A,-,08,22107,NA,N,B,C,A,A,H,-,A,D,0,NA,NA,NA,Y,Y,NA,F,27,0,0,1,0,0,0,0,0,0,-,-,33.705291748046875,-117.7786865234375,ORANGE,IRVINE,-117.77864074707033,33.7053108215332
94722266,2025,2025-10-20,9675,2025-06-05,830,021305,NA,4,1,9,3000,0,1,1,NA,2,405,I-405 NORTHBOUND,RED HILL AVE,1320,S,N,A,-,Y,ORA,NA,405,NA,NA,8.19,H,NA,R,N,4,0,1,2,A,-,07,21658,A,N,B,C,A,A,H,-,A,D,0,NA,NA,NA,NA,Y,NA,A,01,0,0,1,0,0,0,0,0,0,-,-,33.68561935424805,-117.86290740966795,ORANGE,UNINCORPORATED,-117.86297607421876,33.685516357421875
94724167,2025,2025-06-13,9670,2025-06-01,1925,023099,NA,7,2,9,3000,0,3,5,NA,2,004,CAMPUS DR,STONYBROOK DR,0,NA,Y,A,-,N,NA,NA,NA,NA,NA,NA,NA,NA,NA,N,4,0,2,2,A,-,17,21228,A,N,D,B,A,A,H,-,B,D,0,NA,NA,NA,NA,Y,NA,M,94,0,0,2,0,0,0,0,0,0,-,-,33.821800231933594,-117.96182250976563,ORANGE,UNINCORPORATED,-117.96183776855467,33.821720123291016
94725125,2025,2025-06-13,9675,2025-06-12,1830,022159,NA,4,2,5,3016,0,1,3,NA,2,571,SR-57 N/B,ORANGETHORPE AVE,792,S,N,A,-,Y,ORA,NA,57,NA,NA,16.253,H,NA,R,Y,3,0,1,2,A,-,07,21658,A,F,B,C,A,A,H,-,A,D,0,NA,NA,NA,NA,Y,NA,-,99,0,1,0,0,0,0,0,0,0,-,-,33.85921859741211,-117.87640380859376,ORANGE,PLACENTIA,-117.87643432617188,33.85921096801758
94725779,2025,2025-06-16,9675,2025-06-04,1448,024301,NA,3,2,7,3001,0,1,3,NA,2,095,SR-91 EASTBOUND,GYPSUM CANYON RD,1000,W,N,A,-,Y,ORA,NA,91,NA,R,16.241,H,NA,R,N,4,0,1,2,A,-,03,22350,NA,N,C,C,A,A,H,-,A,D,0,NA,NA,NA,NA,Y,NA,A,01,0,0,1,0,0,0,0,0,0,-,-,33.866241455078125,-117.71446990966795,ORANGE,ANAHEIM,-117.71446990966795,33.86621856689453
94726707,2025,2025-06-16,9670,2025-05-24,2145,022456,NA,6,2,5,3003,0,1,3,NA,2,091,SR-91 W/B,HARBOR BLVD,200,E,N,A,-,Y,ORA,NA,91,NA,NA,3.289,H,NA,L,N,4,0,1,2,A,-,07,21658,A,M,B,C,A,A,H,-,C,D,0,NA,NA,NA,NA,Y,NA,-,99,0,0,1,0,0,0,0,0,0,-,-,33.854068756103516,-117.92372131347656,ORANGE,BUENA PARK,-117.92371368408205,33.85401916503906
94727656,2025,2025-06-16,9675,2025-06-09,1320,022631,NA,1,1,6,3026,0,1,1,NA,2,406,I-405 NORTHBOUND,MACARTHUR BLVD.,500,S,N,A,-,Y,ORA,NA,405,NA,NA,7.588,H,NA,R,N,4,0,1,2,A,-,03,22350,NA,N,C,C,A,A,H,-,A,D,0,NA,NA,NA,NA,Y,NA,A,01,0,0,1,0,0,0,0,0,0,-,-,33.68151092529297,-117.85369873046876,ORANGE,IRVINE,-117.8537368774414,33.68144989013672
94728881,2025,2025-09-10,9675,2025-06-15,1255,023073,NA,7,1,7,3001,0,1,3,NA,2,094,SR-91 WESTBOUND,IMPERIAL HWY,2000,E,N,A,-,Y,ORA,NA,91,NA,R,11.94,H,NA,L,N,3,0,2,2,A,-,03,22350,NA,N,C,C,A,A,H,-,A,D,0,NA,NA,NA,NA,Y,NA,A,01,0,1,1,0,0,0,0,0,0,-,-,33.85708999633789,-117.78426361083984,ORANGE,ANAHEIM,-117.78427124023438,33.85710144042969
94740408,2025,2025-06-26,9690,2025-06-10,1055,014424,NA,2,1,4,3029,0,1,1,NA,2,059,I-5 N/B (SAN DIEGO FRWY),CAMINO LAS RAMBLAS,1584,S,N,A,-,Y,ORA,NA,5,NA,NA,6.298,H,NA,R,N,3,0,1,2,A,-,03,22350,NA,N,C,C,A,A,H,-,A,A,0,NA,NA,NA,NA,Y,NA,A,01,0,1,0,0,0,0,0,0,0,-,-,33.46284103393555,-117.66320037841795,ORANGE,DANA POINT,-117.66320037841795,33.46284103393555
94741391,2025,2025-06-26,9690,2025-06-15,1150,020086,NA,7,1,5,3028,0,1,1,NA,2,056,I-5 S/B TO CROWN VALLEY PKWY,CROWN VALLEY PKWY,200,N,N,A,-,Y,NA,NA,NA,NA,NA,NA,NA,NA,NA,N,4,0,2,3,A,-,03,22350,NA,N,C,C,A,A,H,-,A,D,0,NA,NA,NA,NA,Y,NA,A,07,0,0,2,0,0,0,0,0,0,-,-,33.559329986572266,-117.67369842529295,ORANGE,MISSION VIEJO,-117.67312622070313,33.55961990356445
9474320,2022,2022-07-13,3026,2022-06-22,1930,519,PORTO,3,5,6,3026,0,0,0,NA,0,122,BOSQUE,GREAT PARK,70,N,N,A,-,N,NA,NA,NA,NA,NA,NA,NA,NA,NA,Y,4,0,2,1,A,-,03,22350,NA,N,E,I,A,A,H,-,B,D,0,NA,NA,NA,NA,Y,NA,A,01,0,0,2,0,0,0,0,0,0,-,-,NA,NA,ORANGE,IRVINE,-117.73683166503906,33.67829132080078
94746680,2025,2025-07-07,9675,2025-06-28,1125,024301,NA,6,1,9,3000,0,1,1,NA,2,502,I-5 SOUTHBOUND,17TH STREET,1500,N,N,A,-,Y,ORA,NA,5,NA,NA,32.791,H,NA,L,N,4,0,1,2,A,-,03,22350,NA,N,C,C,A,A,H,-,A,D,0,NA,NA,NA,NA,Y,NA,A,07,0,0,1,0,0,0,0,0,0,-,-,33.76382827758789,-117.86528778076172,ORANGE,UNINCORPORATED,-117.86534881591795,33.7638053894043
94748327,2025,2025-07-07,9675,2025-06-28,1503,024571,NA,6,2,9,3000,0,1,3,NA,2,095,SR-91 EASTBOUND,SOUTH WEIR CANYON RD.,5000,E,N,A,-,Y,ORA,NA,91,NA,R,15.473,H,NA,R,Y,4,0,2,2,A,-,00,22701,NA,N,C,2,A,A,H,-,A,D,0,NA,NA,NA,NA,Y,NA,A,07,0,0,2,0,0,0,0,0,0,-,-,33.868038177490234,-117.72763061523438,ORANGE,UNINCORPORATED,-117.7276611328125,33.86798095703125
94749186,2025,2025-07-07,9670,2025-06-30,1505,019171,NA,1,2,9,3000,0,3,5,NA,2,003,"MARTHA ANN DR., 12600 BLOCK",SALMON DR,5,S,N,A,-,N,NA,NA,NA,NA,NA,NA,NA,NA,NA,Y,3,0,1,1,A,-,08,22107,NA,N,E,J,A,A,H,-,A,D,0,NA,NA,NA,NA,Y,NA,A,07,0,1,0,0,0,0,0,0,0,-,-,33.77833938598633,-118.08883666992188,ORANGE,UNINCORPORATED,-118.08873748779295,33.77840805053711
94749316,2025,2025-07-30,9670,2025-06-30,1815,022519,NA,1,2,7,3001,0,1,3,NA,2,092,SR-91 E/B,BEACH BLVD,400,E,N,A,-,Y,ORA,NA,91,NA,R,3.05,H,NA,R,N,3,0,1,2,A,-,03,22350,NA,M,C,C,A,A,H,-,A,D,0,NA,NA,Y,NA,Y,NA,-,99,0,1,0,0,0,0,0,0,1,-,-,33.85593032836914,-117.99046325683594,ORANGE,ANAHEIM,-117.99046325683594,33.856040954589844
94749521,2025,2025-07-07,9675,2025-06-25,1805,022398,NA,3,2,9,3000,0,1,3,NA,2,572,SR-57 SOUTHBOUND TO SR-22 WESTBOUND,CHAPMAN AVE,1214,S,N,A,-,Y,ORA,NA,57,NA,NA,11.039,H,NA,L,Y,4,0,1,4,A,-,03,22350,NA,N,C,C,A,A,H,-,A,D,0,NA,NA,NA,NA,Y,NA,A,07,0,0,1,0,0,0,0,0,0,-,-,33.78451919555664,-117.8802490234375,ORANGE,UNINCORPORATED,-117.8800048828125,33.78451156616211
94751855,2025,2025-07-07,9675,2025-06-25,1840,023506,NA,3,2,7,3019,0,1,1,NA,2,520,I-5 NORTHBOUND,MAIN ST,615,S,N,A,-,Y,ORA,NA,5,NA,NA,32.981,H,NA,R,N,2,0,1,2,A,-,08,22107,NA,N,C,C,A,A,H,-,A,D,0,NA,NA,Y,NA,Y,NA,A,07,1,0,0,0,0,0,0,0,1,-,-,33.76628112792969,-117.86650848388672,ORANGE,SANTA ANA,-117.86638641357422,33.766326904296875
94752190,2025,2025-07-07,9675,2025-07-01,714,024485,NA,2,1,7,3001,0,1,3,NA,2,094,SR-91 EASTBOUND,IMPERIAL HIGHWAY,500,E,N,B,-,Y,ORA,NA,91,NA,R,11.809,H,NA,R,N,4,0,1,2,A,-,03,22350,NA,N,C,C,A,A,H,-,A,A,0,NA,NA,NA,NA,Y,NA,D,22,0,0,1,0,0,0,0,0,0,-,-,33.85573959350586,-117.78617095947266,ORANGE,ANAHEIM,-117.78622436523438,33.85581588745117
94756759,2025,2025-07-10,9690,2025-06-23,2204,020472,NA,1,3,9,3000,0,2,4,NA,2,037,LIVE OAK CANYON ROAD,OLD STAGE ROAD,350,S,N,A,-,N,NA,NA,NA,NA,NA,NA,NA,NA,NA,Y,4,0,2,1,A,-,08,22107,NA,N,E,I,A,A,H,-,D,D,0,NA,NA,NA,NA,Y,NA,A,01,0,0,2,0,0,0,0,0,0,-,-,33.68452835083008,-117.60458374023438,ORANGE,UNINCORPORATED,-117.60320281982422,33.681304931640625
94757435,2025,2025-07-11,9675,2025-07-04,2255,023627,NA,5,3,6,3004,0,1,3,NA,2,553,SR 55 S/B FROM BAKER ST,BAKER STREET,1000,S,N,A,-,Y,NA,NA,NA,NA,NA,NA,NA,NA,NA,Y,3,0,1,1,A,-,01,23152,A,N,E,I,A,A,H,-,C,D,0,NA,NA,NA,NA,Y,Y,A,01,0,1,0,0,0,0,0,0,0,-,-,33.67705154418945,-117.88311767578124,ORANGE,COSTA MESA,-117.88145446777344,33.67779541015625
94761266,2025,2025-07-15,9675,2025-07-03,1350,024479,NA,4,1,5,3022,0,1,1,NA,2,503,I-5 N/B TO SR-55 N/B,MAIN ST,439,S,N,A,-,Y,NA,NA,NA,NA,NA,NA,NA,NA,NA,Y,4,0,1,2,A,-,03,22350,NA,N,E,I,A,A,H,-,A,D,0,NA,NA,NA,NA,Y,NA,A,07,0,0,1,0,0,0,0,0,0,-,-,33.74094009399414,-117.83307647705078,ORANGE,TUSTIN,-117.83628082275392,33.74167251586914
94762757,2025,2025-07-15,9675,2025-07-06,105,023539,NA,7,3,6,3004,0,1,3,NA,2,073,SR-73 NB TO I-405 NB,FAIRVIEW RD,2000,E,N,A,-,Y,ORA,NA,73,NA,R,27.92,H,NA,R,Y,4,0,1,1,A,-,01,23152,A,N,E,8,A,A,H,-,C,D,0,NA,NA,NA,NA,Y,Y,A,01,0,0,1,0,0,0,0,0,0,-,-,33.688148498535156,-117.90068817138672,ORANGE,COSTA MESA,-117.90068817138672,33.68806457519531
94762807,2025,2025-07-16,9670,2025-07-05,800,020956,NA,6,1,5,3024,0,1,1,NA,2,042,I-405 S/B TO GOLDENWEST,GOLDENWEST STREET,1376,N,N,B,-,Y,ORA,NA,405,NA,NA,18.188,H,NA,L,N,4,0,1,1,A,-,08,22107,NA,N,E,I,A,A,H,-,A,D,0,NA,NA,NA,NA,Y,NA,D,22,0,0,1,0,0,0,0,0,0,-,-,33.74882888793945,-118.01033782958984,ORANGE,WESTMINSTER,-118.01016235351563,33.74897384643555
9476539,2022,2022-07-18,3009,2022-06-20,1407,3927,097,1,5,6,3009,0,0,0,NA,0,013,WESTMINSTER AV,BROOKHURST ST,217,W,N,A,-,N,NA,NA,NA,NA,NA,NA,NA,NA,NA,N,3,0,1,2,A,-,11,21954,A,N,G,B,D,A,H,-,A,A,0,Y,NA,NA,NA,Y,NA,N,60,0,1,0,0,1,0,0,0,0,-,-,NA,NA,ORANGE,GARDEN GROVE,-117.95574951171876,33.75947189331055
9476566,2022,2022-10-21,3009,2022-06-22,1253,4352,133,3,5,6,3009,0,0,0,NA,0,021,LAMPSON AV,WEST ST,0,NA,Y,A,-,N,NA,NA,NA,NA,NA,NA,NA,NA,NA,Y,4,0,1,2,A,-,12,21453,A,N,D,C,A,A,H,-,A,A,0,NA,NA,NA,NA,Y,NA,-,-,0,0,1,0,0,0,0,0,0,-,-,NA,NA,ORANGE,GARDEN GROVE,-117.92361450195313,33.7816162109375
94767798,2025,2025-07-18,9675,2025-07-11,1610,023051,NA,5,2,6,3004,0,1,3,NA,2,553,SR-55 NORTHBOUND,BAKER ST,739,S,N,A,-,Y,ORA,NA,55,NA,R,5.192,H,NA,R,N,4,0,1,2,A,-,03,22350,NA,N,C,C,A,A,H,-,A,D,0,NA,NA,NA,NA,Y,NA,A,07,0,0,1,0,0,0,0,0,0,-,-,33.678199768066406,-117.88072967529295,ORANGE,COSTA MESA,-117.88079071044922,33.67823791503906
94771156,2025,2025-07-21,9670,2025-07-14,1355,021071,NA,1,1,5,3024,0,1,1,NA,2,043,I-405 S/B,EDWARDS ST,100,S,N,A,-,Y,ORA,NA,405,NA,NA,18.573,H,NA,L,N,3,0,1,1,A,-,08,22107,NA,N,F,A,A,A,H,-,A,D,0,NA,NA,Y,NA,Y,NA,-,-,0,1,0,0,0,0,0,0,1,-,-,33.752891540527344,-118.01483917236328,ORANGE,WESTMINSTER,-118.01483154296876,33.752899169921875
94773123,2025,2025-07-23,9675,2025-07-12,1820,023775,NA,6,2,6,3015,0,1,3,NA,2,222,SR-22 E/B,LEWIS ST,10,E,N,A,-,Y,ORA,NA,22,NA,R,9.372,H,NA,R,N,3,0,2,3,A,-,03,22350,NA,M,C,2,A,A,H,-,A,A,0,NA,NA,NA,NA,Y,NA,A,01,0,2,0,0,0,0,0,0,0,-,-,33.778141021728516,-117.8970184326172,ORANGE,ORANGE,-117.89705657958984,33.77820587158203
94773616,2025,2025-07-23,9670,2025-07-17,2355,021108,NA,4,3,6,3009,0,1,3,NA,2,020,SR-22 E/B TO GOLDENWEST ST,GOLDENWEST ST,580,W,N,A,-,Y,ORA,NA,22,NA,R,2.552,H,NA,R,Y,3,0,1,1,A,-,03,22350,NA,N,E,I,A,A,H,-,C,D,0,NA,NA,NA,NA,Y,NA,A,01,0,1,0,0,0,0,0,0,0,-,-,33.774288177490234,-118.00949096679688,ORANGE,GARDEN GROVE,-118.00948333740234,33.7745475769043
94774424,2025,2025-07-23,9675,2025-07-16,1715,022081,NA,3,2,7,3001,0,1,3,NA,2,570,SR-57 SOUTHBOUND,ORANGEWOOD AVE,400,N,N,A,-,Y,ORA,NA,57,NA,NA,12.066,H,NA,L,N,3,0,1,2,A,-,06,21755,NA,N,B,C,A,A,H,-,A,D,0,NA,NA,NA,NA,Y,NA,A,07,0,1,0,0,0,0,0,0,0,-,-,33.79924011230469,-117.87802886962892,ORANGE,ANAHEIM,-117.8779067993164,33.79925537109375
94780086,2025,2025-07-28,9690,2025-07-19,1115,019394,NA,6,1,9,3000,0,1,3,NA,2,072,SR-73 N/B,CAMARILLO CANYON TRAIL,625,S,N,A,-,Y,ORA,NA,73,NA,NA,18.208,H,NA,R,Y,4,0,1,2,A,-,07,21658,A,N,B,C,A,A,H,-,A,D,0,NA,NA,NA,NA,Y,NA,A,07,0,0,1,0,0,0,0,0,0,-,-,33.6013298034668,-117.7804718017578,ORANGE,UNINCORPORATED,-117.78044128417967,33.601375579833984
94780087,2025,2025-07-28,9675,2025-07-19,1155,024571,NA,6,1,7,3001,0,1,3,NA,2,094,SR-91 WESTBOUND,WEIR CANYON RD.,4900,W,N,A,-,Y,ORA,NA,91,NA,R,13.471,H,NA,L,Y,3,0,1,2,A,-,03,22350,NA,N,C,C,A,A,H,-,A,D,0,NA,NA,NA,NA,Y,NA,A,08,0,1,0,0,0,0,0,0,0,-,-,33.86832046508789,-117.76104736328124,ORANGE,ANAHEIM,-117.76107788085938,33.86837387084961
94780663,2025,2025-07-29,9670,2025-07-21,1250,020505,NA,1,1,6,3008,0,1,3,NA,2,093,SR-91 W/B,BROOKHURST ST,1056,W,N,B,-,Y,ORA,NA,91,NA,NA,1,H,NA,L,Y,4,0,1,2,A,-,03,22350,NA,N,B,2,A,A,H,-,A,D,0,NA,NA,NA,NA,Y,NA,A,07,0,0,1,0,0,0,0,0,0,-,-,33.85395050048828,-117.96347045898438,ORANGE,FULLERTON,-117.96347045898438,33.85391616821289
94782645,2025,2025-07-30,9675,2025-07-29,904,021716,NA,2,1,6,3004,0,1,1,NA,2,405,I-405 SOUTHBOUND,FAIRVIEW RD,1795,S,N,A,-,Y,ORA,NA,405,NA,NA,10.46,H,NA,L,Y,3,0,2,3,A,-,03,22350,NA,N,C,C,A,A,H,-,A,D,0,NA,NA,NA,Y,Y,NA,F,55,0,1,1,0,0,0,0,0,0,-,-,33.68745040893555,-117.90168762207033,ORANGE,COSTA MESA,-117.90168762207033,33.687557220458984
94784707,2025,2025-07-31,9670,2025-07-30,602,021459,NA,3,1,6,3009,0,1,3,NA,2,021,SR-22 W/B,SPRINGDALE STREET,350,E,N,B,-,Y,ORA,NA,22,NA,R,1.998,H,NA,L,Y,2,0,1,2,A,-,03,22350,NA,N,C,C,A,A,H,-,A,D,0,NA,NA,Y,NA,Y,NA,C,02,1,0,0,0,0,0,0,0,1,-,-,33.77437973022461,-118.01905822753906,ORANGE,GARDEN GROVE,-118.01905822753906,33.77437973022461
94785203,2025,2025-08-01,9675,2025-07-31,1135,021633,NA,4,1,7,3001,0,1,3,NA,2,572,SR-57 SOUTHBOUND,CERRITOS AVENUE,15,N,N,A,-,Y,ORA,NA,57,NA,NA,12.984,H,NA,L,Y,3,0,2,2,A,-,03,22350,NA,N,C,C,A,A,D,-,A,D,0,NA,NA,NA,NA,Y,NA,A,01,0,1,1,0,0,0,0,0,0,-,-,33.812049865722656,-117.87831115722656,ORANGE,ANAHEIM,-117.87834930419922,33.81206130981445
94789003,2025,2025-08-04,9675,2025-07-25,1915,024479,NA,5,2,6,3008,0,1,3,NA,2,570,SR-57 SOUTHBOUND,YORBA LINDA BLVD,2104,N,N,A,-,Y,ORA,NA,57,NA,NA,18.754,H,NA,L,Y,4,0,1,2,A,-,03,22350,NA,N,C,C,A,A,H,-,A,D,0,NA,NA,Y,NA,Y,NA,C,02,0,0,1,0,0,0,0,0,1,-,-,33.894981384277344,-117.8809814453125,ORANGE,FULLERTON,-117.88095855712892,33.894981384277344
94789124,2025,2025-08-05,9670,2025-07-23,519,020505,NA,3,3,7,3001,0,1,1,NA,2,502,I-5 N/B,DISNEYLAND DR,110,S,N,B,-,Y,ORA,NA,5,NA,NA,38.04,H,NA,R,N,2,0,1,2,A,-,11,21954,A,N,G,B,E,A,H,-,C,D,0,Y,NA,NA,Y,Y,NA,N,60,1,0,0,0,1,0,0,0,0,-,-,33.82249069213867,-117.92221832275392,ORANGE,ANAHEIM,-117.92228698730467,33.82244110107422
94790719,2025,2025-08-06,9675,2025-07-28,1640,023337,NA,1,2,7,3001,0,1,3,NA,2,093,SR-91 EASTBOUND,STATE COLLEGE BOULEVARD,1100,E,N,A,-,Y,ORA,NA,91,NA,NA,5.471,H,NA,R,N,3,0,1,2,A,-,03,22350,NA,N,C,C,A,A,H,-,A,D,0,NA,NA,NA,NA,Y,NA,A,01,0,1,0,0,0,0,0,0,0,-,-,33.85377883911133,-117.88601684570313,ORANGE,ANAHEIM,-117.88602447509766,33.853763580322266
94792378,2025,2025-08-06,9675,2025-07-31,1235,021984,NA,4,1,6,3026,0,1,1,NA,2,503,I-5 NORTHBOUND,CULVER DRIVE,2547,S,N,A,-,Y,ORA,NA,5,NA,R,26.108,H,NA,R,N,4,0,1,3,A,-,03,22350,NA,N,C,C,A,A,H,-,A,D,0,NA,NA,NA,NA,Y,NA,A,01,0,0,1,0,0,0,0,0,0,-,-,33.704200744628906,-117.777587890625,ORANGE,IRVINE,-117.77753448486328,33.704227447509766
94792435,2025,2025-08-07,9675,2025-08-01,1310,024261,NA,5,1,6,3026,0,1,1,NA,2,504,I-5 NORTHBOUND,JEFFERY ROAD,3100,S,N,A,-,Y,ORA,NA,5,NA,R,24.343,H,NA,R,N,4,0,3,3,A,-,03,22350,NA,N,C,C,A,A,H,-,A,D,0,NA,NA,NA,NA,Y,NA,A,07,0,0,3,0,0,0,0,0,0,-,-,33.681880950927734,-117.76265716552734,ORANGE,IRVINE,-117.76258850097656,33.68193054199219
94793915,2025,2025-08-07,9670,2025-07-31,451,021579,NA,4,3,7,3001,0,1,3,NA,2,094,SR-91 E/B,HARBOR BLVD,950,W,N,A,-,Y,ORA,NA,91,NA,NA,3.072,H,NA,R,Y,4,0,1,2,D,-,00,NA,NA,N,B,C,A,A,H,-,B,D,0,NA,NA,NA,NA,Y,NA,-,-,0,0,1,0,0,0,0,0,0,-,-,33.8537712097168,-117.92745208740234,ORANGE,ANAHEIM,-117.92745208740234,33.85376739501953
94796051,2025,2025-08-11,9670,2025-08-03,244,023099,NA,7,3,4,3020,0,1,1,NA,2,044,I-405 N/B,SEAL BEACH BLVD,719,S,N,A,-,Y,NA,NA,NA,NA,NA,NA,NA,NA,NA,Y,3,0,3,1,A,-,01,23152,A,N,E,I,A,A,H,-,C,D,0,NA,NA,NA,NA,Y,Y,D,22,0,2,1,0,0,0,0,0,0,-,-,33.7747802734375,-118.07196807861328,ORANGE,SEAL BEACH,-118.07467651367188,33.77450942993164
9479633,2022,2022-08-24,3000,2022-07-04,2116,10536,798A1,1,5,4,3021,0,0,0,NA,0,022,DALE AV,CERRITOS AV,47,N,N,A,-,N,NA,NA,NA,NA,NA,NA,NA,NA,NA,N,4,0,1,2,A,-,09,21801,A,N,D,C,A,A,H,-,C,A,0,NA,NA,NA,NA,Y,NA,A,01,0,0,1,0,0,0,0,0,0,-,-,NA,NA,ORANGE,STANTON,-117.98448181152344,33.810428619384766
94802364,2025,2025-08-14,9675,2025-08-13,610,017773,NA,3,1,6,3026,0,1,1,NA,2,406,I-405 S/B,JAMBOREE RD,1584,S,N,B,-,Y,ORA,NA,405,NA,NA,6.555,H,NA,L,Y,4,0,1,2,A,-,03,22350,NA,N,C,C,A,A,H,-,C,D,0,NA,NA,NA,NA,Y,NA,A,01,0,0,1,0,0,0,0,0,0,-,-,33.67449188232422,-117.83789825439452,ORANGE,IRVINE,-117.8379364013672,33.67441940307617