CASE_ID,ACCIDENT_YEAR,PROC_DATE,JURIS,COLLISION_DATE,COLLISION_TIME,OFFICER_ID,REPORTING_DISTRICT,DAY_OF_WEEK,CHP_SHIFT,POPULATION,CNTY_CITY_LOC,SPECIAL_COND,BEAT_TYPE,CHP_BEAT_TYPE,CITY_DIVISION_LAPD,CHP_BEAT_CLASS,BEAT_NUMBER,PRIMARY_RD,SECONDARY_RD,DISTANCE,DIRECTION,INTERSECTION,WEATHER_1,WEATHER_2,STATE_HWY_IND,CALTRANS_COUNTY,CALTRANS_DISTRICT,STATE_ROUTE,ROUTE_SUFFIX,POSTMILE_PREFIX,POSTMILE,LOCATION_TYPE,RAMP_INTERSECTION,SIDE_OF_HWY,TOW_AWAY,COLLISION_SEVERITY,NUMBER_KILLED,NUMBER_INJURED,PARTY_COUNT,PRIMARY_COLL_FACTOR,PCF_CODE_OF_VIOL,PCF_VIOL_CATEGORY,PCF_VIOLATION,PCF_VIOL_SUBSECTION,HIT_AND_RUN,TYPE_OF_COLLISION,MVIW,PED_ACTION,ROAD_SURFACE,ROAD_COND_1,ROAD_COND_2,LIGHTING,CONTROL_DEVICE,CHP_ROAD_TYPE,PEDESTRIAN_ACCIDENT,BICYCLE_ACCIDENT,MOTORCYCLE_ACCIDENT,TRUCK_ACCIDENT,NOT_PRIVATE_PROPERTY,ALCOHOL_INVOLVED,STWD_VEHTYPE_AT_FAULT,CHP_VEHTYPE_AT_FAULT,COUNT_SEVERE_INJ,COUNT_VISIBLE_INJ,COUNT_COMPLAINT_PAIN,COUNT_PED_KILLED,COUNT_PED_INJURED,COUNT_BICYCLIST_KILLED,COUNT_BICYCLIST_INJURED,COUNT_MC_KILLED,COUNT_MC_INJURED,PRIMARY_RAMP,SECONDARY_RAMP,LATITUDE,LONGITUDE,COUNTY,CITY,POINT_X,POINT_Y
9657710,2024,2024-03-29,3000,2024-01-08,1540,11797,972E7,1,5,5,3017,0,0,0,NA,0,777,AVENIDA VAQUERO,CAMINO DE LOS MARES,0,NA,Y,A,-,N,NA,NA,NA,NA,NA,NA,NA,NA,NA,N,4,0,1,2,A,-,05,21650,NA,N,A,G,A,A,H,-,A,A,0,NA,Y,NA,NA,Y,NA,M,91,0,0,1,0,0,0,1,0,0,-,-,NA,NA,ORANGE,SAN CLEMENTE,-117.6438446044922,33.457645416259766
9657714,2024,2024-03-29,3000,2024-01-23,847,12177,972E1,2,5,4,3018,0,0,0,NA,0,730,LA NOVIA AV,CALLE ARROYO,0,NA,Y,B,-,N,NA,NA,NA,NA,NA,NA,NA,NA,NA,N,3,0,1,2,A,-,09,21800,A,N,D,G,A,A,H,-,A,D,0,NA,Y,NA,NA,Y,NA,A,01,0,1,0,0,0,0,1,0,0,-,-,NA,NA,ORANGE,SAN JUAN CAPISTRANO,-117.64886474609376,33.50343704223633
9657750,2023,2024-02-08,3000,2023-12-15,1345,5013,891J2,5,5,5,3050,0,0,0,NA,0,760,LAKE FOREST DR,CANADA RD,27,E,N,A,-,N,NA,NA,NA,NA,NA,NA,NA,NA,NA,Y,4,0,2,2,A,-,03,22350,NA,N,C,C,A,A,H,-,A,A,0,NA,NA,NA,NA,Y,NA,A,07,0,0,2,0,0,0,0,0,0,-,-,NA,NA,ORANGE,LAKE FOREST,-117.68191528320313,33.64816665649414
9660929,2023,2024-02-07,3005,2023-12-21,1339,8221,C09,4,5,4,3005,0,0,0,NA,0,001,WALKER ST,CRESCENT AV,0,NA,Y,B,-,N,NA,NA,NA,NA,NA,NA,NA,NA,NA,Y,3,0,2,2,A,-,09,21801,A,N,A,C,A,A,H,-,A,A,0,NA,NA,NA,NA,Y,NA,A,07,0,2,0,0,0,0,0,0,0,-,-,NA,NA,ORANGE,CYPRESS,-118.0371322631836,33.83906555175781
9661456,2023,2024-02-22,3000,2023-10-06,2230,9696,95IF4,5,5,5,3040,0,0,0,NA,0,743,ALICIA PKWY,NIGUEL RD,0,NA,Y,A,-,N,NA,NA,NA,NA,NA,NA,NA,NA,NA,Y,3,0,1,3,A,-,12,21453,A,N,D,C,A,A,H,-,C,A,0,NA,NA,NA,NA,Y,NA,D,22,0,1,0,0,0,0,0,0,0,-,-,NA,NA,ORANGE,LAGUNA NIGUEL,-117.71562957763672,33.52934646606445
9661972,2023,2024-01-30,3000,2023-10-12,1914,9696,951H3,4,5,5,3040,0,0,0,NA,0,743,CROWN VALLEY PKWY,NUEVA VISTA DR,0,NA,Y,A,-,N,NA,NA,NA,NA,NA,NA,NA,NA,NA,Y,4,0,1,2,A,-,12,21453,A,N,D,C,A,A,H,-,C,A,0,NA,NA,NA,NA,Y,NA,A,07,0,0,1,0,0,0,0,0,0,-,-,NA,NA,ORANGE,LAGUNA NIGUEL,-117.6949462890625,33.540130615234375
9667339,2024,2024-05-03,3003,2024-02-01,2310,1297,3003,4,5,5,3003,0,0,0,NA,0,004,BEACH BL,AZALEA DR,64,W,N,C,-,N,NA,NA,NA,NA,NA,NA,NA,NA,NA,N,4,0,1,2,A,-,11,21954,A,F,G,B,D,B,H,-,C,D,0,Y,NA,NA,NA,Y,NA,N,60,0,0,1,0,1,0,0,0,0,-,-,33.51139831542969,-117.59529876708984,ORANGE,BUENA PARK,-117.99788665771484,33.85382843017578
9667869,2024,2024-04-27,3000,2024-02-07,1533,6717,892C1,3,5,5,3050,0,0,0,NA,0,762,EL TORO RD,NORMANDALE DR,175,W,N,B,-,N,NA,NA,NA,NA,NA,NA,NA,NA,NA,Y,4,0,4,4,A,-,03,22350,NA,N,C,C,A,A,H,-,A,A,0,NA,NA,NA,NA,Y,NA,A,01,0,0,4,0,0,0,0,0,0,-,-,33.39142990112305,-117.3932876586914,ORANGE,LAKE FOREST,-117.65916442871094,33.65400314331055
9667892,2024,2024-05-04,3000,2024-02-21,1815,10313,921CC,3,5,4,3049,0,0,0,NA,0,483,GRAND,CITY LIGHTS DR,0,NA,Y,A,-,N,NA,NA,NA,NA,NA,NA,NA,NA,NA,N,3,0,2,1,A,-,03,22350,NA,N,H,I,A,A,H,-,C,D,0,NA,Y,NA,NA,Y,NA,L,04,0,2,0,0,0,0,2,0,0,-,-,NA,NA,ORANGE,ALISO VIEJO,-117.72642517089844,33.574337005615234
9667955,2024,2024-04-30,3004,2024-02-12,2101,P519,10,1,5,6,3004,0,0,0,NA,0,015,POMONA AV,CONGRESS ST,0,NA,N,A,-,N,NA,NA,NA,NA,NA,NA,NA,NA,NA,N,3,0,1,2,A,-,09,21804,A,N,H,G,A,A,H,-,C,D,0,NA,Y,NA,NA,Y,NA,A,01,0,1,0,0,0,0,1,0,0,-,-,NA,NA,ORANGE,COSTA MESA,-117.9277801513672,33.653953552246094
9668003,2023,2024-03-11,3000,2023-12-23,1028,11459,891H7,6,5,5,3050,0,0,0,NA,0,1A65,LOS ALISOS BL,DALEVIEW,712,W,N,A,-,N,NA,NA,NA,NA,NA,NA,NA,NA,NA,Y,4,0,1,2,A,-,05,21651,B,N,A,C,A,A,D,-,A,D,0,NA,NA,NA,Y,Y,NA,A,07,0,0,1,0,0,0,0,0,0,-,-,NA,NA,ORANGE,LAKE FOREST,-117.6969985961914,33.61037063598633
9668102,2024,2024-03-06,3000,2024-01-22,1640,5013,971H5,1,5,4,3029,0,0,0,NA,0,736,STREET OF THE GOLDEN LANTERN,STONEHIL DR,0,NA,Y,C,-,N,NA,NA,NA,NA,NA,NA,NA,NA,NA,Y,3,0,3,2,A,-,09,21453,C,N,D,C,A,B,H,-,A,A,0,NA,NA,NA,NA,Y,NA,A,07,0,1,2,0,0,0,0,0,0,-,-,NA,NA,ORANGE,DANA POINT,NA,NA
9670978,2023,2024-03-15,3000,2023-12-05,1546,12043,951E1,2,5,5,3040,0,0,0,NA,0,743,ALICIA PKWY,ALISO CREEK RD,105,S,N,A,-,N,NA,NA,NA,NA,NA,NA,NA,NA,NA,N,4,0,1,2,A,-,21,22106,NA,N,C,C,A,A,H,-,A,A,0,NA,NA,NA,NA,Y,NA,J,48,0,0,1,0,0,0,0,0,0,-,-,NA,NA,ORANGE,LAGUNA NIGUEL,-117.71815490722656,33.55517578125
9671612,2024,2024-07-11,3009,2024-01-17,1152,4654,116,3,5,6,3009,0,0,0,NA,0,023,EUCLID ST,WESTMINSTER AV,144,N,N,A,-,N,NA,NA,NA,NA,NA,NA,NA,NA,NA,N,4,0,1,2,A,-,03,22350,NA,N,C,C,A,A,H,-,A,A,0,NA,NA,NA,Y,Y,NA,A,01,0,0,1,0,0,0,0,0,0,-,-,NA,NA,ORANGE,GARDEN GROVE,-117.93756866455078,33.759971618652344
9674254,2024,2024-04-18,3000,2024-02-03,1354,10309,798A4,6,5,4,3021,0,0,0,NA,0,223,CHAPMAN AV,DALE AV,6,N,N,A,-,N,NA,NA,NA,NA,NA,NA,NA,NA,NA,Y,3,0,1,2,A,-,09,21801,A,N,D,C,A,A,H,-,A,A,0,NA,NA,NA,NA,Y,NA,A,07,0,1,0,0,0,0,0,0,0,-,-,NA,NA,ORANGE,STANTON,-117.9841537475586,33.788429260253906
9676160,2024,2024-04-05,3000,2024-01-11,1250,1920,797J3,4,5,4,3021,0,0,0,NA,0,721,BEACH BL,KATELLA AV,53,S,N,A,-,Y,ORA,12,39,-,-,10.66,I,5,N,Y,4,0,3,3,A,-,03,22350,NA,N,C,C,A,A,H,-,A,A,0,NA,NA,NA,NA,Y,NA,A,01,0,0,3,0,0,0,0,0,0,-,-,NA,NA,ORANGE,STANTON,-117.9930419921875,33.80290603637695
9677499,2024,2024-07-31,3002,2024-05-07,1050,12152,741-D,2,5,5,3025,0,0,0,NA,0,004,LA PALMA AV,VIA LOMAS DE YORBA E,234,NA,N,A,-,N,NA,NA,NA,NA,NA,NA,NA,NA,NA,N,4,0,2,2,A,-,09,21804,A,N,D,C,A,A,H,-,A,A,0,NA,NA,NA,NA,Y,NA,A,01,0,0,2,0,0,0,0,0,0,-,-,NA,NA,ORANGE,YORBA LINDA,-117.72164916992188,33.871742248535156
9677587,2024,2024-05-30,3000,2024-04-15,1610,1010,NA,1,5,4,3048,0,0,0,NA,0,766,ANTONIO PKWY,VIA HONESTO,34,N,N,A,-,N,NA,NA,NA,NA,NA,NA,NA,NA,NA,Y,3,0,2,2,A,-,03,22350,NA,N,C,C,A,A,H,-,A,A,0,NA,NA,NA,NA,Y,NA,A,07,0,2,0,0,0,0,0,0,0,-,-,NA,NA,ORANGE,RANCHO SANTA MARGARITA,-117.58610534667967,33.641632080078125
9677636,2024,2024-06-10,3000,2024-03-17,226,10385,921H1,7,5,4,3045,0,0,0,NA,0,445,ALICIA PKWY,HON,0,NA,Y,A,-,N,NA,NA,NA,NA,NA,NA,NA,NA,NA,Y,4,0,1,2,A,-,01,23152,A,N,D,D,A,A,H,-,C,A,0,NA,NA,NA,NA,Y,Y,A,01,0,0,1,0,0,0,0,0,0,-,-,NA,NA,ORANGE,LAGUNA HILLS,-117.69132232666016,33.601951599121094
9677866,2024,2025-02-11,3005,2024-05-06,2128,8356,C17,1,5,4,3005,0,0,0,NA,0,002,VALLEY VIEW ST,ORANGE AV,0,NA,Y,A,-,N,NA,NA,NA,NA,NA,NA,NA,NA,NA,N,3,0,1,2,A,-,12,21453,A,M,D,C,A,A,H,-,C,A,0,NA,NA,NA,NA,Y,NA,A,01,0,1,0,0,0,0,0,0,0,-,-,NA,NA,ORANGE,CYPRESS,-118.02838897705078,33.82445526123047
9678477,2024,2024-06-26,3000,2024-02-20,839,10380,921H2,2,5,4,3045,0,0,0,NA,0,6M47,ALICIA PKWY,WILKES PL,0,NA,Y,B,C,N,NA,NA,NA,NA,NA,NA,NA,NA,NA,Y,4,0,1,2,A,-,12,21453,NA,N,A,C,A,B,H,-,A,A,0,NA,NA,NA,NA,Y,NA,-,-,0,0,1,0,0,0,0,0,0,-,-,NA,NA,ORANGE,LAGUNA HILLS,-117.69574737548828,33.59595489501953
9679189,2024,2024-04-05,3000,2024-01-20,2357,10830,797J5,6,5,4,3021,0,0,0,NA,0,023,LAMPSON AV,BEACH BL,0,NA,Y,C,-,Y,ORA,12,39,-,-,9.171,I,6,N,Y,4,0,1,2,A,-,03,22350,NA,N,B,C,A,B,H,-,D,A,0,NA,NA,NA,NA,Y,NA,A,01,0,0,1,0,0,0,0,0,0,-,-,NA,NA,ORANGE,STANTON,-117.99278259277344,33.781089782714844
9679228,2024,2024-03-26,3000,2024-02-12,1335,5013,971G6,1,5,4,3029,0,0,0,NA,0,736,PCH,STREET OF THE BLUE LANTERN,0,NA,Y,A,-,N,NA,NA,NA,NA,NA,NA,NA,NA,NA,Y,3,0,3,2,A,-,12,21453,A,N,D,C,A,A,H,-,A,A,0,NA,NA,NA,NA,Y,NA,A,07,0,1,2,0,0,0,0,0,0,-,-,NA,NA,ORANGE,DANA POINT,-117.70664215087892,33.465518951416016
9680745,2024,2024-06-13,3005,2024-03-04,755,8356,C28,1,5,4,3005,0,0,0,NA,0,003,BALL RD,MYRA AV,0,NA,Y,A,-,N,NA,NA,NA,NA,NA,NA,NA,NA,NA,N,4,0,1,2,A,-,05,21650,1,N,D,G,A,A,H,-,A,D,0,NA,Y,NA,NA,Y,NA,L,04,0,0,1,0,0,0,1,0,0,-,-,NA,NA,ORANGE,CYPRESS,-118.0307388305664,33.81703186035156
9683482,2024,2024-05-29,3004,2024-03-22,1205,P542,16,5,5,6,3004,0,0,0,NA,0,008,FAIRVIEW RD,ADAMS AV,613,S,N,A,-,N,NA,NA,NA,NA,NA,NA,NA,NA,NA,Y,3,0,1,2,A,-,12,21453,A,N,D,C,A,A,H,-,A,A,0,NA,NA,NA,NA,Y,NA,A,01,0,1,0,0,0,0,0,0,0,-,-,33.67399978637695,-117.90799713134766,ORANGE,COSTA MESA,-117.9078369140625,33.67422103881836
9686212,2024,2024-07-24,3004,2024-05-22,1431,P676,19,3,5,6,3004,0,0,0,NA,0,015,GISLER AV,IOWA ST,0,NA,Y,A,-,N,NA,NA,NA,NA,NA,NA,NA,NA,NA,Y,3,0,1,2,A,-,09,21801,A,N,D,C,A,A,H,-,A,A,0,NA,NA,NA,NA,Y,NA,A,01,0,1,0,0,0,0,0,0,0,-,-,33.6870002746582,-117.9219970703125,ORANGE,COSTA MESA,-117.93787384033205,33.68708038330078
9688011,2024,2024-06-19,3005,2024-04-03,1259,8041,C26,3,5,4,3005,0,0,0,NA,0,003,MOODY ST,MYRA AV,0,NA,Y,A,-,N,NA,NA,NA,NA,NA,NA,NA,NA,NA,Y,3,0,2,2,A,-,09,21801,A,N,D,C,A,A,H,-,A,A,0,NA,NA,NA,NA,Y,NA,A,01,0,2,0,0,0,0,0,0,0,-,-,NA,NA,ORANGE,CYPRESS,-118.0456085205078,33.81489181518555
9689624,2024,2024-08-06,3014,2024-04-16,1106,P542,01,2,5,5,3014,0,0,0,NA,0,009,PLACENTIA AV,W 16TH ST,560,N,N,A,-,N,NA,NA,NA,NA,NA,NA,NA,NA,NA,N,4,0,2,2,A,-,02,22400,NA,N,C,C,A,A,H,-,A,A,0,NA,NA,NA,NA,Y,NA,A,01,0,0,2,0,0,0,0,0,0,-,-,33.67399978637695,-117.93099975585938,ORANGE,NEWPORT BEACH,-117.93187713623048,33.63401412963867
9691621,2024,2024-05-09,3000,2024-02-03,1150,6532,971H6,6,5,4,3029,0,0,0,NA,0,734,AMBER LANTERN,DEL PRADO AVE,0,NA,Y,A,-,N,NA,NA,NA,NA,NA,NA,NA,NA,NA,N,4,0,2,2,A,-,12,22450,A,N,D,C,A,A,H,-,A,A,0,NA,NA,NA,NA,Y,NA,A,07,0,0,2,0,0,0,0,0,0,-,-,NA,NA,ORANGE,DANA POINT,-117.70226287841795,33.465484619140625
9691723,2024,2024-05-10,3000,2024-02-27,1540,10508,992H3,2,5,5,3017,0,0,0,NA,0,173,AVENIDA PICO,RT 5,4,E,N,A,-,Y,ORA,12,5,-,-,3.225,R,4,S,N,3,0,1,2,A,-,08,22107,NA,N,E,I,A,A,H,-,A,A,0,NA,Y,NA,NA,Y,NA,L,04,0,1,0,0,0,0,1,0,0,-,SO,NA,NA,ORANGE,SAN CLEMENTE,-117.6199188232422,33.437347412109375
9691788,2024,2024-05-14,3000,2024-03-28,1620,11752,891E6,4,5,4,3045,0,0,0,NA,0,746,RIDGE ROUTE DR,AVENIDA DE LA CARLOTA,1262,W,N,A,-,N,NA,NA,NA,NA,NA,NA,NA,NA,NA,Y,3,0,2,2,A,-,03,22350,NA,N,C,C,A,A,H,-,A,D,0,NA,NA,NA,NA,Y,NA,A,01,0,1,1,0,0,0,0,0,0,-,-,NA,NA,ORANGE,LAGUNA HILLS,-117.71922302246094,33.62104034423828
9691790,2024,2025-01-10,3002,2024-03-25,1440,9211,740H4,1,5,5,3025,0,0,0,NA,0,003,DOMINGUEZ RANCH RD,VIA ALISA,0,NA,Y,A,-,N,NA,NA,NA,NA,NA,NA,NA,NA,NA,N,3,0,1,2,A,-,09,21801,A,N,D,G,A,A,H,-,A,A,0,NA,Y,NA,NA,Y,NA,A,01,0,1,0,0,0,0,1,0,0,-,-,NA,NA,ORANGE,YORBA LINDA,-117.76168060302734,33.887176513671875
9691809,2024,2024-04-25,3000,2024-02-17,1438,4246,973A6,6,5,5,3017,0,0,0,NA,0,775,AVENIDA VISTA HERMOSA,TARGET PRIVATE ST,349,E,N,A,-,N,NA,NA,NA,NA,NA,NA,NA,NA,NA,Y,3,0,1,1,C,-,18,NA,NA,N,E,I,A,A,H,-,A,A,0,NA,NA,NA,NA,Y,NA,-,-,0,1,0,0,0,0,0,0,0,-,-,NA,NA,ORANGE,SAN CLEMENTE,NA,NA
9691813,2024,2024-04-25,3000,2024-02-28,740,12744,922B1,3,5,5,3028,0,0,0,NA,0,054,NACCOME DR,MONTILLA,60,W,N,A,-,N,NA,NA,NA,NA,NA,NA,NA,NA,NA,N,3,0,1,1,A,-,03,22350,NA,N,F,A,A,A,H,-,A,D,0,NA,Y,NA,NA,Y,NA,L,04,0,1,0,0,0,0,1,0,0,-,-,33.606849670410156,-117.66864013671876,ORANGE,MISSION VIEJO,-117.66957092285156,33.606346130371094
9692479,2024,2024-06-20,3004,2024-04-27,2251,P718,04,6,5,6,3004,0,0,0,NA,0,006,17TH ST,IRVINE BL,39.8,W,N,A,-,N,NA,NA,NA,NA,NA,NA,NA,NA,NA,Y,3,0,1,2,A,-,03,22350,NA,N,C,C,A,A,H,-,C,A,0,NA,NA,NA,NA,Y,NA,A,01,0,1,0,0,0,0,0,0,0,-,-,33.628501892089844,-117.90879821777344,ORANGE,COSTA MESA,-117.90875244140624,33.62848663330078
9695040,2024,2024-06-26,3004,2024-04-06,1324,P691,09,6,5,6,3004,0,0,0,NA,0,003,HARBOR BL,HAMILTON ST,15,S,N,A,-,N,NA,NA,NA,NA,NA,NA,NA,NA,NA,Y,3,0,1,2,A,-,09,21453,C,N,D,C,A,A,H,-,A,A,0,NA,NA,NA,NA,Y,NA,A,07,0,1,0,0,0,0,0,0,0,-,-,33.650001525878906,-117.91899871826172,ORANGE,COSTA MESA,-117.9190673828125,33.65070724487305
9695385,2024,2024-04-29,3000,2024-01-29,820,10124,797J5,1,5,4,3021,0,0,0,NA,0,6M21,BEACH BL,STEPPING STONE CIR,0,NA,Y,A,-,N,NA,NA,NA,NA,NA,NA,NA,NA,NA,N,4,0,1,2,A,-,12,22450,A,F,G,B,A,A,H,-,A,A,0,NA,NA,NA,NA,Y,NA,M,95,0,0,1,0,0,0,0,0,0,-,-,NA,NA,ORANGE,STANTON,-117.99295043945313,33.77955627441406
9695891,2024,2024-05-09,3013,2024-03-18,710,232,L10,1,5,3,3013,0,0,0,NA,0,005,KATELLA AV,WINNERS CIR,90,W,N,A,-,N,NA,NA,NA,NA,NA,NA,NA,NA,NA,N,3,0,1,3,A,-,03,22350,NA,N,C,C,A,A,H,-,A,A,0,NA,NA,NA,NA,Y,NA,A,01,0,1,0,0,0,0,0,0,0,-,-,NA,NA,ORANGE,LOS ALAMITOS,-118.04100799560548,33.802940368652344
9696225,2024,2024-06-19,3005,2024-04-22,757,8029,C23,1,5,4,3005,0,0,0,NA,0,002,BALL RD,VALLEY VIEW ST,20,E,N,B,-,N,NA,NA,NA,NA,NA,NA,NA,NA,NA,N,3,0,1,2,A,-,08,22107,NA,F,B,G,A,A,H,-,A,D,0,NA,Y,NA,NA,Y,NA,A,01,0,1,0,0,0,0,1,0,0,-,-,NA,NA,ORANGE,CYPRESS,-118.02825164794922,33.81705093383789
9696792,2024,2024-05-07,3013,2024-03-31,1034,253,L05,7,5,3,3013,0,0,0,NA,0,004,CERRITOS AV,LOS ALAMITOS BL,41,W,N,C,-,N,NA,NA,NA,NA,NA,NA,NA,NA,NA,Y,3,0,1,2,A,-,03,22350,A,N,C,C,A,B,H,-,A,A,0,NA,NA,NA,NA,Y,NA,A,01,0,1,0,0,0,0,0,0,0,-,-,NA,NA,ORANGE,LOS ALAMITOS,-118.07199096679688,33.81037902832031
9696806,2024,2024-05-06,3009,2024-03-11,1041,4856,163,1,5,6,3009,0,0,0,NA,0,022,ADRIAN ST,ALLARD AV,492,N,N,A,-,N,NA,NA,NA,NA,NA,NA,NA,NA,NA,N,4,0,1,3,C,-,18,NA,NA,N,C,E,A,A,H,-,A,A,0,NA,NA,NA,NA,Y,NA,-,-,0,0,1,0,0,0,0,0,0,-,-,NA,NA,ORANGE,GARDEN GROVE,-117.90499114990234,33.787010192871094
9697898,2024,2024-05-29,3002,2024-04-04,1020,3893,740A3,4,5,5,3025,0,0,0,NA,0,001,IMPERIAL HWY,VALLEY VIEW AV,0,NA,Y,A,-,N,NA,NA,NA,NA,NA,NA,NA,NA,NA,Y,4,0,2,2,A,-,12,21453,A,N,D,C,A,A,H,-,A,A,0,NA,NA,NA,NA,Y,NA,A,07,0,0,2,0,0,0,0,0,0,-,-,NA,NA,ORANGE,YORBA LINDA,-117.82866668701172,33.897979736328125
9697921,2024,2024-06-26,3000,2024-04-12,1156,5377,951F2,5,5,5,3040,0,0,0,NA,0,741,ALICIA PKWY,KITE HILL N,0,NA,Y,B,-,N,NA,NA,NA,NA,NA,NA,NA,NA,NA,Y,3,0,1,2,D,-,00,NA,NA,N,D,C,A,A,H,-,A,A,0,NA,NA,NA,NA,Y,NA,-,-,0,1,0,0,0,0,0,0,0,-,-,NA,NA,ORANGE,LAGUNA NIGUEL,-117.71640777587892,33.54680633544922
9699342,2024,2024-06-26,3000,2024-05-07,1143,12177,952E7,2,5,4,3018,0,0,0,NA,0,730,ORTEGA HWY,BELFORD DR,35,E,N,A,-,Y,ORA,12,74,-,-,0.69,H,-,W,Y,3,0,1,2,A,-,09,21801,A,N,D,C,A,A,H,-,A,D,0,NA,NA,NA,NA,Y,NA,A,07,0,1,0,0,0,0,0,0,0,-,-,NA,NA,ORANGE,SAN JUAN CAPISTRANO,-117.6491241455078,33.50809097290039
9702183,2024,2024-07-08,3012,2024-05-18,329,644,21,6,5,5,3012,0,0,0,NA,0,002,WHITTIER BL,EUCLID ST,420,E,N,A,-,Y,ORA,12,39,-,-,22.06,H,-,S,N,3,0,1,2,A,-,01,23152,A,N,C,E,A,A,H,-,C,D,0,NA,NA,NA,NA,Y,Y,A,01,0,1,0,0,0,0,0,0,0,-,-,NA,NA,ORANGE,LA HABRA,-117.94467163085938,33.939170837402344
9704294,2024,2024-06-18,3012,2024-04-27,1315,705,22,6,5,5,3012,0,0,0,NA,0,002,HARBOR BL,CARMELA LN,362,S,N,A,-,N,NA,NA,NA,NA,NA,NA,NA,NA,NA,Y,3,0,3,4,A,-,03,22350,NA,N,C,C,A,A,H,-,A,D,0,NA,NA,NA,NA,Y,NA,A,01,0,3,0,0,0,0,0,0,0,-,-,NA,NA,ORANGE,LA HABRA,-117.93306732177734,33.94077682495117
9704896,2024,2024-07-01,3000,2024-05-19,2020,12744,892A8,7,5,5,3028,0,0,0,NA,0,056,JERONIMO RD,ALICIA PKWY,0,NA,Y,B,-,N,NA,NA,NA,NA,NA,NA,NA,NA,NA,Y,4,0,1,2,A,-,12,21453,A,F,D,C,A,A,H,-,C,A,0,NA,NA,NA,NA,Y,NA,D,22,0,0,1,0,0,0,0,0,0,-,-,33.61576843261719,-117.67735290527344,ORANGE,MISSION VIEJO,-117.67835998535156,33.61516189575195
9704907,2024,2024-07-31,3000,2024-05-17,615,12795,891F7,5,5,4,3045,0,0,0,NA,0,746,EL TORO RD,REGIONAL CENTER DR,0,NA,Y,B,-,N,NA,NA,NA,NA,NA,NA,NA,NA,NA,Y,4,0,1,2,A,-,12,21453,NA,N,D,C,A,A,H,-,A,A,0,NA,NA,NA,NA,Y,NA,-,-,0,0,1,0,0,0,0,0,0,-,-,NA,NA,ORANGE,LAGUNA HILLS,-117.71035766601563,33.61278533935547
9705112,2024,2024-07-31,3000,2024-05-17,1408,12795,921E1,5,5,3,3051,0,0,0,NA,0,746,MOULTON PKWY,CALLE CORTEZ,0,NA,Y,A,-,N,NA,NA,NA,NA,NA,NA,NA,NA,NA,Y,4,0,2,2,A,-,12,21453,NA,N,D,C,A,A,H,-,A,A,0,NA,NA,NA,NA,Y,NA,-,-,0,0,2,0,0,0,0,0,0,-,-,NA,NA,ORANGE,LAGUNA WOODS,-117.71941375732422,33.603641510009766
9706319,2024,2024-11-08,3000,2024-05-18,1947,11256,922C1,6,5,5,3028,0,0,0,NA,0,753,CARRETAS DR,MOSQUERO LN,303,E,N,A,-,N,NA,NA,NA,NA,NA,NA,NA,NA,NA,N,3,0,1,1,A,-,01,23152,A,N,F,I,A,A,H,-,B,D,0,NA,NA,Y,NA,Y,Y,C,02,0,1,0,0,0,0,0,0,1,-,-,NA,NA,ORANGE,MISSION VIEJO,NA,NA
9707389,2024,2024-07-26,3000,2024-05-29,1325,1010,893A2,3,5,4,3048,0,0,0,NA,0,766,SANTA MARGARITA PKY,AVD D LAS FLORES,0,NA,Y,A,-,N,NA,NA,NA,NA,NA,NA,NA,NA,NA,Y,4,0,1,2,A,-,01,23152,F,N,D,C,A,A,H,-,A,A,0,NA,NA,NA,NA,Y,NA,A,01,0,0,1,0,0,0,0,0,0,-,-,NA,NA,ORANGE,RANCHO SANTA MARGARITA,NA,NA
9709777,2024,2024-08-21,3005,2024-07-22,2104,8356,C16,1,5,4,3005,0,0,0,NA,0,002,ORANGE DR,WALKER ST,35,E,N,C,-,N,NA,NA,NA,NA,NA,NA,NA,NA,NA,N,4,0,1,2,A,-,03,22350,NA,N,C,C,A,A,H,-,C,A,0,NA,NA,NA,NA,Y,NA,A,01,0,0,1,0,0,0,0,0,0,-,-,NA,NA,ORANGE,CYPRESS,-118.03679656982422,33.82434844970703
9711160,2024,2024-08-19,3004,2024-07-19,1850,P620,02,5,5,6,3004,0,0,0,NA,0,007,WEST 19TH ST,PARK AV,0,NA,N,A,-,N,NA,NA,NA,NA,NA,NA,NA,NA,NA,Y,4,0,1,2,A,-,09,21804,A,N,D,C,A,A,H,-,A,D,0,NA,NA,NA,NA,Y,NA,A,01,0,0,1,0,0,0,0,0,0,-,-,33.64339065551758,-117.12010192871094,ORANGE,COSTA MESA,-117.92115020751952,33.6434326171875
9713661,2024,2024-09-05,3009,2024-04-26,2132,5084,71,5,5,6,3009,0,0,0,NA,0,012,ORANGEWOOD AV,MAGNOLIA ST,33,W,N,A,-,N,NA,NA,NA,NA,NA,NA,NA,NA,NA,Y,3,0,4,2,A,-,09,21801,A,N,D,C,A,A,H,-,C,A,0,NA,NA,NA,NA,Y,NA,A,01,0,2,2,0,0,0,0,0,0,-,-,NA,NA,ORANGE,GARDEN GROVE,-117.97566986083984,33.79575729370117