CASE_ID,ACCIDENT_YEAR,PROC_DATE,JURIS,COLLISION_DATE,COLLISION_TIME,OFFICER_ID,REPORTING_DISTRICT,DAY_OF_WEEK,CHP_SHIFT,POPULATION,CNTY_CITY_LOC,SPECIAL_COND,BEAT_TYPE,CHP_BEAT_TYPE,CITY_DIVISION_LAPD,CHP_BEAT_CLASS,BEAT_NUMBER,PRIMARY_RD,SECONDARY_RD,DISTANCE,DIRECTION,INTERSECTION,WEATHER_1,WEATHER_2,STATE_HWY_IND,CALTRANS_COUNTY,CALTRANS_DISTRICT,STATE_ROUTE,ROUTE_SUFFIX,POSTMILE_PREFIX,POSTMILE,LOCATION_TYPE,RAMP_INTERSECTION,SIDE_OF_HWY,TOW_AWAY,COLLISION_SEVERITY,NUMBER_KILLED,NUMBER_INJURED,PARTY_COUNT,PRIMARY_COLL_FACTOR,PCF_CODE_OF_VIOL,PCF_VIOL_CATEGORY,PCF_VIOLATION,PCF_VIOL_SUBSECTION,HIT_AND_RUN,TYPE_OF_COLLISION,MVIW,PED_ACTION,ROAD_SURFACE,ROAD_COND_1,ROAD_COND_2,LIGHTING,CONTROL_DEVICE,CHP_ROAD_TYPE,PEDESTRIAN_ACCIDENT,BICYCLE_ACCIDENT,MOTORCYCLE_ACCIDENT,TRUCK_ACCIDENT,NOT_PRIVATE_PROPERTY,ALCOHOL_INVOLVED,STWD_VEHTYPE_AT_FAULT,CHP_VEHTYPE_AT_FAULT,COUNT_SEVERE_INJ,COUNT_VISIBLE_INJ,COUNT_COMPLAINT_PAIN,COUNT_PED_KILLED,COUNT_PED_INJURED,COUNT_BICYCLIST_KILLED,COUNT_BICYCLIST_INJURED,COUNT_MC_KILLED,COUNT_MC_INJURED,PRIMARY_RAMP,SECONDARY_RAMP,LATITUDE,LONGITUDE,COUNTY,CITY,POINT_X,POINT_Y
9760174,2024,2025-01-24,3006,2024-11-01,2127,352,19,5,5,3,3006,0,0,0,NA,0,001,THELMA AV,PUERTO RICO DR,12,E,N,A,-,N,NA,NA,NA,NA,NA,NA,NA,NA,NA,Y,4,0,1,2,A,-,01,23152,A,N,B,C,A,A,H,-,C,D,0,NA,NA,NA,NA,Y,Y,A,01,0,0,1,0,0,0,0,0,0,-,-,NA,NA,ORANGE,LA PALMA,-118.03518676757813,33.850799560546875
9760855,2024,2024-12-13,3000,2024-11-29,835,1056,922B7,5,5,5,3028,0,0,0,NA,0,050,CROWN VALLEY PKWY,MEDICAL CENTER RD,236,W,N,B,-,N,NA,NA,NA,NA,NA,NA,NA,NA,NA,N,3,0,1,1,A,-,03,22350,NA,N,H,I,A,A,H,-,A,D,0,NA,Y,NA,NA,Y,NA,L,04,0,1,0,0,0,0,1,0,0,-,-,33.562679290771484,-117.66864776611328,ORANGE,MISSION VIEJO,-117.6685028076172,33.56243133544922
9760979,2024,2025-01-06,3004,2024-11-21,737,P707,RD22,4,5,6,3004,0,0,0,NA,0,010,BAKER ST,RANDOLPH AV,14,E,N,A,-,N,NA,NA,NA,NA,NA,NA,NA,NA,NA,NA,3,0,1,2,A,-,09,21801,A,N,G,B,B,A,H,-,A,A,0,Y,NA,NA,NA,Y,NA,D,22,0,1,0,0,1,0,0,0,0,-,-,33.67927932739258,-117.88739013671876,ORANGE,COSTA MESA,-117.88773345947266,33.68014144897461
9761246,2024,2025-01-03,3013,2024-11-22,735,245,L07,5,5,3,3013,0,0,0,NA,0,005,KATELLA AV,RT 605,0,NA,Y,A,-,Y,ORA,12,605,-,R,1.345,R,4,N,Y,4,0,1,2,A,-,08,22107,NA,N,B,C,A,A,H,-,A,A,0,NA,NA,NA,NA,Y,NA,A,01,0,0,1,0,0,0,0,0,0,-,NO,NA,NA,ORANGE,LOS ALAMITOS,-118.08217620849608,33.80195999145508
9761256,2024,2024-12-19,3009,2024-11-24,148,5040,125,7,5,6,3009,0,0,0,NA,0,021,EUCLID ST,SHERMAN AV,250,N,N,C,-,N,NA,NA,NA,NA,NA,NA,NA,NA,NA,Y,4,0,1,1,A,-,07,21658,A,N,D,I,A,B,H,-,C,A,0,NA,NA,NA,NA,Y,NA,A,01,0,0,1,0,0,0,0,0,0,-,-,NA,NA,ORANGE,GARDEN GROVE,-117.93798065185548,33.77304458618164
9761591,2024,2024-12-31,3009,2024-12-10,821,4856,112,2,5,6,3009,0,0,0,NA,0,021,EUCLID ST,CHAPMAN AV,34,S,N,A,-,N,NA,NA,NA,NA,NA,NA,NA,NA,NA,Y,4,0,2,2,A,-,12,21453,A,N,D,C,A,A,H,-,A,A,0,NA,NA,NA,NA,Y,NA,-,-,0,0,2,0,0,0,0,0,0,-,-,NA,NA,ORANGE,GARDEN GROVE,-117.94126129150392,33.788578033447266
9761598,2024,2024-12-26,3000,2024-12-05,755,3950,921D4,4,5,4,3049,0,0,0,NA,0,782,PACIFIC PARK DR,ENTERPRISE,0,NA,Y,E,-,N,NA,NA,NA,NA,NA,NA,NA,NA,NA,Y,4,0,2,2,A,-,12,21453,A,N,D,C,A,A,H,-,A,A,0,NA,NA,NA,NA,Y,NA,A,01,0,0,2,0,0,0,0,0,0,-,-,NA,NA,ORANGE,ALISO VIEJO,-117.73432159423828,33.58554458618164
9763093,2024,2025-01-09,3004,2024-12-16,506,P555,RD22,1,5,6,3004,0,0,0,NA,0,010,BAKER ST,RANDOLPH AV,0,NA,Y,A,-,N,NA,NA,NA,NA,NA,NA,NA,NA,NA,Y,3,0,1,2,A,-,12,21453,A,N,D,C,A,A,H,-,C,A,0,NA,NA,NA,NA,Y,NA,-,-,0,1,0,0,0,0,0,0,0,-,-,33.67927932739258,-117.88739013671876,ORANGE,COSTA MESA,-117.88777923583984,33.68014144897461
9763743,2024,2025-01-17,3012,2024-12-25,1438,738,NA,3,5,5,3012,0,0,0,NA,0,002,E LA HABRA BL,N EUCLID ST,0,NA,Y,A,-,N,NA,NA,NA,NA,NA,NA,NA,NA,NA,Y,4,0,1,1,A,-,-,NA,NA,N,E,I,A,A,H,-,A,A,0,NA,NA,Y,NA,Y,NA,C,02,0,0,1,0,0,0,0,0,1,-,-,NA,NA,ORANGE,LA HABRA,-117.94612884521484,33.931861877441406
9764299,2024,2025-02-28,3000,2024-12-14,915,4412,952E7,6,5,4,3018,0,0,0,NA,0,130,ORTEGA HWY,STRAWBERRY LN,194,W,N,A,-,Y,ORA,12,74,-,-,0.52,H,-,W,N,3,0,1,3,A,-,08,22107,NA,N,D,C,F,A,H,-,A,D,0,Y,NA,NA,Y,Y,NA,F,26,0,1,0,0,1,0,0,0,0,-,-,NA,NA,ORANGE,SAN JUAN CAPISTRANO,-117.65142059326172,33.5063591003418
9764525,2025,2025-01-31,3000,2025-01-04,1514,12844,921G1,6,5,4,3045,0,0,0,NA,0,746,PASEO DE VALENCIA,KENNINGTON DR,43,S,N,A,-,N,NA,NA,NA,NA,NA,NA,NA,NA,NA,N,4,0,2,2,A,-,17,22109,NA,N,C,C,A,A,H,-,A,A,0,NA,NA,NA,NA,Y,NA,A,07,0,0,2,0,0,0,0,0,0,-,-,NA,NA,ORANGE,LAGUNA HILLS,-117.70240020751952,33.60134506225586
9765052,2025,2025-02-21,3004,2025-01-27,800,P676,RD10,1,5,6,3004,0,0,0,NA,0,012,VICTORIA ST,AMERICAN AV,0,NA,Y,A,-,N,NA,NA,NA,NA,NA,NA,NA,NA,NA,N,3,0,1,2,A,-,03,22350,NA,N,C,C,A,A,H,-,A,A,0,NA,NA,NA,NA,Y,NA,M,91,0,1,0,0,0,0,0,0,0,-,-,33.65230941772461,-117.94204711914063,ORANGE,COSTA MESA,-117.94178009033205,33.65241241455078
9765573,2024,2025-02-24,3000,2024-12-16,1606,10968,971H6,1,5,4,3029,0,0,0,NA,0,6M38,LA CRESTA DR,EL ENCANTO AV,0,NA,Y,A,-,N,NA,NA,NA,NA,NA,NA,NA,NA,NA,N,3,0,2,2,A,-,09,21804,A,N,D,C,A,A,H,-,A,A,0,NA,NA,NA,NA,Y,NA,A,01,0,1,1,0,0,0,0,0,0,-,-,NA,NA,ORANGE,DANA POINT,-117.70124816894533,33.46910095214844
9765968,2025,2025-02-21,3000,2025-01-08,2055,11736,892D5,3,5,5,3028,0,0,0,NA,0,4A55,ALICIA PKWY,MARGUERITE PKWY,0,NA,Y,A,G,N,NA,NA,NA,NA,NA,NA,NA,NA,NA,Y,4,0,1,2,D,-,00,NA,NA,N,D,C,A,A,H,-,C,A,0,NA,NA,NA,NA,Y,NA,-,-,0,0,1,0,0,0,0,0,0,-,-,NA,NA,ORANGE,MISSION VIEJO,-117.65142059326172,33.62784194946289
9767810,2024,2024-12-18,3009,2024-11-21,711,4739,082,4,5,6,3009,0,0,0,NA,0,012,YORKSHIRE AV,MAGNOLIA ST,5,W,N,A,-,N,NA,NA,NA,NA,NA,NA,NA,NA,NA,N,3,0,1,2,A,-,10,21950,A,N,G,B,B,A,H,-,A,A,0,Y,NA,NA,NA,Y,NA,A,07,0,1,0,0,1,0,0,0,0,-,-,33.79248046875,-117.97547149658205,ORANGE,GARDEN GROVE,-117.97548675537108,33.79248046875
9772090,2024,2025-01-24,3003,2024-12-11,754,1256,NA,3,5,5,3003,0,0,0,NA,0,NA,LA PALMA AVE,SAN MARINO DRIVE,0,NA,Y,A,-,N,NA,NA,NA,NA,NA,NA,NA,NA,NA,N,2,0,1,2,A,-,12,21453,A,N,D,C,A,A,H,-,A,A,0,NA,NA,NA,NA,Y,NA,A,01,1,0,0,0,0,0,0,0,0,-,-,33.84640884399414,-118.01915740966795,ORANGE,BUENA PARK,-118.01920318603516,33.846649169921875
9772199,2024,2025-01-13,3003,2024-11-26,438,1304,NA,2,5,5,3003,0,0,0,NA,0,NA,ORANGETHORPE AV,CAMPUS DR,42,W,N,A,-,N,NA,NA,NA,NA,NA,NA,NA,NA,NA,Y,3,0,1,2,A,-,08,22107,NA,N,D,C,A,A,H,-,C,D,0,NA,NA,NA,Y,Y,NA,F,26,0,1,0,0,0,0,0,0,0,-,-,33.859130859375,-117.98023986816406,ORANGE,BUENA PARK,-117.98009490966795,33.859100341796875
9772614,2024,2025-01-23,3004,2024-12-05,941,P462,RD09,4,5,6,3004,0,0,0,NA,0,012,VICTORIA ST,MAPLE ST,555,W,N,A,-,N,NA,NA,NA,NA,NA,NA,NA,NA,NA,N,3,0,1,2,A,-,09,21804,A,N,G,B,E,A,H,-,A,D,0,Y,NA,NA,NA,Y,NA,A,07,0,1,0,0,1,0,0,0,0,-,-,33.65245819091797,-117.92268371582033,ORANGE,COSTA MESA,-117.92462158203124,33.65251922607422
9772615,2024,2025-01-27,3004,2024-12-02,929,P462,RD01,1,5,6,3004,0,0,0,NA,0,007,19TH ST,PLACENTIA AV,0,NA,Y,-,-,N,NA,NA,NA,NA,NA,NA,NA,NA,NA,Y,3,0,2,2,A,-,12,21453,A,N,D,C,A,A,H,-,A,A,0,NA,NA,NA,NA,Y,NA,A,07,0,2,0,0,0,0,0,0,0,-,-,33.6432991027832,-117.93199157714844,ORANGE,COSTA MESA,-117.93199157714844,33.643375396728516
9772736,2024,2025-01-21,3009,2024-12-19,1505,4156,012,4,5,6,3009,0,0,0,NA,0,011,VALLEY VIEW ST,CHAPMAN AV,131,S,N,A,-,N,NA,NA,NA,NA,NA,NA,NA,NA,NA,N,3,0,1,2,A,-,17,21702,NA,N,D,J,A,A,H,-,A,D,0,NA,NA,Y,NA,Y,NA,C,02,0,1,0,0,0,0,0,0,1,-,-,33.78839111328125,-118.02857971191406,ORANGE,GARDEN GROVE,-118.02857971191406,33.78803253173828
9774347,2024,2025-01-17,3000,2024-11-27,1430,11457,798B2,3,5,4,3021,0,0,0,NA,0,022,MAGNOLIA AV,PACIFIC AV,0,NA,Y,A,-,N,NA,NA,NA,NA,NA,NA,NA,NA,NA,N,4,0,1,2,A,-,12,21453,NA,N,D,C,A,A,H,-,A,A,0,NA,NA,NA,NA,Y,NA,-,-,0,0,1,0,0,0,0,0,0,-,-,NA,NA,ORANGE,STANTON,-117.97572326660156,33.80766296386719
9775551,2024,2025-02-03,3009,2024-12-18,800,4719,135,3,5,6,3009,0,0,0,NA,0,023,TRASK AV,TRASK AV 11372,60,S,N,A,-,N,NA,NA,NA,NA,NA,NA,NA,NA,NA,N,4,0,1,2,A,-,08,22107,NA,M,D,G,A,A,H,-,A,A,0,NA,Y,NA,NA,Y,NA,A,01,0,0,1,0,0,0,1,0,0,-,-,NA,NA,ORANGE,GARDEN GROVE,-117.97582244873048,33.76675796508789
9775918,2025,2025-02-05,3004,2025-01-10,1739,P713,RD01,5,5,6,3004,0,0,0,NA,0,015,18TH ST,MONROVIA AV,347,E,N,-,-,N,NA,NA,NA,NA,NA,NA,NA,NA,NA,NA,3,0,1,2,A,-,05,21650,NA,F,B,-,A,A,H,-,C,D,0,NA,Y,NA,NA,Y,NA,L,04,0,1,0,0,0,0,1,0,0,-,-,33.6396598815918,-117.93639373779295,ORANGE,COSTA MESA,-117.93517303466795,33.639739990234375
9776346,2025,2025-02-21,3004,2025-01-25,1123,P542,RD15,6,5,6,3004,0,0,0,NA,0,004,HARBOR BL,MERRIMAC WY,144,S,N,A,-,N,NA,NA,NA,NA,NA,NA,NA,NA,NA,Y,4,0,2,2,A,-,03,22350,NA,N,C,C,A,A,H,-,A,D,0,NA,NA,NA,NA,Y,NA,A,01,0,0,2,0,0,0,0,0,0,-,-,33.66790008544922,-117.91909790039063,ORANGE,COSTA MESA,-117.91929626464844,33.667903900146484
9777479,2025,2025-02-28,3005,2025-02-08,1817,8362,C35,6,5,4,3005,0,0,0,NA,0,003,VALLEY VIEW ST,CORPORATE AV,0,NA,Y,A,-,N,NA,NA,NA,NA,NA,NA,NA,NA,NA,Y,3,0,1,2,A,-,12,21453,A,N,D,C,A,A,H,-,C,A,0,NA,NA,NA,NA,Y,NA,A,01,0,1,0,0,0,0,0,0,0,-,-,NA,NA,ORANGE,CYPRESS,-118.02838897705078,33.807960510253906
9777634,2025,2025-03-05,3000,2025-01-16,1653,9652,971G7,4,5,4,3029,0,0,0,NA,0,135,DANA POINT HARBOR DR,COVE RD,0,NA,Y,A,-,N,NA,NA,NA,NA,NA,NA,NA,NA,NA,N,3,0,1,2,A,-,09,21802,A,N,D,G,A,A,H,-,A,A,0,NA,Y,NA,NA,Y,NA,A,08,0,1,0,0,0,0,1,0,0,-,-,NA,NA,ORANGE,DANA POINT,-117.706298828125,33.46306228637695
9777663,2025,2025-03-06,3000,2025-02-05,1220,12644,892A3,3,5,5,3050,0,0,0,NA,0,064,EL TORO RD,MONTCLIFF DR,0,NA,Y,A,-,N,NA,NA,NA,NA,NA,NA,NA,NA,NA,Y,3,0,1,2,A,-,09,21802,A,N,D,C,A,A,H,-,A,D,0,NA,NA,NA,NA,Y,NA,A,01,0,1,0,0,0,0,0,0,0,-,-,NA,NA,ORANGE,LAKE FOREST,-117.67788696289063,33.63820266723633
9778571,2025,2025-02-03,3009,2025-01-11,1333,52882,076,6,5,6,3009,0,0,0,NA,0,1-3,TRASK AV,MAGNOLIA ST,640,W,N,A,-,N,NA,NA,NA,NA,NA,NA,NA,NA,NA,Y,3,0,1,1,C,-,18,NA,NA,N,E,J,A,A,H,-,A,D,0,NA,NA,NA,NA,Y,NA,-,-,0,1,0,0,0,0,0,0,0,-,-,NA,NA,ORANGE,GARDEN GROVE,-117.97461700439452,33.76668930053711
9778592,2025,2025-02-04,3004,2025-01-06,542,P732,RD25,1,5,6,3004,0,0,0,NA,0,008,FAIRVIEW RD,SOUTH COAST DR,0,NA,Y,A,-,N,NA,NA,NA,NA,NA,NA,NA,NA,NA,Y,3,0,4,2,A,-,12,21453,A,N,D,C,A,A,H,-,C,A,0,NA,NA,NA,NA,Y,NA,A,01,0,4,0,0,0,0,0,0,0,-,-,33.691368103027344,-117.90780639648438,ORANGE,COSTA MESA,-117.90784454345705,33.69125747680664
9778608,2025,2025-02-04,3003,2025-01-01,1948,1299,NA,3,5,5,3003,0,0,0,NA,0,NA,BEACH BL,CRESCENT AV,0,NA,Y,A,-,N,NA,NA,NA,NA,NA,NA,NA,NA,NA,N,4,0,1,2,A,-,10,21950,NA,N,G,B,B,A,H,-,C,A,0,Y,NA,NA,NA,Y,NA,A,01,0,0,1,0,1,0,0,0,0,-,-,33.83955001831055,-117.99542236328124,ORANGE,BUENA PARK,-117.99536895751952,33.83938980102539
9780200,2025,2025-03-14,3000,2025-02-18,1034,12844,891,2,5,4,3045,0,0,0,NA,0,745,EL TORO RD,PASEO DE VALENCIA,0,NA,Y,A,-,N,NA,NA,NA,NA,NA,NA,NA,NA,NA,Y,3,0,3,2,A,-,08,22100,A,N,D,C,A,A,H,-,A,A,0,NA,NA,NA,NA,Y,NA,A,07,0,3,0,0,0,0,0,0,0,-,-,NA,NA,ORANGE,LAGUNA HILLS,-117.71285247802734,33.612579345703125
9780590,2025,2025-03-18,3000,2025-01-15,1350,11752,921H4,3,5,4,3045,0,0,0,NA,0,746,LA PAZ RD,ALAMEDA AV,0,W,N,A,-,N,NA,NA,NA,NA,NA,NA,NA,NA,NA,Y,3,0,1,2,D,-,00,NA,NA,N,B,J,A,A,H,-,A,D,0,NA,NA,NA,NA,Y,NA,-,-,0,1,0,0,0,0,0,0,0,-,-,NA,NA,ORANGE,LAGUNA HILLS,-117.69631958007813,33.5793342590332
9780604,2025,2025-03-13,3000,2025-01-10,1811,10652,WJC,5,5,4,3021,0,0,0,NA,0,021,WESTERN AV,IDYLWILD DR,141,NA,N,A,-,N,NA,NA,NA,NA,NA,NA,NA,NA,NA,Y,4,0,1,3,A,-,08,22107,NA,N,C,C,A,A,H,-,C,D,0,NA,NA,NA,NA,Y,NA,A,07,0,0,1,0,0,0,0,0,0,-,-,NA,NA,ORANGE,STANTON,-118.00199127197266,33.80907440185547
9780768,2024,2025-03-21,3000,2024-11-20,2029,10341,972A5,3,5,4,3029,0,0,0,NA,0,435,STONEHILL DR,DEL OBISPO,177,W,N,A,-,N,NA,NA,NA,NA,NA,NA,NA,NA,NA,N,4,0,1,1,A,-,08,22107,NA,N,E,I,A,A,H,-,C,A,0,NA,NA,NA,NA,Y,Y,A,01,0,0,1,0,0,0,0,0,0,-,-,NA,NA,ORANGE,DANA POINT,-117.68553924560548,33.47568130493164
9781338,2025,2025-02-10,3004,2025-01-23,59,P720,RD28,4,5,6,3004,0,0,0,NA,0,005,SANTA ANA AV,BRISTOL ST,175,W,N,A,-,N,NA,NA,NA,NA,NA,NA,NA,NA,NA,N,4,0,1,1,A,-,01,23152,F,N,E,I,A,A,H,-,D,A,0,NA,NA,NA,NA,Y,NA,A,01,0,0,1,0,0,0,0,0,0,-,-,33.666629791259766,-117.8820571899414,ORANGE,COSTA MESA,-117.88240051269533,33.666263580322266
9782922,2025,2025-03-07,3003,2025-01-31,1640,1289,NA,5,5,5,3003,0,0,0,NA,0,NA,BEACH BL,RT 91,0,NA,Y,A,-,Y,ORA,12,39,-,-,14.441,I,5,N,Y,4,0,1,2,A,-,12,21453,A,N,D,C,A,A,H,-,A,D,0,NA,NA,NA,NA,Y,NA,A,01,0,0,1,0,0,0,0,0,0,-,WF,33.85715103149414,-117.99800872802734,ORANGE,BUENA PARK,-117.99794769287108,33.856990814208984
9783989,2025,2025-02-14,3009,2025-01-23,1129,4661,097,4,5,6,3009,0,0,0,NA,0,013,BROOKHURST ST,HAZARD AV,0,NA,Y,A,-,N,NA,NA,NA,NA,NA,NA,NA,NA,NA,Y,4,0,3,2,A,-,09,21801,A,N,D,C,A,A,H,-,A,A,0,NA,NA,NA,NA,Y,NA,A,01,0,0,3,0,0,0,0,0,0,-,-,NA,NA,ORANGE,GARDEN GROVE,-117.95491027832033,33.75225830078125
9784184,2025,2025-02-26,3009,2025-02-04,1733,4739,076,2,5,6,3009,0,0,0,NA,0,013,MAGNOLIA ST,HEWITT PL,0,NA,Y,A,-,N,NA,NA,NA,NA,NA,NA,NA,NA,NA,Y,3,0,3,2,A,-,09,21801,A,N,D,C,A,A,H,-,D,D,0,NA,NA,NA,NA,Y,NA,A,01,0,2,1,0,0,0,0,0,0,-,-,NA,NA,ORANGE,GARDEN GROVE,-117.97251129150392,33.761878967285156
9784202,2024,2025-02-19,3009,2024-12-24,2023,4860,144,2,5,6,3009,0,0,0,NA,0,022,BUARO ST,EMRYS AV,234,S,N,A,-,N,NA,NA,NA,NA,NA,NA,NA,NA,NA,N,2,0,1,2,A,-,09,21804,A,N,D,J,A,A,H,-,B,D,0,NA,Y,NA,NA,Y,NA,A,01,1,0,0,0,0,0,1,0,0,-,-,NA,NA,ORANGE,GARDEN GROVE,-117.91919708251952,33.779808044433594
9785610,2025,2025-02-25,3009,2025-02-06,1946,5054,097,4,5,6,3009,0,0,0,NA,0,1-3,HAZARD AV,KERRY ST,7,W,N,A,-,N,NA,NA,NA,NA,NA,NA,NA,NA,NA,Y,4,0,1,2,A,-,01,23152,A,M,A,C,A,A,H,-,C,D,0,NA,NA,Y,NA,Y,Y,A,01,0,0,1,0,0,0,0,0,1,-,-,NA,NA,ORANGE,GARDEN GROVE,-117.95931243896484,33.75223922729492
9786104,2024,2025-04-09,3019,2024-04-11,256,3155,SC,4,5,7,3019,0,0,0,NA,0,004,BRISTOL ST,SEGERSTROM AV,14,N,N,A,-,N,NA,NA,NA,NA,NA,NA,NA,NA,NA,Y,1,1,0,2,A,-,01,23153,A,N,C,C,A,A,H,-,C,A,0,NA,NA,Y,NA,Y,Y,A,01,0,0,0,0,0,0,0,1,0,-,-,33.70745086669922,-117.88529205322266,ORANGE,SANTA ANA,-117.88546752929688,33.70746994018555
9788631,2025,2025-05-15,3000,2025-04-07,1210,10576,892B5,1,5,5,3028,0,0,0,NA,0,750,LOS ALISOS BL,VALLEJO,265,W,N,A,-,N,NA,NA,NA,NA,NA,NA,NA,NA,NA,N,2,0,1,1,A,-,-,NA,NA,N,F,A,A,A,H,-,A,D,0,NA,Y,NA,NA,Y,NA,L,04,1,0,0,0,0,0,1,0,0,-,-,NA,NA,ORANGE,MISSION VIEJO,-117.67404174804688,33.626731872558594
9789266,2025,2025-03-27,3000,2025-03-03,1302,11341,921D1,1,5,3,3051,0,0,0,NA,0,180,EL TORO RD,CALLE SONORA,0,NA,Y,A,-,N,NA,NA,NA,NA,NA,NA,NA,NA,NA,Y,3,0,5,2,A,-,12,21453,A,N,D,C,A,A,H,-,A,A,0,NA,NA,NA,NA,Y,NA,D,22,0,5,0,0,0,0,0,0,0,-,-,NA,NA,ORANGE,LAGUNA WOODS,-117.73236846923828,33.60902404785156
9790454,2025,2025-03-27,3011,2025-02-10,1535,31574,NA,1,5,4,3011,0,0,0,NA,0,NA,RT 1,LEGION ST,245,S,N,A,-,Y,ORA,12,1,-,-,9.051,I,5,N,Y,3,0,1,2,A,-,07,21658,A,N,C,E,A,A,H,-,A,D,0,NA,NA,NA,NA,Y,NA,A,07,0,1,0,0,0,0,0,0,0,-,-,NA,NA,ORANGE,LAGUNA BEACH,-117.78079223632813,33.539154052734375
9790790,2025,2025-04-09,3000,2025-02-11,406,11662,922C4,2,5,5,3028,0,0,0,NA,0,4A54,MARGUERITE PKWY,OSO PKWY,0,NA,Y,A,-,N,NA,NA,NA,NA,NA,NA,NA,NA,NA,Y,4,0,2,2,A,-,12,21453,A,N,D,C,A,A,H,-,C,A,0,NA,NA,NA,NA,Y,NA,A,01,0,0,2,0,0,0,0,0,0,-,-,NA,NA,ORANGE,MISSION VIEJO,-117.65959167480467,33.58415603637695
9791913,2025,2025-08-20,3004,2025-07-16,1517,P691,RD07,3,5,6,3004,0,0,0,NA,0,015,SANTA ANA AV,ESTHER ST,6,N,N,A,-,N,NA,NA,NA,NA,NA,NA,NA,NA,NA,Y,3,0,2,2,A,-,03,22350,NA,N,D,C,A,A,H,-,A,A,0,NA,NA,NA,NA,Y,NA,D,22,0,2,0,0,0,0,0,0,0,-,-,33.640201568603516,-117.90699768066406,ORANGE,COSTA MESA,-117.907958984375,33.64052200317383
9792975,2025,2025-03-19,3004,2025-03-10,1907,P700,RD17,1,5,6,3004,0,0,0,NA,0,002,MISSION DR,MENDOZA DR,986,E,N,B,-,N,NA,NA,NA,NA,NA,NA,NA,NA,NA,N,3,0,1,2,A,-,11,21954,A,N,G,B,D,A,H,-,C,D,0,Y,NA,NA,NA,Y,NA,N,60,0,1,0,0,1,0,0,0,0,-,-,33.676639556884766,-117.9006805419922,ORANGE,COSTA MESA,-117.89785003662108,33.67728042602539
9793797,2025,2025-03-19,3000,2025-01-17,2030,11797,992J4,5,5,5,3017,0,0,0,NA,0,778,DEL MAR AV,OLA VISTA,460,W,N,A,-,N,NA,NA,NA,NA,NA,NA,NA,NA,NA,N,3,0,2,2,A,-,06,21755,NA,F,D,G,A,A,H,-,C,D,0,NA,Y,NA,NA,Y,NA,L,04,0,2,0,0,0,0,2,0,0,-,-,NA,NA,ORANGE,SAN CLEMENTE,-117.6162109375,33.425148010253906
9793874,2025,2025-03-18,3000,2025-02-11,1818,10850,NA,2,5,3,3051,0,0,0,NA,0,891E7,EL TORO RD,MOULTON PKWY,885,E,N,A,-,N,NA,NA,NA,NA,NA,NA,NA,NA,NA,Y,3,0,1,2,A,-,09,21802,A,N,B,C,A,A,H,-,C,A,0,NA,NA,Y,NA,Y,NA,A,07,0,1,0,0,0,0,0,0,1,-,-,NA,NA,ORANGE,LAGUNA WOODS,-117.72284698486328,33.61143493652344
9795899,2025,2025-04-02,3000,2025-03-10,1459,12043,951G1,1,5,5,3040,0,0,0,NA,0,743,ALISO CREEK RD,HIBISCUS DR,0,NA,Y,A,-,N,NA,NA,NA,NA,NA,NA,NA,NA,NA,Y,4,0,1,2,A,-,01,23152,A,N,C,C,A,A,H,-,A,D,0,NA,NA,NA,NA,Y,Y,D,22,0,0,1,0,0,0,0,0,0,-,-,NA,NA,ORANGE,LAGUNA NIGUEL,-117.70639038085938,33.555545806884766
9796055,2025,2025-04-01,3004,2025-02-24,1526,P462,21,1,5,6,3004,0,0,0,NA,0,008,FAIRVIEW RD,BAKER ST,472,S,N,A,-,N,NA,NA,NA,NA,NA,NA,NA,NA,NA,Y,3,0,2,2,A,-,09,21804,A,N,D,C,A,A,H,-,A,D,0,NA,NA,NA,NA,Y,NA,A,01,0,2,0,0,0,0,0,0,0,-,-,33.67953872680664,-117.9073486328125,ORANGE,COSTA MESA,-117.90785980224608,33.678836822509766
9796056,2025,2025-04-01,3009,2025-02-23,230,5000,131,7,5,6,3009,0,0,0,NA,0,2-2,ORANGEWOOD AV,WEST ST,114,E,N,A,-,N,NA,NA,NA,NA,NA,NA,NA,NA,NA,Y,2,0,1,2,A,-,01,23153,A,N,G,B,E,A,H,-,C,D,0,Y,NA,NA,NA,Y,Y,A,01,1,0,0,0,1,0,0,0,0,-,-,NA,NA,ORANGE,GARDEN GROVE,-117.92352294921876,33.79604721069336
9799049,2025,2025-06-20,3005,2025-06-03,1323,8272,C36,2,5,4,3005,0,0,0,NA,0,003,KNOTT AV,CERRITOS AV,67,S,N,A,-,N,NA,NA,NA,NA,NA,NA,NA,NA,NA,Y,4,0,1,2,A,-,03,22350,NA,N,C,C,A,A,H,-,A,D,0,NA,NA,NA,NA,Y,NA,A,07,0,0,1,0,0,0,0,0,0,-,-,NA,NA,ORANGE,CYPRESS,-118.01070404052734,33.80980682373047