CASE_ID,ACCIDENT_YEAR,PROC_DATE,JURIS,COLLISION_DATE,COLLISION_TIME,OFFICER_ID,REPORTING_DISTRICT,DAY_OF_WEEK,CHP_SHIFT,POPULATION,CNTY_CITY_LOC,SPECIAL_COND,BEAT_TYPE,CHP_BEAT_TYPE,CITY_DIVISION_LAPD,CHP_BEAT_CLASS,BEAT_NUMBER,PRIMARY_RD,SECONDARY_RD,DISTANCE,DIRECTION,INTERSECTION,WEATHER_1,WEATHER_2,STATE_HWY_IND,CALTRANS_COUNTY,CALTRANS_DISTRICT,STATE_ROUTE,ROUTE_SUFFIX,POSTMILE_PREFIX,POSTMILE,LOCATION_TYPE,RAMP_INTERSECTION,SIDE_OF_HWY,TOW_AWAY,COLLISION_SEVERITY,NUMBER_KILLED,NUMBER_INJURED,PARTY_COUNT,PRIMARY_COLL_FACTOR,PCF_CODE_OF_VIOL,PCF_VIOL_CATEGORY,PCF_VIOLATION,PCF_VIOL_SUBSECTION,HIT_AND_RUN,TYPE_OF_COLLISION,MVIW,PED_ACTION,ROAD_SURFACE,ROAD_COND_1,ROAD_COND_2,LIGHTING,CONTROL_DEVICE,CHP_ROAD_TYPE,PEDESTRIAN_ACCIDENT,BICYCLE_ACCIDENT,MOTORCYCLE_ACCIDENT,TRUCK_ACCIDENT,NOT_PRIVATE_PROPERTY,ALCOHOL_INVOLVED,STWD_VEHTYPE_AT_FAULT,CHP_VEHTYPE_AT_FAULT,COUNT_SEVERE_INJ,COUNT_VISIBLE_INJ,COUNT_COMPLAINT_PAIN,COUNT_PED_KILLED,COUNT_PED_INJURED,COUNT_BICYCLIST_KILLED,COUNT_BICYCLIST_INJURED,COUNT_MC_KILLED,COUNT_MC_INJURED,PRIMARY_RAMP,SECONDARY_RAMP,LATITUDE,LONGITUDE,COUNTY,CITY,POINT_X,POINT_Y
9800774,2025,2025-05-16,3013,2025-04-18,2121,264,L04,5,5,3,3013,0,0,0,NA,0,004,KATELLA AV,RT 605,0,NA,Y,A,-,Y,ORA,12,605,-,R,1.231,R,4,N,Y,4,0,2,2,A,-,12,21453,A,N,D,C,A,A,H,-,E,A,0,NA,NA,NA,NA,Y,NA,A,07,0,0,2,0,0,0,0,0,0,-,-,NA,NA,ORANGE,LOS ALAMITOS,-118.08335113525392,33.80046844482422
9801099,2025,2025-04-15,3000,2025-02-12,1726,5013,862A6,3,5,5,3050,0,0,0,NA,0,762,BAKE PKWY,DIMENSION DR,69,E,N,B,-,N,NA,NA,NA,NA,NA,NA,NA,NA,NA,Y,4,0,1,2,C,-,18,NA,NA,N,C,C,A,B,H,-,B,A,0,NA,NA,NA,NA,Y,NA,-,-,0,0,1,0,0,0,0,0,0,-,-,NA,NA,ORANGE,LAKE FOREST,-117.67574310302734,33.6677131652832
9801140,2025,2025-04-21,3000,2025-02-08,1625,12970,798A1,6,5,4,3021,0,0,0,NA,0,022,DALE AV,WINSTON RD,61,N,N,A,-,N,NA,NA,NA,NA,NA,NA,NA,NA,NA,Y,3,0,1,3,A,-,08,22107,NA,N,B,E,A,A,H,-,B,D,0,NA,NA,NA,NA,Y,NA,D,22,0,1,0,0,0,0,0,0,0,-,-,NA,NA,ORANGE,STANTON,-117.98454284667967,33.814395904541016
9801313,2025,2025-04-24,3000,2025-03-27,2144,6717,891F5,4,5,5,3050,0,0,0,NA,0,18762,ROCKFIELD BL,MERCURY RD,55,S,N,A,-,N,NA,NA,NA,NA,NA,NA,NA,NA,NA,N,4,0,1,2,A,-,07,21658,A,M,D,C,A,A,H,-,C,A,0,NA,NA,NA,NA,Y,NA,A,07,0,0,1,0,0,0,0,0,0,-,-,33.37322998046875,-117.42491912841795,ORANGE,LAKE FOREST,-117.71368408203124,33.62575149536133
9801621,2025,2025-04-16,3000,2025-03-12,925,11752,891F7,3,5,4,3045,0,0,0,NA,0,746,PASEO DE VALENCIA,CALLE DE LA PLATA,0,NA,Y,B,-,N,NA,NA,NA,NA,NA,NA,NA,NA,NA,N,3,0,1,2,A,-,10,21950,A,N,G,B,B,B,H,-,A,A,0,Y,NA,NA,NA,Y,NA,A,07,0,1,0,0,1,0,0,0,0,-,-,NA,NA,ORANGE,LAGUNA HILLS,-117.71269989013672,33.60992431640625
9802557,2025,2025-04-29,3003,2025-03-21,1543,1327,NA,5,5,5,3003,0,0,0,NA,0,NA,LA PALMA AV,WESTERN AV,345,W,N,A,-,N,NA,NA,NA,NA,NA,NA,NA,NA,NA,Y,4,0,1,2,A,-,09,21801,A,N,D,C,A,A,H,-,A,D,0,NA,NA,NA,NA,Y,NA,A,01,0,0,1,0,0,0,0,0,0,-,-,33.84600067138672,-118.00360107421876,ORANGE,BUENA PARK,-118.00351715087892,33.846622467041016
9804364,2025,2025-05-05,3009,2025-04-10,941,3422,11,4,5,6,3009,0,0,0,NA,0,022,VALLEY VIEW ST,CHAPMAN AVE,0,NA,Y,A,-,N,NA,NA,NA,NA,NA,NA,NA,NA,NA,N,3,0,1,2,A,-,11,21954,A,N,G,B,D,A,H,-,A,A,0,Y,NA,NA,NA,Y,NA,N,60,0,1,0,0,1,0,0,0,0,-,-,NA,NA,ORANGE,GARDEN GROVE,-118.02857971191406,33.788394927978516
9804753,2025,2025-04-25,3004,2025-04-04,615,P726,RD01,5,5,6,3004,0,0,0,NA,0,009,PLACENTIA AV,18TH ST,10,N,N,B,-,N,NA,NA,NA,NA,NA,NA,NA,NA,NA,N,3,0,1,2,A,-,08,22107,NA,N,G,B,B,A,H,-,A,A,0,Y,NA,NA,NA,Y,NA,A,01,0,1,0,0,1,0,0,0,0,-,-,33.6396598815918,-117.93180847167967,ORANGE,COSTA MESA,-117.93196105957033,33.639766693115234
9805736,2025,2025-05-20,3000,2025-03-27,1442,5377,951F1,4,5,5,3040,0,0,0,NA,0,741,ALICIA PKWY,AWMA,0,NA,Y,A,-,N,NA,NA,NA,NA,NA,NA,NA,NA,NA,Y,2,0,3,2,A,-,08,22100,A,N,D,C,A,A,H,-,A,D,0,NA,NA,NA,NA,Y,NA,A,07,2,1,0,0,0,0,0,0,0,-,-,NA,NA,ORANGE,LAGUNA NIGUEL,-117.71793365478516,33.55206298828125
9805857,2025,2025-05-09,3004,2025-04-21,853,P462,RD12,1,5,6,3004,0,0,0,NA,0,002,NEWPORT BL,DEL MAR AV,0,NA,Y,A,-,N,NA,NA,NA,NA,NA,NA,NA,NA,NA,Y,3,0,1,3,A,-,12,21453,A,N,D,C,A,A,H,-,A,A,0,NA,NA,NA,NA,Y,NA,A,08,0,1,0,0,0,0,0,0,0,NO,-,33.66284942626953,-117.89710998535156,ORANGE,COSTA MESA,-117.89704132080078,33.662906646728516
9806105,2025,2025-05-15,3009,2025-04-10,1826,5282,111,4,5,6,3009,0,0,0,NA,0,021,KATELLA AV,EUCLID ST,27,S,N,A,-,N,NA,NA,NA,NA,NA,NA,NA,NA,NA,N,3,0,1,2,A,-,07,21658,A,M,B,C,A,A,H,-,A,A,0,NA,NA,Y,NA,Y,NA,A,01,0,1,0,0,0,0,0,0,0,-,-,NA,NA,ORANGE,GARDEN GROVE,-117.94151306152344,33.80308151245117
9811649,2025,2025-08-22,3005,2025-07-01,457,8366,C28,2,5,4,3005,0,0,0,NA,0,003,VALLEY VIEW ST,CERRITOS AV,0,NA,N,A,-,N,NA,NA,NA,NA,NA,NA,NA,NA,NA,N,3,0,1,2,A,-,10,21950,A,M,A,B,B,A,H,-,C,A,0,Y,NA,NA,NA,Y,NA,A,01,0,1,0,0,1,0,0,0,0,-,-,NA,NA,ORANGE,CYPRESS,-118.02825164794922,33.80986785888672
9812356,2025,2025-10-31,3004,2025-10-02,720,P751,RD05,4,5,6,3004,0,0,0,NA,0,001,NEWPORT BL,BROADWAY,0,NA,Y,A,-,Y,ORA,12,55,-,-,1.891,I,5,N,Y,4,0,3,4,A,-,12,21453,A,N,D,C,A,A,H,-,A,A,0,NA,NA,NA,NA,Y,NA,A,01,0,0,3,0,0,0,0,0,0,-,-,33.6419792175293,-117.91771697998048,ORANGE,COSTA MESA,-117.91788482666016,33.64191818237305
9812539,2025,2025-11-07,3000,2025-10-03,745,1149,NA,5,5,4,3018,0,0,0,NA,0,6M31,ORTEGA HWY,VIA CRISTAL,0,NA,Y,A,-,Y,ORA,12,74,-,-,1.413,I,5,E,Y,3,0,1,2,A,-,09,21801,NA,N,D,C,A,A,H,-,A,D,0,NA,NA,NA,NA,Y,NA,A,01,0,1,0,0,0,0,0,0,0,-,-,NA,NA,ORANGE,SAN JUAN CAPISTRANO,-117.63825225830078,33.512977600097656
9812756,2025,2025-11-21,3003,2025-09-16,2135,1240,NA,2,5,5,3003,0,0,0,NA,0,NA,LA PALMA AV,BEACH BL,110,W,N,A,-,N,NA,NA,NA,NA,NA,NA,NA,NA,NA,Y,4,0,1,2,-,-,-,NA,A,N,C,C,A,A,H,-,C,A,0,NA,NA,NA,NA,Y,Y,A,01,0,0,1,0,0,0,0,0,0,-,-,33.504791259765625,-117.59545135498048,ORANGE,BUENA PARK,-117.99793243408205,33.846675872802734
9812813,2025,2025-11-24,3003,2025-10-03,1053,1289,NA,5,5,5,3003,0,0,0,NA,0,NA,BEACH BL,RT 5,0,NA,Y,A,-,Y,ORA,12,39,-,-,15.066,I,5,N,Y,3,0,3,2,A,-,12,21453,A,F,D,C,A,A,H,-,A,A,0,NA,NA,NA,NA,Y,NA,A,01,0,1,2,0,0,0,0,0,0,-,-,NA,NA,ORANGE,BUENA PARK,-117.99807739257813,33.86587905883789
9812946,2025,2025-12-10,3004,2025-10-23,2214,P745,RD11,4,5,6,3004,0,0,0,NA,0,001,NEWPORT BL,BROADWAY,35,N,N,A,-,Y,ORA,12,55,-,-,1.9,H,-,S,Y,3,0,2,2,A,-,01,23152,F,N,C,C,A,A,H,-,C,A,0,NA,NA,NA,NA,Y,NA,A,01,0,2,0,0,0,0,0,0,0,-,-,33.6419792175293,-117.91771697998048,ORANGE,COSTA MESA,-117.91793060302734,33.642120361328125
9813129,2025,2025-12-11,3004,2025-11-04,1115,P752,RD05,2,5,6,3004,0,0,0,NA,0,001,NEWPORT BL,ROCHESTER ST,57,S,N,A,-,Y,ORA,12,55,-,-,1.66,H,-,N,N,4,0,1,2,A,-,08,22107,NA,F,B,E,A,A,H,-,A,D,0,NA,NA,NA,NA,Y,NA,A,01,0,0,1,0,0,0,0,0,0,-,-,NA,NA,ORANGE,COSTA MESA,-117.92041778564452,33.63936996459961
9813481,2025,2025-05-28,3004,2025-04-13,1900,P741,RD24,7,5,6,3004,0,0,0,NA,0,015,SUNFLOWER AV,FUCHSIA ST,41,W,N,A,-,N,NA,NA,NA,NA,NA,NA,NA,NA,NA,Y,3,0,1,2,A,-,01,23152,A,N,C,C,A,A,H,-,A,A,0,NA,NA,NA,NA,Y,Y,A,01,0,1,0,0,0,0,0,0,0,-,-,33.69633102416992,-117.89827728271484,ORANGE,COSTA MESA,-117.8984375,33.69633865356445
9814019,2025,2025-07-09,3003,2025-05-08,1837,1289,NA,4,5,5,3003,0,0,0,NA,0,NA,ORANGETHORPE AV,AUTO CENTER DR,280,W,N,A,-,N,NA,NA,NA,NA,NA,NA,NA,NA,NA,Y,4,0,2,3,A,-,03,22350,NA,N,C,C,A,A,A,-,A,D,0,NA,NA,NA,NA,Y,NA,A,01,0,0,2,0,0,0,0,0,0,-,-,33.85906982421875,-117.98233032226563,ORANGE,BUENA PARK,-117.98220825195313,33.85908126831055
9814094,2025,2025-06-25,3012,2025-05-19,1446,686,45,1,5,5,3012,0,0,0,NA,0,004,IMPERIAL HWY,EDISON LIGHT POLE 4714712E,70,E,N,A,-,Y,ORA,12,90,-,-,1.84,H,-,W,Y,3,0,2,2,A,-,09,21801,A,N,A,C,A,A,H,-,A,A,0,NA,NA,NA,NA,Y,NA,-,NA,0,2,0,0,0,0,0,0,0,-,-,NA,NA,ORANGE,LA HABRA,-117.94477081298828,33.91740417480469
9814639,2025,2025-05-28,3013,2025-04-30,1515,238,L06,3,5,3,3013,0,0,0,NA,0,004,KATELLA AV,PORTAL DR,0,NA,Y,A,-,N,NA,NA,NA,NA,NA,NA,NA,NA,NA,Y,3,0,1,2,A,-,09,21801,A,N,D,C,A,A,H,-,A,D,0,NA,NA,NA,NA,Y,NA,A,01,0,1,0,0,0,0,0,0,0,-,-,NA,NA,ORANGE,LOS ALAMITOS,-118.05989837646484,33.803001403808594
9816085,2025,2025-06-10,3009,2025-05-21,1425,4917,14,3,5,6,3009,0,0,0,NA,0,011,VALLEY VIEW ST,LAMPSON AV,0,N,N,A,-,N,NA,NA,NA,NA,NA,NA,NA,NA,NA,N,4,0,1,2,A,-,05,21650,1,N,H,G,A,A,H,-,A,A,0,NA,Y,NA,NA,Y,NA,L,04,0,0,1,0,0,0,1,0,0,-,-,NA,NA,ORANGE,GARDEN GROVE,-118.02957916259766,33.78193283081055
9816438,2025,2025-06-09,3000,2025-05-02,630,11256,892F2,5,5,5,3028,0,0,0,NA,0,751,LA BARCA,CALATRAVA,0,NA,Y,B,-,N,NA,NA,NA,NA,NA,NA,NA,NA,NA,N,2,0,1,2,A,-,06,21750,NA,F,C,G,A,A,H,-,A,D,0,NA,Y,NA,NA,Y,NA,A,01,1,0,0,0,0,0,1,0,0,-,-,NA,NA,ORANGE,MISSION VIEJO,-117.63304138183594,33.64667892456055
9817303,2025,2025-06-11,3000,2025-04-09,2316,11559,971J6,3,5,4,3029,0,0,0,NA,0,434,STREET OF THE PARK LANTERN,DANA POINT HARBOR DR,307,N,N,F,-,N,NA,NA,NA,NA,NA,NA,NA,NA,NA,Y,4,0,1,1,A,-,01,23152,NA,N,E,I,A,A,H,-,C,A,0,NA,NA,NA,NA,Y,Y,A,07,0,0,1,0,0,0,0,0,0,-,-,33.46416091918945,-117.68943786621094,ORANGE,DANA POINT,NA,NA
9818500,2025,2025-08-26,3004,2025-07-11,1353,P542,RD07,5,5,6,3004,0,0,0,NA,0,015,20TH ST,ORANGE AV,121,E,N,A,-,N,NA,NA,NA,NA,NA,NA,NA,NA,NA,Y,4,0,1,3,A,-,08,22107,NA,N,B,C,A,A,H,-,A,D,0,NA,NA,NA,NA,Y,NA,A,07,0,0,1,0,0,0,0,0,0,-,-,33.643001556396484,-117.91000366210938,ORANGE,COSTA MESA,-117.91009521484376,33.643550872802734
9819861,2025,2025-09-30,3000,2025-08-28,2033,13082,992T1,4,5,5,3017,0,0,0,NA,0,775,AVENIDA VAQUERO,CALLE GAUDALAJARA,668,W,N,A,-,N,NA,NA,NA,NA,NA,NA,NA,NA,NA,N,3,0,1,2,A,-,03,22350,NA,N,C,G,A,A,H,-,C,D,0,NA,Y,NA,NA,Y,NA,L,04,0,1,0,0,0,0,1,0,0,-,-,NA,NA,ORANGE,SAN CLEMENTE,-117.64352416992188,33.452945709228516
9820326,2025,2025-08-05,3002,2025-05-20,840,11752,740A3,2,5,5,3025,0,0,0,NA,0,703,CASA LOMA AV,IMPERIAL HWY,162,S,N,A,-,N,NA,NA,NA,NA,NA,NA,NA,NA,NA,N,3,0,1,2,A,-,03,22350,NA,N,D,C,A,A,H,-,A,D,0,NA,NA,NA,NA,Y,NA,A,01,0,1,0,0,0,0,0,0,0,-,-,NA,NA,ORANGE,YORBA LINDA,-117.82431793212892,33.89555740356445
9822438,2025,2025-09-30,3013,2025-08-02,2001,264,L08,6,5,3,3013,0,0,0,NA,0,005,LOS ALAMITOS BL,FARQUHAR AV,302,S,N,A,-,N,NA,NA,NA,NA,NA,NA,NA,NA,NA,Y,4,0,1,1,A,-,08,22107,NA,N,A,I,A,A,H,-,C,D,0,NA,NA,NA,NA,Y,NA,A,01,0,0,1,0,0,0,0,0,0,-,-,NA,NA,ORANGE,LOS ALAMITOS,-118.07198333740234,33.79866027832031
9822730,2025,2025-09-05,3009,2025-07-24,955,3972,076,4,5,6,3009,0,0,0,NA,0,1-3,MAGNOLIA ST,WESTMINSTER BLVD,52,N,N,B,-,N,NA,NA,NA,NA,NA,NA,NA,NA,NA,N,4,0,1,2,A,-,07,21658,A,N,B,C,A,A,H,-,A,D,0,NA,NA,NA,NA,Y,NA,A,07,0,0,1,0,0,0,0,0,0,-,-,NA,NA,ORANGE,GARDEN GROVE,-117.97238159179688,33.75954818725586
9824206,2025,2025-10-09,3009,2025-09-26,1857,5028,117,5,5,6,3009,0,0,0,NA,0,023,HAZARD AV,PLEASANT ST,248,E,N,B,-,N,NA,NA,NA,NA,NA,NA,NA,NA,NA,N,4,0,1,3,A,-,03,22350,NA,N,B,E,A,B,H,-,C,D,0,NA,NA,NA,NA,Y,NA,A,01,0,0,1,0,0,0,0,0,0,-,-,NA,NA,ORANGE,GARDEN GROVE,-117.9420928955078,33.75234603881836
9825424,2025,2025-10-17,3000,2025-09-03,1350,12644,891J2,3,5,5,3050,0,0,0,NA,0,062,TRABUCO RD,RED RIVER DR,16,N,N,A,-,N,NA,NA,NA,NA,NA,NA,NA,NA,NA,Y,2,0,1,1,A,-,08,22107,NA,N,E,I,A,A,H,-,A,D,0,NA,NA,NA,NA,Y,NA,A,08,1,0,0,0,0,0,0,0,0,-,-,33.64690017700195,-117.68602752685548,ORANGE,LAKE FOREST,-117.685302734375,33.644351959228516
9825519,2025,2025-09-05,3003,2025-08-03,813,1282,NA,7,5,5,3003,0,0,0,NA,0,004,VALLEY VIEW AV,PATTON WY,7,N,N,B,-,N,NA,NA,NA,NA,NA,NA,NA,NA,NA,Y,4,0,1,2,A,-,03,22350,NA,N,C,C,A,A,H,-,A,A,0,NA,NA,NA,NA,Y,NA,A,07,0,0,1,0,0,0,0,0,0,-,-,33.851680755615234,-118.02864074707033,ORANGE,BUENA PARK,-118.02864074707033,33.851558685302734
9825561,2025,2025-09-09,3003,2025-07-31,1729,1124,NA,4,5,5,3003,0,0,0,NA,0,NA,VALLEY VIEW AV,LINCOLN AV,275,N,N,A,-,N,NA,NA,NA,NA,NA,NA,NA,NA,NA,Y,4,0,2,2,A,-,03,22350,NA,N,B,C,A,A,H,-,A,A,0,NA,NA,NA,NA,Y,NA,A,08,0,0,2,0,0,0,0,0,0,-,-,33.83259963989258,-118.02850341796876,ORANGE,BUENA PARK,-118.02848815917967,33.83256530761719
9826651,2025,2025-06-27,3012,2025-05-03,1948,716,26,6,5,5,3012,0,0,0,NA,0,002,MCPHERSON ST,STEARNS AV,0,NA,Y,A,-,N,NA,NA,NA,NA,NA,NA,NA,NA,NA,N,2,0,1,2,A,-,12,22450,A,M,D,C,A,A,-,-,C,D,0,NA,NA,NA,NA,Y,NA,A,07,1,0,0,0,0,0,0,0,0,-,-,NA,NA,ORANGE,LA HABRA,-117.93852996826172,33.93370056152344
9826914,2025,2025-07-22,3000,2025-06-08,1747,4246,1023B,7,5,5,3017,0,0,0,NA,0,776,SOUTH EL CAMINO REAL,AVENIDA DOLORES,102,N,N,A,-,N,NA,NA,NA,NA,NA,NA,NA,NA,NA,Y,3,0,4,2,A,-,08,22107,NA,N,D,C,A,A,H,-,A,A,0,NA,NA,NA,NA,Y,NA,D,22,0,2,2,0,0,0,0,0,0,-,-,NA,NA,ORANGE,SAN CLEMENTE,-117.59590911865234,33.40162658691406
9827387,2025,2025-07-21,3009,2025-06-24,1536,4917,105,2,5,6,3009,0,0,0,NA,0,013,GARDEN GROVE BL,GROVE AV,384,W,N,A,-,N,NA,NA,NA,NA,NA,NA,NA,NA,NA,Y,4,0,1,2,A,-,09,21801,A,N,D,C,A,A,H,-,A,A,0,NA,NA,NA,NA,Y,NA,D,22,0,0,1,0,0,0,0,0,0,-,-,NA,NA,ORANGE,GARDEN GROVE,-117.94338989257813,33.77421188354492
9828228,2025,2025-07-02,3004,2025-06-08,1823,P745,RD09,7,5,6,3004,0,0,0,NA,0,001,BAY ST,MEYER PL,75,E,N,A,-,N,NA,NA,NA,NA,NA,NA,NA,NA,NA,Y,3,0,1,5,A,-,01,23152,A,N,B,C,A,A,H,-,A,D,0,NA,NA,NA,NA,Y,Y,A,07,0,1,0,0,0,0,0,0,0,-,-,33.64888000488281,-117.92476654052734,ORANGE,COSTA MESA,-117.92459106445313,33.64889144897461
9828545,2025,2025-07-29,3000,2025-06-05,1245,12970,797J4,4,5,4,3021,0,0,0,NA,0,024,CHAPMAN AV,BEACH BL,14,W,N,A,-,N,NA,NA,NA,NA,NA,NA,NA,NA,NA,N,3,0,1,2,A,-,03,22350,NA,N,C,C,A,A,H,-,A,A,0,NA,NA,NA,NA,Y,NA,A,07,0,1,0,0,0,0,0,0,0,-,-,NA,NA,ORANGE,STANTON,-117.9928741455078,33.788360595703125
9828716,2025,2025-06-27,3000,2025-04-24,1440,11752,891H7,4,5,5,3050,0,0,0,NA,0,746,ALISO CREEK BIKEWAY,BARK ST,67,S,N,A,-,N,NA,NA,NA,NA,NA,NA,NA,NA,NA,N,3,0,1,2,B,-,22,NA,NA,N,F,A,A,A,H,-,A,D,0,NA,Y,NA,NA,Y,NA,L,04,0,1,0,0,0,0,1,0,0,-,-,NA,NA,ORANGE,LAKE FOREST,NA,NA
9828811,2025,2025-08-01,3012,2025-06-20,1050,705,35,5,5,5,3012,0,0,0,NA,0,003,IMPERIAL HWY,BEACH BL,31,E,N,A,-,Y,ORA,12,90,-,-,0.52,H,-,W,N,4,0,2,2,A,-,03,22350,NA,N,C,C,A,A,H,-,A,A,0,NA,NA,NA,NA,Y,NA,A,07,0,0,2,0,0,0,0,0,0,-,-,NA,NA,ORANGE,LA HABRA,-117.9677276611328,33.917423248291016
9829655,2025,2025-07-11,3000,2025-04-30,1600,1149,952C3,3,5,4,3018,0,0,0,NA,0,6M31,RANCHO VIEJO RD,JUNIPERO SERRA RD,0,NA,Y,A,-,N,NA,NA,NA,NA,NA,NA,NA,NA,NA,N,3,0,1,2,A,-,08,22107,NA,N,B,J,A,A,H,-,A,A,0,NA,Y,NA,NA,Y,NA,M,91,0,1,0,0,0,0,1,0,0,-,-,NA,NA,ORANGE,SAN JUAN CAPISTRANO,-117.66432189941406,33.52094268798828
9830105,2025,2025-07-29,3002,2025-06-10,1837,12602,740B4,2,5,5,3025,0,0,0,NA,0,002,YORBA LINDA BL,IMPERIAL HWY,0,NA,Y,A,-,N,NA,NA,NA,NA,NA,NA,NA,NA,NA,N,3,0,1,2,A,-,12,21453,A,F,D,J,A,A,H,-,A,A,0,NA,Y,NA,NA,Y,NA,A,07,0,1,0,0,0,0,1,0,0,-,-,NA,NA,ORANGE,YORBA LINDA,-117.81340789794922,33.88861083984375
9831507,2025,2025-07-08,3003,2025-05-23,1909,1289,NA,5,5,5,3003,0,0,0,NA,0,NA,DALE ST,WHITAKER ST,0,NA,Y,A,-,N,NA,NA,NA,NA,NA,NA,NA,NA,NA,Y,3,0,2,2,A,-,09,21802,A,N,D,C,A,A,H,-,A,D,0,NA,NA,NA,NA,Y,NA,A,01,0,1,1,0,0,0,0,0,0,-,-,33.86640167236328,-117.98509979248048,ORANGE,BUENA PARK,-117.9850616455078,33.8663444519043
9832663,2025,2025-07-14,3000,2025-05-29,1800,12795,921H2,4,5,4,3045,0,0,0,NA,0,747,WILKES PL,STOCKPORT ST,129,N,N,A,-,N,NA,NA,NA,NA,NA,NA,NA,NA,NA,N,3,0,1,2,A,-,03,22350,NA,N,A,G,A,A,H,-,A,D,0,NA,Y,NA,NA,Y,NA,L,04,0,1,0,0,0,0,1,0,0,-,-,NA,NA,ORANGE,LAGUNA HILLS,-117.69763946533205,33.597373962402344
9833066,2025,2025-07-16,3000,2025-06-11,2142,10328,921E3,3,5,4,3049,0,0,0,NA,0,483,ALISO CREEK RD,ALISO VIEJO PKWY,0,NA,Y,A,-,N,NA,NA,NA,NA,NA,NA,NA,NA,NA,Y,3,0,1,2,A,-,12,21453,A,N,A,C,A,A,H,-,C,A,0,NA,NA,NA,NA,Y,NA,A,01,0,1,0,0,0,0,0,0,0,-,-,NA,NA,ORANGE,ALISO VIEJO,-117.72512817382813,33.56427764892578
9833080,2025,2025-07-16,3000,2025-06-02,2038,4246,973B7,1,5,5,3017,0,0,0,NA,0,776,AVENIDA PICO,AVENIDA VISTA HERMOSA,0,NA,Y,A,-,N,NA,NA,NA,NA,NA,NA,NA,NA,NA,Y,3,0,4,2,A,-,09,21453,C,N,D,C,A,A,H,-,C,A,0,NA,NA,NA,NA,Y,NA,A,07,0,2,2,0,0,0,0,0,0,-,-,NA,NA,ORANGE,SAN CLEMENTE,-117.59229278564452,33.45905685424805
9833731,2025,2025-07-31,3009,2025-06-26,555,4856,095,4,5,6,3009,0,0,0,NA,0,013,TRASK AV,GALWAY ST,10,E,N,A,-,N,NA,NA,NA,NA,NA,NA,NA,NA,NA,Y,3,0,1,2,A,-,09,21801,A,N,F,C,A,A,H,-,A,A,0,NA,NA,NA,Y,Y,NA,F,26,0,1,0,0,0,0,0,0,0,-,-,33.766719818115234,-117.96328735351563,ORANGE,GARDEN GROVE,-117.9632568359375,33.766719818115234
9833780,2025,2025-07-22,3012,2025-05-01,1820,713,27,4,5,5,3012,0,0,0,NA,0,002,HARBOR BL,FRANCIS AV,282,N,N,A,-,N,NA,NA,NA,NA,NA,NA,NA,NA,NA,N,4,0,1,2,A,-,08,22107,NA,N,D,C,A,A,-,-,A,D,0,NA,NA,Y,NA,Y,NA,A,01,0,0,1,0,0,0,0,0,1,-,-,NA,NA,ORANGE,LA HABRA,-117.93306732177734,33.936683654785156
9866528,2025,2025-08-18,3004,2025-08-07,547,P683,RD17,4,5,6,3004,0,0,0,NA,0,015,ARLINGTON DR,NEWPORT BL,70,W,N,-,-,N,NA,NA,NA,NA,NA,NA,NA,NA,NA,N,3,0,1,2,A,-,21,22106,NA,N,C,C,A,A,H,-,B,D,0,NA,NA,NA,NA,Y,NA,A,07,0,1,0,0,0,0,0,0,0,-,-,33.669090270996094,-117.89256286621094,ORANGE,COSTA MESA,-117.89280700683594,33.6689453125
9866850,2025,2025-09-18,3004,2025-01-26,255,P639,RD07,7,5,6,3004,0,0,0,NA,0,015,22ND ST,SANTA ANA AV,258,W,N,C,-,N,NA,NA,NA,NA,NA,NA,NA,NA,NA,Y,1,1,2,3,A,-,00,23153,F,N,E,I,A,B,H,-,C,D,0,NA,NA,NA,NA,Y,NA,A,01,1,1,0,0,0,0,0,0,0,-,-,33.64670181274414,-117.9010009765625,ORANGE,COSTA MESA,-117.90217590332033,33.647499084472656
9866884,2025,2025-09-19,3008,2025-03-13,2252,1479,ZONE2,4,5,6,3008,0,0,0,NA,0,NA,COMMONWEALTH AV,LIBRARY LN,6,W,N,A,-,N,NA,NA,NA,NA,NA,NA,NA,NA,NA,Y,1,1,0,2,A,-,11,21950,B,N,G,B,B,A,H,-,C,A,0,Y,NA,NA,NA,Y,NA,N,60,0,0,0,1,0,0,0,0,0,-,-,NA,NA,ORANGE,FULLERTON,NA,NA
9867023,2025,2025-11-21,3019,2025-03-12,2343,3425,NA,3,5,7,3019,0,0,0,NA,0,NA,HARBOR BL,WARNER AV,1701,N,N,C,-,N,NA,NA,NA,NA,NA,NA,NA,NA,NA,Y,1,1,0,1,D,-,00,NA,NA,N,E,I,A,B,H,-,C,D,0,NA,NA,NA,NA,Y,NA,-,-,0,0,0,0,0,0,0,0,0,-,-,33.71403121948242,-117.91996002197266,ORANGE,SANTA ANA,-117.92115020751952,33.71830368041992
9867056,2025,2026-01-30,3008,2025-06-23,1348,1582,ZONE1,1,5,6,3008,0,0,0,NA,0,NA,BASTANCHURY RD,EUCLID ST,0,NA,Y,A,-,N,NA,NA,NA,NA,NA,NA,NA,NA,NA,Y,3,0,3,2,A,-,09,21453,C,N,A,C,A,A,H,-,A,A,0,NA,NA,NA,NA,Y,NA,A,08,0,2,1,0,0,0,0,0,0,-,-,33.888938903808594,-117.94249725341795,ORANGE,FULLERTON,-117.94258880615234,33.889015197753906