CASE_ID,ACCIDENT_YEAR,PROC_DATE,JURIS,COLLISION_DATE,COLLISION_TIME,OFFICER_ID,REPORTING_DISTRICT,DAY_OF_WEEK,CHP_SHIFT,POPULATION,CNTY_CITY_LOC,SPECIAL_COND,BEAT_TYPE,CHP_BEAT_TYPE,CITY_DIVISION_LAPD,CHP_BEAT_CLASS,BEAT_NUMBER,PRIMARY_RD,SECONDARY_RD,DISTANCE,DIRECTION,INTERSECTION,WEATHER_1,WEATHER_2,STATE_HWY_IND,CALTRANS_COUNTY,CALTRANS_DISTRICT,STATE_ROUTE,ROUTE_SUFFIX,POSTMILE_PREFIX,POSTMILE,LOCATION_TYPE,RAMP_INTERSECTION,SIDE_OF_HWY,TOW_AWAY,COLLISION_SEVERITY,NUMBER_KILLED,NUMBER_INJURED,PARTY_COUNT,PRIMARY_COLL_FACTOR,PCF_CODE_OF_VIOL,PCF_VIOL_CATEGORY,PCF_VIOLATION,PCF_VIOL_SUBSECTION,HIT_AND_RUN,TYPE_OF_COLLISION,MVIW,PED_ACTION,ROAD_SURFACE,ROAD_COND_1,ROAD_COND_2,LIGHTING,CONTROL_DEVICE,CHP_ROAD_TYPE,PEDESTRIAN_ACCIDENT,BICYCLE_ACCIDENT,MOTORCYCLE_ACCIDENT,TRUCK_ACCIDENT,NOT_PRIVATE_PROPERTY,ALCOHOL_INVOLVED,STWD_VEHTYPE_AT_FAULT,CHP_VEHTYPE_AT_FAULT,COUNT_SEVERE_INJ,COUNT_VISIBLE_INJ,COUNT_COMPLAINT_PAIN,COUNT_PED_KILLED,COUNT_PED_INJURED,COUNT_BICYCLIST_KILLED,COUNT_BICYCLIST_INJURED,COUNT_MC_KILLED,COUNT_MC_INJURED,PRIMARY_RAMP,SECONDARY_RAMP,LATITUDE,LONGITUDE,COUNTY,CITY,POINT_X,POINT_Y
6723678,2014,2015-01-22,3019,2014-11-21,1421,2771,SC,5,5,7,3019,0,0,0,NA,0,004,1ST ST,JACKSON ST,0,NA,Y,B,-,N,NA,NA,NA,NA,NA,NA,NA,NA,NA,N,4,0,1,2,A,-,12,21453,A,N,D,C,A,A,H,-,A,A,0,NA,NA,NA,NA,Y,NA,-,-,0,0,1,0,0,0,0,0,0,-,-,NA,NA,ORANGE,SANTA ANA,-117.91580005,33.74519004
6723898,2014,2015-01-16,3022,2014-11-17,1831,1006,NA,1,5,5,3022,0,0,0,NA,0,NA,MYFORD RD,BRYAN AV,0,NA,Y,A,-,N,NA,NA,NA,NA,NA,NA,NA,NA,NA,Y,4,0,2,2,A,-,09,21801,A,N,A,C,A,A,H,-,C,A,0,NA,NA,NA,NA,Y,NA,A,01,0,0,2,0,0,0,0,0,0,-,-,33.72803,-117.79425,ORANGE,TUSTIN,-117.79417006,33.72812004
6724341,2014,2015-01-15,3015,2014-11-15,0947,1098,46,6,5,6,3015,0,0,0,NA,0,073,WANDA RD,HOOVER AV,200,S,N,A,-,N,NA,NA,NA,NA,NA,NA,NA,NA,NA,Y,3,0,1,2,A,-,08,22107,NA,N,C,E,A,A,H,-,A,D,0,NA,NA,NA,NA,Y,NA,A,01,0,1,0,0,0,0,0,0,0,-,-,NA,NA,ORANGE,ORANGE,-117.82193,33.80754174
6724357,2014,2015-01-22,3015,2014-11-10,1253,1512,13N,1,5,6,3015,0,0,0,NA,0,232,LA VETA AV,GRAND ST,0,NA,Y,A,-,N,NA,NA,NA,NA,NA,NA,NA,NA,NA,Y,4,0,1,2,A,-,09,21802,A,N,D,C,A,A,H,-,A,A,0,NA,NA,NA,NA,Y,NA,A,01,0,0,1,0,0,0,0,0,0,-,-,NA,NA,ORANGE,ORANGE,-117.85093007,33.78061002
6725153,2014,2015-01-22,3016,2014-11-16,0019,1247,41,7,5,5,3016,0,0,0,NA,0,002,RICHFIELD RD,MIRA LOMA AV,17,N,N,B,-,N,NA,NA,NA,NA,NA,NA,NA,NA,NA,Y,4,0,1,2,A,-,03,22350,NA,N,C,C,A,A,H,-,C,A,0,NA,NA,NA,NA,Y,NA,-,NA,0,0,1,0,0,0,0,0,0,-,-,NA,NA,ORANGE,PLACENTIA,-117.8259409,33.8620466
6727728,2014,2015-01-15,3026,2014-11-15,1547,390,U2,6,5,6,3026,0,0,0,NA,0,00U,MAIN ST,CARTWRIGHT,199,E,N,A,-,N,NA,NA,NA,NA,NA,NA,NA,NA,NA,Y,4,0,3,2,A,-,07,21658,A,N,C,C,A,A,H,-,A,D,0,NA,NA,NA,NA,Y,NA,A,07,0,0,3,0,0,0,0,0,0,-,-,NA,NA,ORANGE,IRVINE,-117.84411381,33.68268392
6727796,2014,2015-01-14,9675,2014-11-14,1710,20746,NA,5,2,7,3001,0,1,3,NA,2,093,RT 91,LAKEVIEW AV,100,E,N,A,-,Y,NA,NA,91,NA,NA,NA,NA,NA,NA,N,4,0,1,2,A,-,03,22350,NA,N,C,C,A,A,H,-,B,D,0,NA,NA,NA,NA,Y,NA,A,07,0,0,1,0,0,0,0,0,0,-,-,33.85293,-117.81208,ORANGE,ANAHEIM,-117.8120952,33.85296105
6727828,2014,2016-06-15,9675,2014-11-24,0912,017833,NA,1,1,7,3001,0,1,3,NA,2,572,RT 57,LINCOLN AV,290,S,N,A,-,Y,ORA,12,57,-,-,14.73,H,-,S,Y,4,0,1,2,A,-,01,23152,A,N,C,C,A,A,H,-,A,D,6,NA,NA,NA,NA,Y,Y,A,07,0,0,1,0,0,0,0,0,0,-,-,33.837,-117.87602,ORANGE,ANAHEIM,-117.87624026,33.83714241
6728388,2014,2015-01-20,3002,2014-11-20,1350,1382,430W,4,5,4,3002,0,0,0,NA,0,012,LAMBERT RD,WANDERING LN,160,E,N,B,-,N,NA,NA,NA,NA,NA,NA,NA,NA,NA,Y,4,0,1,2,A,-,03,22350,NA,N,C,C,A,A,C,-,A,A,0,NA,NA,NA,NA,Y,NA,A,08,0,0,1,0,0,0,0,0,0,-,-,NA,NA,ORANGE,BREA,-117.87152113,33.92508718
6729739,2014,2016-06-10,3000,2014-11-28,1900,8737,922B7,5,5,5,3028,0,0,0,NA,0,755,CROWN VALLEY PKWY,RT 5,76,W,N,A,-,Y,ORA,12,5,-,-,13.572,R,4,N,Y,3,0,2,3,A,-,01,23152,A,N,C,C,A,A,H,-,C,A,0,NA,NA,NA,NA,Y,Y,A,01,0,1,1,0,0,0,0,0,0,-,NF,NA,NA,ORANGE,MISSION VIEJO,-117.67280393,33.55627717
6731458,2014,2015-01-22,3002,2014-11-23,1408,5120,740D6,7,5,5,3025,0,0,0,NA,0,002,KELLOGG DR,IMPERIAL HWY,9,N,N,A,-,Y,NA,NA,NA,NA,NA,NA,NA,NA,NA,Y,2,0,4,2,A,-,01,23152,A,N,D,C,A,A,H,-,A,A,0,NA,NA,NA,NA,Y,Y,A,01,2,0,2,0,0,0,0,0,0,-,-,NA,NA,ORANGE,YORBA LINDA,NA,NA
6731504,2014,2015-01-23,3014,2014-11-22,1756,1079,RD68,6,5,5,3014,0,0,0,NA,0,0A4,RT 1,REEF POINT DR,165,E,N,A,-,Y,NA,NA,NA,NA,NA,NA,NA,NA,NA,Y,4,0,1,3,A,-,03,22350,NA,N,C,C,A,A,H,-,C,A,0,NA,NA,NA,NA,Y,NA,A,01,0,0,1,0,0,0,0,0,0,-,-,NA,NA,ORANGE,NEWPORT BEACH,NA,NA
6731991,2014,2015-02-09,3001,2014-12-07,1806,A1252,NA,7,5,7,3001,0,0,0,NA,0,0D4,EAST LA PALMA AV,FAIRMONT BL,94,W,N,A,-,N,NA,NA,NA,NA,NA,NA,NA,NA,NA,Y,4,0,1,3,A,-,08,22107,NA,N,E,I,A,A,H,-,C,A,0,NA,NA,NA,NA,Y,NA,A,07,0,0,1,0,0,0,0,0,0,-,-,NA,NA,ORANGE,ANAHEIM,-117.77586715,33.86377502
6732577,2014,2015-01-23,3001,2014-11-26,0013,1373,NA,3,5,7,3001,0,0,0,NA,0,0D2,WEST LA PALMA AV,NORTH HARBOR BL,510,W,N,A,-,N,NA,NA,NA,NA,NA,NA,NA,NA,NA,Y,3,0,1,3,A,-,03,22350,NA,N,B,E,A,A,H,-,C,D,0,NA,NA,NA,NA,Y,NA,A,07,0,1,0,0,0,0,0,0,0,-,-,NA,NA,ORANGE,ANAHEIM,-117.92552558,33.84719794
6732625,2014,2016-05-26,3010,2014-08-08,1806,1059,442,5,5,6,3010,0,0,0,NA,0,003,RT 39,KNOXVILLE AV,0,NA,Y,A,-,Y,ORA,12,39,-,-,1.271,I,5,S,Y,2,0,3,3,A,-,03,22350,NA,N,D,C,A,A,H,-,A,A,0,NA,NA,Y,NA,Y,NA,C,02,1,2,0,0,0,0,0,0,1,-,-,33.40021,-117.59191,ORANGE,HUNTINGTON BEACH,-117.9886187,33.66692674
6735997,2014,2015-01-29,3024,2014-12-07,2116,373,P 21,7,5,5,3024,0,0,0,NA,0,EAST,MAGNOLIA ST,HAZARD AV,248,N,N,A,-,N,NA,NA,NA,NA,NA,NA,NA,NA,NA,Y,4,0,1,2,A,-,09,21801,A,N,A,C,A,A,H,-,C,D,0,NA,NA,NA,NA,Y,NA,A,01,0,0,1,0,0,0,0,0,0,-,-,NA,NA,ORANGE,WESTMINSTER,-117.97235,33.7528299
6739089,2014,2016-06-23,9675,2014-11-06,1820,18834,NA,4,2,6,3026,0,1,3,NA,2,074,RT 73,UNIVERSITY DR,300,S,N,A,-,Y,ORA,12,73,-,-,24.24,H,-,N,Y,4,0,1,2,A,-,03,22350,NA,F,C,C,A,A,H,-,C,D,0,NA,NA,NA,NA,Y,NA,A,01,0,0,1,0,0,0,0,0,0,-,-,33.64908,-117.86108,ORANGE,IRVINE,-117.86103926,33.64894762
6739197,2014,2016-06-17,9675,2014-11-25,1620,17773,NA,2,2,6,3026,0,1,1,NA,2,407,RT 405,RT 133,1584,N,N,A,-,Y,ORA,12,405,-,-,2.1,H,-,S,N,4,0,1,3,A,-,03,22350,NA,N,C,C,A,A,H,-,A,D,6,NA,NA,NA,NA,Y,NA,A,01,0,0,1,0,0,0,0,0,0,-,-,33.65231,-117.76525,ORANGE,IRVINE,-117.76614417,33.65233724
6739697,2014,2015-01-22,3000,2014-11-26,1516,9590,921G2,3,5,4,3045,0,0,0,NA,0,746,BECKENHAM ST,PASEO DE VALENCIA,358,E,N,A,-,N,NA,NA,NA,NA,NA,NA,NA,NA,NA,N,4,0,1,2,A,-,08,22107,NA,N,A,C,A,A,H,-,A,D,0,NA,NA,NA,NA,Y,NA,A,01,0,0,1,0,0,0,0,0,0,-,-,NA,NA,ORANGE,LAGUNA HILLS,-117.70096534,33.60028138
6742101,2014,2016-06-18,3010,2014-11-07,0903,2143,422,5,5,6,3010,0,0,0,NA,0,005,RT 39,GARFIELD,330,S,N,A,-,Y,ORA,12,39,-,-,2.59,H,-,N,N,4,0,1,3,A,-,-,NA,NA,N,C,C,A,A,H,-,A,A,0,NA,NA,NA,NA,Y,NA,A,01,0,0,1,0,0,0,0,0,0,-,-,NA,NA,ORANGE,HUNTINGTON BEACH,-117.9886656,33.68599139
6742326,2014,2016-06-15,9675,2014-12-04,1700,18834,NA,4,2,9,3000,0,1,3,NA,2,570,RT 57,LOS ANGELES CO LINE,300,S,N,A,-,Y,ORA,12,57,-,R,22.49,H,-,S,Y,4,0,4,3,A,-,03,22350,NA,N,C,C,A,A,H,-,C,D,6,NA,NA,NA,NA,Y,NA,A,01,0,0,4,0,0,0,0,0,0,-,-,33.94338,-117.87215,ORANGE,UNINCORPORATED,-117.86940592,33.94537957
6742374,2014,2016-06-17,9675,2014-12-09,1840,020738,NA,2,2,6,3026,0,1,1,NA,2,406,RT 405,JAMBOREE RD,2270,S,N,A,-,Y,ORA,12,405,-,-,6.97,H,-,N,N,3,0,1,2,A,-,03,22350,NA,N,C,C,A,A,H,-,C,D,6,NA,NA,NA,NA,Y,NA,A,01,0,1,0,0,0,0,0,0,0,-,-,33.67428,-117.83649,ORANGE,IRVINE,-117.84427855,33.67725633
6742492,2014,2015-02-04,3019,2014-12-06,1759,3337,SC,6,5,7,3019,0,0,0,NA,0,004,MCFADDEN AV,GRAHAM LN,30,W,N,A,-,N,NA,NA,NA,NA,NA,NA,NA,NA,NA,N,4,0,2,2,A,-,03,22350,NA,F,C,C,A,A,H,-,C,D,0,NA,NA,NA,NA,Y,NA,D,22,0,0,2,0,0,0,0,0,0,-,-,NA,NA,ORANGE,SANTA ANA,-117.88704844,33.73446
6742645,2014,2016-06-10,9690,2014-10-23,1535,18479,NA,4,2,5,3028,0,1,1,NA,2,056,RT 5,CROWN VALLEY PKWY,80,S,N,A,-,Y,ORA,12,5,-,-,13.572,R,1,N,N,4,0,1,2,A,-,03,22350,NA,N,C,C,A,A,H,-,A,A,1,NA,NA,NA,Y,Y,NA,F,26,0,0,1,0,0,0,0,0,0,TO,-,33.55935,-117.67256,ORANGE,MISSION VIEJO,-117.67280393,33.55627717
6742669,2014,2016-06-10,9690,2014-10-14,1230,12830,NA,2,1,5,3028,0,1,1,NA,2,056,RT 5,AVERY PKY,1584,N,N,A,-,Y,ORA,12,5,-,-,13.27,H,-,S,Y,4,0,1,2,A,-,03,22350,NA,N,C,C,A,A,H,-,A,D,1,NA,NA,NA,NA,Y,Y,A,01,0,0,1,0,0,0,0,0,0,-,-,33.55179,-117.67314,ORANGE,MISSION VIEJO,-117.67298821,33.55185604
6742689,2014,2016-06-20,9690,2014-11-03,1954,017988,NA,1,2,4,3018,0,1,1,NA,2,057,RT 5,RT 1,800,N,N,A,-,Y,ORA,12,5,-,-,6.93,H,-,S,Y,4,0,1,2,A,-,07,21658,A,N,B,C,A,A,H,-,A,D,1,NA,NA,NA,NA,Y,NA,A,07,0,0,1,0,0,0,0,0,0,-,-,33.64847,-117.67326,ORANGE,SAN JUAN CAPISTRANO,-117.67208793,33.46793279
6742710,2014,2016-06-15,9690,2014-11-05,1310,015713,NA,3,1,4,3018,0,1,1,NA,2,057,RT 5,STONEHILL DR,528,S,N,A,-,Y,ORA,12,5,-,-,7.49,H,-,N,Y,4,0,1,2,A,-,03,22350,NA,N,C,C,A,A,H,-,A,D,1,NA,NA,NA,NA,Y,NA,D,22,0,0,1,0,0,0,0,0,0,-,-,33.47524,-117.67415,ORANGE,SAN JUAN CAPISTRANO,-117.67417199,33.47569385
6742711,2014,2016-06-18,9675,2014-11-04,1810,017993,NA,2,2,7,3001,0,1,3,NA,2,572,RT 57,KATELLA AV,1000,S,N,A,-,Y,ORA,12,57,-,-,12.35,H,-,S,Y,4,0,1,3,A,-,03,22350,NA,N,C,C,A,A,H,-,C,D,6,NA,NA,NA,NA,Y,NA,D,22,0,0,1,0,0,0,0,0,0,-,-,33.80248,-117.87965,ORANGE,ANAHEIM,-117.87983288,33.80313063
6743990,2014,2015-01-16,9675,2014-11-19,1425,019241,NA,3,2,9,3000,0,3,5,NA,2,002,HEWES AV,DEEP WELL RD,25,S,N,A,-,N,NA,NA,NA,NA,NA,NA,NA,NA,NA,Y,3,0,2,2,A,-,03,22350,NA,N,C,C,A,A,H,-,A,D,0,NA,NA,NA,NA,Y,NA,A,07,0,1,1,0,0,0,0,0,0,-,-,NA,NA,ORANGE,UNINCORPORATED,-117.80548462,33.77152158
6743998,2014,2015-01-16,9675,2014-11-07,1455,18733,NA,5,2,7,3001,0,1,3,NA,2,093,RT 91,LA PALMA AV,100,W,N,A,-,Y,NA,NA,91,NA,NA,NA,NA,NA,NA,N,2,0,1,2,A,-,07,21658,A,F,B,C,A,A,H,-,A,D,0,NA,NA,Y,NA,Y,NA,-,99,1,0,0,0,0,0,0,0,1,-,-,33.84739,-117.87033,ORANGE,ANAHEIM,-117.87029603,33.8474908
6745540,2014,2015-01-20,3000,2014-11-13,1715,5455,892H3,4,5,4,3048,0,0,0,NA,0,767,SANTA MARGARITA PKY,ALICIA PKY,416,E,N,A,-,N,NA,NA,NA,NA,NA,NA,NA,NA,NA,N,3,0,1,3,A,-,03,22350,NA,N,C,C,A,A,H,-,C,D,0,NA,NA,NA,NA,Y,NA,A,01,0,1,0,0,0,0,0,0,0,-,-,NA,NA,ORANGE,RANCHO SANTA MARGARITA,-117.61774801,33.63814735
6746854,2014,2016-06-18,3012,2014-11-19,1814,288,12,3,5,5,3012,0,0,0,NA,0,001,WHITTIER BL,WALNUT,0,NA,Y,A,-,Y,ORA,12,39,-,-,21.719,I,5,S,Y,4,0,2,3,A,-,09,21801,A,N,D,C,A,A,H,-,C,A,0,NA,NA,NA,NA,Y,NA,A,01,0,0,2,0,0,0,0,0,0,-,-,NA,NA,ORANGE,LA HABRA,-117.95054584,33.93916646
6748188,2014,2015-02-02,3011,2014-12-05,1730,31302,0,5,5,4,3011,0,0,0,NA,0,NA,RT 1,CLEO ST,0,NA,Y,A,-,Y,NA,NA,NA,NA,NA,NA,NA,NA,NA,N,2,0,1,2,A,-,12,21453,A,N,G,B,B,A,H,-,C,A,0,Y,NA,NA,NA,Y,NA,A,07,1,0,0,0,1,0,0,0,0,-,-,NA,NA,ORANGE,LAGUNA BEACH,NA,NA
6748739,2014,2015-01-30,3016,2014-12-15,1548,1241,18,1,5,5,3016,0,0,0,NA,0,002,CHAPMAN AV,MAIN ST,34,E,N,A,-,N,NA,NA,NA,NA,NA,NA,NA,NA,NA,Y,3,0,3,2,A,-,03,22350,NA,N,C,C,A,A,H,-,A,D,0,NA,NA,NA,NA,Y,NA,A,01,0,1,2,0,0,0,0,0,0,-,-,NA,NA,ORANGE,PLACENTIA,-117.87137332,33.87240226
6749463,2014,2015-02-02,3012,2014-11-26,2100,293,NA,3,5,5,3012,0,0,0,NA,0,004,PACIFIC AV,LIBERTY,0,NA,Y,A,-,N,NA,NA,NA,NA,NA,NA,NA,NA,NA,N,3,0,1,2,A,-,09,21800,B,F,H,G,A,A,H,-,C,D,0,NA,Y,NA,NA,Y,NA,A,01,0,1,0,0,0,0,1,0,0,-,-,NA,NA,ORANGE,LA HABRA,-117.94387001,33.92140009
6749975,2014,2015-01-27,9675,2014-11-24,1654,19407,NA,1,2,7,3001,0,1,3,NA,2,095,RT 91,WEIR CANYON RD,270,E,N,A,-,Y,NA,NA,91,NA,NA,NA,NA,NA,NA,Y,4,0,1,2,A,-,03,22350,NA,N,C,C,A,A,H,-,C,D,0,NA,NA,Y,NA,Y,NA,C,02,0,0,1,0,0,0,0,0,1,-,-,33.87106,-117.73917,ORANGE,ANAHEIM,-117.73916662,33.87083111
6750101,2014,2016-06-10,9690,2014-10-29,1620,015713,NA,3,2,4,3018,0,1,1,NA,2,057,RT 5,JUNIPERO SERRA RD,1584,N,N,A,-,Y,ORA,12,5,-,-,11.23,H,-,N,N,4,0,1,1,C,-,18,NA,NA,N,E,J,A,A,H,-,A,D,1,NA,NA,NA,NA,Y,NA,-,-,0,0,1,0,0,0,0,0,0,-,-,33.52573,-117.6677,ORANGE,SAN JUAN CAPISTRANO,-117.66745004,33.52494776
6750239,2014,2016-06-23,9675,2014-12-12,0710,20627,NA,5,1,6,3015,0,1,3,NA,2,222,RT 22,MAIN ST,1000,E,N,B,C,Y,ORA,12,22,-,R,11.19,H,-,W,Y,4,0,1,3,A,-,03,22350,NA,N,B,C,A,B,H,-,A,D,6,NA,NA,NA,NA,Y,NA,A,07,0,0,1,0,0,0,0,0,0,-,-,33.77849,-117.86517,ORANGE,ORANGE,-117.86399243,33.77835337
6750352,2014,2015-01-09,9690,2014-09-15,1702,20366,NA,1,2,9,3000,0,2,4,NA,2,037,LIVE OAK CANYON RD,HUNKY DORY,0,NA,Y,A,-,N,NA,NA,NA,NA,NA,NA,NA,NA,NA,Y,3,0,1,2,A,-,09,21802,A,N,D,C,A,A,H,-,A,A,0,NA,NA,NA,NA,Y,NA,A,01,0,1,0,0,0,0,0,0,0,-,-,33.68033,-117.60305,ORANGE,UNINCORPORATED,-117.60303005,33.68054007
6751623,2014,2015-02-10,3000,2014-12-08,0920,1916,891C5,1,5,4,3045,0,0,0,NA,0,745,LAKE FOREST DR,SANTA VITTORIA DR,0,NA,Y,A,-,N,NA,NA,NA,NA,NA,NA,NA,NA,NA,Y,4,0,1,2,A,-,12,21453,A,N,D,C,A,A,H,-,A,A,0,NA,NA,NA,NA,Y,NA,A,01,0,0,1,0,0,0,0,0,0,-,-,NA,NA,ORANGE,LAGUNA HILLS,-117.73981011,33.63076008
6752612,2014,2015-02-10,3019,2014-12-18,0710,3349,SC,4,5,7,3019,0,0,0,NA,0,004,SPRUCE ST,ELDER AV,0,NA,Y,A,-,N,NA,NA,NA,NA,NA,NA,NA,NA,NA,N,3,0,1,2,A,-,21,22106,NA,N,H,G,A,A,H,-,A,A,0,NA,Y,NA,NA,Y,NA,I,11,0,1,0,0,0,0,1,0,0,-,-,NA,NA,ORANGE,SANTA ANA,-117.88897008000001,33.72934008
6752935,2014,2016-06-15,9670,2014-12-21,1810,019925,NA,7,2,5,3003,0,1,3,NA,2,092,RT 91,KNOTT AV,150,E,N,A,-,Y,ORA,12,91,-,R,1.9,H,-,E,N,4,0,2,2,A,-,03,22350,NA,N,C,C,A,A,H,-,C,D,1,NA,NA,NA,NA,Y,NA,D,22,0,0,2,0,0,0,0,0,0,-,-,33.85573,-118.00727,ORANGE,BUENA PARK,-118.01045548,33.85589811
6753273,2014,2015-03-27,3026,2014-12-13,2253,533,NA,6,5,6,3026,0,0,0,NA,0,00C,JAMBOREE,WALNUT,1052,N,N,A,-,N,NA,NA,NA,NA,NA,NA,NA,NA,NA,N,4,0,1,2,A,-,01,23152,A,N,B,C,A,A,H,-,C,D,0,NA,NA,NA,NA,Y,Y,D,22,0,0,1,0,0,0,0,0,0,-,-,NA,NA,ORANGE,IRVINE,-117.79963543,33.71430955
6754703,2014,2015-02-10,3000,2014-12-07,2115,5036,892D5,7,5,5,3028,0,0,0,NA,0,754,ALICIA PKWY,VIA GUADIX,204,S,N,B,-,N,NA,NA,NA,NA,NA,NA,NA,NA,NA,N,3,0,1,1,D,-,00,NA,NA,N,E,A,A,A,H,-,D,D,0,NA,Y,NA,NA,Y,NA,-,-,0,1,0,0,0,0,1,0,0,-,-,NA,NA,ORANGE,MISSION VIEJO,NA,NA
6754954,2014,2015-01-30,3026,2014-12-16,0646,89294779,NA,2,5,6,3026,0,0,0,NA,0,00U,MAIN ST,RED HILL AV,0,NA,Y,A,-,N,NA,NA,NA,NA,NA,NA,NA,NA,NA,Y,4,0,2,3,A,-,12,21453,A,N,D,C,A,A,H,-,A,A,0,NA,NA,NA,NA,Y,NA,-,-,0,0,2,0,0,0,0,0,0,-,-,NA,NA,ORANGE,IRVINE,-117.86461002,33.68932003
6755186,2015,2015-02-20,3001,2015-01-03,1428,A1355,NA,6,5,7,3001,0,0,0,NA,0,0D2,ANAHEIM BL,NORTH ST,0,NA,Y,A,-,N,NA,NA,NA,NA,NA,NA,NA,NA,NA,Y,4,0,1,2,A,-,09,21801,A,N,D,C,A,A,H,-,A,A,0,NA,NA,NA,NA,Y,NA,D,22,0,0,1,0,0,0,0,0,0,-,-,NA,NA,ORANGE,ANAHEIM,-117.91679011,33.84424005
6755539,2014,2016-06-18,3024,2014-12-22,1114,185,P-25,1,5,5,3024,0,0,0,NA,0,EAST,RT 39,WASHINGTON AV,47,N,N,A,-,Y,ORA,12,39,-,-,6.76,H,-,N,Y,4,0,1,2,A,-,03,22350,NA,N,C,C,A,A,H,-,A,D,0,NA,NA,NA,NA,Y,NA,A,07,0,0,1,0,0,0,0,0,0,-,-,NA,NA,ORANGE,WESTMINSTER,-117.98943362,33.74647394
6756169,2014,2016-06-23,9675,2014-12-19,1842,18834,NA,5,2,6,3004,0,1,3,NA,2,073,RT 73,BEAR ST,1000,N,N,A,-,Y,ORA,12,73,-,R,27.5,H,-,N,N,4,0,1,2,A,-,03,22350,NA,N,C,C,A,A,H,-,C,D,1,NA,NA,NA,NA,Y,NA,A,01,0,0,1,0,0,0,0,0,0,-,-,33.68407,-117.89563,ORANGE,COSTA MESA,-117.89622431,33.68491072
6758146,2014,2016-06-18,3003,2014-11-19,0731,1047,3003,3,5,5,3003,0,0,0,NA,0,001,BEACH BL,STAGE RD,528,N,N,A,-,Y,ORA,12,39,-,-,16.23,H,-,N,Y,4,0,1,2,A,-,08,22107,NA,N,D,C,A,A,H,-,A,D,0,NA,NA,NA,NA,Y,NA,A,01,0,0,1,0,0,0,0,0,0,-,-,33.8829,-117.9968,ORANGE,BUENA PARK,-117.99684147,33.88265303
6758150,2014,2015-01-22,3003,2014-11-17,1722,665,23,1,5,5,3003,0,0,0,NA,0,008,LA PALMA AV,KNOTT AV,292,E,N,A,-,N,NA,NA,NA,NA,NA,NA,NA,NA,NA,N,4,0,1,2,A,-,08,22107,NA,N,A,C,A,A,H,-,B,D,0,NA,NA,NA,NA,Y,NA,A,07,0,0,1,0,0,0,0,0,0,-,-,33.8466,-118.0099,ORANGE,BUENA PARK,-118.01024063,33.84656
6759412,2014,2015-01-30,3000,2014-12-03,1452,05314,952A7,3,5,5,3040,0,0,0,NA,0,640,ST OF THE GOLDEN LANTERN,SAINT CHRISTOPHER,1008,S,N,C,-,N,NA,NA,NA,NA,NA,NA,NA,NA,NA,Y,4,0,2,2,A,-,03,22350,NA,N,C,C,A,B,H,-,A,D,0,NA,NA,NA,NA,Y,NA,A,07,0,0,2,0,0,0,0,0,0,-,-,NA,NA,ORANGE,LAGUNA NIGUEL,-117.686274,33.506176
6759427,2014,2015-02-02,3014,2014-12-02,2015,1253,RD44,2,5,5,3014,0,0,0,NA,0,0A4,COVE ST,FERN LEAF AV,15,W,N,C,-,N,NA,NA,NA,NA,NA,NA,NA,NA,NA,Y,3,0,1,2,A,-,21,22106,NA,N,H,E,A,B,H,-,C,D,0,NA,NA,NA,NA,Y,NA,A,07,0,1,0,0,0,0,0,0,0,-,-,33.5967,-117.8784,ORANGE,NEWPORT BEACH,-117.87836154,33.59664154
6759619,2014,2016-06-20,9690,2014-11-17,1150,014919,NA,1,1,5,3017,0,1,1,NA,2,059,RT 5,CAMINO DE LOS MARES,5,S,N,A,-,Y,ORA,12,5,-,-,5.629,R,1,N,N,4,0,1,2,A,-,03,22350,NA,N,C,C,A,A,H,-,A,A,1,NA,NA,NA,NA,Y,NA,A,07,0,0,1,0,0,0,0,0,0,-,-,33.45997,-117.65493,ORANGE,SAN CLEMENTE,-117.65354853,33.45745508
6759635,2014,2016-06-20,9690,2014-11-15,1845,018840,NA,6,2,5,3017,0,1,1,NA,2,059,RT 5,AVENIDA PICO,1500,S,N,B,-,Y,ORA,12,5,-,-,3.11,H,-,N,Y,4,0,2,3,A,-,03,22350,NA,N,C,C,A,A,H,-,D,D,1,NA,NA,NA,NA,Y,NA,A,07,0,0,2,0,0,0,0,0,0,-,-,33.43585,-117.61797,ORANGE,SAN CLEMENTE,-117.61837081,33.43632736
6759647,2014,2016-06-17,9690,2014-11-16,1215,18479,NA,7,1,5,3017,0,1,1,NA,2,059,RT 5,EL CAMINO REAL,7,S,N,A,-,Y,ORA,12,5,-,-,1.72,H,-,N,N,4,0,1,2,A,-,-,NA,NA,N,C,C,A,A,H,-,A,D,1,NA,NA,NA,NA,Y,NA,A,01,0,0,1,0,0,0,0,0,0,-,-,33.4169,-117.6034,ORANGE,SAN CLEMENTE,-117.60529342,33.41922536
6760712,2014,2015-02-05,3009,2014-12-13,1847,3625,136,6,5,6,3009,0,0,0,NA,0,023,HARBOR,CARDINAL,10,N,N,A,-,N,NA,NA,NA,NA,NA,NA,NA,NA,NA,N,4,0,1,2,A,-,12,21453,A,N,D,C,A,A,-,-,C,A,0,NA,NA,NA,NA,Y,NA,D,22,0,0,1,0,0,0,0,0,0,-,-,NA,NA,ORANGE,GARDEN GROVE,-117.92042053,33.76552741
6760734,2014,2016-06-18,9675,2014-12-09,1050,20627,NA,2,1,6,3015,0,1,3,NA,2,550,RT 55,LINCOLN AV,1000,S,N,A,-,Y,ORA,12,55,-,-,16.79,H,-,S,N,4,0,1,2,A,-,07,21658,A,N,B,C,A,A,H,-,A,D,6,NA,NA,NA,NA,Y,NA,-,-,0,0,1,0,0,0,0,0,0,-,-,33.49396,-117.49595,ORANGE,ORANGE,-117.83503982,33.83201717
6762294,2014,2016-03-01,3003,2014-11-25,2105,735,NA,2,5,5,3003,0,0,0,NA,0,NA,BEACH BL,ORANGETHORPE AV,471,S,N,A,-,N,NA,NA,NA,NA,NA,NA,NA,NA,NA,Y,4,0,1,3,A,-,03,22350,NA,N,C,C,A,A,H,-,C,A,0,NA,NA,NA,NA,Y,NA,-,NA,0,0,1,0,0,0,0,0,0,-,-,NA,NA,ORANGE,BUENA PARK,-117.99812044,33.85769963