CASE_ID,ACCIDENT_YEAR,PROC_DATE,JURIS,COLLISION_DATE,COLLISION_TIME,OFFICER_ID,REPORTING_DISTRICT,DAY_OF_WEEK,CHP_SHIFT,POPULATION,CNTY_CITY_LOC,SPECIAL_COND,BEAT_TYPE,CHP_BEAT_TYPE,CITY_DIVISION_LAPD,CHP_BEAT_CLASS,BEAT_NUMBER,PRIMARY_RD,SECONDARY_RD,DISTANCE,DIRECTION,INTERSECTION,WEATHER_1,WEATHER_2,STATE_HWY_IND,CALTRANS_COUNTY,CALTRANS_DISTRICT,STATE_ROUTE,ROUTE_SUFFIX,POSTMILE_PREFIX,POSTMILE,LOCATION_TYPE,RAMP_INTERSECTION,SIDE_OF_HWY,TOW_AWAY,COLLISION_SEVERITY,NUMBER_KILLED,NUMBER_INJURED,PARTY_COUNT,PRIMARY_COLL_FACTOR,PCF_CODE_OF_VIOL,PCF_VIOL_CATEGORY,PCF_VIOLATION,PCF_VIOL_SUBSECTION,HIT_AND_RUN,TYPE_OF_COLLISION,MVIW,PED_ACTION,ROAD_SURFACE,ROAD_COND_1,ROAD_COND_2,LIGHTING,CONTROL_DEVICE,CHP_ROAD_TYPE,PEDESTRIAN_ACCIDENT,BICYCLE_ACCIDENT,MOTORCYCLE_ACCIDENT,TRUCK_ACCIDENT,NOT_PRIVATE_PROPERTY,ALCOHOL_INVOLVED,STWD_VEHTYPE_AT_FAULT,CHP_VEHTYPE_AT_FAULT,COUNT_SEVERE_INJ,COUNT_VISIBLE_INJ,COUNT_COMPLAINT_PAIN,COUNT_PED_KILLED,COUNT_PED_INJURED,COUNT_BICYCLIST_KILLED,COUNT_BICYCLIST_INJURED,COUNT_MC_KILLED,COUNT_MC_INJURED,PRIMARY_RAMP,SECONDARY_RAMP,LATITUDE,LONGITUDE,COUNTY,CITY,POINT_X,POINT_Y
8023647,2016,2016-04-25,3001,2016-04-14,1848,415,NA,4,5,7,3001,0,0,0,NA,0,0D2,OHIO ST,BROADWAY,130,N,N,A,-,N,NA,NA,NA,NA,NA,NA,NA,NA,NA,Y,2,0,1,2,A,-,08,22107,NA,N,E,I,A,A,H,-,A,D,0,NA,NA,NA,NA,Y,NA,A,01,1,0,0,0,0,0,0,0,0,-,-,NA,NA,ORANGE,ANAHEIM,-117.92399054,33.83121426
8023871,2016,2016-04-27,3000,2016-03-31,0705,1056,892D1,4,5,5,3028,0,0,0,NA,0,051,AGUILAR,LA CABRA,0,NA,Y,A,-,N,NA,NA,NA,NA,NA,NA,NA,NA,NA,Y,4,0,1,2,A,-,01,23152,E,N,B,E,A,A,H,-,A,D,0,NA,NA,NA,NA,Y,NA,A,01,0,0,1,0,0,0,0,0,0,-,-,33.65203,-117.65254,ORANGE,MISSION VIEJO,-117.65377005,33.65099011
8024454,2016,2016-05-02,3001,2016-04-16,1751,A1410,NA,6,5,7,3001,0,0,0,NA,0,0D2,SOUTH ANAHEIM BL,LINCOLN AV,0,NA,Y,A,-,N,NA,NA,NA,NA,NA,NA,NA,NA,NA,Y,3,0,2,2,A,-,09,21801,A,N,D,C,A,A,H,-,A,A,0,NA,NA,NA,NA,Y,NA,A,01,0,1,1,0,0,0,0,0,0,-,-,NA,NA,ORANGE,ANAHEIM,-117.91427007,33.83653005
8024456,2016,2017-02-16,3001,2016-04-18,1511,1740,NA,1,5,7,3001,0,0,0,NA,0,D 4,NORTH STATE COLLEGE BL,RT 91,0,NA,Y,A,-,Y,ORA,12,91,-,-,5.398,R,4,E,N,4,0,1,2,A,-,03,22350,NA,N,C,C,A,A,H,-,A,A,0,NA,NA,NA,NA,Y,NA,A,01,0,0,1,0,0,0,0,0,0,-,EO,NA,NA,ORANGE,ANAHEIM,-117.88724709,33.8539789
8024559,2016,2016-05-04,3001,2016-04-18,1829,1740,NA,1,5,7,3001,0,0,0,NA,0,0D3,EAST KATELLA AV,S DOUGLASS RD,0,NA,Y,A,-,N,NA,NA,NA,NA,NA,NA,NA,NA,NA,Y,3,0,2,2,A,-,12,21453,A,N,D,C,A,A,H,-,A,A,0,NA,NA,NA,NA,Y,NA,D,22,0,2,0,0,0,0,0,0,0,-,-,NA,NA,ORANGE,ANAHEIM,-117.87759005,33.80610001
8025396,2016,2016-04-18,3024,2016-03-03,2031,186,P13,4,5,5,3024,0,0,0,NA,0,EAST,TRASK AV,JACKSON ST,0,NA,Y,B,-,N,NA,NA,NA,NA,NA,NA,NA,NA,NA,N,4,0,1,2,A,-,09,21802,A,N,D,G,A,A,H,-,C,D,0,NA,Y,NA,NA,Y,NA,A,01,0,0,1,0,0,0,1,0,0,-,-,NA,NA,ORANGE,WESTMINSTER,-117.98769006,33.76655001
8025427,2016,2016-04-19,3024,2016-03-21,1546,168,P34,1,5,5,3024,0,0,0,NA,0,EAST,BOLSA AV,MORAN ST,0,NA,Y,A,-,N,NA,NA,NA,NA,NA,NA,NA,NA,NA,N,4,0,1,2,A,-,12,21453,A,N,D,C,A,A,H,-,A,A,0,NA,NA,NA,NA,Y,NA,A,07,0,0,1,0,0,0,0,0,0,-,-,NA,NA,ORANGE,WESTMINSTER,-117.96736008,33.74493005
8026202,2015,2016-04-22,3019,2015-09-24,0754,3384,NE,4,5,7,3019,0,0,0,NA,0,002,4TH ST,BIRCH ST,42,W,N,A,-,N,NA,NA,NA,NA,NA,NA,NA,NA,NA,Y,4,0,1,1,A,-,03,22350,NA,N,E,I,A,A,H,-,A,D,0,NA,NA,NA,NA,Y,NA,A,01,0,0,1,0,0,0,0,0,0,-,-,33.74792,-117.87057,ORANGE,SANTA ANA,-117.87100783,33.74797
8026526,2016,2016-05-09,3024,2016-03-27,2215,374,P-13,7,5,5,3024,0,0,0,NA,0,EAST,NEWLAND ST,TRASK AV,0,NA,Y,A,-,N,NA,NA,NA,NA,NA,NA,NA,NA,NA,N,3,0,2,2,A,-,09,21801,A,N,D,C,A,A,H,-,C,A,0,NA,NA,NA,NA,Y,NA,A,01,0,1,1,0,0,0,0,0,0,-,-,NA,NA,ORANGE,WESTMINSTER,-117.98109004,33.7666101
8026923,2016,2016-04-27,3024,2016-04-07,1247,140,P  21,4,5,5,3024,0,0,0,NA,0,EAST,WESTMINSTER BL,SWAN ST,0,NA,Y,C,-,N,NA,NA,NA,NA,NA,NA,NA,NA,NA,Y,3,0,1,2,A,-,09,21801,A,N,D,C,A,B,H,-,A,A,0,NA,NA,NA,NA,Y,NA,D,22,0,1,0,0,0,0,0,0,0,-,-,NA,NA,ORANGE,WESTMINSTER,-117.96579004,33.75946003
8027002,2016,2016-05-02,3012,2016-04-04,0755,568,35,1,5,5,3012,0,0,0,NA,0,003,LAMBERT RD,IDAHO ST,24,W,N,A,-,N,NA,NA,NA,NA,NA,NA,NA,NA,NA,N,4,0,1,2,A,-,03,22350,NA,M,C,C,A,A,H,-,A,D,0,NA,NA,NA,NA,Y,NA,A,07,0,0,1,0,0,0,0,0,0,-,-,NA,NA,ORANGE,LA HABRA,-117.95925893,33.92466
8028098,2016,2016-04-27,3019,2016-04-19,1032,1561,WE,2,5,7,3019,0,0,0,NA,0,001,HARBOR BL,MCFADDEN AV,23,S,N,A,-,N,NA,NA,NA,NA,NA,NA,NA,NA,NA,N,4,0,1,2,A,-,10,21950,A,N,G,B,B,A,H,-,A,A,0,Y,NA,NA,NA,Y,NA,A,01,0,0,1,0,1,0,0,0,0,-,-,33.73845,-117.9198,ORANGE,SANTA ANA,-117.9201,33.73819694
8028122,2016,2016-04-27,3019,2016-04-20,2016,3317,SE,3,5,7,3019,0,0,0,NA,0,001,MAIN ST,WALNUT ST,0,NA,Y,A,-,N,NA,NA,NA,NA,NA,NA,NA,NA,NA,N,3,0,1,2,A,-,10,21950,A,F,G,B,B,A,H,-,C,D,0,Y,NA,NA,NA,Y,NA,-,99,0,1,0,0,1,0,0,0,0,-,-,33.74428,-117.86746,ORANGE,SANTA ANA,-117.86765008,33.74437011
8029757,2016,2016-05-12,3003,2016-04-19,1718,60,24,2,5,5,3003,0,0,0,NA,0,002,ARTESIA BL,KINGMAN AV,19,W,N,A,-,N,NA,NA,NA,NA,NA,NA,NA,NA,NA,Y,4,0,2,3,A,-,09,21801,A,N,D,C,A,A,H,-,A,D,0,NA,NA,NA,NA,Y,NA,A,01,0,0,2,0,0,0,0,0,0,-,-,NA,NA,ORANGE,BUENA PARK,-118.00128245,33.87349
8029885,2016,2016-04-27,3000,2016-04-03,1425,1920,862C5,7,5,5,3050,0,0,0,NA,0,765,PORTOLA PKWY,LAKE FOREST DR,0,NA,Y,A,-,N,NA,NA,NA,NA,NA,NA,NA,NA,NA,Y,4,0,1,2,A,-,12,21453,A,N,D,C,A,A,H,-,A,A,0,NA,NA,NA,NA,Y,NA,A,07,0,0,1,0,0,0,0,0,0,-,-,NA,NA,ORANGE,LAKE FOREST,-117.65774003,33.67534012
8030258,2016,2016-05-02,3019,2016-04-19,1728,1925,SC,2,5,7,3019,0,0,0,NA,0,126,1ST ST,BRISTOL,320,W,N,A,-,N,NA,NA,NA,NA,NA,NA,NA,NA,NA,Y,4,0,1,2,A,-,09,21801,A,N,D,C,A,A,H,-,A,A,0,NA,NA,NA,NA,Y,NA,A,07,0,0,1,0,0,0,0,0,0,-,-,NA,NA,ORANGE,SANTA ANA,-117.88622014,33.74547
8030448,2016,2016-05-04,3015,2016-03-31,1557,1105,22W,4,5,6,3015,0,0,0,NA,0,001,LA VETA AV,PEPPER ST,180,NA,N,A,-,N,NA,NA,NA,NA,NA,NA,NA,NA,NA,N,4,0,1,2,A,-,09,21804,B,N,D,G,A,A,H,-,A,D,0,NA,Y,NA,NA,Y,NA,L,04,0,0,1,0,0,0,1,0,0,-,-,NA,NA,ORANGE,ORANGE,-117.86486003,33.78033003
8030487,2016,2016-05-03,3015,2016-04-20,0902,1098,61,3,5,6,3015,0,0,0,NA,0,731,SOUTH MAIN ST,COLUMBIA PL,0,NA,Y,A,-,N,NA,NA,NA,NA,NA,NA,NA,NA,NA,N,4,0,3,3,A,-,09,21801,A,N,D,C,A,A,H,-,A,A,0,NA,NA,NA,NA,Y,NA,A,01,0,0,3,0,0,0,0,0,0,-,-,NA,NA,ORANGE,ORANGE,-117.86730011,33.78326009
8030516,2016,2016-05-03,3009,2016-04-15,0545,3053,82,5,5,6,3009,0,0,0,NA,0,1-2,MAGNOLIA ST,ALPINE,0,NA,Y,A,-,N,NA,NA,NA,NA,NA,NA,NA,NA,NA,Y,4,0,1,3,A,-,08,22107,NA,N,C,C,A,A,H,-,A,D,0,NA,NA,NA,NA,Y,NA,A,01,0,0,1,0,0,0,0,0,0,-,-,NA,NA,ORANGE,GARDEN GROVE,NA,NA
8030520,2016,2016-05-03,3009,2016-04-16,0019,3831,96,6,5,6,3009,0,0,0,NA,0,1-3,TRASK AV,SHAPELL ST,140,E,N,A,-,N,NA,NA,NA,NA,NA,NA,NA,NA,NA,Y,3,0,1,2,A,-,08,22107,NA,N,D,C,A,A,H,-,C,D,0,NA,NA,NA,NA,Y,NA,A,07,0,1,0,0,0,0,0,0,0,-,-,NA,NA,ORANGE,GARDEN GROVE,-117.96500043,33.76670222
8030523,2016,2016-05-03,3015,2016-04-08,1627,1503,41W,5,5,6,3015,0,0,0,NA,0,311,NORTH STATE COLLEGE BL,RT 5,0,NA,Y,B,-,N,NA,NA,NA,NA,NA,NA,NA,NA,NA,Y,4,0,1,2,A,-,12,21453,A,N,D,C,A,B,H,-,A,A,0,NA,NA,NA,NA,Y,NA,A,01,0,0,1,0,0,0,0,0,0,-,-,NA,NA,ORANGE,ORANGE,-117.89031011,33.79166001
8030556,2016,2016-05-09,3009,2016-04-20,1712,1318,74,3,5,6,3009,0,0,0,NA,0,1 1,MAGNOLIA ST,GARDEN GROVE,43,N,N,A,-,N,NA,NA,NA,NA,NA,NA,NA,NA,NA,N,4,0,2,2,A,-,21,22106,NA,M,H,C,A,A,H,-,A,A,0,NA,NA,NA,NA,Y,NA,A,07,0,0,2,0,0,0,0,0,0,-,-,NA,NA,ORANGE,GARDEN GROVE,-117.97532733,33.774107
8030559,2016,2016-05-03,3015,2016-04-05,1420,1538,45W,2,5,6,3015,0,0,0,NA,0,221,BATAVIA ST,TAFT AV,250,S,N,A,-,N,NA,NA,NA,NA,NA,NA,NA,NA,NA,N,4,0,1,2,A,-,07,21658,NA,N,B,G,A,A,H,-,A,D,0,NA,Y,NA,NA,Y,NA,A,01,0,0,1,0,0,0,1,0,0,-,-,NA,NA,ORANGE,ORANGE,-117.86246117,33.8150397
8030864,2016,2017-02-16,3002,2016-04-08,1856,1638,526X,5,5,4,3002,0,0,0,NA,0,014,IMPERIAL HWY,BREA BL,15,E,N,A,-,Y,ORA,12,90,-,-,4.39,H,-,W,N,4,0,1,2,A,-,03,22350,NA,N,C,C,A,A,H,-,B,A,0,NA,NA,NA,NA,Y,NA,A,01,0,0,1,0,0,0,0,0,0,-,-,NA,NA,ORANGE,BREA,-117.90032709,33.91661619
8031966,2016,2016-05-12,3010,2016-05-04,1505,1059,424,3,5,6,3010,0,0,0,NA,0,003,NEWLAND ST,NAPLES,15,N,N,A,-,N,NA,NA,NA,NA,NA,NA,NA,NA,NA,N,4,0,2,3,A,-,03,22350,NA,N,C,C,A,A,H,-,A,D,0,NA,NA,NA,NA,Y,NA,A,01,0,0,2,0,0,0,0,0,0,-,-,NA,NA,ORANGE,HUNTINGTON BEACH,-117.98009,33.68271113
8032918,2016,2016-05-06,3001,2016-04-04,0859,0368,NA,1,5,7,3001,0,0,0,NA,0,0D4,NORTH LAKEVIEW AV,EAST LA PALMA AV,289,S,N,A,-,N,NA,NA,NA,NA,NA,NA,NA,NA,NA,NA,3,0,1,2,A,-,08,22107,NA,N,B,C,A,A,H,-,A,D,0,NA,NA,Y,NA,Y,NA,C,02,0,1,0,0,0,0,0,0,1,-,-,NA,NA,ORANGE,ANAHEIM,-117.81842897,33.85872862
8033367,2016,2016-05-06,3019,2016-04-20,0846,3338,WE,3,5,7,3019,0,0,0,NA,0,001,EUCLID ST,MCFADDEN AV,541,S,N,A,-,N,NA,NA,NA,NA,NA,NA,NA,NA,NA,N,4,0,1,2,A,-,03,22350,NA,N,C,C,A,A,H,-,A,A,0,NA,NA,NA,NA,Y,NA,A,01,0,0,1,0,0,0,0,0,0,-,-,33.73828,-117.93767,ORANGE,SANTA ANA,-117.93736296,33.73666696
8033802,2016,2016-05-10,3022,2016-04-30,1222,1237,NORTH,6,5,5,3022,0,0,0,NA,0,NA,1ST ST,EL CAMINO REAL,0,NA,Y,A,-,N,NA,NA,NA,NA,NA,NA,NA,NA,NA,Y,3,0,1,2,A,-,09,21801,A,N,D,C,A,A,H,-,A,A,0,NA,NA,NA,NA,Y,NA,A,01,0,1,0,0,0,0,0,0,0,-,-,33.74565,-117.8237,ORANGE,TUSTIN,-117.82367004,33.74578012
8034104,2016,2016-05-11,3001,2016-04-25,2018,0846,1822,1,5,7,3001,0,0,0,NA,0,035,PHOENIX CLUB DR,EAST BALL RD,0,NA,Y,B,-,N,NA,NA,NA,NA,NA,NA,NA,NA,NA,Y,4,0,1,2,A,-,12,21453,A,N,D,C,A,A,H,-,C,A,0,NA,NA,NA,NA,Y,NA,A,01,0,0,1,0,0,0,0,0,0,-,-,NA,NA,ORANGE,ANAHEIM,-117.87218011,33.81757012
8034197,2016,2016-05-12,3001,2016-05-03,1233,0963,NA,2,5,7,3001,0,0,0,NA,0,0D1,WEST BALL RD,S KINGS COURT DR,19,E,N,A,-,N,NA,NA,NA,NA,NA,NA,NA,NA,NA,Y,3,0,1,1,A,-,03,22350,NA,N,E,I,A,A,H,-,A,D,0,NA,NA,NA,NA,Y,NA,A,08,0,1,0,0,0,0,0,0,0,-,-,NA,NA,ORANGE,ANAHEIM,-117.94465759,33.81795035
8034552,2016,2016-05-04,3013,2016-04-04,2230,121,NA,1,5,3,3013,0,0,0,NA,0,SOUTH,KATELLA AV,SIBONEY ST,490,W,N,A,-,N,NA,NA,NA,NA,NA,NA,NA,NA,NA,Y,4,0,1,2,A,-,09,21801,A,N,D,C,A,A,H,-,C,D,0,NA,NA,NA,NA,Y,NA,A,07,0,0,1,0,0,0,0,0,0,-,-,NA,NA,ORANGE,LOS ALAMITOS,-118.04525879,33.80296495
8034813,2016,2016-05-06,3024,2016-04-14,1938,195,P43,4,5,5,3024,0,0,0,NA,0,EAST,NEWLAND ST,HEIL AV,25,N,N,A,-,N,NA,NA,NA,NA,NA,NA,NA,NA,NA,Y,4,0,1,2,A,-,09,21804,A,N,D,C,A,A,H,-,C,A,0,NA,NA,NA,NA,Y,NA,A,01,0,0,1,0,0,0,0,0,0,-,-,33.72313,-117.92661,ORANGE,WESTMINSTER,-117.98065176,33.72305853
8035793,2016,2016-05-03,3002,2016-04-15,1107,1626,326W,5,5,4,3002,0,0,0,NA,0,011,CENTRAL AV,BERRY ST,0,NA,Y,A,-,N,NA,NA,NA,NA,NA,NA,NA,NA,NA,Y,4,0,1,2,A,-,01,23152,E,N,D,C,A,A,H,-,A,A,0,NA,NA,NA,NA,Y,NA,A,08,0,0,1,0,0,0,0,0,0,-,-,NA,NA,ORANGE,BREA,-117.90648004,33.93188008
8035841,2016,2016-05-03,3014,2016-03-20,1258,1395,RD42,7,5,5,3014,0,0,0,NA,0,0A3,BALBOA AV,MARINE AV,0,NA,Y,A,-,N,NA,NA,NA,NA,NA,NA,NA,NA,NA,Y,2,0,1,2,A,-,13,22515,A,F,D,C,A,A,H,-,A,D,0,NA,NA,NA,NA,Y,NA,D,22,1,0,0,0,0,0,0,0,0,-,-,33.6069,-117.8902,ORANGE,NEWPORT BEACH,-117.88984012,33.60698005
8035849,2016,2016-05-04,3014,2016-04-04,2335,1374,RD24,1,5,5,3014,0,0,0,NA,0,0A2,SUPERIOR AV,DANA RD,40,N,N,A,-,N,NA,NA,NA,NA,NA,NA,NA,NA,NA,Y,4,0,2,2,A,-,08,22107,NA,N,C,C,A,A,H,-,C,D,0,NA,NA,NA,NA,Y,NA,A,01,0,0,2,0,0,0,0,0,0,-,-,33.6296,-117.9302,ORANGE,NEWPORT BEACH,-117.93006588,33.62964412
8036238,2016,2016-05-03,3000,2016-04-21,2015,1920,891J6,4,5,5,3028,0,0,0,NA,0,755,LOS ALISOS BL,JERONIMO RD,170,W,N,A,-,N,NA,NA,NA,NA,NA,NA,NA,NA,NA,Y,4,0,1,2,A,-,09,21804,A,N,D,C,A,A,H,-,C,A,0,NA,NA,NA,NA,Y,NA,A,08,0,0,1,0,0,0,0,0,0,-,-,NA,NA,ORANGE,MISSION VIEJO,-117.68560726,33.62265516
8037797,2016,2016-05-11,3015,2016-04-20,1447,1386,117W,3,5,6,3015,0,0,0,NA,0,711,SANTIAGO BL,DENISE AV,0,NA,Y,A,-,N,NA,NA,NA,NA,NA,NA,NA,NA,NA,Y,3,0,2,2,A,-,01,23152,A,N,A,C,A,A,H,-,A,D,0,NA,NA,NA,NA,Y,NA,A,01,0,1,1,0,0,0,0,0,0,-,-,NA,NA,ORANGE,ORANGE,-117.83021004,33.82860007
8038660,2016,2016-05-16,3012,2016-05-02,0721,629,32,1,5,5,3012,0,0,0,NA,0,003,LA HABRA BL,DEANNA ST,0,NA,Y,A,-,N,NA,NA,NA,NA,NA,NA,NA,NA,NA,N,4,0,1,2,A,-,08,22107,NA,N,D,C,A,A,H,-,A,D,0,NA,NA,NA,NA,Y,NA,A,01,0,0,1,0,0,0,0,0,0,-,-,NA,NA,ORANGE,LA HABRA,-117.96403011,33.93185007
8039136,2016,2016-05-19,3019,2016-04-17,1449,3346,NE,7,5,7,3019,0,0,0,NA,0,0D2,WASHINGTON AV,LACY ST,175,E,N,A,-,N,NA,NA,NA,NA,NA,NA,NA,NA,NA,N,4,0,1,2,A,-,08,22107,NA,N,D,C,A,A,H,-,A,D,0,NA,NA,NA,NA,Y,NA,A,01,0,0,1,0,0,0,0,0,0,-,-,NA,NA,ORANGE,SANTA ANA,-117.86295573,33.75561776
8040464,2016,2016-05-16,3001,2016-05-08,0941,2231,NA,7,5,7,3001,0,0,0,NA,0,0D2,LA PALMA AV,EAST ST,108,E,N,A,-,N,NA,NA,NA,NA,NA,NA,NA,NA,NA,Y,4,0,1,3,A,-,03,22350,NA,N,C,C,A,A,H,-,A,D,0,NA,NA,NA,NA,Y,NA,A,01,0,0,1,0,0,0,0,0,0,-,-,NA,NA,ORANGE,ANAHEIM,-117.90534521,33.84728446
8040665,2016,2016-05-19,3009,2016-05-09,1545,6184,96,1,5,6,3009,0,0,0,NA,0,013,ERIN ST,WOODBURY AV,0,NA,Y,A,-,N,NA,NA,NA,NA,NA,NA,NA,NA,NA,N,4,0,1,2,A,-,12,22450,A,N,D,C,A,A,H,-,A,A,0,NA,NA,NA,NA,Y,NA,A,01,0,0,1,0,0,0,0,0,0,-,-,NA,NA,ORANGE,GARDEN GROVE,-117.96202009,33.76359009
8041669,2016,2016-05-26,3002,2016-04-23,2354,8561,740A1,6,5,5,3025,0,0,0,NA,0,001,VALLEY VIEW CIR,VINWOOD LN,17,S,N,A,-,N,NA,NA,NA,NA,NA,NA,NA,NA,NA,Y,3,0,1,1,A,-,01,23152,A,M,E,I,A,A,H,-,C,A,0,NA,NA,NA,NA,Y,Y,A,01,0,1,0,0,0,0,0,0,0,-,-,NA,NA,ORANGE,YORBA LINDA,-117.82863063,33.90861102
8041682,2016,2016-05-26,3015,2016-05-11,0657,1098,117W,3,5,6,3015,0,0,0,NA,0,731,NORTH TUSTIN ST,E MEATS AV,0,NA,Y,B,-,N,NA,NA,NA,NA,NA,NA,NA,NA,NA,N,4,0,1,2,A,-,10,21950,A,N,D,B,B,A,H,-,A,A,0,Y,NA,NA,NA,Y,NA,A,01,0,0,1,0,1,0,0,0,0,-,-,NA,NA,ORANGE,ORANGE,-117.83603,33.82291007
8041899,2016,2016-05-31,3008,2016-04-30,0843,1479,NA,6,5,6,3008,0,0,0,NA,0,0Z1,MALVERN AV,BRIDGEPORT CIR,140,E,N,B,-,N,NA,NA,NA,NA,NA,NA,NA,NA,NA,Y,3,0,1,1,A,-,03,22350,NA,N,F,I,A,B,H,-,A,D,0,NA,NA,NA,NA,Y,NA,A,07,0,1,0,0,0,0,0,0,0,-,-,NA,NA,ORANGE,FULLERTON,-117.95730984,33.87654091
8042131,2016,2016-06-01,3014,2016-05-12,1440,1008,RD24,4,5,5,3014,0,0,0,NA,0,0A2,SUPERIOR AV,HOSPITAL RD,0,NA,Y,A,-,N,NA,NA,NA,NA,NA,NA,NA,NA,NA,Y,3,0,2,3,A,-,17,21451,A,N,D,C,A,A,H,-,A,A,0,NA,NA,NA,NA,Y,NA,A,01,0,1,1,0,0,0,0,0,0,-,-,NA,NA,ORANGE,NEWPORT BEACH,-117.93378011,33.62589002
8043190,2016,2016-05-18,3014,2016-04-04,0100,1463,RD43,1,5,5,3014,0,0,0,NA,0,0A3,KEWAMEE DR,ZAHMA DR,21,E,N,A,-,N,NA,NA,NA,NA,NA,NA,NA,NA,NA,Y,4,0,1,1,A,-,08,22107,NA,N,E,I,A,A,H,-,C,A,0,NA,NA,NA,NA,Y,NA,A,07,0,0,1,0,0,0,0,0,0,-,-,33.162,-117.524,ORANGE,NEWPORT BEACH,-117.87853859,33.60498174
8044176,2016,2016-05-24,3026,2016-04-24,1831,522,NA,7,5,6,3026,0,0,0,NA,0,NA,BARRANCA PKWY,LAKE,301,E,N,A,-,N,NA,NA,NA,NA,NA,NA,NA,NA,NA,Y,4,0,3,2,A,-,03,22350,NA,N,C,C,A,A,H,-,A,D,0,NA,NA,NA,NA,Y,NA,A,01,0,0,3,0,0,0,0,0,0,-,-,NA,NA,ORANGE,IRVINE,-117.80037535,33.67906823
8044613,2016,2016-05-26,3022,2016-05-11,1628,1077,NA,3,5,5,3022,0,0,0,NA,0,NA,EDINGER AV,JAMBOREE PL,300,E,N,A,-,N,NA,NA,NA,NA,NA,NA,NA,NA,NA,N,4,0,2,3,A,-,03,22350,NA,N,C,C,A,A,H,-,A,D,0,NA,NA,NA,NA,Y,NA,A,07,0,0,2,0,0,0,0,0,0,-,-,NA,NA,ORANGE,TUSTIN,-117.80583308,33.70363078
8045022,2016,2016-05-26,3026,2016-05-05,1709,8929,NA,4,5,6,3026,0,0,0,NA,0,00U,JAMBOREE RD,MICHELSON DR,750,N,N,B,-,N,NA,NA,NA,NA,NA,NA,NA,NA,NA,Y,4,0,1,3,A,-,03,22350,NA,N,C,C,A,A,H,-,A,D,0,NA,NA,NA,NA,Y,NA,A,07,0,0,1,0,0,0,0,0,0,-,-,NA,NA,ORANGE,IRVINE,-117.84623438,33.67429562
8047085,2016,2016-08-29,3008,2016-04-21,0741,1158,NA,4,5,6,3008,0,0,0,NA,0,0II,CHAPMAN AV,HIGHLAND AV,0,NA,Y,A,-,N,NA,NA,NA,NA,NA,NA,NA,NA,NA,Y,4,0,1,2,A,-,09,21801,A,N,D,C,A,A,H,-,A,A,0,NA,NA,NA,NA,Y,NA,A,01,0,0,1,0,0,0,0,0,0,-,-,NA,NA,ORANGE,FULLERTON,-117.92873011,33.87384006
8047614,2016,2016-05-24,3001,2016-05-15,0914,1007,NA,7,5,7,3001,0,0,0,NA,0,0D3,WEST BALL RD,SOUTH ANAHEIM BL,86,W,N,B,-,N,NA,NA,NA,NA,NA,NA,NA,NA,NA,Y,3,0,4,2,A,-,03,22350,NA,N,C,C,A,A,H,-,A,D,0,NA,NA,NA,NA,Y,NA,A,01,0,1,3,0,0,0,0,0,0,-,-,NA,NA,ORANGE,ANAHEIM,-117.90833663,33.81802231
8048844,2016,2016-05-31,3009,2016-05-12,1705,3607,164,4,5,6,3009,0,0,0,NA,0,022,GARDEN GROVE BL,LAIRD ST,0,NA,Y,A,-,N,NA,NA,NA,NA,NA,NA,NA,NA,NA,N,4,0,5,2,A,-,09,21801,A,N,D,C,A,A,H,-,A,A,0,NA,NA,NA,NA,Y,NA,A,01,0,0,5,0,0,0,0,0,0,-,-,NA,NA,ORANGE,GARDEN GROVE,-117.89943008,33.77454003
8051512,2016,2016-06-11,3019,2016-03-02,0830,1291,NORTH,3,5,7,3019,0,0,0,NA,0,002,20TH ST,VALENCIA,149,E,N,B,-,N,NA,NA,NA,NA,NA,NA,NA,NA,NA,N,3,0,1,1,A,-,08,22107,NA,N,C,E,A,A,H,-,A,D,0,NA,NA,NA,NA,Y,NA,A,01,0,1,0,0,0,0,0,0,0,-,-,NA,NA,ORANGE,SANTA ANA,-117.86225127,33.76251508
8051561,2016,2016-06-13,3019,2016-01-17,0018,3315,WE,7,5,7,3019,0,0,0,NA,0,001,FOREST ST,2ND ST,75,N,N,A,-,N,NA,NA,NA,NA,NA,NA,NA,NA,NA,N,4,0,1,4,A,-,05,21651,NA,M,A,E,A,A,H,-,C,D,0,NA,NA,NA,NA,Y,NA,-,-,0,0,1,0,0,0,0,0,0,-,-,NA,NA,ORANGE,SANTA ANA,-117.88996242,33.746385599999996
8052088,2016,2016-06-09,3001,2016-05-17,1623,A1622,NA,2,5,7,3001,0,0,0,NA,0,0D2,ANAHEIM BL,CENTER ST,0,NA,Y,A,-,N,NA,NA,NA,NA,NA,NA,NA,NA,NA,N,2,0,1,2,A,-,09,21801,A,N,H,G,A,A,H,-,A,A,0,NA,Y,NA,NA,Y,NA,D,22,1,0,0,0,0,0,1,0,0,-,-,NA,NA,ORANGE,ANAHEIM,-117.91391011,33.83555001
8052370,2016,2017-02-13,3012,2016-05-24,0633,640,31,2,5,5,3012,0,0,0,NA,0,003,BEACH BL,LAMBERT RD,44,S,N,B,-,Y,ORA,12,39,-,-,19.66,H,-,S,N,4,0,2,2,A,-,12,21453,A,N,D,C,A,A,H,-,A,-,0,NA,NA,NA,NA,Y,NA,-,NA,0,0,2,0,0,0,0,0,0,-,-,NA,NA,ORANGE,LA HABRA,-117.96789701,33.92435642
8052571,2016,2016-06-07,3001,2016-05-27,2030,415,NA,5,5,7,3001,0,0,0,NA,0,0D1,BALL RD,MAGNOLIA AV,66,E,N,A,-,N,NA,NA,NA,NA,NA,NA,NA,NA,NA,Y,4,0,4,3,A,-,01,23152,A,N,C,C,A,A,H,-,C,A,0,NA,NA,NA,NA,Y,Y,A,01,0,0,4,0,0,0,0,0,0,-,-,NA,NA,ORANGE,ANAHEIM,-117.9756332,33.8176
8052638,2016,2017-03-06,3001,2016-05-24,1232,0705,NA,2,5,7,3001,0,0,0,NA,0,003,KATELLA AV,RT 57,0,NA,Y,B,-,Y,ORA,12,57,-,-,12.351,R,4,N,N,4,0,2,2,A,-,12,21453,A,N,D,C,A,A,H,-,A,A,0,NA,NA,NA,NA,Y,NA,-,-,0,0,2,0,0,0,0,0,0,-,NO,NA,NA,ORANGE,ANAHEIM,-117.8795565,33.80316793