CASE_ID,ACCIDENT_YEAR,PROC_DATE,JURIS,COLLISION_DATE,COLLISION_TIME,OFFICER_ID,REPORTING_DISTRICT,DAY_OF_WEEK,CHP_SHIFT,POPULATION,CNTY_CITY_LOC,SPECIAL_COND,BEAT_TYPE,CHP_BEAT_TYPE,CITY_DIVISION_LAPD,CHP_BEAT_CLASS,BEAT_NUMBER,PRIMARY_RD,SECONDARY_RD,DISTANCE,DIRECTION,INTERSECTION,WEATHER_1,WEATHER_2,STATE_HWY_IND,CALTRANS_COUNTY,CALTRANS_DISTRICT,STATE_ROUTE,ROUTE_SUFFIX,POSTMILE_PREFIX,POSTMILE,LOCATION_TYPE,RAMP_INTERSECTION,SIDE_OF_HWY,TOW_AWAY,COLLISION_SEVERITY,NUMBER_KILLED,NUMBER_INJURED,PARTY_COUNT,PRIMARY_COLL_FACTOR,PCF_CODE_OF_VIOL,PCF_VIOL_CATEGORY,PCF_VIOLATION,PCF_VIOL_SUBSECTION,HIT_AND_RUN,TYPE_OF_COLLISION,MVIW,PED_ACTION,ROAD_SURFACE,ROAD_COND_1,ROAD_COND_2,LIGHTING,CONTROL_DEVICE,CHP_ROAD_TYPE,PEDESTRIAN_ACCIDENT,BICYCLE_ACCIDENT,MOTORCYCLE_ACCIDENT,TRUCK_ACCIDENT,NOT_PRIVATE_PROPERTY,ALCOHOL_INVOLVED,STWD_VEHTYPE_AT_FAULT,CHP_VEHTYPE_AT_FAULT,COUNT_SEVERE_INJ,COUNT_VISIBLE_INJ,COUNT_COMPLAINT_PAIN,COUNT_PED_KILLED,COUNT_PED_INJURED,COUNT_BICYCLIST_KILLED,COUNT_BICYCLIST_INJURED,COUNT_MC_KILLED,COUNT_MC_INJURED,PRIMARY_RAMP,SECONDARY_RAMP,LATITUDE,LONGITUDE,COUNTY,CITY,POINT_X,POINT_Y
8053104,2016,2017-02-16,3001,2016-05-31,1430,1007,NA,2,5,7,3001,0,0,0,NA,0,NA,NORTH IMPERIAL HWY,ORANGETHORPE AV,120,S,N,A,-,Y,ORA,12,90,-,-,12.21,H,-,W,Y,4,0,1,3,A,-,01,23152,A,N,C,C,A,A,H,-,A,-,0,NA,NA,NA,NA,Y,Y,D,22,0,0,1,0,0,0,0,0,0,-,-,NA,NA,ORANGE,ANAHEIM,-117.79026345,33.86339327
8053407,2016,2016-06-09,3026,2016-05-19,1042,8929,NA,4,5,6,3026,0,0,0,NA,0,00C,IRVINE CENTER DR,HEARTHSTONE,35,W,N,A,-,N,NA,NA,NA,NA,NA,NA,NA,NA,NA,N,4,0,1,4,A,-,03,22350,NA,N,B,C,A,A,H,-,A,A,0,NA,NA,NA,NA,Y,NA,A,01,0,0,1,0,0,0,0,0,0,-,-,NA,NA,ORANGE,IRVINE,-117.80137024,33.69764556
8053723,2016,2016-06-06,3010,2016-05-24,2116,1096,283,2,5,6,3010,0,0,0,NA,0,006,NEWLAND,BENJAMIN,0,NA,Y,A,-,N,NA,NA,NA,NA,NA,NA,NA,NA,NA,Y,3,0,1,2,A,-,09,21801,A,N,D,C,A,A,H,-,C,D,0,NA,NA,NA,NA,Y,NA,A,01,0,1,0,0,0,0,0,0,0,-,-,NA,NA,ORANGE,HUNTINGTON BEACH,-117.98043002,33.706140070000004
8054905,2016,2017-03-06,3015,2016-05-03,1246,NA,NE,2,5,6,3015,0,0,0,NA,0,NA,GRAND AV,RT 22,0,NA,Y,A,-,Y,ORA,12,22,-,R,12.029,R,4,E,Y,2,0,2,2,A,-,12,21453,A,N,D,C,A,A,H,-,A,A,0,NA,NA,NA,NA,Y,NA,J,49,1,1,0,0,0,0,0,0,0,-,EO,33.7751,-117.85285,ORANGE,ORANGE,-117.84989754,33.77505785
8055143,2016,2016-06-01,3019,2016-05-24,0949,3198,SE,2,5,7,3019,0,0,0,NA,0,003,GRAND,NORMANDY,217,N,N,A,-,N,NA,NA,NA,NA,NA,NA,NA,NA,NA,Y,4,0,2,2,A,-,01,23152,A,N,A,C,A,A,H,-,A,D,0,NA,NA,NA,NA,Y,NA,A,07,0,0,2,0,0,0,0,0,0,-,-,NA,NA,ORANGE,SANTA ANA,-117.85027566,33.73602487
8055310,2016,2017-02-16,3001,2016-05-30,1914,1740,NA,1,5,7,3001,0,0,0,NA,0,0D2,LEMON ST,FRONTAGE RD RT 91,0,NA,Y,A,-,Y,ORA,12,91,-,-,3.644,R,4,W,Y,4,0,1,2,A,-,12,21453,A,N,D,C,A,A,H,-,B,A,0,NA,NA,NA,NA,Y,NA,A,01,0,0,1,0,0,0,0,0,0,-,-,NA,NA,ORANGE,ANAHEIM,-117.91755165,33.85418693
8056128,2016,2016-06-08,3003,2016-05-22,1500,752,3003,7,5,5,3003,0,0,0,NA,0,002,9TH ST,KNOTT AV,586,E,N,A,-,N,NA,NA,NA,NA,NA,NA,NA,NA,NA,N,4,0,1,2,D,-,00,NA,NA,N,B,C,A,A,H,-,A,D,0,NA,NA,NA,NA,Y,NA,-,-,0,0,1,0,0,0,0,0,0,-,-,33.8652,-118.0088,ORANGE,BUENA PARK,-118.00945399,33.8652587
8056160,2016,2016-06-08,3004,2016-05-25,1409,P459,19,3,5,6,3004,0,0,0,NA,0,004,HARBOR BL,GISLER AV,0,NA,Y,A,-,N,NA,NA,NA,NA,NA,NA,NA,NA,NA,Y,3,0,2,2,A,-,12,21453,A,N,A,C,A,A,H,-,A,A,0,NA,NA,NA,NA,Y,NA,-,-,0,1,1,0,0,0,0,0,0,-,-,33.4113,-117.5509,ORANGE,COSTA MESA,-117.91946003,33.68698006
8056359,2016,2016-06-13,3015,2016-05-16,0747,1495,61,1,5,6,3015,0,0,0,NA,0,212,S FLOWER ST,W PALMYRA AV,285,W,N,A,-,N,NA,NA,NA,NA,NA,NA,NA,NA,NA,Y,4,0,1,2,A,-,03,22350,NA,N,D,C,A,A,H,-,A,D,0,NA,NA,NA,NA,Y,NA,A,07,0,0,1,0,0,0,0,0,0,-,-,NA,NA,ORANGE,ORANGE,-117.87696569,33.78337
8056873,2016,2017-02-08,3019,2016-05-27,1858,3346,SE,5,5,7,3019,0,0,0,NA,0,002,1ST ST,RT 5,0,NA,Y,A,-,Y,ORA,12,5,-,-,30.828,R,4,S,Y,3,0,1,2,A,-,12,21453,A,M,A,C,A,A,H,-,A,A,0,NA,NA,NA,NA,Y,NA,A,01,0,1,0,0,0,0,0,0,0,-,-,NA,NA,ORANGE,SANTA ANA,-117.84194442,33.74459196
8057159,2016,2016-06-17,3009,2016-05-25,2033,3712,62,3,5,6,3009,0,0,0,NA,0,1-1,DALE ST,CHAPMAN AV,20,N,N,A,-,N,NA,NA,NA,NA,NA,NA,NA,NA,NA,N,4,0,2,3,A,-,08,22107,NA,N,A,G,A,A,H,-,A,A,0,NA,NA,NA,NA,Y,NA,A,01,0,0,2,0,0,0,0,0,0,-,-,NA,NA,ORANGE,GARDEN GROVE,-117.98415246,33.7884848
8057460,2016,2016-06-14,3001,2016-06-02,1218,1410,NA,4,5,7,3001,0,0,0,NA,0,0D1,WEST BROADWAY,SOUTH EUCLID ST,294,W,N,A,-,N,NA,NA,NA,NA,NA,NA,NA,NA,NA,Y,4,0,3,2,A,-,09,21801,A,N,D,C,A,A,H,-,A,D,0,NA,NA,NA,NA,Y,NA,A,01,0,0,3,0,0,0,0,0,0,-,-,NA,NA,ORANGE,ANAHEIM,-117.94245558,33.82886228
8058441,2016,2016-06-13,3009,2016-06-02,2036,3488,2   2,4,5,6,3009,0,0,0,NA,0,143,CHAPMAN AV,HARBOR BL,272,W,N,A,-,N,NA,NA,NA,NA,NA,NA,NA,NA,NA,N,4,0,1,2,A,-,04,21703,NA,N,C,C,A,A,H,-,C,A,0,NA,NA,NA,NA,Y,NA,A,01,0,0,1,0,0,0,0,0,0,-,-,NA,NA,ORANGE,GARDEN GROVE,-117.9158931,33.7889
8058989,2016,2016-06-13,3015,2016-06-05,2059,1513,32E,7,5,6,3015,0,0,0,NA,0,322,N GLASSELL ST,MAPLE AV,0,NA,Y,A,-,N,NA,NA,NA,NA,NA,NA,NA,NA,NA,N,3,0,1,2,A,-,12,22450,A,N,D,G,A,A,H,-,C,A,0,NA,Y,NA,NA,Y,NA,L,04,0,1,0,0,0,0,1,0,0,-,-,NA,NA,ORANGE,ORANGE,-117.85310003,33.78968
8060527,2016,2016-06-15,3010,2016-05-30,1135,205,271,1,5,6,3010,0,0,0,NA,0,006,WARNER,GOLDEN WEST,250,E,N,B,-,N,NA,NA,NA,NA,NA,NA,NA,NA,NA,N,4,0,2,2,A,-,05,21650,1,N,D,G,A,A,H,-,A,D,0,NA,Y,NA,NA,Y,NA,L,04,0,0,2,0,0,0,2,0,0,-,-,NA,NA,ORANGE,HUNTINGTON BEACH,-118.00584989,33.71550091
8060563,2016,2016-06-20,3026,2016-06-06,1456,7094,NA,1,5,6,3026,0,0,0,NA,0,00C,JAMBOREE RD,BARRANCA PKWY,41,S,N,A,-,N,NA,NA,NA,NA,NA,NA,NA,NA,NA,Y,4,0,2,3,A,-,03,22350,NA,N,C,C,A,A,H,-,A,A,0,NA,NA,NA,NA,Y,NA,A,07,0,0,2,0,0,0,0,0,0,-,-,NA,NA,ORANGE,IRVINE,-117.82695624,33.69396376
8061338,2016,2016-07-22,3000,2016-06-15,0644,5377,971J3,3,5,5,3040,0,0,0,NA,0,741,SHIPSIDE DR,CAMINO DEL AVION,0,NA,Y,B,-,N,NA,NA,NA,NA,NA,NA,NA,NA,NA,Y,4,0,1,2,A,-,09,21802,A,N,D,C,A,A,H,-,A,D,0,NA,NA,NA,NA,Y,NA,A,07,0,0,1,0,0,0,0,0,0,-,-,NA,NA,ORANGE,LAGUNA NIGUEL,-117.68675008,33.48723
8061688,2016,2016-06-22,3026,2016-05-21,1832,553,NA,6,5,6,3026,0,0,0,NA,0,00U,BARRANCA PKWY,RED HILL AV,34,E,N,A,-,N,NA,NA,NA,NA,NA,NA,NA,NA,NA,Y,3,0,2,2,A,-,12,21453,A,N,C,C,A,A,H,-,A,A,0,NA,NA,NA,NA,Y,Y,A,01,0,2,0,0,0,0,0,0,0,-,-,NA,NA,ORANGE,IRVINE,-117.843237,33.70547775
8062057,2016,2017-02-22,3024,2016-06-11,0847,192,P-18,6,5,5,3024,0,0,0,NA,0,WEST,RT 39,WESTMINSTER BL,50,S,N,C,-,Y,ORA,12,39,-,-,7.62,H,-,S,Y,4,0,1,2,D,-,00,NA,NA,N,C,C,A,B,H,-,A,D,0,NA,NA,NA,NA,Y,NA,-,-,0,0,1,0,0,0,0,0,0,-,-,NA,NA,ORANGE,WESTMINSTER,-117.98977985,33.75904297
8062246,2016,2016-07-11,3019,2016-06-16,0707,1561,SC,4,5,7,3019,0,0,0,NA,0,004,BRISTOL ST,SAINT GERTRUDE PL N,122,S,N,A,-,N,NA,NA,NA,NA,NA,NA,NA,NA,NA,Y,4,0,2,2,A,-,09,21804,A,N,D,C,A,A,H,-,A,D,0,NA,NA,NA,NA,Y,NA,A,07,0,0,2,0,0,0,0,0,0,-,-,33.71948,-117.88552,ORANGE,SANTA ANA,-117.88528,33.71901574
8062329,2016,2016-07-05,3026,2016-06-20,0910,197,NA,1,5,6,3026,0,0,0,NA,0,00U,ALTON PKWY,MURPHY,0,NA,Y,A,-,N,NA,NA,NA,NA,NA,NA,NA,NA,NA,Y,3,0,4,2,A,-,12,21453,A,N,D,C,A,A,H,-,A,A,0,NA,NA,NA,NA,Y,NA,A,07,0,1,3,0,0,0,0,0,0,-,-,NA,NA,ORANGE,IRVINE,-117.8301701,33.68708007
8063105,2016,2016-09-29,3019,2016-08-30,1225,2771,NE,2,5,7,3019,0,0,0,NA,0,002,1ST ST,STANDARD AV,0,NA,Y,A,-,N,NA,NA,NA,NA,NA,NA,NA,NA,NA,Y,4,0,2,2,A,-,12,21453,A,N,D,C,A,A,H,-,A,A,0,NA,NA,NA,NA,Y,NA,A,07,0,0,2,0,0,0,0,0,0,-,-,33.74559,-117.85726,ORANGE,SANTA ANA,-117.85698012,33.74552011
8063822,2016,2016-06-16,3000,2016-04-29,1415,4070,892J2,5,5,4,3048,0,0,0,NA,0,068,SANTA MARGARITA PKWY,INTERCHANGE PLAZA,75,W,N,A,-,N,NA,NA,NA,NA,NA,NA,NA,NA,NA,Y,4,0,1,1,B,-,22,NA,NA,N,F,A,A,A,H,-,A,D,0,NA,NA,Y,NA,Y,NA,C,02,0,0,1,0,0,0,0,0,1,-,-,NA,NA,ORANGE,RANCHO SANTA MARGARITA,-117.60538767,33.64158233
8064298,2016,2016-06-21,3000,2016-05-25,1525,3358,972D1,3,5,4,3018,0,0,0,NA,0,731,RANCHO VIEJO,PASEO ESPADA,0,NA,Y,A,-,N,NA,NA,NA,NA,NA,NA,NA,NA,NA,N,4,0,1,2,A,-,03,22350,NA,N,C,C,A,A,H,-,A,D,0,NA,NA,NA,NA,Y,NA,A,07,0,0,1,0,0,0,0,0,0,-,-,NA,NA,ORANGE,SAN JUAN CAPISTRANO,-117.65385011,33.50197002
8064317,2016,2016-06-21,3016,2016-05-22,0834,1251,18,7,5,5,3016,0,0,0,NA,0,002,PLACENTIA AV,HARMONY LN,94,N,N,B,-,N,NA,NA,NA,NA,NA,NA,NA,NA,NA,Y,4,0,1,3,A,-,03,22350,NA,N,C,E,A,A,H,-,A,D,0,NA,NA,NA,NA,Y,Y,A,08,0,0,1,0,0,0,0,0,0,-,-,33.87615,-117.87822,ORANGE,PLACENTIA,-117.87833109,33.87627118
8064336,2016,2016-06-21,3000,2016-06-09,1443,9684,921E5,4,5,4,3049,0,0,0,NA,0,784,ALISO CREEK RD,PARK PLAZA,31,S,N,A,-,N,NA,NA,NA,NA,NA,NA,NA,NA,NA,Y,3,0,2,4,A,-,03,22350,NA,N,C,C,A,A,H,-,A,A,0,NA,NA,NA,NA,Y,NA,A,01,0,1,1,0,0,0,0,0,0,-,-,NA,NA,ORANGE,ALISO VIEJO,-117.72354,33.57366503
8064467,2016,2016-06-22,3000,2016-05-07,1520,6448,972A5,6,5,4,3029,0,0,0,NA,0,136,DEL OBISPO ST,STONE HILL DR,28,N,N,A,-,N,NA,NA,NA,NA,NA,NA,NA,NA,NA,Y,3,0,1,1,C,-,18,NA,NA,N,E,I,A,A,H,-,A,A,0,NA,NA,Y,NA,Y,NA,-,-,0,1,0,0,0,0,0,0,1,-,-,NA,NA,ORANGE,DANA POINT,-117.68498426,33.47563666
8064475,2016,2016-06-21,3000,2016-05-20,1629,1916,891D6,5,5,4,3045,0,0,0,NA,0,746,RIDGE ROUTE DR,MILL CREEK DR,0,NA,Y,A,-,N,NA,NA,NA,NA,NA,NA,NA,NA,NA,Y,3,0,2,3,A,-,09,21801,A,N,A,C,A,A,H,-,A,D,0,NA,NA,NA,NA,Y,NA,A,01,0,1,1,0,0,0,0,0,0,-,-,NA,NA,ORANGE,LAGUNA HILLS,-117.73393004,33.6210501
8064497,2016,2016-06-21,3008,2016-05-29,0230,1490,Z2,7,5,6,3008,0,0,0,NA,0,NA,COMMONWEALTH AV,HARBOR BL,18,W,N,A,-,N,NA,NA,NA,NA,NA,NA,NA,NA,NA,Y,3,0,2,2,A,-,09,21801,A,N,D,C,A,A,H,-,C,A,0,NA,NA,NA,NA,Y,Y,A,01,0,2,0,0,0,0,0,0,0,-,-,NA,NA,ORANGE,FULLERTON,-117.92436915,33.87035912
8065703,2016,2016-06-20,3008,2016-06-05,0022,1440,NA,7,5,6,3008,0,0,0,NA,0,002,SOUTH HIGHLAND AV,ORANGETHORPE,0,N,N,A,-,N,NA,NA,NA,NA,NA,NA,NA,NA,NA,Y,3,0,1,1,A,-,01,23152,A,N,E,I,A,-,H,-,C,D,0,NA,NA,NA,NA,Y,Y,A,01,0,1,0,0,0,0,0,0,0,-,-,NA,NA,ORANGE,FULLERTON,-117.92867006,33.85945003
8065762,2016,2017-02-22,3012,2016-06-08,1756,640,26,3,5,5,3012,0,0,0,NA,0,002,E WHITTIER BL,STONEWOOD,70,E,N,A,-,Y,ORA,12,39,-,-,22.45,H,-,N,Y,4,0,1,2,A,-,03,22350,NA,N,C,C,A,A,H,-,A,D,0,NA,NA,NA,NA,Y,NA,A,07,0,0,1,0,0,0,0,0,0,-,-,NA,NA,ORANGE,LA HABRA,-117.93745825,33.93904394
8066375,2016,2016-06-22,3009,2016-06-18,2033,4436,84,6,5,6,3009,0,0,0,NA,0,1    2,GILBERT ST,LAMPSON AV,0,NA,Y,A,-,N,NA,NA,NA,NA,NA,NA,NA,NA,NA,Y,3,0,3,3,A,-,01,23153,A,N,D,C,A,A,H,-,B,A,0,NA,NA,NA,NA,Y,Y,-,NA,0,1,2,0,0,0,0,0,0,-,-,NA,NA,ORANGE,GARDEN GROVE,-117.96731007,33.78124002
8067938,2016,2016-06-23,3001,2016-06-14,1255,0963,NA,2,5,7,3001,0,0,0,NA,0,0D1,LINCOLN AV,BROOKHURST ST,74,E,N,A,-,N,NA,NA,NA,NA,NA,NA,NA,NA,NA,N,4,0,1,2,A,-,03,22350,NA,N,C,C,A,A,H,-,A,A,0,NA,NA,NA,NA,Y,NA,D,22,0,0,1,0,0,0,0,0,0,-,-,NA,NA,ORANGE,ANAHEIM,-117.95872689,33.83259
8067943,2016,2016-06-27,3001,2016-06-10,1752,A1397,D 2,5,5,7,3001,0,0,0,NA,0,NA,LINCOLN AV,DALE AV,211,E,N,A,-,N,NA,NA,NA,NA,NA,NA,NA,NA,NA,N,4,0,1,2,A,-,21,22106,NA,N,C,C,A,A,H,-,A,A,0,NA,NA,NA,NA,Y,NA,A,01,0,0,1,0,0,0,0,0,0,-,-,NA,NA,ORANGE,ANAHEIM,-117.98405679,33.83221
8067954,2016,2016-06-22,3008,2016-05-24,1454,1320,NA,2,5,6,3008,0,0,0,NA,0,002,ORANGETHORPE,HARBOR,0,NA,Y,B,-,N,NA,NA,NA,NA,NA,NA,NA,NA,NA,N,3,0,1,2,A,-,12,21453,A,N,G,B,B,A,H,-,A,A,0,Y,NA,NA,NA,Y,NA,A,01,0,1,0,0,1,0,0,0,0,-,-,NA,NA,ORANGE,FULLERTON,-117.92437009,33.85950007
8068943,2016,2016-06-28,3010,2016-06-12,1655,1096,262,7,5,6,3010,0,0,0,NA,0,007,GOTHARD,HEIL,199,S,N,A,-,N,NA,NA,NA,NA,NA,NA,NA,NA,NA,Y,4,0,1,4,A,-,01,23152,A,N,B,C,A,A,H,-,A,A,0,NA,NA,NA,NA,Y,Y,D,22,0,0,1,0,0,0,0,0,0,-,-,NA,NA,ORANGE,HUNTINGTON BEACH,-118.00014574,33.7223044
8068978,2016,2016-06-29,3010,2016-06-15,1711,1122,292,3,5,6,3010,0,0,0,NA,0,005,SLATER,METZLER,96,W,N,A,-,N,NA,NA,NA,NA,NA,NA,NA,NA,NA,Y,4,0,1,2,A,-,09,21804,A,N,D,C,A,A,H,-,A,D,0,NA,NA,NA,NA,Y,NA,D,22,0,0,1,0,0,0,0,0,0,-,-,NA,NA,ORANGE,HUNTINGTON BEACH,-117.99888494,33.70835
8069004,2016,2016-07-12,3010,2016-05-30,2214,1226,452,1,5,6,3010,0,0,0,NA,0,002,ATLANTA,1ST ST,0,NA,Y,A,-,N,NA,NA,NA,NA,NA,NA,NA,NA,NA,N,4,0,1,1,C,-,18,NA,NA,N,H,A,A,A,H,-,C,D,0,NA,Y,NA,NA,Y,Y,-,-,0,0,1,0,0,0,1,0,0,-,-,NA,NA,ORANGE,HUNTINGTON BEACH,-117.99720004,33.65783008
8069154,2016,2016-06-29,3003,2016-06-04,2128,1187,52,6,5,5,3003,0,0,0,NA,0,003,AUTO CENTER DR,ORANGETHORPE AV,6,E,N,A,-,N,NA,NA,NA,NA,NA,NA,NA,NA,NA,N,4,0,1,2,A,-,09,21453,B,F,D,G,A,A,H,-,C,A,0,NA,Y,NA,NA,Y,NA,A,01,0,0,1,0,0,0,1,0,0,-,-,33.85906,-117.98126,ORANGE,BUENA PARK,-117.98129,33.85909
8069158,2016,2017-02-22,3003,2016-06-14,1834,665,23,2,5,5,3003,0,0,0,NA,0,008,BEACH BL,RT 91,420,S,N,A,-,Y,ORA,12,39,-,-,14.36,H,-,N,Y,4,0,1,2,A,-,03,22350,NA,N,D,C,A,A,H,-,A,A,0,NA,NA,NA,NA,Y,NA,A,01,0,0,1,0,0,0,0,0,0,-,WF,33.856,-117.9978,ORANGE,BUENA PARK,-117.99792433,33.85578099
8069520,2016,2016-06-28,3026,2016-06-13,1407,4779,NA,1,5,6,3026,0,0,0,NA,0,NA,BRYAN AV,JEFFREY RD,12,W,N,A,-,N,NA,NA,NA,NA,NA,NA,NA,NA,NA,N,3,0,1,2,A,-,-,NA,NA,N,H,G,A,A,H,-,A,A,0,NA,Y,NA,NA,Y,NA,L,04,0,1,0,0,0,0,1,0,0,-,-,NA,NA,ORANGE,IRVINE,-117.75654992,33.70202137
8070441,2016,2016-06-29,3012,2016-06-11,1142,625,NA,6,5,5,3012,0,0,0,NA,0,003,WALNUT ST,OLIVE ST,0,NA,Y,B,C,N,NA,NA,NA,NA,NA,NA,NA,NA,NA,Y,4,0,1,2,A,-,09,21804,A,N,A,C,A,B,H,-,A,D,0,NA,NA,NA,NA,Y,NA,A,01,0,0,1,0,0,0,0,0,0,-,-,NA,NA,ORANGE,LA HABRA,-117.95050013,33.92695002
8073159,2016,2016-07-05,3001,2016-06-21,2018,0945,NA,2,5,7,3001,0,0,0,NA,0,0D1,MAGNOLIA AV,LINCOLN AV,284,N,N,A,-,N,NA,NA,NA,NA,NA,NA,NA,NA,NA,N,4,0,1,2,A,-,03,22350,NA,N,C,C,A,A,H,-,C,A,0,NA,NA,NA,NA,Y,NA,A,01,0,0,1,0,0,0,0,0,0,-,-,NA,NA,ORANGE,ANAHEIM,-117.97599,33.83227
8073273,2016,2016-07-13,3022,2016-06-22,1331,1109,SOUTH,3,5,5,3022,0,0,0,NA,0,003,RED HILL AV,WALNUT AV,66,N,N,A,-,N,NA,NA,NA,NA,NA,NA,NA,NA,NA,Y,4,0,1,2,A,-,03,22350,NA,N,C,C,A,A,H,-,A,A,0,NA,NA,NA,NA,Y,NA,A,01,0,0,1,0,0,0,0,0,0,-,-,33.72796,-117.82097,ORANGE,TUSTIN,-117.82081357,33.7281005
8073606,2016,2016-07-06,3019,2016-05-13,1349,3423,WE,5,5,7,3019,0,0,0,NA,0,001,FLOWER,10TH ST,150,S,N,A,-,N,NA,NA,NA,NA,NA,NA,NA,NA,NA,N,4,0,1,2,A,-,05,21650,NA,N,C,G,A,A,H,-,A,D,0,NA,Y,NA,NA,Y,NA,L,04,0,0,1,0,0,0,1,0,0,-,-,NA,NA,ORANGE,SANTA ANA,-117.87649,33.75322883
8073747,2016,2016-07-13,3019,2016-06-20,1256,2528,SC,1,5,7,3019,0,0,0,NA,0,004,BRISTOL ST,SUNFLOWER AV,0,NA,Y,A,-,N,NA,NA,NA,NA,NA,NA,NA,NA,NA,Y,4,0,1,2,A,-,09,21804,A,N,D,C,A,A,H,-,A,D,0,NA,NA,Y,NA,Y,NA,A,01,0,0,1,0,0,0,0,0,1,-,-,33.69419,-117.88555,ORANGE,SANTA ANA,-117.88555002,33.69429002
8074193,2016,2016-08-30,3016,2016-07-15,1447,1246,27,5,5,5,3016,0,0,0,NA,0,002,KRAEMER BL,CROWTHER AV,185,N,N,A,-,N,NA,NA,NA,NA,NA,NA,NA,NA,NA,N,3,0,1,1,C,-,18,NA,NA,N,H,A,A,A,H,-,A,A,0,NA,Y,NA,NA,Y,NA,-,-,0,1,0,0,0,0,1,0,0,-,-,33.86833,-117.86277,ORANGE,PLACENTIA,-117.86314,33.8689064
8074643,2016,2016-07-06,3000,2016-06-08,1035,1056,922C4,3,5,5,3028,0,0,0,NA,0,051,OSO PKWY,MARGUERITE PKWY,638,E,N,B,-,N,NA,NA,NA,NA,NA,NA,NA,NA,NA,Y,3,0,2,2,A,-,12,21453,A,N,D,C,A,A,H,-,A,A,0,NA,NA,NA,NA,Y,NA,A,01,0,2,0,0,0,0,0,0,0,-,-,33.58535,-117.65794,ORANGE,MISSION VIEJO,-117.65785117,33.58512589
8076763,2016,2016-07-11,3019,2016-06-20,0539,1561,SE,1,5,7,3019,0,0,0,NA,0,003,FLOWER ST,HIGHLAND ST,0,NA,Y,A,-,N,NA,NA,NA,NA,NA,NA,NA,NA,NA,Y,4,0,1,2,A,-,12,21453,A,N,D,C,A,A,H,-,B,A,0,NA,NA,NA,NA,Y,NA,-,-,0,0,1,0,0,0,0,0,0,-,-,33.73719,-117.87637,ORANGE,SANTA ANA,-117.87645005,33.73723006
8076939,2016,2016-07-21,3019,2016-06-20,1045,1561,NE,1,5,7,3019,0,0,0,NA,0,002,MAIN ST,MAINPLACE DR,0,NA,Y,A,-,N,NA,NA,NA,NA,NA,NA,NA,NA,NA,N,4,0,1,2,A,-,12,21453,A,N,D,C,A,A,H,-,A,A,0,NA,NA,NA,NA,Y,NA,A,07,0,0,1,0,0,0,0,0,0,-,-,33.77639,-117.86711,ORANGE,SANTA ANA,-117.86744008,33.77658008
8077050,2016,2016-07-13,3026,2016-07-01,1015,8929,NA,5,5,6,3026,0,0,0,NA,0,00U,SAN REMO,SAN LEON,477,E,N,A,-,N,NA,NA,NA,NA,NA,NA,NA,NA,NA,Y,4,0,1,1,A,-,03,22350,NA,N,E,I,A,A,H,-,A,D,0,NA,NA,NA,NA,Y,NA,A,01,0,0,1,0,0,0,0,0,0,-,-,NA,NA,ORANGE,IRVINE,-117.81858218,33.68507
8080392,2016,2017-02-11,3019,2016-06-28,1342,2528,NE,2,5,7,3019,0,0,0,NA,0,002,1ST ST,CABRILLO PARK DR,75,E,N,A,-,N,NA,NA,NA,NA,NA,NA,NA,NA,NA,N,4,0,1,3,A,-,03,22350,NA,M,C,C,A,A,H,-,A,D,0,NA,NA,NA,NA,Y,NA,A,01,0,0,1,0,0,0,0,0,0,-,-,33.74548,-117.84089,ORANGE,SANTA ANA,-117.84047388,33.7457
8081018,2016,2016-08-02,3004,2016-07-16,0036,P623,19,6,5,6,3004,0,0,0,NA,0,003,HARBOR BL,GISLER AV,0,NA,Y,A,-,N,NA,NA,NA,NA,NA,NA,NA,NA,NA,Y,2,0,2,2,A,-,01,23152,A,N,D,C,A,A,H,-,C,A,0,NA,NA,NA,NA,Y,Y,A,01,1,1,0,0,0,0,0,0,0,-,-,33.68701,-117.91929,ORANGE,COSTA MESA,-117.91946003,33.68698006
8081050,2016,2016-08-05,3004,2016-07-10,2111,P550,09,7,5,6,3004,0,0,0,NA,0,012,VICTORIA ST,CHARLE DR,9,E,N,A,-,N,NA,NA,NA,NA,NA,NA,NA,NA,NA,Y,4,0,1,2,A,-,01,23152,A,N,C,C,A,A,H,-,C,D,0,NA,NA,NA,NA,Y,Y,A,01,0,0,1,0,0,0,0,0,0,-,-,33.65251,-117.9203,ORANGE,COSTA MESA,-117.9203305,33.65253
8081333,2016,2016-08-30,3008,2016-07-28,1344,1378,NA,4,5,6,3008,0,0,0,NA,0,002,W WILSHIRE AV,ROOSEVELT AV,0,NA,N,A,-,N,NA,NA,NA,NA,NA,NA,NA,NA,NA,Y,4,0,1,3,A,-,00,23153,F,F,D,E,E,A,H,-,A,A,0,Y,NA,NA,NA,Y,Y,A,01,0,0,1,0,1,0,0,0,0,-,-,NA,NA,ORANGE,FULLERTON,-117.94086002,33.87219005
8081399,2016,2016-08-16,3007,2016-07-27,1850,244,27,3,5,5,3007,0,0,0,NA,0,002,EUCLID,BELLFLOWER,18,N,N,A,-,N,NA,NA,NA,NA,NA,NA,NA,NA,NA,Y,4,0,1,2,A,-,09,21801,A,N,D,C,A,A,H,-,A,D,0,NA,NA,NA,NA,Y,NA,A,01,0,0,1,0,0,0,0,0,0,-,-,NA,NA,ORANGE,FOUNTAIN VALLEY,-117.93733,33.72896935
8082825,2016,2016-07-15,3015,2016-06-08,2021,1440,35E,3,5,6,3015,0,0,0,NA,0,441,W COLLINS AV,N BATAVIA ST,0,NA,Y,A,-,N,NA,NA,NA,NA,NA,NA,NA,NA,NA,Y,4,0,1,2,A,-,01,23152,E,N,D,C,A,A,H,-,C,A,0,NA,NA,NA,NA,Y,NA,A,01,0,0,1,0,0,0,0,0,0,-,-,NA,NA,ORANGE,ORANGE,-117.86179011,33.80241006
8083441,2016,2016-07-19,3008,2016-06-21,0720,1296,NA,2,5,6,3008,0,0,0,NA,0,0Z3,ORANGETHORPE AV,EADINGTON AV,138,E,N,A,-,N,NA,NA,NA,NA,NA,NA,NA,NA,NA,N,4,0,1,2,A,-,09,21804,B,N,D,G,A,A,H,-,A,D,0,NA,Y,NA,NA,Y,NA,A,01,0,0,1,0,0,0,1,0,0,-,-,NA,NA,ORANGE,FULLERTON,-117.95277659,33.85925782
8083478,2016,2016-07-19,3012,2016-07-02,1840,640,21,6,5,5,3012,0,0,0,NA,0,002,WHITTIER,CYPRESS,129,W,N,A,-,N,NA,NA,NA,NA,NA,NA,NA,NA,NA,Y,4,0,1,1,A,-,08,22107,NA,N,E,I,A,A,H,-,A,A,0,NA,NA,NA,NA,Y,NA,A,01,0,0,1,0,0,0,0,0,0,-,-,NA,NA,ORANGE,LA HABRA,-117.94227432,33.93912