CASE_ID,ACCIDENT_YEAR,PROC_DATE,JURIS,COLLISION_DATE,COLLISION_TIME,OFFICER_ID,REPORTING_DISTRICT,DAY_OF_WEEK,CHP_SHIFT,POPULATION,CNTY_CITY_LOC,SPECIAL_COND,BEAT_TYPE,CHP_BEAT_TYPE,CITY_DIVISION_LAPD,CHP_BEAT_CLASS,BEAT_NUMBER,PRIMARY_RD,SECONDARY_RD,DISTANCE,DIRECTION,INTERSECTION,WEATHER_1,WEATHER_2,STATE_HWY_IND,CALTRANS_COUNTY,CALTRANS_DISTRICT,STATE_ROUTE,ROUTE_SUFFIX,POSTMILE_PREFIX,POSTMILE,LOCATION_TYPE,RAMP_INTERSECTION,SIDE_OF_HWY,TOW_AWAY,COLLISION_SEVERITY,NUMBER_KILLED,NUMBER_INJURED,PARTY_COUNT,PRIMARY_COLL_FACTOR,PCF_CODE_OF_VIOL,PCF_VIOL_CATEGORY,PCF_VIOLATION,PCF_VIOL_SUBSECTION,HIT_AND_RUN,TYPE_OF_COLLISION,MVIW,PED_ACTION,ROAD_SURFACE,ROAD_COND_1,ROAD_COND_2,LIGHTING,CONTROL_DEVICE,CHP_ROAD_TYPE,PEDESTRIAN_ACCIDENT,BICYCLE_ACCIDENT,MOTORCYCLE_ACCIDENT,TRUCK_ACCIDENT,NOT_PRIVATE_PROPERTY,ALCOHOL_INVOLVED,STWD_VEHTYPE_AT_FAULT,CHP_VEHTYPE_AT_FAULT,COUNT_SEVERE_INJ,COUNT_VISIBLE_INJ,COUNT_COMPLAINT_PAIN,COUNT_PED_KILLED,COUNT_PED_INJURED,COUNT_BICYCLIST_KILLED,COUNT_BICYCLIST_INJURED,COUNT_MC_KILLED,COUNT_MC_INJURED,PRIMARY_RAMP,SECONDARY_RAMP,LATITUDE,LONGITUDE,COUNTY,CITY,POINT_X,POINT_Y
8083576,2016,2016-07-19,3008,2016-06-27,2246,1484,NA,1,5,6,3008,0,0,0,NA,0,001,EUCLID ST,FERN DR,535,S,N,A,-,N,NA,NA,NA,NA,NA,NA,NA,NA,NA,Y,4,0,2,2,A,-,08,22107,NA,N,D,C,A,A,H,-,D,D,0,NA,NA,NA,NA,Y,NA,A,01,0,0,2,0,0,0,0,0,0,-,-,NA,NA,ORANGE,FULLERTON,-117.94206,33.87777324
8084036,2016,2016-07-21,3010,2016-07-06,2137,1085,467,3,5,6,3010,0,0,0,NA,0,002,BROOKHURST,HAMILTON,0,NA,Y,A,-,N,NA,NA,NA,NA,NA,NA,NA,NA,NA,Y,4,0,1,2,A,-,12,21453,A,N,D,C,A,A,H,-,C,A,0,NA,NA,NA,NA,Y,NA,D,22,0,0,1,0,0,0,0,0,0,-,-,NA,NA,ORANGE,HUNTINGTON BEACH,-117.95369002,33.65059007
8084215,2016,2016-07-20,3019,2016-07-06,1740,2771,SC,3,5,7,3019,0,0,0,NA,0,004,BRISTOL ST,WARNER AV,665,S,N,A,-,N,NA,NA,NA,NA,NA,NA,NA,NA,NA,N,4,0,1,2,A,-,01,23152,A,M,C,C,A,A,H,-,A,D,0,NA,NA,NA,NA,Y,Y,A,08,0,0,1,0,0,0,0,0,0,-,-,33.71619,-117.88499,ORANGE,SANTA ANA,-117.88536,33.71439702
8084234,2016,2017-02-22,3010,2016-07-01,1039,1225,173,5,5,6,3010,0,0,0,NA,0,008,WARNER,RT 1,0,NA,Y,B,-,Y,ORA,12,1,-,-,29.89,I,5,N,Y,3,0,2,2,A,-,12,21453,A,N,D,C,A,A,H,-,A,A,0,NA,NA,NA,NA,Y,NA,A,01,0,2,0,0,0,0,0,0,0,-,-,NA,NA,ORANGE,HUNTINGTON BEACH,-118.06299389,33.71163318
8085087,2016,2016-07-22,3014,2016-06-19,2115,1410,RD44,7,5,5,3014,0,0,0,NA,0,0A4,IRIS AV,SEAVIEW AV,225,N,N,A,-,N,NA,NA,NA,NA,NA,NA,NA,NA,NA,Y,3,0,1,2,A,-,01,23152,A,M,B,E,A,A,H,-,D,D,0,NA,NA,NA,NA,Y,Y,A,01,0,1,0,0,0,0,0,0,0,-,-,33.5969,-117.874,ORANGE,NEWPORT BEACH,-117.87416975,33.59690794
8085906,2016,2017-02-22,3015,2016-07-06,1004,1531,RD21W,3,5,6,3015,0,0,0,NA,0,732,W METROPOLITAN DR,RT 22,0,NA,Y,A,-,Y,ORA,12,22,-,R,9.742,R,4,W,Y,4,0,2,2,A,-,09,21453,C,N,D,C,A,A,H,-,A,A,0,NA,NA,NA,NA,Y,NA,A,01,0,0,2,0,0,0,0,0,0,-,WF,NA,NA,ORANGE,ORANGE,-117.88910745,33.77909239
8087773,2016,2016-07-25,3019,2016-07-08,1611,3437,SC,5,5,7,3019,0,0,0,NA,0,NA,FLOWER ST,CAMILE ST,200,S,N,A,-,N,NA,NA,NA,NA,NA,NA,NA,NA,NA,N,4,0,1,2,A,-,03,22350,NA,M,C,C,A,A,H,-,A,D,0,NA,NA,NA,NA,Y,NA,A,01,0,0,1,0,0,0,0,0,0,-,-,NA,NA,ORANGE,SANTA ANA,-117.87643,33.74035171
8087793,2016,2016-07-25,3019,2016-07-12,1719,2776,SE,2,5,7,3019,0,0,0,NA,0,003,BISHOP ST,MAPLE ST,0,NA,Y,A,-,N,NA,NA,NA,NA,NA,NA,NA,NA,NA,Y,3,0,1,2,A,-,09,21802,A,N,D,C,A,A,H,-,A,A,0,NA,NA,NA,NA,Y,NA,A,01,0,1,0,0,0,0,0,0,0,-,-,33.73929,-117.86334,ORANGE,SANTA ANA,-117.86346001,33.73945009
8087997,2016,2016-07-26,3019,2016-05-08,1834,3147,SOUTH,7,5,7,3019,0,0,0,NA,0,003,TOWNER ST,MACARTHUR BL,0,NA,Y,A,-,N,NA,NA,NA,NA,NA,NA,NA,NA,NA,N,3,0,1,2,A,-,05,21650,1,N,D,G,A,A,H,-,A,A,0,NA,Y,NA,NA,Y,NA,L,04,0,1,0,0,0,0,1,0,0,-,-,NA,NA,ORANGE,SANTA ANA,-117.87996004,33.70006003
8088372,2016,2016-08-15,3019,2016-05-13,2153,3361,NE,5,5,7,3019,0,0,0,NA,0,002,SANTA ANA BL,SPURGEON ST,0,NA,Y,A,-,N,NA,NA,NA,NA,NA,NA,NA,NA,NA,Y,4,0,1,2,A,-,-,NA,NA,N,D,C,A,A,H,-,C,A,0,NA,NA,NA,NA,Y,NA,A,01,0,0,1,0,0,0,0,0,0,-,-,33.74993,-117.86574,ORANGE,SANTA ANA,-117.86557002,33.7497301
8089611,2016,2016-09-29,3000,2016-09-08,1655,1916,891D6,4,5,4,3045,0,0,0,NA,0,746,RIDGE ROUTE DR,MOULTON PKWY,93,W,N,A,-,N,NA,NA,NA,NA,NA,NA,NA,NA,NA,N,4,0,2,3,A,-,03,22350,NA,N,C,C,A,A,H,-,A,A,0,NA,NA,NA,NA,Y,NA,A,01,0,0,2,0,0,0,0,0,0,-,-,NA,NA,ORANGE,LAGUNA HILLS,-117.7317247,33.62104161
8089678,2016,2016-09-30,3001,2016-09-10,2038,415,NA,6,5,7,3001,0,0,0,NA,0,0D1,BROOKHURST ST,SEQUOIA AV,45,N,N,A,-,N,NA,NA,NA,NA,NA,NA,NA,NA,NA,N,4,0,2,2,A,-,01,23152,A,N,C,C,A,A,H,-,C,A,0,NA,NA,NA,NA,Y,Y,D,22,0,0,2,0,0,0,0,0,0,-,-,NA,NA,ORANGE,ANAHEIM,-117.95904624,33.84275177
8090508,2016,2017-03-03,3000,2016-07-04,1205,9073,921H6,1,5,4,3045,0,0,0,NA,0,1A44,MOULTON PKWY,RT 73,0,NA,Y,A,-,Y,ORA,12,73,-,-,13.38,R,4,N,N,4,0,1,2,A,-,03,22350,NA,N,C,C,A,A,H,-,A,A,0,NA,NA,NA,NA,Y,NA,A,01,0,0,1,0,0,0,0,0,0,-,NO,33.56928,-117.69999,ORANGE,LAGUNA HILLS,-117.70581206,33.57359483
8090633,2016,2016-08-03,3001,2016-07-15,1240,1278,NA,5,5,7,3001,0,0,0,NA,0,0D4,EAST LA PALMA AV,KRAEMER BL,157,W,N,A,-,N,NA,NA,NA,NA,NA,NA,NA,NA,NA,Y,4,0,1,2,A,-,03,22350,NA,N,C,C,A,A,H,-,A,A,0,NA,NA,NA,Y,Y,NA,D,22,0,0,1,0,0,0,0,0,0,-,-,NA,NA,ORANGE,ANAHEIM,-117.85780098,33.85101797
8091768,2016,2016-08-16,3002,2016-07-07,1515,1562,427X,4,5,4,3002,0,0,0,NA,0,012,LAMBERT RD,CLIFFWOOD AV,60,E,N,A,-,N,NA,NA,NA,NA,NA,NA,NA,NA,NA,N,4,0,1,2,A,-,03,22350,NA,N,C,C,A,A,H,-,A,A,0,NA,NA,NA,NA,Y,NA,A,07,0,0,1,0,0,0,0,0,0,-,-,NA,NA,ORANGE,BREA,-117.889538,33.925014
8092670,2016,2016-09-27,3000,2016-06-23,1457,8926,972B7,4,5,4,3029,0,0,0,NA,0,737,COAST HWY,BEACH RD,176,S,N,A,-,N,NA,NA,NA,NA,NA,NA,NA,NA,NA,Y,4,0,1,2,A,-,01,23152,A,N,C,C,A,A,H,-,A,A,0,NA,NA,Y,NA,Y,Y,C,02,0,0,1,0,0,0,0,0,1,-,-,NA,NA,ORANGE,DANA POINT,-117.680228,33.463072
8092723,2016,2016-07-27,3022,2016-07-06,2126,1247,SOUTH,3,5,5,3022,0,0,0,NA,0,002,NEWPORT AV,MITCHELL AV,0,NA,Y,A,-,N,NA,NA,NA,NA,NA,NA,NA,NA,NA,N,4,0,2,2,A,-,12,21453,A,N,D,C,A,A,D,E,C,A,0,NA,NA,NA,NA,Y,NA,A,01,0,0,2,0,0,0,0,0,0,-,-,33.7354,-117.825,ORANGE,TUSTIN,-117.82495005,33.73542006
8092942,2016,2017-02-22,3010,2016-07-11,0851,1145,262,1,5,6,3010,0,0,0,NA,0,007,RT 39,HEIL,0,NA,Y,A,-,Y,ORA,12,39,-,-,5.141,I,5,N,Y,3,0,2,3,A,-,12,21453,A,N,D,C,A,A,H,-,A,A,0,NA,NA,NA,NA,Y,NA,A,01,0,1,1,0,0,0,0,0,0,-,-,NA,NA,ORANGE,HUNTINGTON BEACH,-117.98911571,33.72302412
8093512,2016,2016-08-05,3007,2016-07-07,1747,271,15,4,5,5,3007,0,0,0,NA,0,001,BROOKHURST,EDINGER,0,NA,Y,A,-,N,NA,NA,NA,NA,NA,NA,NA,NA,NA,Y,4,0,1,2,A,-,12,21453,A,N,D,C,A,A,H,-,A,A,0,NA,NA,NA,NA,Y,NA,D,22,0,0,1,0,0,0,0,0,0,-,-,NA,NA,ORANGE,FOUNTAIN VALLEY,-117.95474002,33.73041009
8093538,2016,2016-08-01,3007,2016-07-12,1020,250,65,2,5,5,3007,0,0,0,NA,0,003,BROOKHURST,TALBERT,0,NA,Y,A,-,N,NA,NA,NA,NA,NA,NA,NA,NA,NA,N,4,0,1,2,A,-,03,22350,NA,N,C,C,A,A,D,-,A,A,0,NA,NA,NA,NA,Y,NA,A,01,0,0,1,0,0,0,0,0,0,-,-,NA,NA,ORANGE,FOUNTAIN VALLEY,-117.95443007,33.70170002
8093953,2016,2016-07-26,3015,2016-06-24,1746,1530,32E,5,5,6,3015,0,0,0,NA,0,313,N GLASSELL ST,W WALNUT AV,0,NA,Y,A,-,N,NA,NA,NA,NA,NA,NA,NA,NA,NA,Y,3,0,1,3,A,-,17,21451,A,N,A,C,A,A,H,-,A,A,0,NA,NA,NA,NA,Y,NA,A,01,0,1,0,0,0,0,0,0,0,-,-,NA,NA,ORANGE,ORANGE,-117.85310003,33.79507008
8093964,2016,2016-07-26,3000,2016-07-19,1140,9684,891F7,2,5,4,3045,0,0,0,NA,0,903,EL TORO RD,REGIONAL CENTER DR,157,W,N,A,-,N,NA,NA,NA,NA,NA,NA,NA,NA,NA,Y,4,0,1,1,A,-,08,22107,NA,N,E,I,A,A,H,-,A,A,0,NA,NA,NA,NA,Y,NA,A,01,0,0,1,0,0,0,0,0,0,-,-,NA,NA,ORANGE,LAGUNA HILLS,-117.71092,33.612806
8094009,2016,2016-07-26,3000,2016-06-06,1040,8799,922B4,1,5,5,3028,0,0,0,NA,0,152,OSO PKWY,MONTANOSO DR,1113,W,N,A,-,N,NA,NA,NA,NA,NA,NA,NA,NA,NA,Y,3,0,3,3,A,-,07,21658,A,N,B,C,A,A,H,-,A,A,0,NA,NA,NA,NA,Y,NA,A,01,0,2,1,0,0,0,0,0,0,-,-,NA,NA,ORANGE,MISSION VIEJO,-117.66864503,33.58029777
8094163,2016,2016-08-01,3022,2016-06-25,1619,1289,SOUTH,6,5,5,3022,0,0,0,NA,0,NA,MYFORD RD,WALNUT AV,0,NA,Y,A,-,N,NA,NA,NA,NA,NA,NA,NA,NA,NA,Y,4,0,1,3,A,-,12,21453,A,N,D,C,A,A,H,-,A,A,0,NA,NA,NA,NA,Y,NA,A,07,0,0,1,0,0,0,0,0,0,-,-,33.71309,-117.80354,ORANGE,TUSTIN,-117.80359008,33.71299008
8094477,2016,2016-08-02,3004,2016-07-23,1634,P573,07,6,5,6,3004,0,0,0,NA,0,015,SANTA ANA AV,WALNUT ST,0,NA,Y,A,-,N,NA,NA,NA,NA,NA,NA,NA,NA,NA,Y,4,0,2,2,A,-,09,21802,A,N,D,C,A,A,H,-,A,A,0,NA,NA,NA,NA,Y,NA,A,01,0,0,2,0,0,0,0,0,0,-,-,33.64004,-117.90839,ORANGE,COSTA MESA,-117.90845003,33.64004005
8095912,2016,2017-02-22,3003,2016-07-26,0034,752,NA,2,5,5,3003,0,0,0,NA,0,NA,BEACH BL,RT 5,0,NA,Y,A,-,Y,ORA,12,39,-,-,15.056,I,5,N,Y,4,0,1,3,A,-,12,21453,A,N,D,C,A,A,H,-,C,A,0,NA,NA,NA,NA,Y,NA,A,01,0,0,1,0,0,0,0,0,0,-,SO,NA,NA,ORANGE,BUENA PARK,-117.99807558,33.86599282
8095913,2016,2016-08-04,3003,2016-07-01,0721,1124,78,5,5,5,3003,0,0,0,NA,0,003,DALE ST,BOISSERANC PARK ACCESS RD,0,NA,Y,A,-,N,NA,NA,NA,NA,NA,NA,NA,NA,NA,N,4,0,1,2,A,-,09,21800,B,N,D,G,A,A,H,-,A,D,0,NA,Y,NA,NA,Y,NA,L,04,0,0,1,0,0,0,1,0,0,-,-,33.8523,-117.9848,ORANGE,BUENA PARK,-117.984924,33.852297
8096430,2016,2016-08-16,3001,2016-08-02,1636,1880,D2,2,5,7,3001,0,0,0,NA,0,NA,WEST LA PALMA AV,DRESDEN ST,66,E,N,A,-,N,NA,NA,NA,NA,NA,NA,NA,NA,NA,Y,4,0,1,3,A,-,12,22450,NA,N,C,C,A,A,H,-,A,A,0,NA,NA,NA,NA,Y,NA,A,08,0,0,1,0,0,0,0,0,0,-,-,NA,NA,ORANGE,ANAHEIM,-117.93962316,33.84710226
8097304,2016,2016-08-12,3003,2016-06-18,1507,665,23,6,5,5,3003,0,0,0,NA,0,008,HOLDER ST,LINCOLN AV,0,NA,Y,A,-,N,NA,NA,NA,NA,NA,NA,NA,NA,NA,Y,4,0,5,3,A,-,12,21453,A,N,A,C,A,A,H,-,A,A,0,NA,NA,NA,NA,Y,NA,A,01,0,0,5,0,0,0,0,0,0,-,-,33.4955,-118.0109,ORANGE,BUENA PARK,-118.01969011,33.83189002
8097803,2016,2016-08-17,3013,2016-07-20,0614,194,NA,3,5,3,3013,0,0,0,NA,0,00N,LOS ALAMITOS BL,FLORISTA ST,0,NA,Y,A,-,N,NA,NA,NA,NA,NA,NA,NA,NA,NA,N,4,0,2,2,A,-,12,21453,A,N,D,C,A,A,H,-,A,A,0,NA,NA,NA,NA,Y,NA,A,01,0,0,2,0,0,0,0,0,0,-,-,NA,NA,ORANGE,LOS ALAMITOS,-118.07187003,33.80496
8097822,2016,2016-08-17,3004,2016-07-22,2247,P634,13,5,5,6,3004,0,0,0,NA,0,015,FAIR DR,FORDHAM AV,925,E,N,A,-,N,NA,NA,NA,NA,NA,NA,NA,NA,NA,N,4,0,1,1,A,-,01,23152,A,N,E,I,A,A,H,-,C,D,0,NA,NA,NA,NA,Y,Y,A,07,0,0,1,0,0,0,0,0,0,-,-,33.6632,-117.9133,ORANGE,COSTA MESA,-117.91195829,33.66327985
8098083,2016,2016-08-17,3001,2016-08-07,0059,415,NA,7,5,7,3001,0,0,0,NA,0,0D3,S DISNEYLAND DR,W MAGIC WY,72,N,N,A,-,N,NA,NA,NA,NA,NA,NA,NA,NA,NA,Y,3,0,1,1,A,-,08,22107,NA,N,E,I,A,A,H,-,C,A,0,NA,NA,NA,NA,Y,NA,A,01,0,1,0,0,0,0,0,0,0,-,-,NA,NA,ORANGE,ANAHEIM,-117.92439,33.81287739
8098929,2016,2016-10-13,3010,2016-07-27,1802,1016,271,3,5,6,3010,0,0,0,NA,0,006,GOTHARD,WARNER,0,NA,Y,A,-,N,NA,NA,NA,NA,NA,NA,NA,NA,NA,Y,4,0,1,2,D,-,00,NA,NA,N,A,C,A,A,H,-,A,A,0,NA,NA,NA,NA,Y,NA,-,-,0,0,1,0,0,0,0,0,0,-,-,NA,NA,ORANGE,HUNTINGTON BEACH,-118.00008003,33.71564007
8099335,2016,2016-08-09,3026,2016-07-15,1221,4991,NA,5,5,6,3026,0,0,0,NA,0,00C,ALTON,WEST YALE LOOP,68,W,N,A,-,N,NA,NA,NA,NA,NA,NA,NA,NA,NA,N,4,0,1,2,A,-,07,21658,A,N,B,C,A,A,H,-,A,A,0,NA,NA,NA,NA,Y,NA,A,07,0,0,1,0,0,0,0,0,0,-,-,NA,NA,ORANGE,IRVINE,-117.80964779,33.67920958
8099417,2016,2016-08-09,3026,2016-07-10,1235,358,NA,7,5,6,3026,0,0,0,NA,0,00P,JEFFREY RD,GROVE,0,NA,N,A,-,N,NA,NA,NA,NA,NA,NA,NA,NA,NA,N,4,0,2,2,A,-,03,22350,NA,N,C,C,A,A,H,-,A,A,0,NA,NA,NA,NA,Y,NA,A,07,0,0,2,0,0,0,0,0,0,-,-,NA,NA,ORANGE,IRVINE,-117.763533,33.694921
8100074,2016,2016-08-11,3004,2016-07-31,2048,P630,02,7,5,6,3004,0,0,0,NA,0,001,NEWPORT BL,EAST 17TH ST,30,S,N,A,-,N,NA,NA,55,NA,NA,NA,NA,NA,NA,N,4,0,3,2,A,-,03,22350,NA,N,C,C,A,A,H,-,C,A,0,NA,NA,NA,NA,Y,NA,A,01,0,0,3,0,0,0,0,0,0,-,-,33.6361,-117.9218,ORANGE,COSTA MESA,-117.92211871,33.63617184
8100374,2016,2016-08-12,3000,2016-05-18,1504,9696,95A2,3,5,5,3040,0,0,0,NA,0,741,AVENIDA DEL CABALLO,CAMPEON,149,N,N,A,-,N,NA,NA,NA,NA,NA,NA,NA,NA,NA,N,4,0,1,2,A,-,08,22107,NA,N,B,C,A,A,H,-,A,D,0,NA,NA,NA,NA,Y,NA,A,01,0,0,1,0,0,0,0,0,0,-,-,NA,NA,ORANGE,LAGUNA NIGUEL,-117.67599566,33.54678688
8100925,2016,2017-03-03,3007,2016-07-27,0721,1126,66,3,5,5,3007,0,0,0,NA,0,NA,ELLIS AV,RT 405,0,NA,Y,A,-,Y,ORA,12,405,-,-,12.554,R,4,S,Y,3,0,2,3,A,-,12,21453,A,N,A,C,A,A,H,-,A,A,0,NA,NA,NA,NA,Y,NA,-,-,0,2,0,0,0,0,0,0,0,-,SF,NA,NA,ORANGE,FOUNTAIN VALLEY,-117.93630555,33.69601198
8101072,2016,2016-08-16,3020,2016-07-16,0400,313,3,6,5,4,3020,0,0,0,NA,0,NORTH,CANDLEBERRY AV,FUCHSIA ST,752,E,N,A,-,N,NA,NA,NA,NA,NA,NA,NA,NA,NA,Y,4,0,1,2,A,-,01,23152,A,N,C,E,A,A,H,-,C,D,0,NA,NA,NA,NA,Y,Y,A,NA,0,0,1,0,0,0,0,0,0,-,-,NA,NA,ORANGE,SEAL BEACH,-118.05197087,33.77656943
8102099,2016,2016-08-08,3000,2016-07-09,1145,3358,972B4,6,5,4,3018,0,0,0,NA,0,731,CAMINO CAPISTRANO,AVENIDA AEROPUERTO,55,N,N,A,-,N,NA,NA,NA,NA,NA,NA,NA,NA,NA,N,3,0,1,1,A,-,04,21703,NA,N,F,A,A,A,H,-,A,A,0,NA,NA,Y,NA,Y,NA,C,03,0,1,0,0,0,0,0,0,1,-,-,NA,NA,ORANGE,SAN JUAN CAPISTRANO,-117.67068505,33.48126244
8102863,2016,2016-08-19,3022,2016-07-29,1351,1109,NORTH,5,5,5,3022,0,0,0,NA,0,004,IRVINE BL,BROWNING AV,0,NA,Y,A,-,N,NA,NA,NA,NA,NA,NA,NA,NA,NA,Y,4,0,2,2,A,-,12,21453,A,N,D,C,A,A,H,-,A,A,0,NA,NA,NA,NA,Y,NA,-,-,0,0,2,0,0,0,0,0,0,-,-,33.73998,-117.79774,ORANGE,TUSTIN,-117.79760006,33.74005009
8102878,2016,2016-08-23,3003,2016-08-06,2157,1180,2,6,5,5,3003,0,0,0,NA,0,002,WESTERN AV,ORANGETHORPE AV,0,NA,Y,A,-,N,NA,NA,NA,NA,NA,NA,NA,NA,NA,Y,4,0,1,2,A,-,09,21453,NA,N,D,C,A,A,H,-,C,A,0,NA,NA,NA,NA,Y,NA,A,01,0,0,1,0,0,0,0,0,0,-,-,NA,NA,ORANGE,BUENA PARK,-118.00248002,33.85896012
8103015,2016,2016-08-19,3001,2016-08-11,2143,415,NA,4,5,7,3001,0,0,0,NA,0,0D3,MANCHESTER AV,KATELLA AV,8,S,N,A,-,N,NA,NA,NA,NA,NA,NA,NA,NA,NA,N,4,0,1,2,A,-,08,22100,A,N,B,C,A,A,H,-,C,A,0,NA,NA,NA,NA,Y,NA,A,01,0,0,1,0,0,0,0,0,0,-,-,NA,NA,ORANGE,ANAHEIM,-117.90419,33.80323807
8104608,2016,2016-08-23,3004,2016-07-19,1607,P459,02,2,5,6,3004,0,0,0,NA,0,NA,WEST 19TH ST,PARK AV,0,NA,Y,A,-,N,NA,NA,NA,NA,NA,NA,NA,NA,NA,Y,4,0,2,2,A,-,12,21453,A,N,D,C,A,A,H,-,A,A,0,NA,NA,NA,NA,Y,NA,-,-,0,0,2,0,0,0,0,0,0,-,-,33.3836,-117.5511,ORANGE,COSTA MESA,-117.92115002,33.64343009
8105410,2016,2016-08-26,3007,2016-08-06,2146,300,63,6,5,5,3007,0,0,0,NA,0,001,ELLIS,MAGNOLIA,0,NA,Y,A,-,N,NA,NA,NA,NA,NA,NA,NA,NA,NA,Y,4,0,1,2,D,-,00,NA,NA,N,D,D,A,A,H,-,C,A,0,NA,NA,NA,NA,Y,NA,-,-,0,0,1,0,0,0,0,0,0,-,-,NA,NA,ORANGE,FOUNTAIN VALLEY,-117.97162005,33.69402011
8106012,2016,2016-08-29,3019,2016-08-05,1322,2460,SC,5,5,7,3019,0,0,0,NA,0,002,GREENVILLE ST,WARNER AV,0,NA,Y,A,-,N,NA,NA,NA,NA,NA,NA,NA,NA,NA,Y,4,0,4,3,A,-,09,21801,A,N,A,C,A,A,H,-,A,A,0,NA,NA,NA,NA,Y,NA,A,01,0,0,4,0,0,0,0,0,0,-,-,33.71527,-117.90436,ORANGE,SANTA ANA,-117.90414002,33.71526
8106129,2016,2016-08-30,3014,2016-08-06,2110,1443,RD17,6,5,5,3014,0,0,0,NA,0,0A2,PROSPECT ST,NEWPORT SHORES DR,0,NA,Y,A,-,N,NA,NA,NA,NA,NA,NA,NA,NA,NA,N,3,0,1,2,A,-,10,21950,A,N,G,B,B,A,H,-,D,A,0,Y,NA,NA,NA,Y,NA,A,01,0,1,0,0,1,0,0,0,0,-,-,33.6271,-117.9491,ORANGE,NEWPORT BEACH,-117.94916012,33.6271401
81062810,2019,2019-08-29,3014,2019-08-24,1905,1508,RD15,6,5,5,3014,0,0,0,NA,0,A1,MCFADDEN PL,E BALBOA BLVD,50,E,N,A,-,N,NA,NA,NA,NA,NA,NA,NA,NA,NA,Y,4,0,1,9,A,-,01,23152,A,N,B,E,A,A,H,-,B,D,0,NA,NA,NA,NA,Y,Y,A,01,0,0,1,0,0,0,0,0,0,-,-,33.6083984375,-117.9281997680664,ORANGE,NEWPORT BEACH,-117.92858123779295,33.6082649230957
81069408,2019,2019-09-06,3014,2019-08-31,2205,1453,RD36,6,5,5,3014,0,0,0,NA,0,A3,JAMBOREE RD,BRISTOL ST N,0,NA,Y,A,-,N,NA,NA,NA,NA,NA,NA,NA,NA,NA,Y,3,0,3,2,A,-,12,21453,A,N,D,C,A,A,H,-,C,A,0,NA,NA,NA,NA,Y,NA,-,-,0,1,2,0,0,0,0,0,0,-,-,33.655799865722656,-117.864501953125,ORANGE,NEWPORT BEACH,-117.8644790649414,33.655818939208984
8107610,2016,2016-08-22,3000,2016-06-30,1505,10077,862B4,4,5,5,3050,0,0,0,NA,0,7A65,PORTOLA PKWY,ALTON PKWY,643,S,N,A,-,N,NA,NA,NA,NA,NA,NA,NA,NA,NA,N,3,0,1,2,A,-,-,NA,NA,N,D,G,A,A,H,-,A,A,0,NA,Y,NA,NA,Y,NA,L,04,0,1,0,0,0,0,1,0,0,-,-,33.6813,-117.6652,ORANGE,LAKE FOREST,-117.66560636,33.68162463
8108196,2016,2016-08-22,3014,2016-07-17,1835,1418,RD13,7,5,5,3014,0,0,0,NA,0,0A1,WEST BALBOA BL,8TH ST,0,NA,Y,A,-,N,NA,NA,NA,NA,NA,NA,NA,NA,NA,N,3,0,2,2,A,-,09,21801,A,N,D,C,A,A,H,-,A,D,0,NA,NA,NA,NA,Y,Y,A,01,0,2,0,0,0,0,0,0,0,-,-,33.6047,-117.9105,ORANGE,NEWPORT BEACH,-117.91058,33.60464011
8108231,2016,2016-08-23,3015,2016-07-15,0852,1542,55W,5,5,6,3015,0,0,0,NA,0,002,TAFT AV,SHAFFER ST,0,NA,Y,A,-,N,NA,NA,NA,NA,NA,NA,NA,NA,NA,Y,4,0,1,2,A,-,12,21453,A,N,D,C,A,A,H,-,A,A,0,NA,NA,NA,NA,Y,NA,A,01,0,0,1,0,0,0,0,0,0,-,-,NA,NA,ORANGE,ORANGE,-117.84893011,33.81575011
8108235,2016,2016-10-20,3015,2016-07-16,0204,1533,36N,6,5,6,3015,0,0,0,NA,0,124,TUSTIN ST,VILLA PARK RD,6,S,N,A,-,N,NA,NA,NA,NA,NA,NA,NA,NA,NA,Y,3,0,1,1,A,-,03,22350,NA,N,E,I,A,A,H,-,C,D,0,NA,NA,NA,NA,Y,Y,A,01,0,1,0,0,0,0,0,0,0,-,-,NA,NA,ORANGE,ORANGE,-117.83576925,33.81027356
8109084,2016,2016-08-29,3001,2016-08-13,0936,41555,NA,6,5,7,3001,0,0,0,NA,0,0D3,BALL RD,LEMON ST,29,W,N,A,-,N,NA,NA,NA,NA,NA,NA,NA,NA,NA,N,4,0,3,3,A,-,03,22350,NA,N,C,C,A,A,H,-,A,A,0,NA,NA,NA,NA,Y,NA,A,01,0,0,3,0,0,0,0,0,0,-,-,NA,NA,ORANGE,ANAHEIM,-117.91035525,33.81815
8109504,2016,2016-12-22,3001,2016-08-15,1500,A2209,NA,1,5,7,3001,0,0,0,NA,0,0D1,W LINCOLN AV,NORTH BEACH BL,486,W,N,A,-,N,NA,NA,NA,NA,NA,NA,NA,NA,NA,N,4,0,1,2,B,-,22,NA,NA,N,C,C,A,A,H,-,A,D,0,NA,NA,NA,NA,Y,NA,A,07,0,0,1,0,0,0,0,0,0,-,-,NA,NA,ORANGE,ANAHEIM,-117.99520644,33.83212125
8109755,2016,2017-02-28,3012,2016-08-11,0710,541,35,4,5,5,3012,0,0,0,NA,0,003,SOUTH BEACH BL,FASHION SQUARE LN,141,S,N,A,-,Y,ORA,12,39,-,-,19.33,H,-,S,Y,4,0,1,2,A,-,03,22350,NA,N,C,C,A,A,H,-,A,D,0,NA,NA,NA,Y,Y,NA,A,01,0,0,1,0,0,0,0,0,0,-,-,NA,NA,ORANGE,LA HABRA,-117.96787856,33.91936612
81104190,2019,2019-11-27,3014,2019-09-20,0702,1462,RD28,5,5,5,3014,0,0,0,NA,0,A2,DOVER DR.,IRVINE AVE,41,S,N,A,-,N,NA,NA,NA,NA,NA,NA,NA,NA,NA,N,4,0,1,2,A,-,03,22350,NA,M,C,C,A,A,H,-,A,A,0,NA,NA,NA,NA,Y,Y,-,99,0,0,1,0,0,0,0,0,0,-,-,33.63359832763672,-117.90290069580078,ORANGE,NEWPORT BEACH,-117.90297698974608,33.633785247802734