CASE_ID,ACCIDENT_YEAR,PROC_DATE,JURIS,COLLISION_DATE,COLLISION_TIME,OFFICER_ID,REPORTING_DISTRICT,DAY_OF_WEEK,CHP_SHIFT,POPULATION,CNTY_CITY_LOC,SPECIAL_COND,BEAT_TYPE,CHP_BEAT_TYPE,CITY_DIVISION_LAPD,CHP_BEAT_CLASS,BEAT_NUMBER,PRIMARY_RD,SECONDARY_RD,DISTANCE,DIRECTION,INTERSECTION,WEATHER_1,WEATHER_2,STATE_HWY_IND,CALTRANS_COUNTY,CALTRANS_DISTRICT,STATE_ROUTE,ROUTE_SUFFIX,POSTMILE_PREFIX,POSTMILE,LOCATION_TYPE,RAMP_INTERSECTION,SIDE_OF_HWY,TOW_AWAY,COLLISION_SEVERITY,NUMBER_KILLED,NUMBER_INJURED,PARTY_COUNT,PRIMARY_COLL_FACTOR,PCF_CODE_OF_VIOL,PCF_VIOL_CATEGORY,PCF_VIOLATION,PCF_VIOL_SUBSECTION,HIT_AND_RUN,TYPE_OF_COLLISION,MVIW,PED_ACTION,ROAD_SURFACE,ROAD_COND_1,ROAD_COND_2,LIGHTING,CONTROL_DEVICE,CHP_ROAD_TYPE,PEDESTRIAN_ACCIDENT,BICYCLE_ACCIDENT,MOTORCYCLE_ACCIDENT,TRUCK_ACCIDENT,NOT_PRIVATE_PROPERTY,ALCOHOL_INVOLVED,STWD_VEHTYPE_AT_FAULT,CHP_VEHTYPE_AT_FAULT,COUNT_SEVERE_INJ,COUNT_VISIBLE_INJ,COUNT_COMPLAINT_PAIN,COUNT_PED_KILLED,COUNT_PED_INJURED,COUNT_BICYCLIST_KILLED,COUNT_BICYCLIST_INJURED,COUNT_MC_KILLED,COUNT_MC_INJURED,PRIMARY_RAMP,SECONDARY_RAMP,LATITUDE,LONGITUDE,COUNTY,CITY,POINT_X,POINT_Y
82087556,2023,2023-06-07,3019,2023-03-12,514,3708,SC,7,5,7,3019,0,0,0,NA,0,004,RAITT STREET,MCFADDEN AVENUE,0,NA,Y,A,-,N,NA,NA,NA,NA,NA,NA,NA,NA,NA,Y,4,0,1,2,A,-,12,21453,A,F,D,C,A,B,H,-,C,A,0,NA,NA,NA,NA,Y,NA,A,01,0,0,1,0,0,0,0,0,0,-,-,33.73469161987305,-117.89398956298828,ORANGE,SANTA ANA,-117.89405059814452,33.734493255615234
82087587,2023,2023-06-07,3019,2023-04-12,554,3295,WE,3,5,7,3019,0,0,0,NA,0,001,EDNA DRIVE,FAIRVIEW STREET,0,NA,Y,A,-,N,NA,NA,NA,NA,NA,NA,NA,NA,NA,N,4,0,1,2,A,-,05,21650,1,N,B,G,A,A,H,-,C,A,0,NA,Y,NA,NA,Y,NA,L,04,0,0,1,0,0,0,1,0,0,-,-,33.7641716003418,-117.90290832519533,ORANGE,SANTA ANA,-117.9028778076172,33.76395797729492
82087729,2023,2023-06-07,3019,2023-05-11,1649,3858,SE,4,5,7,3019,0,0,0,NA,0,003,SYCAMORE STREET,HIGHLAND STREET,159,N,N,A,-,N,NA,NA,NA,NA,NA,NA,NA,NA,NA,Y,3,0,1,3,A,-,09,21804,B,N,D,C,A,A,H,-,A,D,0,NA,NA,NA,NA,Y,NA,A,07,0,1,0,0,0,0,0,0,0,-,-,33.73698043823242,-117.86866760253906,ORANGE,SANTA ANA,-117.86878967285156,33.73750686645508
82087787,2023,2023-06-07,3019,2023-05-16,1035,3879,NE,2,5,7,3019,0,0,0,NA,0,002,WASHINGTON AVENUE,ROSS STREET,0,NA,Y,A,-,N,NA,NA,NA,NA,NA,NA,NA,NA,NA,N,4,0,1,2,A,-,09,21804,A,N,D,C,A,A,H,-,A,D,0,NA,NA,NA,NA,Y,NA,A,01,0,0,1,0,0,0,0,0,0,-,-,33.75503158569336,-117.87242126464844,ORANGE,SANTA ANA,-117.87246704101563,33.755760192871094
82087845,2023,2023-06-07,3019,2023-05-22,1059,3702,NE,1,5,7,3019,0,0,0,NA,0,002,MAIN STREET,9TH STREET,0,NA,Y,B,-,N,NA,NA,NA,NA,NA,NA,NA,NA,NA,N,4,0,1,2,A,-,09,21802,A,N,D,C,A,A,H,-,A,A,0,NA,NA,NA,NA,Y,NA,A,07,0,0,1,0,0,0,0,0,0,-,-,33.75252914428711,-117.86775970458984,ORANGE,SANTA ANA,-117.86761474609376,33.75228500366211
82088905,2023,2023-06-08,3024,2023-04-19,1608,312,P-36,3,5,5,3024,0,0,0,NA,0,EAST,WARD STREET,MCFADDEN AVENUE,49,N,N,A,-,N,NA,NA,NA,NA,NA,NA,NA,NA,NA,N,3,0,1,2,A,-,03,22350,NA,N,C,C,A,A,H,-,A,A,0,NA,NA,NA,NA,Y,NA,A,07,0,1,0,0,0,0,0,0,0,-,-,33.73664093017578,-117.94912719726563,ORANGE,WESTMINSTER,-117.946044921875,33.73804473876953
82089429,2023,2023-06-08,3014,2023-06-07,1501,1483,RD31,3,5,5,3014,0,0,0,NA,0,A2,BAYVIEW TRAIL,MESA DR,1519,S,N,A,-,N,NA,NA,NA,NA,NA,NA,NA,NA,NA,N,4,0,1,1,B,-,22,NA,NA,N,H,I,A,A,H,-,A,D,0,NA,NA,NA,NA,Y,NA,M,91,0,0,1,0,0,0,0,0,0,-,-,33.652198791503906,-117.88298797607422,ORANGE,NEWPORT BEACH,-117.87470245361328,33.65201187133789
82089760,2023,2023-06-12,3001,2023-06-07,1446,A1555,D-3,3,5,7,3001,0,0,0,NA,0,D-3,BALL ROAD,BELHAVEN STREET (W),300,W,N,B,-,N,NA,NA,NA,NA,NA,NA,NA,NA,NA,Y,4,0,1,3,A,-,09,21801,A,N,D,C,A,A,H,-,A,D,0,NA,NA,NA,NA,Y,NA,A,07,0,0,1,0,0,0,0,0,0,-,-,33.818050384521484,-117.88539123535156,ORANGE,ANAHEIM,-117.8864974975586,33.81809997558594
82090810,2023,2023-06-12,3016,2023-05-13,1849,1288,19,6,5,5,3016,0,0,0,NA,0,002,CHAPMAN AVENUE,SUNSET DRIVE,360,W,N,A,-,N,NA,NA,NA,NA,NA,NA,NA,NA,NA,N,4,0,1,2,A,-,03,22350,NA,N,C,C,A,A,H,-,A,D,0,NA,NA,NA,NA,Y,NA,A,01,0,0,1,0,0,0,0,0,0,-,-,33.87361145019531,-117.87738800048828,ORANGE,PLACENTIA,-117.87855529785156,33.87379837036133
82091052,2023,2023-06-12,3008,2023-03-01,958,1274,ZONE,3,5,6,3008,0,0,0,NA,0,NA,CHAPMAN AVE,COMMONWEALTH AVE,0,NA,Y,B,-,N,NA,NA,NA,NA,NA,NA,NA,NA,NA,Y,3,0,2,2,A,-,09,21801,A,N,A,C,A,A,H,-,A,A,0,NA,NA,NA,NA,Y,NA,A,01,0,1,1,0,0,0,0,0,0,-,-,NA,NA,ORANGE,FULLERTON,-117.88423919677734,33.87409210205078
82092060,2023,2023-06-13,3019,2023-04-08,1435,3811,NE,6,5,7,3019,0,0,0,NA,0,002,MAIN STREET,MAINPLACE DRIVE (N),300,S,N,A,-,N,NA,NA,NA,NA,NA,NA,NA,NA,NA,N,4,0,1,2,A,-,09,21801,A,N,D,C,A,A,H,-,A,A,0,NA,NA,NA,NA,Y,NA,A,01,0,0,1,0,0,0,0,0,0,-,-,33.776390075683594,-117.86711120605467,ORANGE,SANTA ANA,-117.86744689941406,33.7757568359375
82093039,2023,2023-06-14,3001,2023-04-23,1139,A2540,D-1,7,5,7,3001,0,0,0,NA,0,D-1,LINCOLN AVENUE,BROOKHURST STREET,555,W,N,A,-,N,NA,NA,NA,NA,NA,NA,NA,NA,NA,N,4,0,1,2,A,-,03,22350,NA,N,C,C,A,A,H,-,A,A,0,NA,NA,NA,NA,Y,NA,A,01,0,0,1,0,0,0,0,0,0,-,-,33.83192825317383,-117.95881652832033,ORANGE,ANAHEIM,-117.96079254150392,33.83243942260742
82094393,2023,2023-06-16,3024,2023-03-27,1836,534,P-35,1,5,5,3024,0,0,0,NA,0,EAST,BOLSA AVENUE,BROOKHURST STREET,440,W,N,A,-,N,NA,NA,NA,NA,NA,NA,NA,NA,NA,N,2,0,1,2,A,-,08,22107,NA,N,A,G,A,A,H,-,A,D,0,NA,Y,NA,NA,Y,NA,L,04,1,0,0,0,0,0,1,0,0,-,-,33.743778228759766,-117.95777893066406,ORANGE,WESTMINSTER,-117.95633697509766,33.744850158691406
82095427,2023,2023-06-16,3024,2023-04-13,1813,303,P-13,4,5,5,3024,0,0,0,NA,0,EAST,BEACH BOULEVARD (SR-39),18TH STREET,20,S,N,A,-,Y,ORA,NA,39,NA,NA,7.682,H,NA,R,N,4,0,1,2,A,-,08,22107,NA,N,B,C,A,A,H,-,A,D,0,NA,NA,NA,NA,Y,NA,A,01,0,0,1,0,0,0,0,0,0,-,-,33.75994110107422,-117.98964691162108,ORANGE,WESTMINSTER,-117.98956298828124,33.75994110107422
82096447,2023,2023-06-19,3024,2023-04-26,730,312,P-39,3,5,5,3024,0,0,0,NA,0,EAST,EDINGER AVENUE,BUSHARD STREET,217,W,N,A,-,N,NA,NA,NA,NA,NA,NA,NA,NA,NA,Y,3,0,3,3,A,-,03,22350,NA,N,C,C,A,A,H,-,A,A,0,NA,NA,NA,NA,Y,NA,A,01,0,1,2,0,0,0,0,0,0,-,-,33.7303581237793,-117.96331787109376,ORANGE,WESTMINSTER,-117.96403503417967,33.730369567871094
82097513,2023,2023-06-22,3008,2023-04-13,1658,1450,ZONE,4,5,6,3008,0,0,0,NA,0,NA,BASTANCHURY RD,HOLLYOAK DR (N),0,NA,Y,B,-,N,NA,NA,NA,NA,NA,NA,NA,NA,NA,Y,4,0,1,3,A,-,08,22107,NA,N,B,C,A,A,H,-,A,D,0,NA,NA,NA,NA,Y,NA,A,01,0,0,1,0,0,0,0,0,0,-,-,NA,NA,ORANGE,FULLERTON,-117.88774871826172,33.89420700073242
82097514,2023,2023-06-20,3008,2023-04-21,1515,1448,ZONE,5,5,6,3008,0,0,0,NA,0,NA,BREA BLVD,BARBARA BLVD,0,NA,Y,A,-,N,NA,NA,NA,NA,NA,NA,NA,NA,NA,N,2,0,1,2,A,-,08,22107,NA,N,D,G,A,A,H,-,A,D,0,NA,Y,NA,NA,Y,NA,A,07,1,0,0,0,0,0,1,0,0,-,-,NA,NA,ORANGE,FULLERTON,-117.91807556152344,33.89093017578125
82101263,2023,2023-06-26,3015,2023-06-15,921,1545,RD21,4,5,6,3015,0,0,0,NA,0,721M,CHAPMAN AVE,MANCHESTER AVE,0,NA,Y,B,-,N,NA,NA,NA,NA,NA,NA,NA,NA,NA,Y,4,0,1,2,A,-,12,21453,A,N,D,C,A,A,H,-,A,A,0,NA,NA,NA,NA,Y,NA,A,08,0,0,1,0,0,0,0,0,0,-,-,33.78887939453125,-117.89314270019533,ORANGE,ORANGE,-117.89321899414063,33.78889846801758
82101509,2023,2023-06-26,3024,2023-05-16,1443,312,P-25,2,5,5,3024,0,0,0,NA,0,EAST,BEACH BOULEVARD (SR 39),LEGION PLACE,0,NA,Y,A,-,Y,ORA,NA,39,NA,NA,7.06,H,NA,R,N,4,0,2,3,A,-,09,21801,A,N,D,C,A,A,H,-,A,A,0,NA,NA,NA,NA,Y,NA,A,01,0,0,2,0,0,0,0,0,0,-,-,33.751060485839844,-117.98941802978516,ORANGE,WESTMINSTER,-117.98946380615234,33.751060485839844
82102792,2023,2023-07-12,3008,2023-05-11,1733,1484,ZONE,4,5,6,3008,0,0,0,NA,0,NA,NUTWOOD AVE,STATE COLLEGE BLVD,0,NA,Y,A,-,N,NA,NA,NA,NA,NA,NA,NA,NA,NA,N,3,0,1,2,A,-,08,22100,B,F,D,G,A,A,H,-,A,A,0,NA,Y,NA,NA,Y,Y,L,04,0,1,0,0,0,0,1,0,0,-,-,NA,NA,ORANGE,FULLERTON,-117.88975524902344,33.87770080566406
82103675,2023,2023-06-28,3015,2023-05-12,806,1495,RD67S,5,5,6,3015,0,0,0,NA,0,712M,MEATS AVE,OF THE ECL OF HARWOOD ST,6,E,N,A,-,N,NA,NA,NA,NA,NA,NA,NA,NA,NA,Y,2,0,4,3,A,-,09,21802,A,N,D,C,A,A,H,-,A,A,0,NA,NA,Y,NA,Y,NA,A,07,1,0,3,0,0,0,0,0,2,-,-,33.82238006591797,-117.84664154052734,ORANGE,ORANGE,-117.84729766845705,33.823028564453125
82106759,2023,2023-06-30,3010,2023-06-25,110,2070,261,7,5,6,3010,0,0,0,NA,0,007,HEIL AVE,SABOT LN (3),85,W,N,A,-,N,NA,NA,NA,NA,NA,NA,NA,NA,NA,Y,3,0,1,2,A,-,01,23152,F,N,D,E,A,A,H,-,C,D,0,NA,NA,NA,NA,Y,NA,A,01,0,1,0,0,0,0,0,0,0,-,-,33.72203063964844,-118.00386810302734,ORANGE,HUNTINGTON BEACH,-118.00424194335938,33.722984313964844
82106766,2023,2023-06-30,3010,2023-06-29,839,1208,194,4,5,6,3010,0,0,0,NA,0,008,PACIFIC COAST HWY - SR1,WARNER AVE,6969,S,N,A,-,Y,ORA,NA,1,NA,NA,29.893,H,NA,R,Y,4,0,2,4,A,-,03,22350,NA,N,C,C,A,A,H,-,A,A,0,NA,NA,NA,NA,Y,NA,D,22,0,0,2,0,0,0,0,0,0,-,-,33.711490631103516,-118.06317901611328,ORANGE,HUNTINGTON BEACH,-118.06299591064452,33.71163558959961
82106876,2023,2023-07-03,3024,2023-05-18,1922,452,P-36,4,5,5,3024,0,0,0,NA,0,EAST,BROOKHURST STREET,BISHOP PLACE,0,NA,Y,A,-,N,NA,NA,NA,NA,NA,NA,NA,NA,NA,Y,4,0,2,3,D,-,00,NA,NA,N,D,C,A,A,H,-,A,A,0,NA,NA,NA,NA,Y,NA,-,-,0,0,2,0,0,0,0,0,0,-,-,33.741329193115234,-117.95474243164063,ORANGE,WESTMINSTER,-117.95491027832033,33.74134063720703
82109426,2023,2023-07-05,3001,2023-07-02,417,A1047,NA,7,5,7,3001,0,0,0,NA,0,D-3,ALLEC STREET,CERRITOS AVENUE,1848,N,N,A,-,N,NA,NA,NA,NA,NA,NA,NA,NA,NA,Y,3,0,1,1,A,-,01,23152,A,N,E,I,A,A,H,-,C,D,0,NA,NA,NA,NA,Y,Y,A,01,0,1,0,0,0,0,0,0,0,-,-,NA,NA,ORANGE,ANAHEIM,-117.90021514892578,33.815635681152344
82110363,2023,2023-07-06,3001,2023-07-03,121,A1047,NA,1,5,7,3001,0,0,0,NA,0,D-1,WESTERN AVENUE,DEL MONTE DRIVE,0,NA,Y,A,-,N,NA,NA,NA,NA,NA,NA,NA,NA,NA,Y,3,0,2,2,A,-,01,23152,A,N,D,C,A,A,H,-,C,A,0,NA,NA,NA,NA,Y,Y,A,07,0,1,1,0,0,0,0,0,0,-,-,NA,NA,ORANGE,ANAHEIM,-118.0022201538086,33.829795837402344
82111383,2023,2023-07-07,3001,2023-07-05,1605,A2367,D-2,3,5,7,3001,0,0,0,NA,0,D-2,NORTH STREET,PINE STREET,0,NA,Y,A,-,N,NA,NA,NA,NA,NA,NA,NA,NA,NA,Y,4,0,1,2,A,-,09,21802,A,N,D,C,A,A,H,-,A,D,0,NA,NA,NA,NA,Y,NA,A,01,0,0,1,0,0,0,0,0,0,-,-,NA,NA,ORANGE,ANAHEIM,-117.92340087890624,33.84272766113281
82112269,2023,2023-07-10,3007,2023-06-22,1704,301,75,4,5,5,3007,0,0,0,NA,0,003,BROOKHURST,ELLIS,421,S,N,A,-,N,NA,NA,NA,NA,NA,NA,NA,NA,NA,Y,3,0,1,2,A,-,07,21658,A,N,B,C,A,A,H,-,A,-,0,NA,NA,Y,NA,Y,NA,A,01,0,1,0,0,0,0,0,0,1,-,-,NA,NA,ORANGE,FOUNTAIN VALLEY,-117.95426177978516,33.69298553466797
82113503,2023,2023-07-11,3015,2023-07-06,2103,1565,77S,4,5,6,3015,0,0,0,NA,0,145,TUSTIN AVE,VILLAGE TOWN CENTER,42,S,N,A,-,N,NA,NA,NA,NA,NA,NA,NA,NA,NA,N,4,0,1,2,A,-,12,21453,A,N,B,C,A,A,H,-,C,A,0,NA,NA,NA,NA,Y,NA,A,01,0,0,1,0,0,0,0,0,0,-,-,NA,NA,ORANGE,ORANGE,-117.83612060546876,33.82601547241211
82117448,2023,2023-07-17,3001,2023-07-09,2044,A2271,D-2,7,5,7,3001,0,0,0,NA,0,D-2,LINCOLN AVENUE,CITRON STREET,870,E,N,A,-,N,NA,NA,NA,NA,NA,NA,NA,NA,NA,N,4,0,1,2,A,-,09,21804,A,N,D,C,A,A,H,-,C,A,0,NA,NA,NA,NA,Y,NA,A,01,0,0,1,0,0,0,0,0,0,-,-,33.83330154418945,-117.9233169555664,ORANGE,ANAHEIM,-117.92057037353516,33.83397674560547
82119334,2023,2023-07-18,3015,2023-07-15,2200,1720,RD22,6,5,6,3015,0,0,0,NA,0,312,GLASSELL ST,LA VETA AVE,0,NA,Y,A,-,N,NA,NA,NA,NA,NA,NA,NA,NA,NA,N,4,0,1,2,A,-,12,21453,A,N,A,D,A,A,H,-,C,A,0,NA,NA,NA,NA,Y,NA,A,01,0,0,1,0,0,0,0,0,0,-,-,33.78065872192383,-117.85321807861328,ORANGE,ORANGE,-117.85312652587892,33.780616760253906
82119338,2023,2023-07-18,3001,2023-06-30,445,A2339,D-1,5,5,7,3001,0,0,0,NA,0,D-1,BROOKHURST STREET,ORANGE AVENUE,0,NA,Y,A,-,N,NA,NA,NA,NA,NA,NA,NA,NA,NA,Y,3,0,1,2,A,-,12,21453,A,N,D,C,A,A,H,-,C,A,0,NA,NA,NA,NA,Y,NA,-,-,0,1,0,0,0,0,0,0,0,-,-,33.82490158081055,-117.95880889892578,ORANGE,ANAHEIM,-117.9589385986328,33.82503128051758
82121356,2023,2023-07-20,3026,2023-07-07,1405,8929,NA,5,5,6,3026,0,0,0,NA,0,001,ALTON PKWY,HARVARD AVE,65,W,N,A,-,N,NA,NA,NA,NA,NA,NA,NA,NA,NA,Y,4,0,2,2,A,-,03,22350,NA,N,C,C,A,A,H,-,A,D,0,NA,NA,NA,NA,Y,NA,A,01,0,0,2,0,0,0,0,0,0,-,-,33.68452835083008,-117.82634735107422,ORANGE,IRVINE,-117.82675170898438,33.68467712402344
82121357,2023,2023-07-20,3026,2023-07-06,1332,4779,NA,4,5,6,3026,0,0,0,NA,0,007,CENTRAL PARK AVE,VIEWPARK AVE,0,NA,Y,A,-,N,NA,NA,NA,NA,NA,NA,NA,NA,NA,Y,3,0,1,2,A,-,12,21453,A,N,D,C,A,A,H,-,A,A,0,NA,NA,NA,NA,Y,NA,A,01,0,1,0,0,0,0,0,0,0,-,-,33.72663116455078,-117.77134704589844,ORANGE,IRVINE,-117.7714614868164,33.726654052734375
82123779,2023,2023-07-24,3024,2023-06-21,1809,509,P-21,3,5,5,3024,0,0,0,NA,0,EAST,JENNRICH AVENUE,BONNEMA STREET,34,W,N,A,-,N,NA,NA,NA,NA,NA,NA,NA,NA,NA,Y,4,0,1,2,A,-,08,22107,NA,N,B,C,A,A,H,-,A,D,0,NA,NA,NA,NA,Y,NA,A,01,0,0,1,0,0,0,0,0,0,-,-,33.7552490234375,-117.96497344970705,ORANGE,WESTMINSTER,-117.9653091430664,33.755367279052734
82124873,2023,2023-07-26,3001,2023-07-10,1007,A1007,NA,1,5,7,3001,0,0,0,NA,0,D-2,LA PALMA AVENUE,ANAHEIM SHORES DR,0,NA,Y,A,-,N,NA,NA,NA,NA,NA,NA,NA,NA,NA,Y,4,0,3,2,A,-,09,21801,A,N,A,C,A,A,H,-,A,A,0,NA,NA,NA,NA,Y,NA,D,22,0,0,3,0,0,0,0,0,0,-,-,33.84669876098633,-117.95175933837892,ORANGE,ANAHEIM,-117.95179748535156,33.84703063964844
82126023,2023,2023-07-26,3019,2023-06-20,1315,3529,WE,2,5,7,3019,0,0,0,NA,0,002,HARBOR BOULEVARD,11TH STREET,100,S,N,A,-,N,NA,NA,NA,NA,NA,NA,NA,NA,NA,N,4,0,1,2,A,-,03,22350,NA,N,C,C,A,A,H,-,A,D,0,NA,NA,NA,NA,Y,NA,A,01,0,0,1,0,0,0,0,0,0,-,-,33.75423812866211,-117.92017364501952,ORANGE,SANTA ANA,-117.92012786865234,33.75407409667969
82126040,2023,2023-07-26,3019,2023-06-24,2119,3776,NE,6,5,7,3019,0,0,0,NA,0,002,BROADWAY,17TH STREET,15,S,N,A,-,N,NA,NA,NA,NA,NA,NA,NA,NA,NA,N,3,0,1,2,A,-,11,21954,A,N,G,B,B,A,H,-,C,A,0,Y,NA,NA,NA,Y,NA,N,60,0,1,0,0,1,0,0,0,0,-,-,33.76028060913086,-117.86963653564452,ORANGE,SANTA ANA,-117.86962890625,33.76007080078125
82126103,2023,2023-07-26,3019,2023-06-30,2101,3776,NE,5,5,7,3019,0,0,0,NA,0,002,MAINPLACE DRIVE,BROADWAY,0,NA,Y,A,-,N,NA,NA,NA,NA,NA,NA,NA,NA,NA,N,3,0,1,2,A,-,10,21950,A,F,G,B,B,A,H,-,C,A,0,Y,NA,NA,NA,Y,NA,A,01,0,1,0,0,1,0,0,0,0,-,-,33.77262878417969,-117.86927032470705,ORANGE,SANTA ANA,-117.86944580078124,33.772804260253906
82126142,2023,2023-07-26,3019,2023-07-05,1724,3575,SC,3,5,7,3019,0,0,0,NA,0,004,MCFADDEN AVENUE,BAKER STREET,0,NA,Y,A,-,N,NA,NA,NA,NA,NA,NA,NA,NA,NA,Y,4,0,1,2,A,-,09,21802,A,N,D,C,A,A,H,-,A,A,0,NA,NA,NA,NA,Y,NA,A,01,0,0,1,0,0,0,0,0,0,-,-,33.73455047607422,-117.88291931152344,ORANGE,SANTA ANA,-117.88294982910156,33.734466552734375
82126206,2023,2023-07-26,3019,2023-07-16,2046,3538,SC,7,5,7,3019,0,0,0,NA,0,004,HARBOR BOULEVARD,GARRY AVENUE,0,NA,Y,A,-,N,NA,NA,NA,NA,NA,NA,NA,NA,NA,N,3,0,1,2,A,-,05,21202,A,N,H,G,A,A,H,-,C,A,0,NA,Y,NA,Y,Y,NA,L,04,0,1,0,0,0,0,1,0,0,-,-,33.70579147338867,-117.92002868652344,ORANGE,SANTA ANA,-117.91969299316406,33.70561218261719
82126219,2023,2023-07-26,3019,2023-07-17,1834,3424,NE,1,5,7,3019,0,0,0,NA,0,002,17TH STREET,MAIN STREET,100,W,N,A,-,N,NA,NA,NA,NA,NA,NA,NA,NA,NA,N,4,0,2,2,A,-,03,22350,NA,N,C,C,A,A,H,-,A,D,0,NA,NA,NA,NA,Y,NA,A,01,0,0,2,0,0,0,0,0,0,-,-,33.760250091552734,-117.86757659912108,ORANGE,SANTA ANA,-117.86759185791016,33.75996017456055
82126229,2023,2023-07-26,3019,2023-07-20,948,3196,SE,4,5,7,3019,0,0,0,NA,0,003,EDINGER AVENUE,AUTO MALL DRIVE,0,NA,Y,A,-,N,NA,NA,NA,NA,NA,NA,NA,NA,NA,N,3,0,3,3,A,-,12,21453,A,N,D,C,A,A,H,-,A,A,0,NA,NA,NA,NA,Y,NA,D,22,0,1,2,0,0,0,0,0,0,-,-,33.72663879394531,-117.83657073974608,ORANGE,SANTA ANA,-117.83676910400392,33.726905822753906
82126536,2023,2023-07-26,3026,2023-07-01,1225,503,NA,6,5,6,3026,0,0,0,NA,0,005,ALTON PARKWAY,E - EAST CURB LINE OF LAKE ROAD,730,E,N,A,-,N,NA,NA,NA,NA,NA,NA,NA,NA,NA,Y,4,0,1,2,A,-,03,22350,NA,N,C,C,A,A,H,-,A,D,0,NA,NA,NA,NA,Y,NA,A,01,0,0,1,0,0,0,0,0,0,-,-,NA,NA,ORANGE,IRVINE,NA,NA
82127070,2023,2023-07-27,3015,2023-07-25,1209,1336,65E,2,5,6,3015,0,0,0,NA,0,722M,KATELLA AVE,CAMBRIDGE ST,37,E,N,A,-,N,NA,NA,NA,NA,NA,NA,NA,NA,NA,Y,4,0,1,3,A,-,03,22350,NA,N,C,C,A,A,H,-,A,D,0,NA,NA,NA,NA,Y,NA,A,01,0,0,1,0,0,0,0,0,0,-,-,33.80900955200195,-117.84442138671876,ORANGE,ORANGE,-117.84427642822266,33.809139251708984
82127130,2023,2023-07-27,3010,2023-07-22,1635,1118,326,6,5,6,3010,0,0,0,NA,0,004,PACIFIC COAST HWY - SR1,SEAPOINT AVE,30,N,N,A,-,Y,ORA,NA,1,NA,NA,27.046,H,NA,R,Y,4,0,1,2,A,-,03,22350,NA,N,C,C,A,A,H,-,A,A,0,NA,NA,NA,NA,Y,NA,D,22,0,0,1,0,0,0,0,0,0,-,-,33.68006134033203,-118.0322036743164,ORANGE,HUNTINGTON BEACH,-118.03215789794922,33.68009567260742
82130167,2023,2023-07-31,3001,2023-07-26,1653,A2755,D-2,3,5,7,3001,0,0,0,NA,0,D-2,BROOKHURST STREET,LA PALMA AVENUE,55,S,N,A,-,N,NA,NA,NA,NA,NA,NA,NA,NA,NA,Y,3,0,1,2,A,-,03,22350,NA,M,D,C,A,A,H,-,A,A,0,NA,NA,NA,NA,Y,NA,A,07,0,1,0,0,0,0,0,0,0,-,-,NA,NA,ORANGE,ANAHEIM,-117.95912170410156,33.84680938720703
82131103,2023,2023-07-31,3001,2023-07-24,2026,A1278,NA,1,5,7,3001,0,0,0,NA,0,D-4,KRAEMER BOULEVARD,MIRALOMA AVENUE,0,NA,Y,A,-,N,NA,NA,NA,NA,NA,NA,NA,NA,NA,Y,4,0,1,2,D,-,00,NA,NA,N,D,C,A,A,H,-,C,A,0,NA,NA,NA,NA,Y,NA,-,-,0,0,1,0,0,0,0,0,0,-,-,33.85823059082031,-117.85989379882813,ORANGE,ANAHEIM,-117.8598175048828,33.858070373535156
82131151,2023,2023-07-31,3019,2023-06-27,1607,3531,NE,2,5,7,3019,0,0,0,NA,0,002,N. LOUISE ST,WASHINGTON AVE.,150,S,N,A,-,N,NA,NA,NA,NA,NA,NA,NA,NA,NA,N,4,0,2,2,A,-,06,21750,NA,N,D,C,A,A,H,-,A,B,0,NA,NA,NA,NA,Y,NA,A,07,0,0,2,0,0,0,0,0,0,-,-,NA,NA,ORANGE,SANTA ANA,-117.88389587402344,33.75532913208008
82131498,2023,2023-07-31,3024,2023-06-22,2200,422,P-21,4,5,5,3024,0,0,0,NA,0,EAST,MIRAGE AVENUE,SWAN STREET,0,NA,Y,A,-,N,NA,NA,NA,NA,NA,NA,NA,NA,NA,N,2,0,1,2,A,-,10,21950,A,F,G,B,B,A,H,-,C,D,0,Y,NA,NA,NA,Y,NA,A,01,1,0,0,0,1,0,0,0,0,-,-,33.75728988647461,-117.96817779541016,ORANGE,WESTMINSTER,-117.965576171875,33.75830841064453
82132623,2022,2023-08-01,3019,2022-09-04,2050,3317,WE,7,5,7,3019,0,0,0,NA,0,001,ROSITA STREET,7TH STREET,31,N,N,A,-,N,NA,NA,NA,NA,NA,NA,NA,NA,NA,N,1,1,0,2,A,-,11,21954,A,N,G,B,D,A,H,-,C,D,0,Y,NA,NA,NA,Y,NA,N,60,0,0,0,1,0,0,0,0,0,-,-,33.75067138671875,-117.93321990966795,ORANGE,SANTA ANA,-117.93321228027344,33.75068664550781