CASE_ID,ACCIDENT_YEAR,PROC_DATE,JURIS,COLLISION_DATE,COLLISION_TIME,OFFICER_ID,REPORTING_DISTRICT,DAY_OF_WEEK,CHP_SHIFT,POPULATION,CNTY_CITY_LOC,SPECIAL_COND,BEAT_TYPE,CHP_BEAT_TYPE,CITY_DIVISION_LAPD,CHP_BEAT_CLASS,BEAT_NUMBER,PRIMARY_RD,SECONDARY_RD,DISTANCE,DIRECTION,INTERSECTION,WEATHER_1,WEATHER_2,STATE_HWY_IND,CALTRANS_COUNTY,CALTRANS_DISTRICT,STATE_ROUTE,ROUTE_SUFFIX,POSTMILE_PREFIX,POSTMILE,LOCATION_TYPE,RAMP_INTERSECTION,SIDE_OF_HWY,TOW_AWAY,COLLISION_SEVERITY,NUMBER_KILLED,NUMBER_INJURED,PARTY_COUNT,PRIMARY_COLL_FACTOR,PCF_CODE_OF_VIOL,PCF_VIOL_CATEGORY,PCF_VIOLATION,PCF_VIOL_SUBSECTION,HIT_AND_RUN,TYPE_OF_COLLISION,MVIW,PED_ACTION,ROAD_SURFACE,ROAD_COND_1,ROAD_COND_2,LIGHTING,CONTROL_DEVICE,CHP_ROAD_TYPE,PEDESTRIAN_ACCIDENT,BICYCLE_ACCIDENT,MOTORCYCLE_ACCIDENT,TRUCK_ACCIDENT,NOT_PRIVATE_PROPERTY,ALCOHOL_INVOLVED,STWD_VEHTYPE_AT_FAULT,CHP_VEHTYPE_AT_FAULT,COUNT_SEVERE_INJ,COUNT_VISIBLE_INJ,COUNT_COMPLAINT_PAIN,COUNT_PED_KILLED,COUNT_PED_INJURED,COUNT_BICYCLIST_KILLED,COUNT_BICYCLIST_INJURED,COUNT_MC_KILLED,COUNT_MC_INJURED,PRIMARY_RAMP,SECONDARY_RAMP,LATITUDE,LONGITUDE,COUNTY,CITY,POINT_X,POINT_Y
82186680,2023,2023-10-02,3019,2023-09-11,1742,3716,SC,1,5,7,3019,0,0,0,NA,0,004,BRISTOL STREET,BRISTOL PLAZA,0,NA,Y,B,-,N,NA,NA,NA,NA,NA,NA,NA,NA,NA,N,4,0,1,2,A,-,12,21453,A,N,D,C,A,A,H,-,A,A,0,NA,NA,NA,NA,Y,NA,A,07,0,0,1,0,0,0,0,0,0,-,-,33.70204162597656,-117.88546752929688,ORANGE,SANTA ANA,-117.88516998291016,33.7454719543457
82186690,2023,2023-10-02,3019,2023-09-27,931,3892,SC,3,5,7,3019,0,0,0,NA,0,004,1ST STREET,SULLIVAN STREET,0,NA,Y,A,-,N,NA,NA,NA,NA,NA,NA,NA,NA,NA,Y,4,0,3,3,A,-,12,21453,A,N,D,C,A,A,H,-,A,A,0,NA,NA,NA,NA,Y,NA,A,07,0,0,3,0,0,0,0,0,0,-,-,33.74528884887695,-117.90255737304688,ORANGE,SANTA ANA,-117.90255737304688,33.74528503417969
82188469,2023,2023-10-03,3001,2023-09-25,159,A1962,D-2,1,5,7,3001,0,0,0,NA,0,D-2,ROXBORO STREET,BANYAN AVENUE (N),118,N,N,A,-,N,NA,NA,NA,NA,NA,NA,NA,NA,NA,Y,3,0,1,3,A,-,01,23152,A,N,B,E,A,A,H,-,C,D,0,NA,NA,NA,NA,Y,Y,A,01,0,1,0,0,0,0,0,0,0,-,-,33.8497314453125,-117.89176940917967,ORANGE,ANAHEIM,-117.89183807373048,33.84959411621094
82188484,2023,2023-10-04,3001,2023-09-28,1710,A2876,D-3,4,5,7,3001,0,0,0,NA,0,D-3,CERRITOS AVENUE,ALLEC STREET,485,W,N,A,-,N,NA,NA,NA,NA,NA,NA,NA,NA,NA,Y,3,0,2,3,A,-,01,23152,A,N,C,C,A,A,H,-,A,D,0,NA,NA,NA,NA,Y,Y,A,01,0,1,1,0,0,0,0,0,0,-,-,33.80921173095703,-117.9003677368164,ORANGE,ANAHEIM,-117.90164947509766,33.81060028076172
82189944,2023,2023-10-04,3026,2023-09-30,2237,706,NA,6,5,6,3026,0,0,0,NA,0,003,BONITA CANYON,TURTLE RIDGE,38,N,N,A,-,N,NA,NA,NA,NA,NA,NA,NA,NA,NA,Y,4,0,4,3,A,-,01,23152,B,N,D,C,A,A,H,-,C,A,0,NA,NA,NA,NA,Y,Y,A,01,0,0,4,0,0,0,0,0,0,-,-,NA,NA,ORANGE,IRVINE,-117.83077239990234,33.63383865356445
82194028,2023,2023-10-09,3008,2023-08-28,1812,1658,ZONE,1,5,6,3008,0,0,0,NA,0,NA,DRAKE AVE,WILSHIRE AVE,0,NA,Y,A,-,N,NA,NA,NA,NA,NA,NA,NA,NA,NA,Y,3,0,2,3,A,-,09,21802,A,N,D,C,A,A,H,-,A,A,0,NA,NA,NA,NA,Y,Y,A,01,0,1,1,0,0,0,0,0,0,-,-,NA,NA,ORANGE,FULLERTON,-117.93531799316406,33.872291564941406
82194884,2023,2023-10-10,3001,2023-10-06,1620,A2461,D-3,5,5,7,3001,0,0,0,NA,0,D-3,ORANGEWOOD AVENUE,NAUTICAL STREET,20,W,N,A,-,N,NA,NA,NA,NA,NA,NA,NA,NA,NA,N,4,0,1,2,A,-,03,22350,NA,N,C,C,A,A,H,-,A,D,0,NA,NA,NA,NA,Y,NA,A,01,0,0,1,0,0,0,0,0,0,-,-,33.79475021362305,-117.90101623535156,ORANGE,ANAHEIM,-117.90047454833984,33.7961311340332
82195787,2023,2023-10-11,3026,2023-10-04,1529,8929,NA,3,5,6,3026,0,0,0,NA,0,001,RED HILL AVE,REYNOLDS AVE,218,N,N,A,-,N,NA,NA,NA,NA,NA,NA,NA,NA,NA,N,2,0,1,2,A,-,03,22350,NA,N,H,G,A,A,H,-,A,D,0,NA,Y,NA,NA,Y,NA,A,01,1,0,0,0,0,0,1,0,0,-,-,33.695438385009766,-117.85343170166016,ORANGE,IRVINE,-117.85305786132813,33.69575119018555
82195795,2023,2023-10-11,3026,2023-09-27,1046,12434,NA,3,5,6,3026,0,0,0,NA,0,008,TRABUCO RD,REMINGTON,0,NA,Y,A,-,N,NA,NA,NA,NA,NA,NA,NA,NA,NA,Y,4,0,2,2,A,-,12,22450,A,N,D,C,A,A,H,-,A,D,0,NA,NA,NA,NA,Y,NA,A,01,0,0,2,0,0,0,0,0,0,-,-,NA,NA,ORANGE,IRVINE,-117.76868438720705,33.70097732543945
82196909,2023,2023-10-12,3019,2023-10-03,721,3893,WE,2,5,7,3019,0,0,0,NA,0,001,KENT AVENUE,HARBOR BOULEVARD,14,E,N,A,-,N,NA,NA,NA,NA,NA,NA,NA,NA,NA,N,4,0,1,2,A,-,03,22350,NA,F,C,C,A,A,H,-,A,A,0,NA,NA,NA,NA,Y,NA,A,01,0,0,1,0,0,0,0,0,0,-,-,33.73480987548828,-117.9197998046875,ORANGE,SANTA ANA,-117.91999816894533,33.734657287597656
82197839,2023,2023-10-12,3014,2023-09-12,1610,1508,RD24,2,5,5,3014,0,0,0,NA,0,A2,DOVER DR,16TH ST,20,S,N,A,-,N,NA,NA,NA,NA,NA,NA,NA,NA,NA,N,4,0,1,2,A,-,01,23152,NA,M,C,C,A,A,H,-,A,A,0,NA,NA,NA,NA,Y,Y,A,01,0,0,1,0,0,0,0,0,0,-,-,33.622100830078125,-117.90630340576172,ORANGE,NEWPORT BEACH,-117.90647888183594,33.62221145629883
82198027,2023,2023-10-16,3010,2023-10-09,1239,0147,262,1,5,6,3010,0,0,0,NA,0,007,BEACH BL - SR39,TERRY DR,137,S,N,A,-,Y,ORA,NA,39,NA,NA,4.8,H,NA,L,Y,3,0,1,2,A,-,09,21804,A,N,D,C,A,A,H,-,A,D,0,NA,NA,Y,NA,Y,NA,A,08,0,1,0,0,0,0,0,0,1,-,-,33.718170166015625,-117.98925018310548,ORANGE,HUNTINGTON BEACH,-117.98926544189452,33.718170166015625
82198170,2023,2023-10-13,3002,2023-09-25,754,1710,NA,1,5,4,3002,0,0,0,NA,0,012,IMPERIAL HY,SATURN ST,800,E,N,A,-,Y,ORA,NA,90,NA,NA,6.962,H,NA,R,Y,3,0,3,3,A,-,09,21801,A,N,D,C,A,A,H,-,A,D,0,NA,NA,Y,NA,Y,NA,A,01,0,1,2,0,0,0,0,0,1,-,-,33.91109848022461,-117.85733795166016,ORANGE,BREA,-117.85733795166016,33.91105270385742
82199143,2023,2023-10-16,3010,2023-09-30,2301,2222,451,6,5,6,3010,0,0,0,NA,0,004,PACIFIC COAST HWY - SR1,7TH ST (S),26,N,N,A,-,Y,ORA,NA,1,NA,NA,24.906,H,NA,R,Y,3,0,1,2,A,-,01,23152,A,N,A,C,A,A,H,-,C,D,0,NA,NA,NA,NA,Y,Y,A,01,0,1,0,0,0,0,0,0,0,-,-,33.658809661865234,-118.00460815429688,ORANGE,HUNTINGTON BEACH,-118.00445556640624,33.658958435058594
82199169,2023,2023-10-16,3019,2023-10-09,1359,3295,SE,1,5,7,3019,0,0,0,NA,0,003,STANDARD AVENUE,WARNER AVENUE,100,N,N,A,-,N,NA,NA,NA,NA,NA,NA,NA,NA,NA,N,4,0,1,2,A,-,08,22107,NA,N,D,C,A,A,H,-,A,A,0,NA,NA,NA,NA,Y,NA,A,07,0,0,1,0,0,0,0,0,0,-,-,33.71598815917969,-117.85659027099608,ORANGE,SANTA ANA,-117.85659790039063,33.716224670410156
82199182,2023,2023-10-16,3019,2023-10-12,1946,3721,SE,4,5,7,3019,0,0,0,NA,0,003,CYPRESS AVENUE,SAINT GERTRUDE PLACE,0,NA,Y,A,-,N,NA,NA,NA,NA,NA,NA,NA,NA,NA,N,3,0,1,2,A,-,05,21651,A,N,D,G,A,A,H,-,C,D,0,NA,Y,NA,NA,Y,NA,L,04,0,1,0,0,0,0,1,0,0,-,-,33.71887969970703,-117.86721801757813,ORANGE,SANTA ANA,-117.86661529541016,33.719669342041016
82199597,2023,2023-10-16,3010,2023-10-05,834,2134,462,4,5,6,3010,0,0,0,NA,0,002,BEACH BL - SR39,ATLANTA AVE (E),980,S,N,A,-,Y,NA,NA,NA,NA,NA,NA,NA,NA,NA,Y,3,0,2,2,A,-,09,21804,A,N,D,C,A,A,H,-,A,D,0,NA,NA,NA,NA,Y,NA,A,07,0,2,0,0,0,0,0,0,0,-,-,33.65773010253906,-117.98790740966795,ORANGE,HUNTINGTON BEACH,-117.98820495605467,33.65493392944336
82200566,2023,2023-10-18,3001,2023-10-06,1642,A2791,D-1,5,5,7,3001,0,0,0,NA,0,D-1,CERRITOS AVENUE,NUTWOOD STREET,0,NA,Y,A,-,N,NA,NA,NA,NA,NA,NA,NA,NA,NA,Y,4,0,2,2,A,-,12,21453,A,N,D,C,A,A,H,-,A,A,0,NA,NA,NA,NA,Y,NA,A,01,0,0,2,0,0,0,0,0,0,-,-,33.81031036376953,-117.95030212402344,ORANGE,ANAHEIM,-117.9501495361328,33.8105354309082
82203067,2023,2023-10-19,3010,2023-10-13,924,2090,NA,5,5,6,3010,0,0,0,NA,0,NA,BEACH BL - SR39,UTICA AVE,0,NA,Y,A,-,Y,NA,NA,NA,NA,NA,NA,NA,NA,NA,Y,3,0,1,2,A,-,12,21453,A,N,D,C,A,A,H,-,A,A,0,NA,NA,NA,NA,Y,NA,A,07,0,1,0,0,0,0,0,0,0,-,-,33.67464828491211,-117.98956298828124,ORANGE,HUNTINGTON BEACH,-117.98851013183594,33.67582321166992
82206508,2023,2023-10-23,3026,2023-10-18,824,4779,NA,3,5,6,3026,0,0,0,NA,0,009,BOSQUE,CADENCE,47,N,N,B,-,N,NA,NA,NA,NA,NA,NA,NA,NA,NA,N,3,0,1,2,A,-,03,22350,NA,N,H,G,A,A,H,-,A,A,0,NA,Y,NA,NA,Y,NA,A,07,0,1,0,0,0,0,1,0,0,-,-,33.681270599365234,-117.7317123413086,ORANGE,IRVINE,-117.73194885253906,33.682823181152344
82206549,2023,2023-10-24,3026,2023-10-06,1517,605,NA,5,5,6,3026,0,0,0,NA,0,008,SAND CANYON AVE,SPRING MEADOW,0,NA,Y,A,-,N,NA,NA,NA,NA,NA,NA,NA,NA,NA,N,2,0,1,2,A,-,00,4,NA,N,D,G,A,A,H,-,A,A,0,NA,Y,NA,NA,Y,NA,M,91,1,0,0,0,0,0,0,0,0,-,-,33.70048904418945,-117.74443817138672,ORANGE,IRVINE,-117.73551177978516,33.70075225830078
82206624,2023,2023-10-24,3001,2023-10-19,1611,A2461,D-3,4,5,7,3001,0,0,0,NA,0,D-3,EUCLID STREET,PAMPAS LANE,41,S,N,A,-,N,NA,NA,NA,NA,NA,NA,NA,NA,NA,N,4,0,2,2,A,-,03,22350,NA,N,C,C,A,A,H,-,A,D,0,NA,NA,Y,NA,Y,NA,C,06,0,0,2,0,0,0,0,0,1,-,-,NA,NA,ORANGE,ANAHEIM,-117.94151306152344,33.830589294433594
82207811,2023,2023-10-25,3001,2023-10-23,1355,A2813,D-3,1,5,7,3001,0,0,0,NA,0,D-3,HARBOR BOULEVARD,BALL ROAD,675,S,N,A,-,Y,NA,NA,NA,NA,NA,NA,NA,NA,NA,N,4,0,2,2,A,-,03,22350,NA,N,C,C,A,A,H,-,A,A,0,NA,NA,NA,NA,Y,NA,A,07,0,0,2,0,0,0,0,0,0,-,-,33.817840576171875,-117.91510009765624,ORANGE,ANAHEIM,-117.91548919677734,33.81618118286133
82207887,2023,2023-10-27,3008,2023-09-05,1627,1295,ZONE,2,5,6,3008,0,0,0,NA,0,NA,COMMONWEALTH AVE,HIGHLAND AVE,0,NA,Y,A,-,N,NA,NA,NA,NA,NA,NA,NA,NA,NA,Y,4,0,1,2,A,-,12,21453,A,N,A,C,A,A,H,-,A,A,0,NA,NA,NA,NA,Y,NA,A,01,0,0,1,0,0,0,0,0,0,-,-,NA,NA,ORANGE,FULLERTON,-117.9287109375,33.870330810546875
82208814,2023,2023-10-26,3001,2023-10-24,1247,A2813,D-2,2,5,7,3001,0,0,0,NA,0,D-2,BROADWAY,CITRON STREET,0,NA,Y,A,-,N,NA,NA,NA,NA,NA,NA,NA,NA,NA,Y,4,0,2,2,A,-,09,21801,A,N,A,C,A,A,H,-,A,A,0,NA,NA,NA,NA,Y,NA,A,01,0,0,2,0,0,0,0,0,0,-,-,33.831058502197266,-117.92268371582033,ORANGE,ANAHEIM,-117.92259216308594,33.83116149902344
82222207,2023,2023-10-30,3019,2023-10-19,19,3609,NE,4,5,7,3019,0,0,0,NA,0,002,MAIN STREET,4TH STREET,0,NA,Y,A,-,N,NA,NA,NA,NA,NA,NA,NA,NA,NA,Y,3,0,1,2,A,-,12,21453,A,M,D,C,A,A,H,-,C,A,0,NA,NA,NA,NA,Y,NA,D,22,0,1,0,0,0,0,0,0,0,-,-,33.74787139892578,-117.86736297607422,ORANGE,SANTA ANA,-117.86763763427734,33.74801254272461
82222407,2023,2023-10-30,3010,2023-10-25,1534,3194,413,3,5,6,3010,0,0,0,NA,0,005,NEWLAND ST,MODALE DR,257,S,N,A,-,N,NA,NA,NA,NA,NA,NA,NA,NA,NA,Y,4,0,2,4,A,-,03,22350,NA,N,C,C,A,A,D,-,A,D,0,NA,NA,NA,Y,Y,NA,F,27,0,0,2,0,0,0,0,0,0,-,-,33.69023895263672,-117.98049926757813,ORANGE,HUNTINGTON BEACH,-117.98018646240234,33.68964385986328
82223685,2023,2023-10-31,3001,2023-10-26,1743,A2303,D-3,4,5,7,3001,0,0,0,NA,0,D-3,WILKEN WAY,HARBOR BOULEVARD,189,E,N,A,-,N,NA,NA,NA,NA,NA,NA,NA,NA,NA,Y,3,0,1,3,A,-,08,22107,NA,N,B,E,A,A,H,-,A,D,0,NA,NA,NA,NA,Y,NA,A,07,0,1,0,0,0,0,0,0,0,-,-,NA,NA,ORANGE,ANAHEIM,-117.91448211669922,33.792964935302734
82223746,2023,2023-10-31,3019,2023-10-13,2131,3659,SC,5,5,7,3019,0,0,0,NA,0,004,RAITT STREET,ELDER AVENUE,0,NA,Y,A,-,N,NA,NA,NA,NA,NA,NA,NA,NA,NA,N,4,0,1,2,A,-,03,22350,NA,F,C,C,A,A,H,-,C,D,0,NA,NA,NA,NA,Y,NA,D,22,0,0,1,0,0,0,0,0,0,-,-,33.728919982910156,-117.89450073242188,ORANGE,SANTA ANA,-117.89402770996094,33.72935485839844
82225306,2023,2023-11-01,3026,2023-10-26,745,722,NA,4,5,6,3026,0,0,0,NA,0,004,DEERFIELD AVENUE,YALE AVENUE,0,NA,Y,A,-,N,NA,NA,NA,NA,NA,NA,NA,NA,NA,N,3,0,1,2,A,-,12,21453,A,N,A,B,A,A,H,-,A,A,0,NA,Y,NA,NA,Y,NA,A,01,0,1,0,0,0,0,1,0,0,-,-,NA,NA,ORANGE,IRVINE,-117.785400390625,33.68907928466797
82225395,2023,2023-11-01,3026,2023-10-18,2300,601,NA,3,5,6,3026,0,0,0,NA,0,008,KEYSTONE,TRABUCCO,512,N,N,A,-,N,NA,NA,NA,NA,NA,NA,NA,NA,NA,Y,4,0,1,1,A,-,01,23152,A,N,A,I,A,A,H,-,C,D,0,NA,NA,NA,NA,Y,Y,A,07,0,0,1,0,0,0,0,0,0,-,-,NA,NA,ORANGE,IRVINE,-117.75286102294922,33.69156265258789
82226009,2023,2023-11-06,3015,2023-10-13,949,1495,NA,5,5,6,3015,0,0,0,NA,0,732M,KATELLA AVE,TUSTIN ST,0,NA,Y,A,-,N,NA,NA,NA,NA,NA,NA,NA,NA,NA,Y,4,0,1,2,A,-,01,23152,A,N,C,C,A,B,H,-,A,A,0,NA,NA,NA,NA,Y,Y,A,07,0,0,1,0,0,0,0,0,0,-,-,NA,NA,ORANGE,ORANGE,-117.8357391357422,33.809200286865234
82226025,2023,2023-11-03,3001,2023-10-31,148,A2601,NA,2,5,7,3001,0,0,0,NA,0,D-1,BROOKHURST STREET,LINCOLN AVENUE,0,NA,Y,A,-,N,NA,NA,NA,NA,NA,NA,NA,NA,NA,Y,4,0,2,2,A,-,03,22350,NA,F,C,C,A,A,H,-,C,A,0,NA,NA,NA,NA,Y,Y,D,22,0,0,2,0,0,0,0,0,0,-,-,33.8324089050293,-117.95868682861328,ORANGE,ANAHEIM,-117.95896911621094,33.83247756958008
82227153,2023,2023-11-03,3002,2023-10-06,1315,1734,NA,5,5,4,3002,0,0,0,NA,0,011,CENTRAL AV,ELMWOOD AV,0,NA,Y,A,-,N,NA,NA,NA,NA,NA,NA,NA,NA,NA,Y,4,0,1,2,A,-,09,21801,A,N,D,C,A,A,H,-,A,A,0,NA,NA,NA,NA,Y,NA,A,07,0,0,1,0,0,0,0,0,0,-,-,33.93193054199219,-117.90561676025392,ORANGE,BREA,-117.905589,33.931855
82229638,2023,2023-11-09,3008,2023-09-13,1747,1497,ZONE,3,5,6,3008,0,0,0,NA,0,NA,BREA BLVD,BARBARA BLVD,0,NA,Y,A,-,N,NA,NA,NA,NA,NA,NA,NA,NA,NA,Y,2,0,3,2,A,-,09,21801,A,N,D,C,A,A,H,-,A,D,0,NA,NA,Y,NA,Y,NA,A,07,1,1,1,0,0,0,0,0,1,-,-,NA,NA,ORANGE,FULLERTON,-117.91807556152344,33.89093017578125
82230655,2023,2023-11-08,3019,2023-10-25,1120,3698,NE,3,5,7,3019,0,0,0,NA,0,002,4TH STREET,SR-55 SOUTH OFF-RAMP,0,NA,Y,B,-,Y,NA,NA,NA,NA,NA,NA,NA,NA,NA,Y,4,0,2,2,A,-,12,21453,A,N,D,C,A,A,H,-,A,A,0,NA,NA,NA,NA,Y,NA,A,01,0,0,2,0,0,0,0,0,0,-,-,NA,NA,ORANGE,SANTA ANA,-117.8324737548828,33.748252868652344
82230661,2023,2023-11-08,3019,2023-10-22,1100,3449,WE,7,5,7,3019,0,0,0,NA,0,001,3600 W. MCFADDEN AVENUE,PRIVATE PROPERTY,0,NA,Y,A,-,N,NA,NA,NA,NA,NA,NA,NA,NA,NA,N,4,0,1,2,B,-,22,NA,NA,N,H,E,A,A,H,-,A,D,0,NA,NA,NA,NA,Y,NA,D,22,0,0,1,0,0,0,0,0,0,-,-,NA,NA,ORANGE,SANTA ANA,NA,NA
82230668,2023,2023-11-08,3019,2023-11-06,947,3615,SC,1,5,7,3019,0,0,0,NA,0,004,EDINGER AVENUE,FAIRVIEW STREET,13,W,N,A,-,N,NA,NA,NA,NA,NA,NA,NA,NA,NA,N,3,0,1,2,A,-,12,21455,NA,N,D,G,A,A,H,-,A,A,0,NA,Y,NA,NA,Y,NA,L,04,0,1,0,0,0,0,1,0,0,-,-,33.72732162475586,-117.90615844726563,ORANGE,SANTA ANA,-117.90621185302734,33.727317810058594
82232873,2023,2023-11-13,3010,2023-11-05,1504,1118,282,7,5,6,3010,0,0,0,NA,0,006,TALBERT AVE,BARON CIR,50,W,N,A,-,N,NA,NA,NA,NA,NA,NA,NA,NA,NA,Y,3,0,1,4,A,-,07,21658,A,N,C,E,A,A,H,-,A,D,0,NA,NA,NA,NA,Y,NA,A,01,0,1,0,0,0,0,0,0,0,-,-,33.700050354003906,-117.99317932128906,ORANGE,HUNTINGTON BEACH,-117.99301147460938,33.701148986816406
82233051,2023,2023-11-13,3024,2023-10-04,1555,329,P-34,3,5,5,3024,0,0,0,NA,0,EAST,BOLSA AVENUE,DILLOW STREET,30,E,N,A,-,N,NA,NA,NA,NA,NA,NA,NA,NA,NA,Y,4,0,2,2,A,-,09,21801,A,N,B,C,A,A,H,-,A,D,0,NA,NA,NA,NA,Y,NA,A,01,0,0,2,0,0,0,0,0,0,-,-,33.74477005004883,-117.96624755859376,ORANGE,WESTMINSTER,-117.96616363525392,33.744781494140625
82233340,2023,2023-11-13,3001,2023-11-07,1910,A2392,D-3,2,5,7,3001,0,0,0,NA,0,D-3,KATELLA AVENUE,STATE COLLEGE BOULEVARD,780,E,N,A,-,N,NA,NA,NA,NA,NA,NA,NA,NA,NA,N,4,0,1,3,A,-,03,22350,NA,M,C,C,A,A,H,-,C,A,0,NA,NA,NA,NA,Y,NA,A,01,0,0,1,0,0,0,0,0,0,-,-,33.80335998535156,-117.8893585205078,ORANGE,ANAHEIM,-117.88666534423828,33.80344772338867
82236206,2023,2023-11-15,3001,2023-11-01,1353,A2092,D-1,3,5,7,3001,0,0,0,NA,0,D-1,LINCOLN AVENUE,CRESCENT WAY,0,NA,Y,A,-,N,NA,NA,NA,NA,NA,NA,NA,NA,NA,Y,4,0,2,2,A,-,09,21801,A,N,D,C,A,A,H,-,A,A,0,NA,NA,NA,NA,Y,NA,A,01,0,0,2,0,0,0,0,0,0,-,-,NA,NA,ORANGE,ANAHEIM,-117.9472885131836,33.83245086669922
82236371,2023,2023-12-04,3008,2023-08-25,1252,1573,ZONE,5,5,6,3008,0,0,0,NA,0,NA,ORANGETHORPE AVE,EADINGTON AVE,58,W,N,A,-,N,NA,NA,NA,NA,NA,NA,NA,NA,NA,Y,3,0,1,1,A,-,01,23152,F,M,E,I,A,A,H,-,A,D,0,NA,NA,NA,NA,Y,NA,A,07,0,1,0,0,0,0,0,0,0,-,-,NA,NA,ORANGE,FULLERTON,-117.95342254638672,33.859066009521484
82237416,2023,2023-11-16,3019,2023-10-20,1330,3783,NE,5,5,7,3019,0,0,0,NA,0,002,GRAND AVENUE,SANTA ANA BOULEVARD,0,NA,Y,A,-,N,NA,NA,NA,NA,NA,NA,NA,NA,NA,N,4,0,1,2,D,-,00,NA,NA,N,B,C,A,A,H,-,A,A,0,NA,NA,NA,NA,Y,NA,-,-,0,0,1,0,0,0,0,0,0,-,-,33.75428009033203,-117.85196685791016,ORANGE,SANTA ANA,-117.85195159912108,33.75434875488281
82243987,2023,2023-11-27,3015,2023-11-14,1632,1495,RD202,2,5,6,3015,0,0,0,NA,0,712M,SANTIAGO CANYON RD,JAMBOREE RD (N),415,E,N,A,-,N,NA,NA,NA,NA,NA,NA,NA,NA,NA,N,3,0,1,2,A,-,08,22107,NA,N,B,C,A,A,H,-,A,D,0,NA,NA,NA,NA,Y,NA,A,01,0,1,0,0,0,0,0,0,0,-,-,33.79553985595703,-117.76087188720705,ORANGE,ORANGE,-117.75995635986328,33.791805267333984
82244076,2023,2023-11-27,3019,2023-11-08,951,3702,NE,3,5,7,3019,0,0,0,NA,0,002,PARTON STREET,ALLEY N/O 15TH S/O 17TH,205,S,N,B,-,N,NA,NA,NA,NA,NA,NA,NA,NA,NA,Y,4,0,1,2,A,-,09,21804,A,N,D,C,A,A,H,-,A,D,0,NA,NA,NA,NA,Y,NA,A,07,0,0,1,0,0,0,0,0,0,-,-,33.759159088134766,-117.87474822998048,ORANGE,SANTA ANA,-117.87460327148438,33.75940704345703
82246045,2023,2023-11-28,3010,2023-11-26,1652,6047,138,7,5,6,3010,0,0,0,NA,0,009,MCFADDEN AVE,GRAHAM ST,62,E,N,A,-,N,NA,NA,NA,NA,NA,NA,NA,NA,NA,N,4,0,1,2,A,-,03,22350,NA,F,H,G,A,A,H,-,C,A,0,NA,Y,NA,NA,Y,NA,-,99,0,0,1,0,0,0,1,0,0,-,-,33.73659896850586,-118.03238677978516,ORANGE,HUNTINGTON BEACH,-118.03253936767578,33.73720932006836
82247247,2023,2023-11-29,3001,2023-11-12,1239,A2657,D-2,7,5,7,3001,0,0,0,NA,0,023,SABINA STREET,WILHELMINA STREET,36,N,N,A,-,N,NA,NA,NA,NA,NA,NA,NA,NA,NA,N,4,0,2,2,A,-,12,22450,A,N,D,C,A,A,H,-,A,D,0,NA,NA,NA,NA,Y,NA,A,01,0,0,2,0,0,0,0,0,0,-,-,33.84186935424805,-117.91100311279295,ORANGE,ANAHEIM,-117.911376953125,33.84323501586914
82248220,2023,2023-11-29,3026,2023-11-13,1159,468,NA,1,5,6,3026,0,0,0,NA,0,009,8000 GREAT PARK BLVD (PARKING LOT 1),PHANTOM,311,S,N,A,-,N,NA,NA,NA,NA,NA,NA,NA,NA,NA,N,3,0,1,1,A,-,08,22107,NA,N,E,I,A,A,H,-,A,D,0,NA,NA,NA,NA,Y,NA,A,07,0,1,0,0,0,0,0,0,0,-,-,NA,NA,ORANGE,IRVINE,NA,NA
82248427,2023,2023-11-30,3015,2023-10-30,2339,1738,RD41,1,5,6,3015,0,0,0,NA,0,114,STATE COLLEGE BLVD,RT 5 SB OFF RAMP,0,NA,Y,A,-,Y,NA,NA,NA,NA,NA,NA,NA,NA,NA,Y,3,0,3,2,A,-,12,21453,A,N,D,C,A,A,H,-,C,A,0,NA,NA,NA,NA,Y,NA,A,07,0,2,1,0,0,0,0,0,0,-,-,NA,NA,ORANGE,ORANGE,NA,NA
82248576,2023,2023-11-30,3019,2023-11-22,504,3892,WE,3,5,7,3019,0,0,0,NA,0,001,MCFADDEN AVENUE,NEWHOPE STREET,41,E,N,A,-,N,NA,NA,NA,NA,NA,NA,NA,NA,NA,Y,4,0,1,3,A,-,03,22350,NA,N,C,C,A,A,H,-,C,A,0,NA,NA,NA,NA,Y,NA,A,08,0,0,1,0,0,0,0,0,0,-,-,33.73823165893555,-117.9289779663086,ORANGE,SANTA ANA,-117.9285125732422,33.73823165893555
82250328,2023,2023-12-04,3015,2023-12-01,1105,1336,NA,5,5,6,3015,0,0,0,NA,0,NA,TUSTIN ST,VILLAGE WAY,19,S,N,A,-,N,NA,NA,NA,NA,NA,NA,NA,NA,NA,N,4,0,1,3,A,-,03,22350,NA,N,C,C,A,A,H,-,A,A,0,NA,NA,NA,NA,Y,NA,A,01,0,0,1,0,0,0,0,0,0,-,-,33.8260612487793,-117.83615112304688,ORANGE,ORANGE,-117.83612060546876,33.82607650756836