CASE_ID,ACCIDENT_YEAR,PROC_DATE,JURIS,COLLISION_DATE,COLLISION_TIME,OFFICER_ID,REPORTING_DISTRICT,DAY_OF_WEEK,CHP_SHIFT,POPULATION,CNTY_CITY_LOC,SPECIAL_COND,BEAT_TYPE,CHP_BEAT_TYPE,CITY_DIVISION_LAPD,CHP_BEAT_CLASS,BEAT_NUMBER,PRIMARY_RD,SECONDARY_RD,DISTANCE,DIRECTION,INTERSECTION,WEATHER_1,WEATHER_2,STATE_HWY_IND,CALTRANS_COUNTY,CALTRANS_DISTRICT,STATE_ROUTE,ROUTE_SUFFIX,POSTMILE_PREFIX,POSTMILE,LOCATION_TYPE,RAMP_INTERSECTION,SIDE_OF_HWY,TOW_AWAY,COLLISION_SEVERITY,NUMBER_KILLED,NUMBER_INJURED,PARTY_COUNT,PRIMARY_COLL_FACTOR,PCF_CODE_OF_VIOL,PCF_VIOL_CATEGORY,PCF_VIOLATION,PCF_VIOL_SUBSECTION,HIT_AND_RUN,TYPE_OF_COLLISION,MVIW,PED_ACTION,ROAD_SURFACE,ROAD_COND_1,ROAD_COND_2,LIGHTING,CONTROL_DEVICE,CHP_ROAD_TYPE,PEDESTRIAN_ACCIDENT,BICYCLE_ACCIDENT,MOTORCYCLE_ACCIDENT,TRUCK_ACCIDENT,NOT_PRIVATE_PROPERTY,ALCOHOL_INVOLVED,STWD_VEHTYPE_AT_FAULT,CHP_VEHTYPE_AT_FAULT,COUNT_SEVERE_INJ,COUNT_VISIBLE_INJ,COUNT_COMPLAINT_PAIN,COUNT_PED_KILLED,COUNT_PED_INJURED,COUNT_BICYCLIST_KILLED,COUNT_BICYCLIST_INJURED,COUNT_MC_KILLED,COUNT_MC_INJURED,PRIMARY_RAMP,SECONDARY_RAMP,LATITUDE,LONGITUDE,COUNTY,CITY,POINT_X,POINT_Y
8293081,2017,2017-06-27,3019,2017-01-05,1001,2460,SE,4,5,7,3019,0,0,0,NA,0,003,1ST ST,RT 5,0,NA,Y,C,-,Y,ORA,12,5,-,-,30.828,R,4,S,Y,4,0,1,2,A,-,12,21453,A,N,D,C,A,B,H,-,A,A,0,NA,NA,NA,NA,Y,NA,A,01,0,0,1,0,0,0,0,0,0,-,SO,NA,NA,ORANGE,SANTA ANA,-117.84194442,33.74459196
8293347,2016,2017-01-31,3024,2016-12-26,0355,383,P30,1,5,5,3024,0,0,0,NA,0,WEST,GOLDENWEST ST,GEORGETOWN AV,0,NA,Y,A,-,N,NA,NA,NA,NA,NA,NA,NA,NA,NA,Y,3,0,1,2,A,-,09,21453,C,F,D,C,A,A,H,-,C,A,0,NA,NA,NA,NA,Y,NA,D,22,0,1,0,0,0,0,0,0,0,-,-,NA,NA,ORANGE,WESTMINSTER,-118.00696012,33.74240003
8294467,2017,2017-02-02,3024,2017-01-04,2152,178,P30,3,5,5,3024,0,0,0,NA,0,WEST,GOLDENWEST ST,BOLSA AV,0,NA,Y,A,-,N,NA,NA,NA,NA,NA,NA,NA,NA,NA,Y,4,0,1,2,A,-,01,23152,A,N,D,C,A,A,H,-,C,A,0,NA,NA,NA,NA,Y,Y,A,01,0,0,1,0,0,0,0,0,0,-,-,NA,NA,ORANGE,WESTMINSTER,-118.00699013,33.74449007
8294598,2016,2017-02-02,3026,2016-12-03,1450,8929,NA,6,5,6,3026,0,0,0,NA,0,00P,MODJESKA,WALKING STICK,0,NA,Y,A,-,N,NA,NA,NA,NA,NA,NA,NA,NA,NA,Y,4,0,1,2,A,-,12,21453,A,N,D,C,A,A,H,-,A,A,0,NA,NA,NA,NA,Y,NA,A,01,0,0,1,0,0,0,0,0,0,-,-,NA,NA,ORANGE,IRVINE,-117.7145,33.6899
8295320,2017,2017-02-10,3015,2017-01-19,1407,1568,66,4,5,6,3015,0,0,0,NA,0,495,495 NORTH FERN ST,NORTH FERN ST,0,NA,Y,A,-,N,NA,NA,NA,NA,NA,NA,NA,NA,NA,N,3,0,1,1,A,-,03,22350,NA,N,E,I,A,A,H,-,A,D,0,NA,NA,Y,NA,Y,NA,C,02,0,1,0,0,0,0,0,0,1,-,-,NA,NA,ORANGE,ORANGE,-117.825371,33.794886
8295602,2016,2017-03-04,3008,2016-11-02,1107,1117,NA,3,5,6,3008,0,0,0,NA,0,0Z1,BROOKHURST RD,RT 91,10,S,N,A,-,Y,ORA,12,91,-,-,1.406,R,4,W,Y,3,0,3,2,A,-,03,22350,NA,N,C,C,A,A,H,-,A,A,0,NA,NA,NA,NA,Y,NA,A,07,0,1,2,0,0,0,0,0,0,-,WF,NA,NA,ORANGE,FULLERTON,-117.95644868,33.85404305
8298472,2017,2017-02-24,3019,2017-01-20,0806,3454,SE,5,5,7,3019,0,0,0,NA,0,001,MAIN ST,CAMILE ST,0,NA,Y,C,-,N,NA,NA,NA,NA,NA,NA,NA,NA,NA,Y,4,0,1,2,A,-,09,21802,A,N,D,C,A,B,H,-,A,D,0,NA,NA,NA,NA,Y,NA,A,01,0,0,1,0,0,0,0,0,0,-,-,NA,NA,ORANGE,SANTA ANA,-117.8676801,33.74073005
8298651,2017,2017-02-23,3001,2017-02-06,1601,1880,NA,1,5,7,3001,0,0,0,NA,0,0D2,SOUTH BROOKHURST ST,WEST ORANGE AV,421,S,N,B,-,N,NA,NA,NA,NA,NA,NA,NA,NA,NA,Y,3,0,3,3,A,-,09,21804,A,N,D,C,A,A,H,-,A,D,0,NA,NA,NA,NA,Y,NA,A,01,0,2,1,0,0,0,0,0,0,-,-,NA,NA,ORANGE,ANAHEIM,-117.95894,33.82387575
8298724,2017,2017-02-22,3026,2017-02-05,2303,576,3026,7,5,6,3026,0,0,0,NA,0,00U,MACARTHUR,REDHILL,0,NA,Y,A,-,N,NA,NA,NA,NA,NA,NA,NA,NA,NA,Y,4,0,1,3,A,-,08,22107,NA,N,A,C,A,A,H,-,C,D,0,NA,NA,NA,NA,Y,NA,A,01,0,0,1,0,0,0,0,0,0,-,-,NA,NA,ORANGE,IRVINE,-117.85491013,33.69391006
8298771,2017,2017-02-21,3001,2017-02-01,1900,471,NA,3,5,7,3001,0,0,0,NA,0,0D4,NORTH LAKEVIEW AV,EAST RIVERDALE AV,60,S,N,A,-,N,NA,NA,NA,NA,NA,NA,NA,NA,NA,Y,3,0,2,3,A,-,03,22350,NA,N,C,C,A,A,H,-,C,A,0,NA,NA,NA,NA,Y,NA,A,01,0,1,1,0,0,0,0,0,0,-,-,NA,NA,ORANGE,ANAHEIM,-117.81576418,33.85265626
8299494,2016,2017-03-04,3012,2016-12-26,1844,501,31,1,5,5,3012,0,0,0,NA,0,0SW,BEACH BL,LAMBERT RD,0,NA,Y,A,-,Y,ORA,12,39,-,-,19.671,I,5,N,Y,4,0,3,2,A,-,09,21453,C,N,-,C,A,A,H,-,B,A,0,NA,NA,NA,NA,Y,NA,A,01,0,0,3,0,0,0,0,0,0,-,-,NA,NA,ORANGE,LA HABRA,-117.96769104,33.9244723
82996974,2024,2024-07-31,3019,2024-07-27,1637,3897,NA,6,5,7,3019,0,0,0,NA,0,002,17TH STREET,TUSTIN AVENUE,765,W,N,A,-,N,NA,NA,NA,NA,NA,NA,NA,NA,NA,Y,4,0,2,2,A,-,09,21801,A,N,A,C,A,A,H,-,A,A,0,NA,NA,NA,NA,Y,NA,A,01,0,0,2,0,0,0,0,0,0,-,-,33.75965881347656,-117.83425903320313,ORANGE,SANTA ANA,-117.8368682861328,33.75981903076172
8299831,2017,2017-02-24,3003,2017-02-01,1726,750,NA,3,5,5,3003,0,0,0,NA,0,NA,ORANGETHORPE AV,AUTO CENTER DR,0,NA,Y,A,-,N,NA,NA,NA,NA,NA,NA,NA,NA,NA,Y,4,0,2,2,A,-,12,21457,A,N,D,C,A,A,H,-,A,A,0,NA,NA,NA,NA,Y,NA,A,07,0,0,2,0,0,0,0,0,0,-,-,33.8592,-117.9818,ORANGE,BUENA PARK,-117.98129007,33.85909011
8300340,2017,2017-02-07,3000,2017-01-21,1715,1920,891 J,6,5,5,3028,0,0,0,NA,0,755,ALICIA PKWY,MUIRLANDS BL,366,E,N,B,-,N,NA,NA,NA,NA,NA,NA,NA,NA,NA,Y,3,0,1,3,A,-,03,22350,NA,N,C,C,A,A,H,-,B,A,0,NA,NA,NA,NA,Y,NA,A,01,0,1,0,0,0,0,0,0,0,-,-,NA,NA,ORANGE,MISSION VIEJO,-117.68576894,33.61054212
8300900,2016,2017-02-07,3016,2016-12-31,1707,1257,24,6,5,5,3016,0,0,0,NA,0,002,KRAEMER BL,HAWAII WY,0,NA,Y,C,-,N,NA,NA,NA,NA,NA,NA,NA,NA,NA,N,4,0,1,2,A,-,12,21453,A,N,G,B,B,B,H,-,C,A,0,Y,NA,NA,NA,Y,NA,A,01,0,0,1,0,1,0,0,0,0,-,-,33.86991,-117.86293,ORANGE,PLACENTIA,-117.86302002,33.86973008
8300979,2017,2017-02-16,3016,2017-01-25,0837,2145,21,3,5,5,3016,0,0,0,NA,0,002,LA JOLLA ST,MELROSE ST,0,NA,Y,A,-,N,NA,NA,NA,NA,NA,NA,NA,NA,NA,N,4,0,1,3,A,-,09,21801,A,N,D,C,A,A,H,-,A,A,0,NA,NA,NA,NA,Y,NA,A,01,0,0,1,0,0,0,0,0,0,-,-,33.85832,-117.87356,ORANGE,PLACENTIA,-117.87354001,33.85841
8301599,2017,2017-02-10,3019,2017-01-14,0044,3421,SE,6,5,7,3019,0,0,0,NA,0,002,MAIN ST,SAINT ANDREW PL,0,NA,Y,A,-,N,NA,NA,NA,NA,NA,NA,NA,NA,NA,N,3,0,1,2,A,-,10,21950,A,N,G,B,B,A,H,-,C,A,0,Y,NA,NA,NA,Y,NA,A,01,0,1,0,0,1,0,0,0,0,-,-,33.72233,-117.86807,ORANGE,SANTA ANA,-117.86785014,33.72241004
8301711,2017,2017-06-27,3014,2017-01-21,1229,1253,RD39,6,5,5,3014,0,0,0,NA,0,0A3,RT 1,CLUBHOUSE DR,600,W,N,A,-,N,NA,NA,NA,NA,NA,NA,NA,NA,NA,Y,4,0,1,2,A,-,03,22350,NA,N,B,C,A,A,H,-,A,D,0,NA,NA,Y,NA,Y,NA,C,02,0,0,1,0,0,0,0,0,1,-,-,33.61103,-117.88328,ORANGE,NEWPORT BEACH,-117.883213,33.610812
8302509,2017,2017-03-22,3007,2017-01-01,0124,295,43,7,5,5,3007,0,0,0,NA,0,001,SLATER,OAK,10,S,N,B,E,N,NA,NA,NA,NA,NA,NA,NA,NA,NA,N,2,0,1,2,A,-,09,21801,A,N,D,C,A,B,H,-,C,D,0,NA,NA,NA,NA,Y,Y,A,07,1,0,0,0,0,0,0,0,0,-,-,NA,NA,ORANGE,FOUNTAIN VALLEY,-117.96749277,33.70864879
8302882,2017,2017-02-02,3019,2017-01-12,1216,3196,NE,4,5,7,3019,0,0,0,NA,0,002,BUSH ST,9TH ST,20,N,N,C,-,N,NA,NA,NA,NA,NA,NA,NA,NA,NA,N,4,0,1,3,A,-,03,22350,NA,N,C,C,A,B,H,-,A,D,0,NA,NA,NA,NA,Y,NA,A,01,0,0,1,0,0,0,0,0,0,-,-,33.75251,-117.86671,ORANGE,SANTA ANA,-117.86660877,33.75235482
8305733,2017,2017-02-15,3014,2017-01-29,1945,1468,RD34,7,5,5,3014,0,0,0,NA,0,0A3,JAMBOREE RD,MACARTHUR BL,47,N,N,A,-,N,NA,NA,NA,NA,NA,NA,NA,NA,NA,Y,4,0,1,2,A,-,03,22350,NA,M,C,C,A,A,H,-,C,A,0,NA,NA,NA,NA,Y,NA,A,01,0,0,1,0,0,0,0,0,0,-,-,33.65795,-117.86246,ORANGE,NEWPORT BEACH,-117.86267786,33.65745647
8308630,2017,2017-02-21,3019,2017-01-19,1758,2771,WE,4,5,7,3019,0,0,0,NA,0,001,SANTA CLARA AV,BRISTOL ST,0,NA,Y,B,-,N,NA,NA,NA,NA,NA,NA,NA,NA,NA,Y,4,0,1,2,A,-,09,21801,A,N,D,C,A,A,H,-,A,A,0,NA,NA,Y,NA,Y,NA,C,02,0,0,1,0,0,0,0,0,1,-,-,33.76884,-117.88486,ORANGE,SANTA ANA,-117.88492006,33.76680003
8309638,2017,2017-02-22,3010,2017-02-05,1054,1208,251,7,5,6,3010,0,0,0,NA,0,007,GOTHARD,EDINGER,229,S,N,B,-,N,NA,NA,NA,NA,NA,NA,NA,NA,NA,Y,4,0,1,2,A,-,09,21804,A,N,D,C,A,A,H,-,A,D,0,NA,NA,NA,NA,Y,NA,A,01,0,0,1,0,0,0,0,0,0,-,-,NA,NA,ORANGE,HUNTINGTON BEACH,-118.00027452,33.72955214
8310212,2017,2017-06-30,3012,2017-02-03,1808,621,45,5,5,5,3012,0,0,0,NA,0,004,IMPERIAL HWY,WALNUT ST,0,NA,Y,A,-,Y,ORA,12,90,-,-,1.431,I,5,W,Y,3,0,1,2,A,-,09,21801,A,N,D,C,A,A,H,-,C,D,0,NA,NA,NA,NA,Y,NA,A,01,0,1,0,0,0,0,0,0,0,-,-,NA,NA,ORANGE,LA HABRA,-117.95194147,33.91739025
8311516,2017,2017-02-27,3009,2017-02-05,2055,0444,024,7,5,6,3009,0,0,0,NA,0,011,LAMPSON AV,KNOTT ST,50,W,N,A,-,N,NA,NA,NA,NA,NA,NA,NA,NA,NA,N,4,0,1,3,A,-,01,23152,A,N,C,C,A,A,H,-,C,A,0,NA,NA,NA,NA,Y,Y,D,22,0,0,1,0,0,0,0,0,0,-,-,NA,NA,ORANGE,GARDEN GROVE,-118.01133417,33.78101
8311983,2017,2017-02-23,3009,2017-02-03,1447,3486,127,5,5,6,3009,0,0,0,NA,0,021,WESTMINSTER AV,TAFT ST,124,E,N,A,-,N,NA,NA,NA,NA,NA,NA,NA,NA,NA,N,4,0,1,1,A,-,08,22107,NA,N,A,I,A,A,H,-,A,D,0,NA,NA,NA,NA,Y,NA,A,01,0,0,1,0,0,0,0,0,0,-,-,NA,NA,ORANGE,GARDEN GROVE,-117.94159298,33.75968
8312270,2017,2017-03-03,3000,2017-01-28,1745,6717,NA,6,5,5,3050,0,0,0,NA,0,18760,PORTOLA PKWY,BAKE PKWY,39,N,N,A,-,N,NA,NA,NA,NA,NA,NA,NA,NA,NA,Y,4,0,1,2,A,-,03,22350,NA,N,C,C,A,A,H,-,C,A,0,NA,NA,NA,NA,Y,NA,A,01,0,0,1,0,0,0,0,0,0,-,-,33.40409,-117.39439,ORANGE,LAKE FOREST,-117.66213681,33.67798875
8312459,2017,2017-06-27,3026,2017-01-24,0957,4991,NA,2,5,6,3026,0,0,0,NA,0,NA,CULVER DR,RT 405,0,NA,Y,B,-,Y,ORA,12,405,-,-,5.831,R,4,S,Y,4,0,1,3,A,-,12,21453,A,N,D,C,A,A,H,-,A,A,0,NA,NA,NA,NA,Y,NA,A,01,0,0,1,0,0,0,0,0,0,-,SF,NA,NA,ORANGE,IRVINE,-117.82630566,33.67051354
8314379,2017,2017-03-13,3001,2017-02-10,1229,0945,NA,5,5,7,3001,0,0,0,NA,0,0D3,EAST KATELLA AV,SOUTH ANAHEIM BL,294,E,N,B,-,N,NA,NA,NA,NA,NA,NA,NA,NA,NA,Y,3,0,4,3,A,-,03,22350,NA,N,C,C,A,A,H,-,A,A,0,NA,NA,NA,NA,Y,NA,A,07,0,1,3,0,0,0,0,0,0,-,-,NA,NA,ORANGE,ANAHEIM,-117.90554451,33.80343
8314552,2017,2017-03-03,3026,2017-02-17,1108,548,UNIVE,5,5,6,3026,0,0,0,NA,0,003,CAMPUS DR,UNIVERSITY DR,266,E,N,B,-,N,NA,NA,NA,NA,NA,NA,NA,NA,NA,Y,4,0,1,2,A,-,03,22350,NA,N,C,C,A,B,H,-,A,A,0,NA,NA,NA,NA,Y,NA,A,08,0,0,1,0,0,0,0,0,0,-,-,33.65498,-117.84474,ORANGE,IRVINE,-117.84421958,33.65451617
8314890,2017,2017-06-27,3026,2017-02-07,0722,4991,NA,2,5,6,3026,0,0,0,NA,0,NA,CULVER DR,RT 5,0,NA,Y,B,C,Y,ORA,12,5,-,R,26.865,R,4,S,N,3,0,1,2,A,-,12,21453,A,N,D,C,A,B,H,-,A,A,0,NA,NA,NA,NA,Y,NA,D,22,0,1,0,0,0,0,0,0,0,-,SF,NA,NA,ORANGE,IRVINE,-117.78566205,33.71276235
8315532,2017,2017-03-08,3015,2017-01-31,1640,1569,845,2,5,6,3015,0,0,0,NA,0,732,EAST CHAPMAN AV,S LOS TIMBRES ST,99,W,N,A,-,N,NA,NA,NA,NA,NA,NA,NA,NA,NA,Y,4,0,1,2,A,-,09,21801,A,N,D,C,A,A,H,-,A,D,0,NA,NA,NA,NA,Y,NA,A,01,0,0,1,0,0,0,0,0,0,-,-,NA,NA,ORANGE,ORANGE,-117.79777502,33.7877
8315927,2017,2017-03-20,3000,2017-02-07,0350,2637,797H2,2,5,4,3021,0,0,0,NA,0,421,KATELLA AV,BRADFORD ST,85,E,N,B,C,N,NA,NA,NA,NA,NA,NA,NA,NA,NA,Y,2,0,1,2,A,-,11,21954,A,N,G,B,D,B,-,-,C,D,0,Y,NA,NA,NA,Y,NA,N,60,1,0,0,0,1,0,0,0,0,-,-,NA,NA,ORANGE,STANTON,-118.00568143,33.80285
8318913,2017,2017-02-28,3001,2017-01-30,1215,471,NA,1,5,7,3001,0,0,0,NA,0,0D3,S ANAHEIM WY,EAST KATELLA AV,225,S,N,A,-,Y,NA,NA,NA,NA,NA,NA,NA,NA,NA,N,4,0,1,2,A,-,07,21658,A,N,B,C,A,A,H,-,A,A,0,NA,NA,NA,NA,Y,NA,A,01,0,0,1,0,0,0,0,0,0,-,-,NA,NA,ORANGE,ANAHEIM,-117.9004269,33.80296065
8319317,2017,2017-06-30,3001,2017-02-10,1854,0845,NA,5,5,7,3001,0,0,0,NA,0,0D4,NORTH TUSTIN AV,RT 91,241,S,N,C,-,Y,ORA,12,91,-,-,8.485,R,4,W,Y,3,0,1,1,A,-,01,23152,A,N,E,I,A,B,H,-,C,D,0,NA,NA,NA,NA,Y,Y,A,07,0,1,0,0,0,0,0,0,0,-,WO,NA,NA,ORANGE,ANAHEIM,-117.836611,33.85065248
8319385,2017,2017-03-07,3001,2017-02-20,1436,2238,NA,1,5,7,3001,0,0,0,NA,0,0D1,WEST BALL RD,SOUTH WESTERN AV,0,NA,Y,A,-,N,NA,NA,NA,NA,NA,NA,NA,NA,NA,Y,4,0,2,2,A,-,12,21453,A,N,D,C,A,A,H,-,A,A,0,NA,NA,NA,NA,Y,NA,-,-,0,0,2,0,0,0,0,0,0,-,-,NA,NA,ORANGE,ANAHEIM,-118.00206006,33.81734004
8319433,2017,2017-03-07,3001,2017-02-16,2236,415,NA,4,5,7,3001,0,0,0,NA,0,0D1,BROOKHURST ST,ALAMEDA AV,0,NA,Y,A,-,N,NA,NA,NA,NA,NA,NA,NA,NA,NA,Y,3,0,10,2,A,-,09,21801,A,N,D,C,A,A,H,-,C,D,0,NA,NA,NA,NA,Y,NA,A,07,0,2,8,0,0,0,0,0,0,-,-,NA,NA,ORANGE,ANAHEIM,-117.95903005,33.83791009
8321459,2017,2017-05-26,3000,2017-02-27,0905,05271,993B6,1,5,5,3017,0,0,0,NA,0,776,SOUTH EL CAMINO REAL,AVE MENDOCINO,20,S,N,C,-,N,NA,NA,NA,NA,NA,NA,NA,NA,NA,Y,3,0,1,1,A,-,08,22107,NA,N,E,I,A,B,H,-,A,A,0,NA,NA,NA,NA,Y,NA,A,01,0,1,0,0,0,0,0,0,0,-,-,NA,NA,ORANGE,SAN CLEMENTE,-117.60077346,33.41164546
8321956,2017,2017-03-16,3009,2017-02-23,1725,3397,44,4,5,6,3009,0,0,0,NA,0,011,KNOTT ST,STANFORD AV,61,S,N,A,-,N,NA,NA,NA,NA,NA,NA,NA,NA,NA,Y,4,0,1,3,A,-,01,23152,A,M,B,C,A,A,H,-,B,A,0,NA,NA,NA,NA,Y,Y,D,22,0,0,1,0,0,0,0,0,0,-,-,NA,NA,ORANGE,GARDEN GROVE,-118.01080786,33.77777746
8322076,2017,2017-03-27,3001,2017-02-27,1828,A1252,NA,1,5,7,3001,0,0,0,NA,0,0D2,WEST LA PALMA AV,NORTH WEST ST,0,NA,Y,B,-,N,NA,NA,NA,NA,NA,NA,NA,NA,NA,Y,4,0,1,3,A,-,12,21453,A,N,D,C,A,B,H,-,C,A,0,NA,NA,NA,NA,Y,NA,D,22,0,0,1,0,0,0,0,0,0,-,-,NA,NA,ORANGE,ANAHEIM,-117.9322001,33.84716007
8322431,2016,2017-03-20,3008,2016-11-11,2133,1511,NA,5,5,6,3008,0,0,0,NA,0,001,MALVERN,GILBERT,0,NA,Y,A,-,N,NA,NA,NA,NA,NA,NA,NA,NA,NA,Y,3,0,3,2,A,-,09,21453,C,N,A,C,A,A,H,-,C,A,0,NA,NA,NA,NA,Y,NA,-,NA,0,3,0,0,0,0,0,0,0,-,-,NA,NA,ORANGE,FULLERTON,-117.96731009,33.87792005
8322892,2017,2017-03-14,3019,2017-01-31,1149,2460,NE,2,5,7,3019,0,0,0,NA,0,001,GRAND AV,FAIRHAVEN AV,220,S,N,A,-,N,NA,NA,NA,NA,NA,NA,NA,NA,NA,Y,4,0,1,2,A,-,09,21804,A,N,D,C,A,A,H,-,A,D,0,NA,NA,NA,NA,Y,NA,A,01,0,0,1,0,0,0,0,0,0,-,-,33.77334,-117.85268,ORANGE,SANTA ANA,-117.85278001,33.77271005
8323190,2017,2017-03-20,3010,2017-03-01,1709,1176,436,3,5,6,3010,0,0,0,NA,0,003,BROOKHURST,ADAMS,36,N,N,A,-,N,NA,NA,NA,NA,NA,NA,NA,NA,NA,N,4,0,1,2,A,-,03,22350,NA,N,C,C,A,A,H,-,A,A,0,NA,NA,NA,NA,Y,NA,D,22,0,0,1,0,0,0,0,0,0,-,-,NA,NA,ORANGE,HUNTINGTON BEACH,-117.95397,33.6725487
8323788,2017,2017-03-21,3022,2017-02-25,1319,1236,SOUTH,6,5,5,3022,0,0,0,NA,0,NA,WALNUT AV,FRANKLIN AV,0,NA,Y,B,-,N,NA,NA,NA,NA,NA,NA,NA,NA,NA,Y,3,0,2,2,D,-,00,NA,NA,N,D,C,A,A,H,-,A,A,0,NA,NA,NA,NA,Y,NA,-,-,0,1,1,0,0,0,0,0,0,-,-,33.71678,-117.80794,ORANGE,TUSTIN,-117.80804007,33.71665011
8324136,2016,2017-03-28,3026,2016-12-23,2210,560,CROSS,5,5,6,3026,0,0,0,NA,0,00C,JEFFREY,ALTON,8,W,N,B,C,N,NA,NA,NA,NA,NA,NA,NA,NA,NA,NA,4,0,1,2,A,-,10,21950,A,N,G,B,B,B,H,-,C,A,0,Y,NA,NA,NA,Y,NA,A,01,0,0,1,0,1,0,0,0,0,-,-,NA,NA,ORANGE,IRVINE,-117.78866734,33.66968354
8325345,2017,2017-03-20,3000,2017-02-09,1815,8949,951J3,4,5,5,3040,0,0,0,NA,0,3A42,GOLDEN LANTERN,PASEO DE COLINAS,22,N,N,A,-,N,NA,NA,NA,NA,NA,NA,NA,NA,NA,Y,3,0,2,2,A,-,03,22350,NA,N,C,C,A,A,H,-,A,A,0,NA,NA,NA,NA,Y,NA,A,01,0,1,1,0,0,0,0,0,0,-,-,NA,NA,ORANGE,LAGUNA NIGUEL,-117.68590857,33.53786092
8327594,2017,2017-06-27,3026,2017-03-07,1612,6352,NA,2,5,6,3026,0,0,0,NA,0,00C,CULVER DR,RT 5,0,NA,Y,A,-,Y,ORA,12,5,-,R,26.865,R,4,S,Y,4,0,1,3,A,-,12,21453,A,N,D,C,A,A,H,-,A,A,0,NA,NA,NA,NA,Y,NA,A,01,0,0,1,0,0,0,0,0,0,-,-,NA,NA,ORANGE,IRVINE,-117.78566205,33.71276235
8327862,2017,2017-03-27,3026,2017-02-28,1222,6352,CROSS,2,5,6,3026,0,0,0,NA,0,NA,IRVINE CENTER DR,CULVER DR,314,E,N,A,-,N,NA,NA,NA,NA,NA,NA,NA,NA,NA,N,4,0,1,2,A,-,21,22106,NA,N,C,C,A,A,H,-,A,A,0,NA,NA,NA,NA,Y,NA,A,01,0,0,1,0,0,0,0,0,0,-,-,NA,NA,ORANGE,IRVINE,-117.7982556,33.69301243
83280653,2024,2024-08-02,3015,2024-07-31,1524,1250,NA,3,5,6,3015,0,0,0,NA,0,711M,CHAPMAN AVE,MALENA DR,72,W,N,A,-,N,NA,NA,NA,NA,NA,NA,NA,NA,NA,N,3,0,1,2,A,-,03,22350,NA,N,D,G,A,A,H,-,A,D,0,NA,Y,NA,NA,Y,NA,L,04,0,1,0,0,0,0,1,0,0,-,-,33.78683853149414,-117.82337951660156,ORANGE,ORANGE,-117.8236083984375,33.78780746459961
83280670,2024,2024-08-02,3001,2024-07-20,5,A2540,NA,6,5,7,3001,0,0,0,NA,0,NA,KNOTT AVENUE,MUNGALL DRIVE,55,S,N,A,-,N,NA,NA,NA,NA,NA,NA,NA,NA,NA,Y,3,0,4,2,A,-,08,22107,NA,N,D,C,A,A,H,-,C,D,0,NA,NA,NA,NA,Y,NA,A,07,0,1,3,0,0,0,0,0,0,-,-,33.823421478271484,-118.01088714599608,ORANGE,ANAHEIM,-118.01085662841795,33.823158264160156
8328073,2017,2017-03-30,3010,2017-03-03,0750,0147,189,5,5,6,3010,0,0,0,NA,0,007,1 POWER SPUR,EDWARDS,0,NA,Y,A,-,N,NA,NA,NA,NA,NA,NA,NA,NA,NA,Y,3,0,3,6,A,-,12,21453,A,F,D,C,A,A,H,-,A,A,0,NA,NA,NA,NA,Y,NA,D,22,0,2,1,0,0,0,0,0,0,-,-,NA,NA,ORANGE,HUNTINGTON BEACH,NA,NA
8328101,2017,2017-04-18,3019,2017-02-22,1244,2460,SC,3,5,7,3019,0,0,0,NA,0,002,BRISTOL ST,WARNER AV,19,N,N,A,-,N,NA,NA,NA,NA,NA,NA,NA,NA,NA,Y,4,0,3,3,A,-,12,21453,A,N,D,C,A,A,H,-,A,A,0,NA,NA,NA,NA,Y,NA,A,01,0,0,3,0,0,0,0,0,0,-,-,NA,NA,ORANGE,SANTA ANA,-117.88533887,33.71627208
8328118,2017,2017-04-18,3001,2017-03-03,1621,0945,NA,5,5,7,3001,0,0,0,NA,0,0D2,EAST SANTA ANA ST,SOUTH EAST ST,0,NA,Y,A,-,N,NA,NA,NA,NA,NA,NA,NA,NA,NA,Y,3,0,2,2,A,-,09,21801,A,N,A,C,A,A,H,-,A,A,0,NA,NA,NA,NA,Y,NA,A,01,0,2,0,0,0,0,0,0,0,-,-,NA,NA,ORANGE,ANAHEIM,-117.90122007,33.83368005
8328138,2017,2017-04-18,3001,2017-03-01,1448,2227,NA,3,5,7,3001,0,0,0,NA,0,0D1,S HACIENDA ST,N LULLABY LN,0,NA,Y,A,-,N,NA,NA,NA,NA,NA,NA,NA,NA,NA,N,3,0,1,2,A,-,09,21804,A,N,D,G,A,A,H,-,A,D,0,NA,Y,NA,NA,Y,NA,L,04,0,1,0,0,0,0,1,0,0,-,-,NA,NA,ORANGE,ANAHEIM,-117.94709,33.81137004
8328163,2017,2017-03-20,3001,2017-03-05,1335,1264,NA,7,5,7,3001,0,0,0,NA,0,0D1,WEST CERRITOS AV,S DALLAS DR,0,NA,Y,B,C,N,NA,NA,NA,NA,NA,NA,NA,NA,NA,Y,4,0,1,2,A,-,09,21802,A,N,D,C,A,B,H,-,A,A,0,NA,NA,NA,NA,Y,NA,A,01,0,0,1,0,0,0,0,0,0,-,-,NA,NA,ORANGE,ANAHEIM,-117.95410006,33.81053008
8328704,2017,2017-03-24,3010,2017-03-01,1829,3053,241,3,5,6,3010,0,0,0,NA,0,009,GOLDENWEST,MCFADDEN,14,S,N,A,-,N,NA,NA,NA,NA,NA,NA,NA,NA,NA,N,4,0,1,2,A,-,07,21658,A,F,D,C,A,A,H,-,C,A,0,NA,NA,Y,NA,Y,NA,A,01,0,0,1,0,0,0,0,0,1,-,-,NA,NA,ORANGE,HUNTINGTON BEACH,-118.00690911,33.73733162
8329906,2017,2017-04-06,3010,2017-03-07,0812,1048,293,2,5,6,3010,0,0,0,NA,0,005,NEWLAND ST,TALBERT AV,0,W,N,A,-,N,NA,NA,NA,NA,NA,NA,NA,NA,NA,Y,4,0,1,2,A,-,08,22105,NA,N,D,C,A,A,H,-,A,D,0,NA,NA,NA,NA,Y,NA,D,22,0,0,1,0,0,0,0,0,0,-,-,NA,NA,ORANGE,HUNTINGTON BEACH,-117.98038001,33.70126005
8330243,2017,2017-04-03,3003,2017-03-06,1158,665,23,1,5,5,3003,0,0,0,NA,0,008,GRAND AV,CRESCENT AV,100,S,N,A,-,N,NA,NA,NA,NA,NA,NA,NA,NA,NA,N,4,0,1,2,A,-,05,21651,A,N,B,C,A,A,H,-,A,D,0,NA,NA,Y,NA,Y,NA,A,07,0,0,1,0,0,0,0,0,1,-,-,33.8391,-117.9979,ORANGE,BUENA PARK,-117.99796315,33.83909588